outlet_title,average_rating,total_reviews,street_address,city,state,country_code,pincode,phone,category_name,website,google_maps_url,latitude,longitude,placeId,cid,is_active,extracted_at
Barbeque Nation,4.2,17825.0,"1st Floor, ANR सेंटर, Plot No.6-3 5, Road No. 1",Hyderabad,Telangana,IN,500034,+91 80 6405 8003,Barbecue restaurant,https://www.barbequenation.com/restaurants/hyderabad/banjara-hills?utm_source=GMB&utm_medium=hyderabad_banjara-hills&utm_campaign=GMB_hyderabad_banjara-hills,https://www.google.com/maps/search/?api=1&query=Barbeque%20Nation&query_place_id=ChIJt3TsmjeXyzsRW78eukz3few,17.4151089,78.4500669,ChIJt3TsmjeXyzsRW78eukz3few,17041048473951977307,True,2026-07-26 14:26:06
Barbeque Nation - Visakhapatnam - Waltair Road,4.4,10163.0,"4rd Floor, D. no 10-50-12, Sripuram, 9-Block, Waltair Main Rd, opposite Governor Bungalow, beside Reliance Trends",Visakhapatnam,Andhra Pradesh,IN,530003,+91 80 6902 8744,Barbecue restaurant,https://www.barbequenation.com/,https://www.google.com/maps/search/?api=1&query=Barbeque%20Nation%20-%20Visakhapatnam%20-%20Waltair%20Road&query_place_id=ChIJk45YuGtDOToRVbSgKYBj2nU,17.7210003,83.3146091,ChIJk45YuGtDOToRVbSgKYBj2nU,8492209449465853013,True,2026-07-26 14:26:06
Barbeque Nation,4.4,9805.0,"8th Floor, Patna One Mall, New Dak Bunglow Rd",Patna,Bihar,IN,800001,+91 80 6902 8730,Barbecue restaurant,https://www.barbequenation.com/,https://www.google.com/maps/search/?api=1&query=Barbeque%20Nation&query_place_id=ChIJlXOFO0NY7TkRheDLAr2Chz8,25.609878,85.1366535,ChIJlXOFO0NY7TkRheDLAr2Chz8,4577771294552744069,True,2026-07-26 14:26:06
Barbeque Nation,4.0,6763.0,1st Cross St,"Chennai, Greater Chennai",Tamil Nadu,IN,600042,+91 80 6902 8724,Barbecue restaurant,https://www.barbequenation.com/restaurants/chennai/grand-mall?utm_source=GMB&utm_medium=chennai%2Fgrand-mall&utm_campaign=GMB_chennai%2Fgrand-mall,https://www.google.com/maps/search/?api=1&query=Barbeque%20Nation&query_place_id=ChIJD0bLspBdUjoRQRyqApSAeh4,12.9720141,80.2203525,ChIJD0bLspBdUjoRQRyqApSAeh4,2196209141484756033,True,2026-07-26 14:26:06
Barbeque Nation,4.1,5021.0,"Building, 3rd floor, Appanam, Lakshmipuram Main Rd, above Westside - Guntur, Andhra Pradesh",Guntur,Andhra Pradesh,IN,522007,+91 80 6902 8743,Barbecue restaurant,https://www.barbequenation.com/restaurants/guntur/guntur?utm_source=GMB&utm_medium=guntur&utm_campaign=GMB_guntur,https://www.google.com/maps/search/?api=1&query=Barbeque%20Nation&query_place_id=ChIJ_VgAs2Z1SjoRLejSriWWOxE,16.3109596,80.4277335,ChIJ_VgAs2Z1SjoRLejSriWWOxE,1241751210861717549,True,2026-07-26 14:26:06
Barbeque Nation - Indiranagar,4.2,22045.0,"4005, 100 Feet Rd",Bengaluru,Karnataka,IN,560071,+91 80 6405 8001,Barbecue restaurant,https://www.barbequenation.com/restaurants/bangalore/indiranagar?utm_source=GMB&utm_medium=Indiranagar&utm_campaign=GMB_Indiranagar,https://www.google.com/maps/search/?api=1&query=Barbeque%20Nation%20-%20Indiranagar&query_place_id=ChIJK7aICxoVrjsRnjZbF0TjvNo,12.9626604,77.6414496,ChIJK7aICxoVrjsRnjZbF0TjvNo,15761722677479028382,True,2026-07-26 14:26:06
Barbeque Nation - JP Nagar,4.2,20206.0,"3rd Floor, 67, 6th B Main Rd",Bengaluru,Karnataka,IN,560078,+91 80 6405 8001,Barbecue restaurant,https://www.barbequenation.com/restaurants/bangalore/j-p-nagar?utm_source=GMB&utm_medium=JPnagar&utm_campaign=GMB_JPnagar,https://www.google.com/maps/search/?api=1&query=Barbeque%20Nation%20-%20JP%20Nagar&query_place_id=ChIJwYmGDBoVrjsRj8ADSu3ctpY,12.9064711,77.5968338,ChIJwYmGDBoVrjsRj8ADSu3ctpY,10860110463157649551,True,2026-07-26 14:26:06
Barbeque Nation - Patrapada,4.2,1671.0,"6th floor ,Service road South Tamando DN Square",Bhubaneswar,Odisha,IN,751019,+91 80 6902 8768,Barbecue restaurant,http://www.barbequenation.com/,https://www.google.com/maps/search/?api=1&query=Barbeque%20Nation%20-%20Patrapada&query_place_id=ChIJe7vUriepGToRjJAsYcbVOW4,20.2409869,85.7583297,ChIJe7vUriepGToRjJAsYcbVOW4,7942614465855131788,True,2026-07-26 14:26:06
Barbeque Nation - Sekaran Mall,4.5,589.0,"2nd Floor, 452/3, Sholinganallur, Medavakkam, Kailash Nagar Main Rd","Chennai, Perumbakkam",Tamil Nadu,IN,600100,+91 80 6902 8721,Barbecue restaurant,https://barbequenation.com/,https://www.google.com/maps/search/?api=1&query=Barbeque%20Nation%20-%20Sekaran%20Mall&query_place_id=ChIJUfwiLUJdUjoRWVCj7D7Xlug,12.9049272,80.2087597,ChIJUfwiLUJdUjoRWVCj7D7Xlug,16759819728563949657,True,2026-07-26 14:26:06
Barbeque Nation- T Nagar,4.0,11622.0,"No 39, Star City Serviced Apartment, Bazullah Rd, near The Grand Sweets","Chennai, Greater Chennai",Tamil Nadu,IN,600017,+91 80 6902 8724,North Indian restaurant,https://www.barbequenation.com/restaurants/chennai/t-nagar?%20utm_source=GMB&utm_medium=chennai/t-nagar&utm_campaign=GMB_chennai/t-nagar,https://www.google.com/maps/search/?api=1&query=Barbeque%20Nation-%20T%20Nagar&query_place_id=ChIJW5gW81dmUjoRHUEFvoSLbyE,13.0470453,80.2350054,ChIJW5gW81dmUjoRHUEFvoSLbyE,2409297727906464029,True,2026-07-26 14:26:06
Barbeque Nation- Porur,3.8,6053.0,"2nd Floor, Survey No 38/1, Mount Poonamallee Rd","Greater Chennai, Chennai",Tamil Nadu,IN,600116,+91 80 6902 8724,Barbecue restaurant,https://www.barbequenation.com/restaurants/chennai/porur?utm_source=GMB&utm_medium=chennai/porur&utm_campaign=GMB_chennai/porur,https://www.google.com/maps/search/?api=1&query=Barbeque%20Nation-%20Porur&query_place_id=ChIJfXIpNTlhUjoRxUkcnjmtaI8,13.0289265,80.1701981,ChIJfXIpNTlhUjoRxUkcnjmtaI8,10333699807978998213,True,2026-07-26 14:26:06
Barbeque Nation - Ahmedabad - Sky Forest,4.6,3079.0,"204 - 207, 2nd Floor, Saral Xperia, Sky forest Building Near Bhat Circle, Sardar Patel Ring Rd",Ahmedabad,Gujarat,IN,382428,+91 80 6902 8770,Indian restaurant,http://www.barbequenation.com/,https://www.google.com/maps/search/?api=1&query=Barbeque%20Nation%20-%20Ahmedabad%20-%20Sky%20Forest&query_place_id=ChIJW4lk0EiBXjkRnR58FgGMsXk,23.1169622,72.628732,ChIJW4lk0EiBXjkRnR58FgGMsXk,8768943885767155357,True,2026-07-26 14:26:06
Barbeque Nation,4.3,7039.0,"Fortune Murali Park, CPR Hotel, 3rd Floor, LEPL, Centro Mall, 40-1-147, MG Rd",Vijayawada,Andhra Pradesh,IN,520010,+91 80 6902 8745,Barbecue restaurant,https://www.barbequenation.com/restaurants/vijayawada/lepl-centro-mall?utm_source=GMB&utm_medium=vijayawada&utm_campaign=GMB_vijayawada,https://www.google.com/maps/search/?api=1&query=Barbeque%20Nation&query_place_id=ChIJv58o7br6NToROPPDiCZ-HTU,16.5003901,80.6458419,ChIJv58o7br6NToROPPDiCZ-HTU,3827353962303189816,True,2026-07-26 14:26:06
Barbeque Nation - Anand - Maruti Solaris,4.6,1794.0,"2ndFloor, MARUTI SOLARIS, Anand - Sojitra Rd",Anand,Gujarat,IN,388120,+91 80 6902 8770,Barbecue restaurant,http://www.barbequenation.com/,https://www.google.com/maps/search/?api=1&query=Barbeque%20Nation%20-%20Anand%20-%20Maruti%20Solaris&query_place_id=ChIJs_k3s91NXjkRS0cUFxV9jBM,22.5417416,72.9460826,ChIJs_k3s91NXjkRS0cUFxV9jBM,1408638312995112779,True,2026-07-26 14:26:06
Barbeque Nation,4.2,9032.0,"18/19/20, West Gate Mall, Ground Floor, Dr Rajkumar Rd",Bengaluru,Karnataka,IN,560010,+91 80 6902 8721,Barbecue restaurant,https://www.barbequenation.com/restaurants/bangalore/rajajinagar,https://www.google.com/maps/search/?api=1&query=Barbeque%20Nation&query_place_id=ChIJZU8k2vU9rjsRK9gXANkis7k,12.9830627,77.5596095,ChIJZU8k2vU9rjsRK9gXANkis7k,13381077233252685867,True,2026-07-26 14:26:06
Barbeque Nation - Nagpur - Eternity Mall,4.4,5903.0,"2nd Floor Eternity Mall, Amravati Rd",Nagpur,Maharashtra,IN,440012,+91 80 6902 8737,Barbecue restaurant,https://www.barbequenation.com/restaurants/nagpur/eternity-mall?utm_source=GMB&utm_medium=nagpur_eternity_mall&utm_campaign=GMB_nagpur_eternity_mall,https://www.google.com/maps/search/?api=1&query=Barbeque%20Nation%20-%20Nagpur%20-%20Eternity%20Mall&query_place_id=ChIJG4yuQZPA1DsRKxYcRB5Cjxo,21.1433734,79.0800933,ChIJG4yuQZPA1DsRKxYcRB5Cjxo,1913821064414893611,True,2026-07-26 14:26:06
Barbeque Nation - Koramangala,4.1,15727.0,"86, 1st Cross Rd",Bengaluru,Karnataka,IN,560034,+91 80 6405 8001,Barbecue restaurant,https://www.barbequenation.com/restaurants/bangalore/kormangala?utm_source=GMB&utm_medium=kormangala&utm_campaign=GMB_kormangala,https://www.google.com/maps/search/?api=1&query=Barbeque%20Nation%20-%20Koramangala&query_place_id=ChIJ3wP-ImIUrjsRnZ7Rr7BisQI,12.9255589,77.6371116,ChIJ3wP-ImIUrjsRnZ7Rr7BisQI,194044769957158557,True,2026-07-26 14:26:06
"Barbeque Nation - Nexus Centre City Mall, Mysuru",3.9,658.0,"Nexus Centre City Mall, No-8, Old-5, Abba Road, Also, Hyderali Rd",Mysuru,Karnataka,IN,570019,,Buffet restaurant,https://www.barbequenation.com/restaurants/Mysore-Nexus-Mall,https://www.google.com/maps/search/?api=1&query=Barbeque%20Nation%20-%20Nexus%20Centre%20City%20Mall%2C%20Mysuru&query_place_id=ChIJq-n4NHhxrzsRqdq6rnaHmNA,12.3180417,76.6655632,ChIJq-n4NHhxrzsRqdq6rnaHmNA,15030912700156402345,True,2026-07-26 14:26:06
Barbeque Nation - Mangalore - Makmall,4.4,5599.0,"3rd Floor, Mak Mall, Father Muller's Rd",Mangaluru,Karnataka,IN,575002,+91 80 6902 8761,Barbecue restaurant,https://www.barbequenation.com/restaurants/mangaluru/mak-mall?utm_source=GMB&utm_medium=mangaluru_mak_mall&utm_campaign=GMB_mangaluru_mak_mall,https://www.google.com/maps/search/?api=1&query=Barbeque%20Nation%20-%20Mangalore%20-%20Makmall&query_place_id=ChIJY96VoDNaozsRVmSewjbbvKk,12.86893,74.858125,ChIJY96VoDNaozsRVmSewjbbvKk,12230891716271301718,True,2026-07-26 14:26:06
"Barbeque Nation - Lulu Mall, Thiruvananthapuram",4.2,767.0,"2nd floor, Barbeque Nation Hospitallity Limited, Lulu International Shopping Mall, TC 91, Akkulam Bridge",Thiruvananthapuram,Kerala,IN,695029,+91 80 6902 8739,Barbecue restaurant,https://www.barbequenation.com/,https://www.google.com/maps/search/?api=1&query=Barbeque%20Nation%20-%20Lulu%20Mall%2C%20Thiruvananthapuram&query_place_id=ChIJiWfiida9BTsRPwNqvbhCWXQ,8.5153621,76.8976919,ChIJiWfiida9BTsRPwNqvbhCWXQ,8383805542546146111,True,2026-07-26 14:26:06
Barbeque Nation Nexus Shantiniketan Mall,4.4,1539.0,"2nd Floor, Nexus, Forum Mall Whitefield, Whitefield Main Rd",Bengaluru,Karnataka,IN,560048,+91 80 6405 8001,Barbecue restaurant,https://www.barbequenation.com/,https://www.google.com/maps/search/?api=1&query=Barbeque%20Nation%20Nexus%20Shantiniketan%20Mall&query_place_id=ChIJqe-dMJoRrjsR7ZTs1d6lXMk,12.9896257,77.728109,ChIJqe-dMJoRrjsR7ZTs1d6lXMk,14509654475971269869,True,2026-07-26 14:26:06
Barbeque Nation Phoenix Marketcity,3.8,1856.0,"1st floor, Phoenix Marketcity, Whitefield Main Rd",Bengaluru,Karnataka,IN,560048,+91 80 6902 8722,Indian restaurant,http://www.barbequenation.com/,https://www.google.com/maps/search/?api=1&query=Barbeque%20Nation%20Phoenix%20Marketcity&query_place_id=ChIJIxUu-EURrjsRxKpt9f78SvM,12.9977512,77.6964375,ChIJIxUu-EURrjsRxKpt9f78SvM,17531102671462574788,True,2026-07-26 14:26:06
Barbeque Nation - Kalyan Nagar,4.0,11338.0,"BR Plaza, 30, CMR Main Rd",Bengaluru,Karnataka,IN,560043,+91 80 6902 8722,Barbecue restaurant,https://www.barbequenation.com/restaurants/bangalore/kalyan-nagar?utm_source=GMB&utm_medium=kalyannagar&utm_campaign=GMB_kalyannagar,https://www.google.com/maps/search/?api=1&query=Barbeque%20Nation%20-%20Kalyan%20Nagar&query_place_id=ChIJsxorwCUXrjsRaTXkIXLIjII,13.0215187,77.6404391,ChIJsxorwCUXrjsRaTXkIXLIjII,9407114114190554473,True,2026-07-26 14:26:06
"Barbeque Nation - Town Hall, Coimbatore",4.3,9708.0,"#1000, Hotel Metro Park Inn, 1000, Raja St",Coimbatore,Tamil Nadu,IN,641001,+91 80 6902 8740,Barbecue restaurant,https://www.barbequenation.com/restaurants/coimbatore/town-hall?utm_source=GMB&utm_medium=coimbatore%2Ftown-hall&utm_campaign=GMB_coimbatore%2Ftown-hall,https://www.google.com/maps/search/?api=1&query=Barbeque%20Nation%20-%20Town%20Hall%2C%20Coimbatore&query_place_id=ChIJsSPFhwtZqDsRClmxH55kDXE,10.994333,76.963316,ChIJsSPFhwtZqDsRClmxH55kDXE,8146277931282422026,True,2026-07-26 14:26:06
Barbeque Nation- Yelahanka,4.3,9436.0,"Prestige Plaza, 1st Floor, New Town Main Rd, next to KMF Mother Dairy",Bengaluru,Karnataka,IN,560064,+91 80 6405 8001,Restaurant,https://www.barbequenation.com/restaurants/bangalore/yelahanka?utm_source=GMB&utm_medium=yelahanka&utm_campaign=GMB_yelahanka,https://www.google.com/maps/search/?api=1&query=Barbeque%20Nation-%20Yelahanka&query_place_id=ChIJ7xgSLWMYrjsR3uZJjnDTyF0,13.0983675,77.5734496,ChIJ7xgSLWMYrjsR3uZJjnDTyF0,6757883721246435038,True,2026-07-26 14:26:06
Barbeque Nation Marathahalli,4.1,1739.0,"3rd floor, More Mega mall, Outer Ring Rd, near Innovative Multiplex",Bengaluru,Karnataka,IN,560037,+91 80 6405 8001,Barbecue restaurant,https://www.barbequenation.com/,https://www.google.com/maps/search/?api=1&query=Barbeque%20Nation%20Marathahalli&query_place_id=ChIJ9_G0_64VrjsRHHqhcFPBiNY,12.9482032,77.6984963,ChIJ9_G0_64VrjsRHHqhcFPBiNY,15458818285065304604,True,2026-07-26 14:26:06
Barbeque Nation - Kakkanad,4.2,1434.0,"3rd floor, Mather Esperanza, Seaport - Airport Rd","Kochi, Kakkanad",Kerala,IN,682037,+91 80 6902 8706,Barbecue restaurant,https://www.barbequenation.com/,https://www.google.com/maps/search/?api=1&query=Barbeque%20Nation%20-%20Kakkanad&query_place_id=ChIJMdVYqQANCDsR9xXNA_CK9IY,9.9996888,76.3495671,ChIJMdVYqQANCDsR9xXNA_CK9IY,9724550258860299767,True,2026-07-26 14:26:06
"Barbeque Nation - Caculo Mall, Panaji",4.3,5247.0,"Shanta Building, 5th Floor, Caculo Mall, 16, 16, St Inez Rd, near Vintage Hospital",Panaji,Goa,IN,403001,+91 80 6902 8746,Barbecue restaurant,https://www.barbequenation.com/restaurants/goa/caculo-mall?utm_source=GMB&utm_medium=goa_caculo_mall&utm_campaign=GMB_goa_caculo_mall,https://www.google.com/maps/search/?api=1&query=Barbeque%20Nation%20-%20Caculo%20Mall%2C%20Panaji&query_place_id=ChIJ3TScUevAvzsRytzOAL1tC4U,15.4865957,73.8178498,ChIJ3TScUevAvzsRytzOAL1tC4U,9586876890318036170,True,2026-07-26 14:26:06
Barbeque Nation - Pune - Westend Mall,4.2,1595.0,"Westend Mall, Mahadji Shinde Rd, near Parihar Chowk",Pune,Maharashtra,IN,411067,+91 80 6902 8725,Barbecue restaurant,http://www.barbequenation.com/,https://www.google.com/maps/search/?api=1&query=Barbeque%20Nation%20-%20Pune%20-%20Westend%20Mall&query_place_id=ChIJcbaFGTO_wjsRMZs7TfL0SCY,18.5615611,73.8070209,ChIJcbaFGTO_wjsRMZs7TfL0SCY,2758724093279443761,True,2026-07-26 14:26:06
Barbeque Nation - Hebbal,4.1,1449.0,"Unit No.D2, Godrej Woodsman Estate Rmz Azure (It Complex), Bellary Rd, next to Godrej Apartments",Bengaluru,Karnataka,IN,560024,+91 80 6405 8001,Barbecue restaurant,https://www.barbequenation.com/,https://www.google.com/maps/search/?api=1&query=Barbeque%20Nation%20-%20Hebbal&query_place_id=ChIJTRYvngsXrjsR19TZa3VhYd0,13.0551947,77.5942807,ChIJTRYvngsXrjsR19TZa3VhYd0,15952138512071513303,True,2026-07-26 14:26:06
Barbeque Nation - Bhartiya Mall of Bengaluru,4.0,1293.0,"1st Floor, Bhartiya City, Thanisandra Main Rd",Bengaluru,Karnataka,IN,560064,+91 80 6405 8001,Barbecue restaurant,https://www.barbequenation.com/,https://www.google.com/maps/search/?api=1&query=Barbeque%20Nation%20-%20Bhartiya%20Mall%20of%20Bengaluru&query_place_id=ChIJ5Woqc6wZrjsRllO5cUTnuxw,13.0835239,77.643798,ChIJ5Woqc6wZrjsRllO5cUTnuxw,2070502734858638230,True,2026-07-26 14:26:06
Barbeque Nation,4.3,3667.0,"Ground Floor, Central Cinemas, Laxmindra Nagar, Udupi, Main Rd",Udupi,Karnataka,IN,576104,+91 80 6902 8783,Barbecue restaurant,https://www.barbequenation.com/,https://www.google.com/maps/search/?api=1&query=Barbeque%20Nation&query_place_id=ChIJL8WffaukvDsR2yKT5zqJZ3g,13.3493864,74.7827996,ChIJL8WffaukvDsR2yKT5zqJZ3g,8676054093238837979,True,2026-07-26 14:26:06
Barbeque Nation- Pune - Hinjawadi,4.4,2943.0,"1st Floor, Grand Highstreet Mall, 1 Road",Hinjawadi,Maharashtra,IN,411057,+91 80 6902 8725,Barbecue restaurant,https://www.barbequenation.com/,https://www.google.com/maps/search/?api=1&query=Barbeque%20Nation-%20Pune%20-%20Hinjawadi&query_place_id=ChIJ0actGZO7wjsRvcpGc8dcBAs,18.5939187,73.7255158,ChIJ0actGZO7wjsRvcpGc8dcBAs,793861446026316477,True,2026-07-26 14:26:06
Barbeque Nation - Guwahati Udeshna,4.2,1119.0,"4QQX+QC7 Udeshna building, Hari Mandir Path",Guwahati,Assam,IN,781006,+91 80 6902 8750,Barbecue restaurant,https://www.barbequenation.com/restaurants/UDESHNAGUWAHATI,https://www.google.com/maps/search/?api=1&query=Barbeque%20Nation%20-%20Guwahati%20Udeshna&query_place_id=ChIJ82NsWaRZWjcRvSIoRmSg2h0,26.1394011,91.7985559,ChIJ82NsWaRZWjcRvSIoRmSg2h0,2151208124557042365,True,2026-07-26 14:26:06
"Barbeque Nation - Sachivalaya Marg, Bhubaneshwar",4.4,13610.0,"NALCO CHOWK, 3RD FLOOR, Triplex Mall, Sachivalaya Marg, MAUZA- SAMANTAPURI GAJAPATI NAGAR, near Gagan Awas Appartment",Bhubaneswar,Odisha,IN,751013,+91 80 6902 8768,Barbecue restaurant,https://www.barbequenation.com/restaurants/bhubaneswar/sachivalaya-marg?utm_source=GMB&utm_medium=bhubaneswar&utm_campaign=GMB_bhubaneswar,https://www.google.com/maps/search/?api=1&query=Barbeque%20Nation%20-%20Sachivalaya%20Marg%2C%20Bhubaneshwar&query_place_id=ChIJxedo9LwJGToR7ELyMgJ43Uw,20.3142204,85.8244559,ChIJxedo9LwJGToR7ELyMgJ43Uw,5538715067575583468,True,2026-07-26 14:26:06
"Barbeque Nation- Park Street, Kolkata",4.5,22972.0,"Park Center Garmin (Khadi), 1st Floor,, 24, Park St",Kolkata,West Bengal,IN,700016,+91 80 6902 8723,Barbecue restaurant,https://www.barbequenation.com/restaurants/kolkata/park-street?utm_source=GMB&utm_medium=kolkata_park_street&utm_campaign=GMB_kolkata_park_street,https://www.google.com/maps/search/?api=1&query=Barbeque%20Nation-%20Park%20Street%2C%20Kolkata&query_place_id=ChIJb93BuRp3AjoRqdxyBozdusM,22.5510199,88.353816,ChIJb93BuRp3AjoRqdxyBozdusM,14103828776537480361,True,2026-07-26 14:26:06
Barbeque Nation - Behala,4.8,870.0,"1st Floor, opposite M P Birla Foundation Higher Secondary School",Kolkata,West Bengal,IN,700034,+91 80 6902 8723,Restaurant,https://www.barbequenation.com/,https://www.google.com/maps/search/?api=1&query=Barbeque%20Nation%20-%20Behala&query_place_id=ChIJ-VdpyJF7AjoR1Ud6WSO5KDI,22.4930693,88.3185562,ChIJ-VdpyJF7AjoR1Ud6WSO5KDI,3614342262441002965,True,2026-07-26 14:26:06
Barbeque Nation - Bilaspur,4.5,2252.0,Magarpara Rd,"Masanganj, Telipara",Chhattisgarh,IN,495001,+91 80 6902 8769,Buffet restaurant,https://www.barbequenation.com/,https://www.google.com/maps/search/?api=1&query=Barbeque%20Nation%20-%20Bilaspur&query_place_id=ChIJHfymdLcLKDoRZQMLoNDvyDY,22.078557,82.1503852,ChIJHfymdLcLKDoRZQMLoNDvyDY,3947668752707552101,True,2026-07-26 14:26:06
Barbeque Nation - Vadapalani,3.9,9822.0,"No 1, 2nd Floor, Hotel Bheemas Amman Koil St, Jawaharlal Nehru Salai, near Murugan Temple","Chennai, Greater Chennai",Tamil Nadu,IN,600026,+91 80 6902 8724,Barbecue restaurant,https://www.barbequenation.com/restaurants/chennai/vadapalni?utm_source=GMB&utm_medium=chennai%2Fvadapalni&utm_campaign=GMB_chennai%2Fvadapalni,https://www.google.com/maps/search/?api=1&query=Barbeque%20Nation%20-%20Vadapalani&query_place_id=ChIJoxm2LepmUjoR8RHioVGpdFY,13.0525083,80.2123788,ChIJoxm2LepmUjoR8RHioVGpdFY,6229790352633631217,True,2026-07-26 14:26:06
Barbeque Nation- OMR Thoraipakkam,4.1,11826.0,"Ground Floor, Ramaniyam Isha Blk 1,Thoraipakkam, 11, Rajiv Gandhi Salai","Chennai, Greater Chennai",Tamil Nadu,IN,600097,+91 80 6902 8724,Barbecue restaurant,https://www.barbequenation.com/restaurants/chennai/omr?utm_source=GMB&utm_medium=chennai/omr&utm_campaign=GMB_chennai/omr,https://www.google.com/maps/search/?api=1&query=Barbeque%20Nation-%20OMR%20Thoraipakkam&query_place_id=ChIJSd8n_P1cUjoRczF_vawgp7I,12.9438704,80.2379882,ChIJSd8n_P1cUjoRczF_vawgp7I,12873293986147545459,True,2026-07-26 14:26:06
Barbeque Nation - Chandan Nagar,4.5,376.0,"Ward No. 10, ACASA building, 3rd Floor, Rash Behari Ave","Chandannagar, Chinsurah",West Bengal,IN,712136,+91 80 6902 8721,Restaurant,https://www.barbequenation.com/,https://www.google.com/maps/search/?api=1&query=Barbeque%20Nation%20-%20Chandan%20Nagar&query_place_id=ChIJFwjACtWR-DkRDLuJ9Fl7vIU,22.8644164,88.365354,ChIJFwjACtWR-DkRDLuJ9Fl7vIU,9636712928950991628,True,2026-07-26 14:26:06
"Barbeque Nation- Salt Lake, Kolkata",4.5,16523.0,"RDB Boulevard, K-1, Street Number 25",Kolkata,West Bengal,IN,700091,+91 80 6902 8723,Barbecue restaurant,https://www.barbequenation.com/restaurants/kolkata/salt-lake-sec-5?utm_source=GMB&utm_medium=kolkata_salt_lake&utm_campaign=GMB_kolkata_salt_lake,https://www.google.com/maps/search/?api=1&query=Barbeque%20Nation-%20Salt%20Lake%2C%20Kolkata&query_place_id=ChIJIRC6w611AjoRyNBbBqrcvA4,22.5690352,88.4331475,ChIJIRC6w611AjoRyNBbBqrcvA4,1061966234961825992,True,2026-07-26 14:26:06
Barbeque Nation,4.4,8553.0,"Unit SFPH 02 - 03, Great Eastern Rd","Labhandih, Raipur",Chhattisgarh,IN,492001,+91 80 6902 8786,Barbecue restaurant,,https://www.google.com/maps/search/?api=1&query=Barbeque%20Nation&query_place_id=ChIJ6TDQyDbdKDoR5jLxhAPrPAA,21.2406207,81.684218,ChIJ6TDQyDbdKDoR5jLxhAPrPAA,17146898950468326,True,2026-07-26 14:26:06
Barbeque Nation,4.5,11752.0,"2nd Floor, Adityam Building, GS Rd",Guwahati,Assam,IN,781007,+91 80 6902 8750,Barbecue restaurant,https://www.barbequenation.com/restaurants/assam/lachit-nagar?utm_source=GMB&utm_medium=assam%2Flachit-nagar&utm_campaign=GMB_assam_lachit_nagar,https://www.google.com/maps/search/?api=1&query=Barbeque%20Nation&query_place_id=ChIJ7YPZ6oJZWjcRb5nYTnJ4Wsw,26.17233,91.7599133,ChIJ7YPZ6oJZWjcRb5nYTnJ4Wsw,14725214363985680751,True,2026-07-26 14:26:06
Barbeque Nation Sodepur,4.3,1115.0,,Khardaha,West Bengal,IN,700114,+91 80 6902 8723,Barbecue restaurant,https://www.barbequenation.com/restaurants/Kolkata%20Onex%20Centre%20Sodepur,https://www.google.com/maps/search/?api=1&query=Barbeque%20Nation%20Sodepur&query_place_id=ChIJA3pQlU6d-DkRpIxVyHATSlo,22.7013927,88.3744979,ChIJA3pQlU6d-DkRpIxVyHATSlo,6506033986808417444,True,2026-07-26 14:26:06
Barbeque Nation - Durgapur,4.5,6078.0,"First floor, Pushpanjali Building, Shahid Khudiram Sarani",Durgapur,West Bengal,IN,713216,+91 80 6902 8735,North Indian restaurant,https://www.barbequenation.com/restaurants/durgapur/durgapur?utm_source=GMB&utm_medium=durgapur&utm_campaign=GMB_durgapur,https://www.google.com/maps/search/?api=1&query=Barbeque%20Nation%20-%20Durgapur&query_place_id=ChIJU_1Dqr1z9zkRtEubBng5E08,23.5383091,87.2938036,ChIJU_1Dqr1z9zkRtEubBng5E08,5697961141223508916,True,2026-07-26 14:26:06
Barbeque Nation-Rajarhat,4.5,3204.0,,,West Bengal,IN,700136,+91 80 6902 8723,Barbecue restaurant,https://www.barbequenation.com/restaurants/kolkata/rajarhat?utm_source=GMB&utm_medium=kolkata_rajarhat&utm_campaign=GMB_kolkata_rajarhat,https://www.google.com/maps/search/?api=1&query=Barbeque%20Nation-Rajarhat&query_place_id=ChIJt6OEQyOf-DkR_Jx3jwHUITg,22.623189,88.4504015,ChIJt6OEQyOf-DkR_Jx3jwHUITg,4044747043522452732,True,2026-07-26 14:26:06
Barbeque Nation - Kolkata - Acropolis Mall,4.5,1118.0,"Acropolis Mall, 1858/1",Kolkata,West Bengal,IN,700107,+91 80 6902 8723,Barbecue restaurant,http://www.barbequenation.com/,https://www.google.com/maps/search/?api=1&query=Barbeque%20Nation%20-%20Kolkata%20-%20Acropolis%20Mall&query_place_id=ChIJ2R3KaI9zAjoR7qPbfF1nSFo,22.5152494,88.3932272,ChIJ2R3KaI9zAjoR7qPbfF1nSFo,6505563312961070062,True,2026-07-26 14:26:06
"Barbeque Nation - River Side Mall, Lucknow",4.4,7081.0,"RiverSide Mall, 3rd floor, Gomti Nagar Ext Bypass Rd",Lucknow,Uttar Pradesh,IN,226010,+91 80 6902 8749,Barbecue restaurant,https://www.barbequenation.com/restaurants/lucknow/rivarsidemall?utm_source=GMB&utm_medium=lucknow_rivarsidemall&utm_campaign=GMB_lucknow_rivarsidemall,https://www.google.com/maps/search/?api=1&query=Barbeque%20Nation%20-%20River%20Side%20Mall%2C%20Lucknow&query_place_id=ChIJAQBArTv9mzkRAfGAlUzHEVw,26.852979,80.9735546,ChIJAQBArTv9mzkRAfGAlUzHEVw,6634302857833148673,True,2026-07-26 14:26:06
"Barbeque Nation, Siliguri",4.4,5078.0,"2nd Floor, PRM Sevoke 1, Sevoke Rd",Siliguri,West Bengal,IN,734001,+91 80 6902 8751,Barbecue restaurant,https://www.barbequenation.com/restaurants/siliguri/sevoke-road?utm_source=GMB&utm_medium=siliguri&utm_campaign=GMB_siliguri,https://www.google.com/maps/search/?api=1&query=Barbeque%20Nation%2C%20Siliguri&query_place_id=ChIJJ9bBAZFB5DkRCiV6t5indE4,26.7355392,88.433214,ChIJJ9bBAZFB5DkRCiV6t5indE4,5653327706611918090,True,2026-07-26 14:26:06
Barbeque Nation - Barasat,4.3,1712.0,"N-19, Jessore Rd",Kolkata,West Bengal,IN,700124,+91 80 6902 8723,Barbecue restaurant,https://www.barbequenation.com/,https://www.google.com/maps/search/?api=1&query=Barbeque%20Nation%20-%20Barasat&query_place_id=ChIJX8QTFfCZ-DkRdIFpL0_JvYo,22.7113379,88.477154,ChIJX8QTFfCZ-DkRdIFpL0_JvYo,9997368089767412084,True,2026-07-26 14:26:06
Barbeque Nation,4.4,5107.0,"5th Floor, P Square Mall, Mahatma Gandhi Marg",Prayagraj,Uttar Pradesh,IN,211001,+91 80 6902 8710,Barbecue restaurant,https://www.barbequenation.com/restaurants/prayagraj/allahabad-mg-road?utm_source=GMB&utm_medium=prayagraj&utm_campaign=GMB_prayagraj,https://www.google.com/maps/search/?api=1&query=Barbeque%20Nation&query_place_id=ChIJ6zp7bcbKmjkRBFUuR1FfrfI,25.4493688,81.8394706,ChIJ6zp7bcbKmjkRBFUuR1FfrfI,17486737730840712452,True,2026-07-26 14:26:06
Barbeque Nation- Sarjapur Road,4.1,6558.0,"3rd Floor, Ashrith, Aries 53, 1, Sarjapur Main Rd, opposite HP Petrol Pump",Bengaluru,Karnataka,IN,560035,+91 80 6405 8001,Buffet restaurant,https://www.barbequenation.com/restaurants/bangalore/sarjapur?utm_source=GMB&utm_medium=Sarjapur&utm_campaign=GMB_Sarjapur,https://www.google.com/maps/search/?api=1&query=Barbeque%20Nation-%20Sarjapur%20Road&query_place_id=ChIJTaPb6esTrjsR7oWu5bRlclE,12.9092597,77.6876436,ChIJTaPb6esTrjsR7oWu5bRlclE,5868865092039116270,True,2026-07-26 14:26:06
Barbeque Nation - Nellore - NVR Central,4.1,4019.0,"4th Floor, NVR Central, Grand Trunk Road, above Dr. Agarwal Eye Hospital",Nellore,Andhra Pradesh,IN,524003,+91 80 6902 8784,Barbecue restaurant,https://www.barbequenation.com/,https://www.google.com/maps/search/?api=1&query=Barbeque%20Nation%20-%20Nellore%20-%20NVR%20Central&query_place_id=ChIJpXvXvijzTDoRcklrzv4Buxc,14.433866,79.968537,ChIJpXvXvijzTDoRcklrzv4Buxc,1709962677413693810,True,2026-07-26 14:26:06
Barbeque Nation - Varanasi,4.4,5436.0,"3rd Floor, JHV Mall, The Mall Rd, near Ramada Hotel",Varanasi,Uttar Pradesh,IN,221002,+91 80 6902 8709,Buffet restaurant,https://www.barbequenation.com/restaurants/varansi/varanasi?utm_source=GMB&utm_medium=varanasi&utm_campaign=GMB_varanasi,https://www.google.com/maps/search/?api=1&query=Barbeque%20Nation%20-%20Varanasi&query_place_id=ChIJAQDA-MMtjjkR38ZxjhKaFKY,25.3356311,82.9776407,ChIJAQDA-MMtjjkR38ZxjhKaFKY,11967359514320160479,True,2026-07-26 14:26:06
Barbeque Nation - Aliganj,4.3,1638.0,"Plot no.5, 3rd floor, STW infinity, opposite Kendriya Bhawan, near purania chauraha",Lucknow,Uttar Pradesh,IN,226024,+91 80 6902 8749,Barbecue restaurant,http://www.barbequenation.com/,https://www.google.com/maps/search/?api=1&query=Barbeque%20Nation%20-%20Aliganj&query_place_id=ChIJEzyTCdNXmTkRKnvroCs4_OM,26.8930059,80.9436202,ChIJEzyTCdNXmTkRKnvroCs4_OM,16428067300775263018,True,2026-07-26 14:26:06
Barbeque Nation,4.1,554.0,"3rd Floor, Tahsil, Lulu Mall, Amar Shaheed Path","Lucknow, Hariharpur",Uttar Pradesh,IN,226030,+91 80 6902 8749,Barbecue restaurant,https://www.barbequenation.com/restaurants/LucknowLuluMall,https://www.google.com/maps/search/?api=1&query=Barbeque%20Nation&query_place_id=ChIJ53QUdhDlmzkRiZ3TG_o7Mbs,26.7836087,80.9911365,ChIJ53QUdhDlmzkRiZ3TG_o7Mbs,13488628304346062217,True,2026-07-26 14:26:06
"Fiesta By Barbeque Nation - Swaroop Nagar, Kanpur",4.4,1121.0,"112/369, 2nd Floor, Prabhu Krishna Shopping Complex, near Prakhar Hospital",Kanpur,Uttar Pradesh,IN,208002,+91 80 6902 6714,Barbecue restaurant,https://www.barbequenation.com/restaurants/kanpur/FiestaSwaroopNagar,https://www.google.com/maps/search/?api=1&query=Fiesta%20By%20Barbeque%20Nation%20-%20Swaroop%20Nagar%2C%20Kanpur&query_place_id=ChIJdx-TwWA5nDkRZHlLLGA9GCE,26.4819279,80.3209542,ChIJdx-TwWA5nDkRZHlLLGA9GCE,2384723485961976164,True,2026-07-26 14:26:06
"Barbeque Nation - Rohtas Summit, Lucknow",4.3,3505.0,"Building Name "" Rohtas Summit"" Third Floor, B-04 to 307, Padera - Harchandpur Rd",Lucknow,Uttar Pradesh,IN,226010,+91 80 6902 8749,Barbecue restaurant,https://www.barbequenation.com/restaurants/lucknow/gomati-nagar?utm_source=GMB&utm_medium=lucknow_gomati_nagar&utm_campaign=GMB_lucknow_gomati_nagar,https://www.google.com/maps/search/?api=1&query=Barbeque%20Nation%20-%20Rohtas%20Summit%2C%20Lucknow&query_place_id=ChIJjebUezzjmzkRA1edAqZLj64,26.8652412,81.0120408,ChIJjebUezzjmzkRA1edAqZLj64,12578355460649604867,True,2026-07-26 14:26:06
Barbeque Nation - Kochi - LuLu Mall,4.2,908.0,"Lulu Mall, 3rd floor 34/1000, 47, Old NH17","Kochi, Ernakulam",Kerala,IN,682024,+91 80 6902 8706,Barbecue restaurant,https://www.barbequenation.com/restaurants/LuluKochi,https://www.google.com/maps/search/?api=1&query=Barbeque%20Nation%20-%20Kochi%20-%20LuLu%20Mall&query_place_id=ChIJ1YSnGRUNCDsRjVSpHO0z0GU,10.0260086,76.3082903,ChIJ1YSnGRUNCDsRjVSpHO0z0GU,7336420886467662989,True,2026-07-26 14:26:06
Barbeque Nation- Puducherry,4.1,4828.0,"4th Floor, WRHH+R95 Naga Progress Avenue, 120, Bussy St",Puducherry,Puducherry,IN,605001,+91 80 6902 8747,Barbecue restaurant,https://www.barbequenation.com/restaurants/puducherry/bussy-street?utm_source=GMB&utm_medium=Puducherry&utm_campaign=GMB_Puducherry,https://www.google.com/maps/search/?api=1&query=Barbeque%20Nation-%20Puducherry&query_place_id=ChIJA8rG94BhUzoRS_Hf2s1beqw,11.9295489,79.8284385,ChIJA8rG94BhUzoRS_Hf2s1beqw,12428347061380837707,True,2026-07-26 14:26:06
Barbeque Nation,4.3,5026.0,"No-9, 3rd Floor, Reynolds Road, Manghalam Towers, near Court bus stop",Tiruchirappalli,Tamil Nadu,IN,620001,+91 80 6902 8764,Barbecue restaurant,,https://www.google.com/maps/search/?api=1&query=Barbeque%20Nation&query_place_id=ChIJk788Eg31qjsR9ti7usE9z1Q,10.8071479,78.6815567,ChIJk788Eg31qjsR9ti7usE9z1Q,6111171121635907830,True,2026-07-26 14:26:06
Barbeque Nation - Coimbatore - Fun Mall,4.3,3099.0,"Avinashi Rd, near PSG Krishnammal College",Coimbatore,Tamil Nadu,IN,641004,+91 80 6902 8740,Barbecue restaurant,https://www.barbequenation.com/restaurants/coimbatore/fun-mall,https://www.google.com/maps/search/?api=1&query=Barbeque%20Nation%20-%20Coimbatore%20-%20Fun%20Mall&query_place_id=ChIJuQKYCq5XqDsRdmkL-92LmQo,11.0243915,77.0105797,ChIJuQKYCq5XqDsRdmkL-92LmQo,763795397331872118,True,2026-07-26 14:26:06
"Barbeque Nation – Vetri Cinemas, Madurai",4.0,249.0,"74, 75, 76, Chambakulam, Bus Stand, Ground Floor, TC No. 73, opp. to Mattuthavani",Madurai,Tamil Nadu,IN,625007,+91 80 6902 8763,Buffet restaurant,https://www.barbequenation.com/,https://www.google.com/maps/search/?api=1&query=Barbeque%20Nation%20%E2%80%93%20Vetri%20Cinemas%2C%20Madurai&query_place_id=ChIJj8Wiji_FADsRIy3ycqnzv4o,9.9453874,78.1549648,ChIJj8Wiji_FADsRIy3ycqnzv4o,9997977606889286947,True,2026-07-26 14:26:06
Barbeque Nation - Erode - Perundurai Road,4.3,5722.0,"2nd Floor, Veeras Vega, No.68, Perundurai Rd, next to Reliance Mall",Erode,Tamil Nadu,IN,638011,+91 80 6902 8765,Barbecue restaurant,https://www.barbequenation.com/restaurants/erode/perundurai-road?utm_source=GMB&utm_medium=erode&utm_campaign=GMB_erode,https://www.google.com/maps/search/?api=1&query=Barbeque%20Nation%20-%20Erode%20-%20Perundurai%20Road&query_place_id=ChIJ59HkqBhvqTsR7ueGXwCrADA,11.3341856,77.7059152,ChIJ59HkqBhvqTsR7ueGXwCrADA,3458952531911567342,True,2026-07-26 14:26:06
"Barbeque Nation - Veera's Avenue, Tiruppur",4.2,3850.0,"Municipality Office Building, 2nd Floor, Veera’s Avenue, No 24, Above Big Bazaar Valarmathi Bus Stop",Tiruppur,Tamil Nadu,IN,641604,+91 80 6902 8788,Barbecue restaurant,,https://www.google.com/maps/search/?api=1&query=Barbeque%20Nation%20-%20Veera's%20Avenue%2C%20Tiruppur&query_place_id=ChIJ-8vxhrsHqTsRDHZFiERBZ2s,11.1024978,77.3472974,ChIJ-8vxhrsHqTsRDHZFiERBZ2s,7739226247259321868,True,2026-07-26 14:26:06
Barbeque Nation,4.3,6409.0,"3rd Floor,Jaykumar Plaza Saradha College, Main, Road",Salem,Tamil Nadu,IN,636016,+91 80 6902 8762,Barbecue restaurant,https://www.barbequenation.com/restaurants/salem/alagapuram?utm_source=GMB&utm_medium=Salem_alagapuram&utm_campaign=GMB_Salem_alagapuram,https://www.google.com/maps/search/?api=1&query=Barbeque%20Nation&query_place_id=ChIJo81VlUTwqzsRsO2vGK66o6E,11.677087,78.1411372,ChIJo81VlUTwqzsRsO2vGK66o6E,11647358318211493296,True,2026-07-26 14:26:06
Barbeque Nation - Thrissur - Selex Mall,4.1,2814.0,"2nd Floor Selex Mall, Thrissur - Palghat Rd",Thrissur,Kerala,IN,680005,+91 80 6405 8006,Barbecue restaurant,https://www.barbequenation.com/restaurants/thrissur/SelexMallEastFort,https://www.google.com/maps/search/?api=1&query=Barbeque%20Nation%20-%20Thrissur%20-%20Selex%20Mall&query_place_id=ChIJ33PbSkvupzsRly-1-cmP-_A,10.5225444,76.2247818,ChIJ33PbSkvupzsRly-1-cmP-_A,17364630885897678743,True,2026-07-26 14:26:06
Barbeque Nation,4.3,8156.0,"TC36/1276-3 Airport Road, near Panachamoottil Square, near Bye Pass",Thiruvananthapuram,Kerala,IN,695008,+91 80 6902 8739,Barbecue restaurant,https://www.barbequenation.com/,https://www.google.com/maps/search/?api=1&query=Barbeque%20Nation&query_place_id=ChIJXd8xd3a7BTsRb-fISHrcGME,8.480339,76.9353374,ChIJXd8xd3a7BTsRb-fISHrcGME,13914113466526394223,True,2026-07-26 14:26:06
Barbeque Nation,4.1,12087.0,"4th Floor, 94, 14th Cross Road, opposite Ajmera Apartment",Doddathoguru,Karnataka,IN,560100,+91 80 6405 8001,Barbecue restaurant,https://www.barbequenation.com/restaurants/bangalore/west-gate-mall?utm_source=GMB&utm_medium=west-gate-mall&utm_campaign=GMB_west-gate-mall,https://www.google.com/maps/search/?api=1&query=Barbeque%20Nation&query_place_id=ChIJF--jlntrrjsRMuO_g_DGXsA,12.8417276,77.6465724,ChIJF--jlntrrjsRMuO_g_DGXsA,13861735439397806898,True,2026-07-26 14:26:06
Barbeque Nation- Chromepet,3.9,7711.0,"1 & 2, 1st Main Rd","Tambaram Sanatorium, Tambaram",Tamil Nadu,IN,600047,+91 80 6902 8724,Barbecue restaurant,https://www.barbequenation.com/restaurants/chennai/chromepet?utm_source=GMB&utm_medium=chennai%2Fchromepet&utm_campaign=GMB_chennai%2Fchromepet,https://www.google.com/maps/search/?api=1&query=Barbeque%20Nation-%20Chromepet&query_place_id=ChIJ_Q6foItfUjoRCr1T1T9xr5o,12.9401235,80.130946,ChIJ_Q6foItfUjoRCr1T1T9xr5o,11146252121741180170,True,2026-07-26 14:26:06
Barbeque Nation,4.4,6010.0,"No 48, 3rd Floor, Max Building, Circular Rd, next to Pantaloons Store",Ranchi,Jharkhand,IN,834001,+91 80 6902 8767,Barbecue restaurant,https://www.barbequenation.com/restaurants/ranchi/circular-road?utm_source=GMB&utm_medium=Ranchi_circular_road&utm_campaign=GMB_Ranchi_circular_road,https://www.google.com/maps/search/?api=1&query=Barbeque%20Nation&query_place_id=ChIJ7SINfoHh9DkR9r_6v4zrIxc,23.3692309,85.3395348,ChIJ7SINfoHh9DkR9r_6v4zrIxc,1667435276806045686,True,2026-07-26 14:26:06
Barbeque Nation,4.5,1589.0,,Jamshedpur,Jharkhand,IN,831001,+91 80 6902 6706,Barbecue restaurant,https://www.barbequenation.com/restaurants/jamshedpur/contractors-area-bistupur,https://www.google.com/maps/search/?api=1&query=Barbeque%20Nation&query_place_id=ChIJm7fENXTj9TkRN41A-HCQEQM,22.7991144,86.1808795,ChIJm7fENXTj9TkRN41A-HCQEQM,221116671593581879,True,2026-07-26 14:26:06
Barbeque Nation - Ahmedabad - Prahladnagar,4.4,14642.0,"1st Floor, Holiday Inn Express, Prahlad Nagar Rd, beside Venus Atlantis",Ahmedabad,Gujarat,IN,380015,+91 80 6902 8770,Barbecue restaurant,https://www.barbequenation.com/restaurants/ahmedabad/prahlad-nagar,https://www.google.com/maps/search/?api=1&query=Barbeque%20Nation%20-%20Ahmedabad%20-%20Prahladnagar&query_place_id=ChIJfc7qRCibXjkRbLy8ENeGRCA,23.0114705,72.5106463,ChIJfc7qRCibXjkRbLy8ENeGRCA,2325131565886913644,True,2026-07-26 14:26:06
Barbeque Nation - Ahmedabad - Nexus One,4.6,1748.0,"3rd Floor, Nexus Ahmedabad One, Plot No. 216, Town Planning Rd, near Vastrapur Lake Road",Ahmedabad,Gujarat,IN,380054,+91 80 6902 8770,Buffet restaurant,https://www.barbequenation.com/,https://www.google.com/maps/search/?api=1&query=Barbeque%20Nation%20-%20Ahmedabad%20-%20Nexus%20One&query_place_id=ChIJBXvefWSbXjkR_oTsmrJI4LM,23.0395887,72.5312105,ChIJBXvefWSbXjkR_oTsmrJI4LM,12961439659512857854,True,2026-07-26 14:26:06
Barbeque Nation- Nexus Amritsar Mall,4.8,2340.0,"2nd Floor, Nexus Mall, Unit Number -36, 37","Amritsar, Amritsar Cantt.",Punjab,IN,143006,+91 80 6902 8702,Buffet restaurant,https://www.barbequenation.com/restaurants/amritsar/nexus-mall,https://www.google.com/maps/search/?api=1&query=Barbeque%20Nation-%20Nexus%20Amritsar%20Mall&query_place_id=ChIJ9XG3DJl9GTkR_Z1B2N77cRk,31.6198611,74.907518,ChIJ9XG3DJl9GTkR_Z1B2N77cRk,1833523457845992957,True,2026-07-26 14:26:06
Barbeque Nation - Pathankot,4.8,3526.0,"2nd floor, Pathankot Downtown 44, Dadwal, NH 44",,Punjab,IN,145023,+91 80 6902 8790,Barbecue restaurant,http://www.barbequenation.com/,https://www.google.com/maps/search/?api=1&query=Barbeque%20Nation%20-%20Pathankot&query_place_id=ChIJG4bs3J15HDkRtPnxdsqVfE4,32.2875241,75.5970372,ChIJG4bs3J15HDkRtPnxdsqVfE4,5655559928882002356,True,2026-07-26 14:26:06
Barbeque Nation - Jaipur - Tonk Road,4.2,3362.0,"Show Room 01&02, 2nd floor, Jaipur Center Compelx, Sector B,Ashram Marg,Bye Pass PWD Chowki 4, Tonk Rd",Jaipur,Rajasthan,IN,302018,+91 80 6902 8704,Barbecue restaurant,https://www.barbequenation.com/restaurants/jaipur/tonk-road?utm_source=GMB&utm_medium=Jaipur_tonk_road&utm_campaign=GMB_Jaipur_tonk_road,https://www.google.com/maps/search/?api=1&query=Barbeque%20Nation%20-%20Jaipur%20-%20Tonk%20Road&query_place_id=ChIJgUXOK7a1bTkR_VCxaPbA35w,26.8396146,75.7944405,ChIJgUXOK7a1bTkR_VCxaPbA35w,11303965754274173181,True,2026-07-26 14:26:06
Barbeque Nation - Bharuch - City Center,4.6,1209.0,"3rd Floor, City Center, Bus Station, Railway Station Rd",Bharuch,Gujarat,IN,392001,+91 80 6902 6717,Buffet restaurant,https://www.barbequenation.com/,https://www.google.com/maps/search/?api=1&query=Barbeque%20Nation%20-%20Bharuch%20-%20City%20Center&query_place_id=ChIJfYw9D34h4DsRqI5HQ1BvKjs,21.7036451,72.9969463,ChIJfYw9D34h4DsRqI5HQ1BvKjs,4263342387776425640,True,2026-07-26 14:26:06
Barbeque Nation - Jalandhar - Model Town,4.7,10785.0,"387-L, Rainbow Rd",Jalandhar,Punjab,IN,144001,+91 80 6902 8756,Barbecue restaurant,https://www.barbequenation.com/restaurants/jalandhar/model-town?utm_source=GMB&utm_medium=Jalandhar_model_town&utm_campaign=GMB_Jalandhar_model_town,https://www.google.com/maps/search/?api=1&query=Barbeque%20Nation%20-%20Jalandhar%20-%20Model%20Town&query_place_id=ChIJcbg9R6tbGjkRZBDR_VtWPI8,31.3052949,75.581481,ChIJcbg9R6tbGjkRZBDR_VtWPI8,10321219399126683748,True,2026-07-26 14:26:06
"Barbeque Nation- Southern Park Mall, Saket",4.3,17869.0,"GROUND FLOOR, SOUTHERN PARK MALL, UNIT NO-9, 10,11,12 & 14A, PLOT NO D-2",New Delhi,Delhi,IN,110017,+91 80 6902 8719,Barbecue restaurant,https://www.barbequenation.com/restaurants/DelSaketSouthernPark,https://www.google.com/maps/search/?api=1&query=Barbeque%20Nation-%20Southern%20Park%20Mall%2C%20Saket&query_place_id=ChIJMbz4tfThDDkRGX0zEgCaJNQ,28.5273674,77.2192387,ChIJMbz4tfThDDkRGX0zEgCaJNQ,15286512360298347801,True,2026-07-26 14:26:06
Barbeque Nation Rajouri Garden,4.5,2279.0,"3rd Floor, A2/41","New Delhi, Delhi",Delhi,IN,110027,+91 80 6902 8719,Barbecue restaurant,http://www.barbequenation.com/,https://www.google.com/maps/search/?api=1&query=Barbeque%20Nation%20Rajouri%20Garden&query_place_id=ChIJ4QwivsUDDTkRugm7OdDEnHY,28.6484131,77.1222522,ChIJ4QwivsUDDTkRugm7OdDEnHY,8546922591443159482,True,2026-07-26 14:26:06
"Barbeque Nation - GMS Road, Dehradun",4.7,3606.0,"8273+3HC Tri Junction, Kamla Palace, 2nd Floor, Solus Towers, GMS Rd",Dehradun,Uttarakhand,IN,248171,+91 80 6902 8714,Barbecue restaurant,https://www.barbequenation.com/restaurants/DehradunGMSRoad,https://www.google.com/maps/search/?api=1&query=Barbeque%20Nation%20-%20GMS%20Road%2C%20Dehradun&query_place_id=ChIJ0xEsj7krCTkRktv4pO4yd3U,30.3089771,78.0069748,ChIJ0xEsj7krCTkRktv4pO4yd3U,8464290025217514386,True,2026-07-26 14:26:06
Barbeque Nation - Nashik - City Centre Mall,4.3,5933.0,"2nd Floor, City Centre Mall Sambaji Chowk, Lawate Nagar Banyan Square, Untwadi Rd",Nashik,Maharashtra,IN,422002,+91 80 6902 8738,Barbecue restaurant,https://www.barbequenation.com/restaurants/nashik/city-centre-mall?utm_source=GMB&utm_medium=nashik_city_centre_mall&utm_campaign=GMB_nashik_city_centre_mall,https://www.google.com/maps/search/?api=1&query=Barbeque%20Nation%20-%20Nashik%20-%20City%20Centre%20Mall&query_place_id=ChIJHdvcknDr3TsR04tcpO-kdig,19.9907049,73.760946,ChIJHdvcknDr3TsR04tcpO-kdig,2915699157930642387,True,2026-07-26 14:26:06
Barbeque Nation - Dadar,4.0,1333.0,"2nd, Floor Kohinoor Square NC Kelkar Marg, Ram Ganesh Gadkari Chowk",Mumbai,Maharashtra,IN,400028,+91 80 6902 8718,Barbecue restaurant,http://www.barbequenation.com/,https://www.google.com/maps/search/?api=1&query=Barbeque%20Nation%20-%20Dadar&query_place_id=ChIJLSw41N3P5zsRNUJ_e-7PgKQ,19.0247994,72.8415481,ChIJLSw41N3P5zsRNUJ_e-7PgKQ,11853702842420249141,True,2026-07-26 14:26:06
Barbeque Nation - Surat - Parle Point,4.4,8209.0,"1st Floor, Golden Square, Shaheed Veer Bhagat Singh Flyover Brg, near Sargam Shopping Center",Surat,Gujarat,IN,395007,+91 80 6902 8771,Restaurant,https://www.barbequenation.com/restaurants/surat/ParlePointAthwa,https://www.google.com/maps/search/?api=1&query=Barbeque%20Nation%20-%20Surat%20-%20Parle%20Point&query_place_id=ChIJAwSByulN4DsR3K6NO-C2SCo,21.1711689,72.7894822,ChIJAwSByulN4DsR3K6NO-C2SCo,3046886222104211164,True,2026-07-26 14:26:06
Barbeque Nation - Chandigarh - Sector 26,4.4,12908.0,"Block 2, SCO 39, Madhya Marg, near Green Market Chowk",Chandigarh,Chandigarh,IN,160019,+91 80 6902 8726,Buffet restaurant,https://www.barbequenation.com/restaurants/chandigarh/sector-26?utm_source=GMB&utm_medium=chandigarh/sector-26&utm_campaign=GMB_chandigarh/sector-26,https://www.google.com/maps/search/?api=1&query=Barbeque%20Nation%20-%20Chandigarh%20-%20Sector%2026&query_place_id=ChIJedogrCHtDzkRBEx9LIGhVr4,30.7260024,76.8049551,ChIJedogrCHtDzkRBEx9LIGhVr4,13715327291372686340,True,2026-07-26 14:26:06
"Barbeque Nation - South Extension, Delhi",4.4,1868.0,"D-6, 3rd Floor, above Hazoorilal Legacy Jewellers, Ring Rd",New Delhi,Delhi,IN,110049,+91 80 6902 8719,Barbecue restaurant,https://www.barbequenation.com/,https://www.google.com/maps/search/?api=1&query=Barbeque%20Nation%20-%20South%20Extension%2C%20Delhi&query_place_id=ChIJIXBLEC3jDDkRurLAi15E2wQ,28.5681475,77.2216205,ChIJIXBLEC3jDDkRurLAi15E2wQ,349948568913621690,True,2026-07-26 14:26:06
Barbeque Nation - Karnal,4.4,791.0,"1st Floor, Savoy greens, karnal penguin resorts 131 KM Milestone, G.T. Road, Lake, near Karnal","Karnal, Uchana",Haryana,IN,132116,+91 80 6902 8793,Barbecue restaurant,http://www.barbequenation.com/,https://www.google.com/maps/search/?api=1&query=Barbeque%20Nation%20-%20Karnal&query_place_id=ChIJW2723XYbEDkRX3UUoe3ovis,29.7377569,76.9756866,ChIJW2723XYbEDkRX3UUoe3ovis,3152212896513291615,True,2026-07-26 14:26:06
Barbeque Nation,4.2,7540.0,"1st Floor, STELLAR IT PARK, Plot No 25",Noida,Uttar Pradesh,IN,201309,+91 80 6902 8727,Barbecue restaurant,https://www.barbequenation.com/restaurants/noida/stellar-it-park,https://www.google.com/maps/search/?api=1&query=Barbeque%20Nation&query_place_id=ChIJdWr8EhLlDDkR5BwkTu4TDXg,28.6129583,77.3624639,ChIJdWr8EhLlDDkR5BwkTu4TDXg,8650592373482724580,True,2026-07-26 14:26:06
Barbeque Nation,4.2,3775.0,"5th Floor, Gaur City Mall, Greater Noida W Rd","Greater Noida, Ghaziabad",Uttar Pradesh,IN,201318,+91 80 6902 8727,Barbecue restaurant,https://www.barbequenation.com/restaurants/noida/restaurants-near-me-Gaur-City-Mall,https://www.google.com/maps/search/?api=1&query=Barbeque%20Nation&query_place_id=ChIJE-l0UbrvDDkR_w2I1wt9fnc,28.6060995,77.4301084,ChIJE-l0UbrvDDkR_w2I1wt9fnc,8610457027393097215,True,2026-07-26 14:26:06
Barbeque Nation,4.2,15244.0,"No N96, 2nd Floor, Munshi Lal Building",New Delhi,Delhi,IN,110001,+91 80 6902 8719,Barbecue restaurant,https://www.barbequenation.com/restaurants/new-delhi/connaught-place,https://www.google.com/maps/search/?api=1&query=Barbeque%20Nation&query_place_id=ChIJy0njiDb9DDkR-9nuP9aWDc4,28.6303618,77.2209904,ChIJy0njiDb9DDkR-9nuP9aWDc4,14847689393450179067,True,2026-07-26 14:26:06
Barbeque Nation,4.3,3780.0,"601, 6th Floor, Unity One, MLCP Plot Rohini West Metro Stn Cplx, Rohini","New Delhi, Delhi",Delhi,IN,110085,+91 80 6902 8719,Restaurant,https://www.barbequenation.com/restaurants/new-delhi/rohini?utm_source=GMB&utm_medium=new_delhi_rohini&utm_campaign=GMB_new_delhi_rohini,https://www.google.com/maps/search/?api=1&query=Barbeque%20Nation&query_place_id=ChIJsU0jC7UBDTkRNkemP9YevI8,28.7150562,77.1162939,ChIJsU0jC7UBDTkRNkemP9YevI8,10357187148584994614,True,2026-07-26 14:26:06
Barbeque Nation,4.3,9593.0,"SN G85, Gr Flr, Spaze Platinum Tower Gurgaon Sohna Highway,Near Raheja Mall, Sohna - Gurgaon Rd",Gurugram,Haryana,IN,122018,+91 80 6902 8728,Barbecue restaurant,https://www.barbequenation.com/restaurants/gurugram/sohna-road?utm_source=GMB&utm_medium=gurugram/sohna-road&utm_campaign=GMB_gurugram_sohna-road,https://www.google.com/maps/search/?api=1&query=Barbeque%20Nation&query_place_id=ChIJBx5-uJ0iDTkRAo7D8XrBGdA,28.4212187,77.0404348,ChIJBx5-uJ0iDTkRAo7D8XrBGdA,14995229168093072898,True,2026-07-26 14:26:06
"Barbeque Nation - Pacific D21 Mall, Dwarka",4.4,941.0,"Shop No, Pacific Mall, 2nd Floor, SH/2F/05 and SH/2F/08","New Delhi, Delhi",Delhi,IN,110077,+91 80 6902 8719,Barbecue restaurant,https://www.barbequenation.com/,https://www.google.com/maps/search/?api=1&query=Barbeque%20Nation%20-%20Pacific%20D21%20Mall%2C%20Dwarka&query_place_id=ChIJ81VO7JEbDTkRFRWseAWl9QQ,28.552446,77.0580666,ChIJ81VO7JEbDTkRFRWseAWl9QQ,357373188363785493,True,2026-07-26 14:26:06
Barbeque Nation,4.4,7765.0,"Chaudhary Plaza, Rajpur Rd, Hathibarkala",Dehradun,Uttarakhand,IN,248001,+91 80 6902 8714,Barbecue restaurant,https://www.barbequenation.com/restaurants/dehradun/rajpur-road?utm_source=GMB&utm_medium=dehradun%2Frajpur-road&utm_campaign=GMB_dehradun%2Frajpur-road,https://www.google.com/maps/search/?api=1&query=Barbeque%20Nation&query_place_id=ChIJ9VGYQdQpCTkRECfJYKfaTbA,30.3428326,78.0611661,ChIJ9VGYQdQpCTkRECfJYKfaTbA,12704050536300226320,True,2026-07-26 14:26:06
Barbeque Nation - Model Town,4.1,1025.0,"2nd & 3rd Floor, B2",Delhi,Delhi,IN,110033,+91 80 6902 8719,Barbecue restaurant,https://www.barbequenation.com/restaurants/GURJANWALA-TOWN,https://www.google.com/maps/search/?api=1&query=Barbeque%20Nation%20-%20Model%20Town&query_place_id=ChIJezmM2NYDDTkRa2I0dNquuwA,28.7042594,77.1894361,ChIJezmM2NYDDTkRa2I0dNquuwA,52828073920586347,True,2026-07-26 14:26:06
Barbeque Nation - Meerut - Panchsheel Colony,4.3,3805.0,"3rd Floor, Khasra No 5832, Pinnacle Tower, Garh Rd",Meerut,Uttar Pradesh,IN,250001,+91 80 6902 8711,Barbecue restaurant,https://www.barbequenation.com/restaurants/meerut/panchseel-colony?utm_source=GMB&utm_medium=meerut_panchseel_colony&utm_campaign=GMB_meerut_panchseel_colony,https://www.google.com/maps/search/?api=1&query=Barbeque%20Nation%20-%20Meerut%20-%20Panchsheel%20Colony&query_place_id=ChIJx0L2Xb9kDDkRxhAS3pwRGWk,28.9688442,77.7266577,ChIJx0L2Xb9kDDkRxhAS3pwRGWk,7573103613838495942,True,2026-07-26 14:26:06
Barbeque Nation - Kompally,3.8,1547.0,GFPQ+HQ3,"Hyderabad, Secunderabad",Telangana,IN,500014,+91 80 6405 8003,Barbecue restaurant,http://www.barbequenation.com/,https://www.google.com/maps/search/?api=1&query=Barbeque%20Nation%20-%20Kompally&query_place_id=ChIJp3rL1MWFyzsRRMEyhZl3SEo,17.5364124,78.489438,ChIJp3rL1MWFyzsRRMEyhZl3SEo,5352659658378232132,True,2026-07-26 14:26:06
Barbeque Nation - Attapur,4.2,1102.0,"4th Floor, Happy Home Fortuna, Hh Fortune, PV Narasimha Rao Expy, opp. Pillar No 175",Hyderabad,Telangana,IN,500048,+91 80 6405 8003,Barbecue restaurant,http://www.barbequenation.com/,https://www.google.com/maps/search/?api=1&query=Barbeque%20Nation%20-%20Attapur&query_place_id=ChIJncXNAhiXyzsRumni7kMunW0,17.3555403,78.422699,ChIJncXNAhiXyzsRumni7kMunW0,7898520190783220154,True,2026-07-26 14:26:06
Barbeque Nation - Hyderabad - Kondapur,4.1,6657.0,"G, Sri Mytri Square, 3, Gachibowli - Miyapur Rd, near Laxmi Cyber City, opposite Sarath City Mall",Hyderabad,Telangana,IN,500084,+91 80 6405 8003,Barbecue restaurant,https://www.barbequenation.com/restaurants/hyderabad/kondapur?utm_source=GMB&utm_medium=hyderabad_kondapur&utm_campaign=GMB_hyderabad_kondapur,https://www.google.com/maps/search/?api=1&query=Barbeque%20Nation%20-%20Hyderabad%20-%20Kondapur&query_place_id=ChIJ0VfBfkuTyzsRSMtiRe7sep8,17.4572403,78.3656364,ChIJ0VfBfkuTyzsRSMtiRe7sep8,11491757907299715912,True,2026-07-26 14:26:06
Barbeque Nation,4.2,11219.0,"Alcazar Mall, 498, Road No. 36",Hyderabad,Telangana,IN,500033,+91 80 6405 8003,Barbecue restaurant,https://www.barbequenation.com/restaurants/hyderabad/AlcazarMallJubileeHills,https://www.google.com/maps/search/?api=1&query=Barbeque%20Nation&query_place_id=ChIJa7nEjkiRyzsRZDxlC0A6IKY,17.4330419,78.4069909,ChIJa7nEjkiRyzsRZDxlC0A6IKY,11970631856294280292,True,2026-07-26 14:26:06
"Barbeque Nation- Uppal, Hyderabad",4.1,712.0,"4th floor, DSL Virtue Mall, near Rajiv Gandhi International Cricket Stadium",Hyderabad,Telangana,IN,500039,+91 80 6405 8003,Barbecue restaurant,https://www.barbequenation.com/,https://www.google.com/maps/search/?api=1&query=Barbeque%20Nation-%20Uppal%2C%20Hyderabad&query_place_id=ChIJNSur_WGZyzsRYIxoILXxcy0,17.3996756,78.55487,ChIJNSur_WGZyzsRYIxoILXxcy0,3275227114263579744,True,2026-07-26 14:26:06
Barbeque Nation - Kolkata - Lake Mall,4.4,4043.0,"4th Floor, Lake Mall, Shop No 410,104, Rash Behari Ave",Kolkata,West Bengal,IN,700029,+91 80 6902 8723,Barbecue restaurant,https://www.barbequenation.com/restaurants/kolkata/lake-city-mall?utm_source=GMB&utm_medium=kolkata_lake_mall&utm_campaign=GMB_kolkata_lake_mall,https://www.google.com/maps/search/?api=1&query=Barbeque%20Nation%20-%20Kolkata%20-%20Lake%20Mall&query_place_id=ChIJWUuyYuR3AjoRj78Bsvp_9P4,22.516551,88.3486982,ChIJWUuyYuR3AjoRj78Bsvp_9P4,18371449494656106383,True,2026-07-26 14:26:06
Barbeque Nation - Howrah Maidan,4.3,2355.0,"1 No, Platina Mall, 5th Floor, Nityadhan Mukherjee Rd, opposite Howrah Maidan Metro Station",Howrah,West Bengal,IN,711101,+91 80 6902 8723,Barbecue restaurant,https://www.barbequenation.com/,https://www.google.com/maps/search/?api=1&query=Barbeque%20Nation%20-%20Howrah%20Maidan&query_place_id=ChIJ5_j8r8B3AjoRDxzzCSwdZGI,22.5812547,88.332667,ChIJ5_j8r8B3AjoRDxzzCSwdZGI,7089823788370697231,True,2026-07-26 14:26:06
Barbeque Nation,4.5,6532.0,"4th Floor, Diamond City Mall, DIAMOND PLAZA, 68, Jessore Rd",Kolkata,West Bengal,IN,700055,+91 80 6902 8723,Barbecue restaurant,https://www.barbequenation.com/restaurants/kolkata/diamond-plaza?utm_source=GMB&utm_medium=kolkata_diamond_plaza&utm_campaign=GMB_kolkata_diamond_plaza,https://www.google.com/maps/search/?api=1&query=Barbeque%20Nation&query_place_id=ChIJVVXBoh2e-DkRKEenw1n---I,22.6154536,88.4121659,ChIJVVXBoh2e-DkRKEenw1n---I,16355946133214152488,True,2026-07-26 14:26:06
Barbeque Nation - Asansol - Sentrum Mall,4.5,1615.0,"4th Floor, Sentrum Mall, Shristi Nagar Road",Asansol,West Bengal,IN,713305,+91 80 6902 8794,Barbecue restaurant,https://www.barbequenation.com/,https://www.google.com/maps/search/?api=1&query=Barbeque%20Nation%20-%20Asansol%20-%20Sentrum%20Mall&query_place_id=ChIJrdAJ3F4f9zkRkIM0vrHrrlM,23.703545,86.9478533,ChIJrdAJ3F4f9zkRkIM0vrHrrlM,6030016099728524176,True,2026-07-26 14:26:06
"Barbeque Nation - Alokik’s Emporio Mall, Saraidhella",4.5,298.0,"2nd floor, Alokik's Emporio, Saraidhela Rd, near Sunit Petrol Pump","Saraidhella, Dhanbad",Jharkhand,IN,826007,+91 80 6902 6706,Restaurant,http://barbequenation.com/,https://www.google.com/maps/search/?api=1&query=Barbeque%20Nation%20-%20Alokik%E2%80%99s%20Emporio%20Mall%2C%20Saraidhella&query_place_id=ChIJ__-dX_m99jkR9sjG3gPXJPA,23.8120759,86.4551704,ChIJ__-dX_m99jkR9sjG3gPXJPA,17304192079886731510,True,2026-07-26 14:26:06
"Barbeque Nation - Kalyani, Kolkata",4.5,862.0,"3rd floor, B - 9/10 (ca) of Block B","Kalyani, Kolkata",West Bengal,IN,741235,+91 80 6902 8723,Buffet restaurant,https://www.barbequenation.com/,https://www.google.com/maps/search/?api=1&query=Barbeque%20Nation%20-%20Kalyani%2C%20Kolkata&query_place_id=ChIJD1D-1hJ3AjoRE9MDbF2MNKs,22.9784724,88.4370502,ChIJD1D-1hJ3AjoRE9MDbF2MNKs,12336639612146668307,True,2026-07-26 14:26:06
Barbeque Nation,4.4,692.0,"8 & 4, Formerly, Lindsay St",Kolkata,West Bengal,IN,700087,+91 80 6902 6709,Indian restaurant,http://www.barbequenation.com/,https://www.google.com/maps/search/?api=1&query=Barbeque%20Nation&query_place_id=ChIJSZVi8q53AjoRkCXde4TByp0,22.5596778,88.3518738,ChIJSZVi8q53AjoRkCXde4TByp0,11370112984008172944,True,2026-07-26 14:26:06
Barbeque Nation - Malda,4.3,130.0,"4th Floor, PRM Centre Point, Jadupur Rd","Dakshin Jadupur, Uttar Jadupur",West Bengal,IN,732103,+91 80 6902 8722,Buffet restaurant,https://www.barbequenation.com/,https://www.google.com/maps/search/?api=1&query=Barbeque%20Nation%20-%20Malda&query_place_id=ChIJ5THGVG__-jkRD6ofH1vFYmc,24.9779124,88.1316661,ChIJ5THGVG__-jkRD6ofH1vFYmc,7449733728779086351,True,2026-07-26 14:26:06
Barbeque Nation,4.6,5.0,"LINDA SAY STREET, No-20A,1st floor Humayan court,Nellie sengupta sarani, Formerly, Lindsay St, opp. Sreeleathers",Kolkata,West Bengal,IN,700087,+91 80 6902 8721,Barbecue restaurant,https://www.barbequenation.com/restaurants/kolkata/FiestaNewMarket,https://www.google.com/maps/search/?api=1&query=Barbeque%20Nation&query_place_id=ChIJ2Rg07Ah3AjoR8dFaCWZBvuQ,22.5598314,88.3516439,ChIJ2Rg07Ah3AjoR8dFaCWZBvuQ,16482683592722010609,True,2026-07-26 14:26:06
Barbeque Nation,4.4,8219.0,"Plot No 11, Pocket 7, Pyramid Local Shopping Complex, near Delhi Public School",New Delhi,Delhi,IN,110070,+91 80 6902 8719,Barbecue restaurant,https://www.barbequenation.com/restaurants/new-delhi/vasant-kunj?utm_source=GMB&utm_medium=new_delhi_vasant_kunj&utm_campaign=GMB_new_delhi_vasant_kunj,https://www.google.com/maps/search/?api=1&query=Barbeque%20Nation&query_place_id=ChIJ-W6xp9UdDTkRCi0FB8rW5KU,28.5365602,77.1476661,ChIJ-W6xp9UdDTkRCi0FB8rW5KU,11953915474137656586,True,2026-07-26 14:26:06
Barbeque Nation,4.2,2984.0,"SHOP NO. R, 5th Floor, Vegas Mall, 05","New Delhi, Delhi",Delhi,IN,110078,+91 80 6902 8719,Barbecue restaurant,https://www.barbequenation.com/restaurants/new-delhi/dwarka?utm_source=GMB&utm_medium=new_delhi_dwarka&utm_campaign=GMB_new_delhi_dwarka,https://www.google.com/maps/search/?api=1&query=Barbeque%20Nation&query_place_id=ChIJq5euqyIbDTkRdJJZuIvoUk4,28.6014731,77.0291717,ChIJq5euqyIbDTkRdJJZuIvoUk4,5643828969839628916,True,2026-07-26 14:26:06
Barbeque Nation - Agra - Ashok Cosmos Mall,4.3,2035.0,3rd,Agra,Uttar Pradesh,IN,282002,+91 80 6902 8757,Barbecue restaurant,https://www.barbequenation.com/restaurants/agra/agra-restaurants-near-me,https://www.google.com/maps/search/?api=1&query=Barbeque%20Nation%20-%20Agra%20-%20Ashok%20Cosmos%20Mall&query_place_id=ChIJO7MEJBt3dDkRXPdZD57vt7s,27.2010609,78.0085999,ChIJO7MEJBt3dDkRXPdZD57vt7s,13526543467971999580,True,2026-07-26 14:26:06
Barbeque Nation,4.2,2113.0,"Fl 2, Jaypee Green, Plot No. C1-D1","Noida, Shahpur Govardhanpur Bangar",Uttar Pradesh,IN,201304,+91 80 6902 8727,North Indian restaurant,https://www.barbequenation.com/,https://www.google.com/maps/search/?api=1&query=Barbeque%20Nation&query_place_id=ChIJxcYrQLjnDDkR7rn-K4A86qE,28.5105185,77.3695388,ChIJxcYrQLjnDDkR7rn-K4A86qE,11667204305848285678,True,2026-07-26 14:26:06
Barbeque Nation,4.3,10054.0,"2nd Floor, Unity One, Najafgarh Rd","New Delhi, Delhi",Delhi,IN,110058,+91 80 6902 8719,Barbecue restaurant,https://www.barbequenation.com/restaurants/new-delhi/janakpuri?utm_source=GMB&utm_medium=new_delhi_janakpuri&utm_campaign=GMB_new_delhi_janakpuri,https://www.google.com/maps/search/?api=1&query=Barbeque%20Nation&query_place_id=ChIJq6qqqq8EDTkRyAJbLbc4Q58,28.6286757,77.0764692,ChIJq6qqqq8EDTkRyAJbLbc4Q58,11476078634861265608,True,2026-07-26 14:26:06
Barbeque Nation - Ambience Mall - Gurgaon,4.2,5220.0,"R401, 4th Flr, Gate No 4, Ambience Mall",Gurugram,Haryana,IN,122010,+91 80 6902 8728,Barbecue restaurant,https://www.barbequenation.com/restaurants/gurugram/ambience-mall?utm_source=GMB&utm_medium=gurugram%2Fambience-mall&utm_campaign=GMB_gurugram_ambience-mall,https://www.google.com/maps/search/?api=1&query=Barbeque%20Nation%20-%20Ambience%20Mall%20-%20Gurgaon&query_place_id=ChIJmX2AiE4ZDTkRcTPFcLo6RIA,28.5025847,77.0971616,ChIJmX2AiE4ZDTkRcTPFcLo6RIA,9242576907701400433,True,2026-07-26 14:26:06
Barbeque Nation,4.3,17102.0,"Gr Flr, Hotel Savoy Suites, A79A, Captain Vijyant Thapar Marg",Noida,Uttar Pradesh,IN,201301,+91 80 6902 8727,Barbecue restaurant,https://www.barbequenation.com/restaurants/noida/noida?utm_source=GMB&utm_medium=noida_hotel_savoy&utm_campaign=GMB_noida_hotel_savoy,https://www.google.com/maps/search/?api=1&query=Barbeque%20Nation&query_place_id=ChIJy3fL91vkDDkRE82DgeVeJBo,28.5801739,77.3152551,ChIJy3fL91vkDDkRE82DgeVeJBo,1883734883961130259,True,2026-07-26 14:26:06
"Barbeque Nation - Delhi Connaught Place, Regal Building",4.2,338.0,"1st Floor, Regal Building",New Delhi,Delhi,IN,110001,+91 80 6902 8719,Buffet restaurant,https://www.barbequenation.com/,https://www.google.com/maps/search/?api=1&query=Barbeque%20Nation%20-%20Delhi%20Connaught%20Place%2C%20Regal%20Building&query_place_id=ChIJV86eqPr9DDkRIyjiODcNXBM,28.6314109,77.2170442,ChIJV86eqPr9DDkRIyjiODcNXBM,1395004515406719011,True,2026-07-26 14:26:06
Barbeque Nation - Laxmi Nagar,4.2,8725.0,"1st Floor B-20,21, 126/10, Gurunanak Pura, opp. V3S Mall",Delhi,Delhi,IN,110092,+91 80 6902 8719,North Indian restaurant,https://www.barbequenation.com/,https://www.google.com/maps/search/?api=1&query=Barbeque%20Nation%20-%20Laxmi%20Nagar&query_place_id=ChIJH3VOGeX9DDkRMi8B5TLj7XY,28.6370457,77.2850701,ChIJH3VOGeX9DDkRMi8B5TLj7XY,8569755473685851954,True,2026-07-26 14:26:06
Barbeque Nation - Jammu,4.4,6099.0,"1st Floor, RV Square, Lane No. 11 , R V SEVEN SQUARE, opposite New Choice Resort Club",Jammu,Jammu and Kashmir,IN,180011,+91 80 6902 8752,Barbecue restaurant,https://www.barbequenation.com/restaurants/jammu/rv-seven-square?utm_source=GMB&utm_medium=Jammu&utm_campaign=GMB_Jammu,https://www.google.com/maps/search/?api=1&query=Barbeque%20Nation%20-%20Jammu&query_place_id=ChIJ0-n03kaDHjkRyjF62W0mKsU,32.6696747,74.8936011,ChIJ0-n03kaDHjkRyjF62W0mKsU,14207210227735605706,True,2026-07-26 14:26:06
Barbeque Nation - Patiala - Urban Estate,4.5,5517.0,"3rd floor SCO 37 & 38, NH 64, Rajpura Rd",Patiala,Punjab,IN,147002,+91 80 6902 8701,Barbecue restaurant,https://www.barbequenation.com/restaurants/patiala/rajpura-road?utm_source=GMB&utm_medium=Patiala&utm_campaign=GMB_Patiala,https://www.google.com/maps/search/?api=1&query=Barbeque%20Nation%20-%20Patiala%20-%20Urban%20Estate&query_place_id=ChIJFaXqjBUoEDkRSh-GGEC7viU,30.3454011,76.4374219,ChIJFaXqjBUoEDkRSh-GGEC7viU,2719817108942102346,True,2026-07-26 14:26:06
Barbeque Nation - M3M IFC,4.0,1272.0,"2nd Floor, M3M International Financial Center",Gurugram,Haryana,IN,122101,+91 80 6902 8728,Barbecue restaurant,http://www.barbequenation.com/,https://www.google.com/maps/search/?api=1&query=Barbeque%20Nation%20-%20M3M%20IFC&query_place_id=ChIJQRRa5OwjDTkRGxAAyAgTB3Y,28.4052001,77.0583827,ChIJQRRa5OwjDTkRGxAAyAgTB3Y,8504787349748584475,True,2026-07-26 14:26:06
"Barbeque Nation - CP67 Mall , Mohali",4.4,781.0,"3rd floor, CP67 Mall, International Airport Road",Sahibzada Ajit Singh Nagar,Punjab,IN,160062,+91 80 6902 8715,Buffet restaurant,https://www.barbequenation.com/,https://www.google.com/maps/search/?api=1&query=Barbeque%20Nation%20-%20CP67%20Mall%20%2C%20Mohali&query_place_id=ChIJYy_AnNjrDzkRW0R3LWgpE68,30.6773381,76.7238014,ChIJYy_AnNjrDzkRW0R3LWgpE68,12615472508611019867,True,2026-07-26 14:26:06
Barbeque Nation Kaushambi,4.4,1183.0,"East Delhi Mall, Plot no.1, 2nd floor",Ghaziabad,Uttar Pradesh,IN,201010,+91 80 6902 8719,Indian restaurant,https://www.barbequenation.com/,https://www.google.com/maps/search/?api=1&query=Barbeque%20Nation%20Kaushambi&query_place_id=ChIJZ2V_JlT7DDkR5fqS9GhJl5I,28.6413382,77.3169169,ChIJZ2V_JlT7DDkR5fqS9GhJl5I,10562992166149487333,True,2026-07-26 14:26:06
Barbeque Nation - SS Omnia,4.1,1423.0,"1st Floor, Ss Omnia",Gurugram,Haryana,IN,122012,+91 80 6902 8728,Barbecue restaurant,http://www.barbequenation.com/,https://www.google.com/maps/search/?api=1&query=Barbeque%20Nation%20-%20SS%20Omnia&query_place_id=ChIJT3vKm109DTkRc__6y7HLF3Y,28.4013219,76.9472054,ChIJT3vKm109DTkRc__6y7HLF3Y,8509493985431715699,True,2026-07-26 14:26:06
Barbeque Nation,4.3,4800.0,"Gaur Central Mall, 5th Floor, opposite HDFC Bank",Ghaziabad,Uttar Pradesh,IN,201002,+91 80 6902 8781,Barbecue restaurant,https://www.barbequenation.com/restaurants/ghaziabad/gaur-central-mall?utm_source=GMB&utm_medium=ghaziabad_gaur_central_mall&utm_campaign=GMB_ghaziabad_gaur_central_mall,https://www.google.com/maps/search/?api=1&query=Barbeque%20Nation&query_place_id=ChIJQ8_H57vxDDkRC-Urkw88wz4,28.673997,77.4400991,ChIJQ8_H57vxDDkRC-Urkw88wz4,4522524488401413387,True,2026-07-26 14:26:06
Barbeque Nation,4.4,7030.0,"4, 2nd Floor, Omaxe, CP Mall Rd, near CNG Filling Station","Noida, Greater Noida",Uttar Pradesh,IN,201310,+91 80 6902 8727,Barbecue restaurant,https://www.barbequenation.com/restaurants/greater-noida/omaxe-connaught-place?utm_source=GMB&utm_medium=greater_noida_omaxe_connaught_place&utm_campaign=GMB_greater_noida_omaxe_connaught_place,https://www.google.com/maps/search/?api=1&query=Barbeque%20Nation&query_place_id=ChIJFT1JgIrqDDkRAffk6X2jmIk,28.4889776,77.5146412,ChIJFT1JgIrqDDkRAffk6X2jmIk,9914854340846483201,True,2026-07-26 14:26:06
"Barbeque Nation - Alambagh, Phoenix United Mall",4.3,1149.0,"Plot No, Phoenix Mall Unit No. T- 15 & 15 A 3rd Floor, CP-08, Sector B Rd",Lucknow,Uttar Pradesh,IN,226012,+91 80 6902 8749,Buffet restaurant,https://www.barbequenation.com/,https://www.google.com/maps/search/?api=1&query=Barbeque%20Nation%20-%20Alambagh%2C%20Phoenix%20United%20Mall&query_place_id=ChIJ-0CH6nT_mzkRq2BQ6uD4vQI,26.7987705,80.8970238,ChIJ-0CH6nT_mzkRq2BQ6uD4vQI,197587603561668779,True,2026-07-26 14:26:06
Barbeque Nation Amravati,4.1,517.0,"Tapadia City Centre 4th floor Gopal Nagar Square, Badnera Rd",Amravati,Maharashtra,IN,444607,+91 80 6902 8718,Barbecue restaurant,https://www.barbequenation.com/,https://www.google.com/maps/search/?api=1&query=Barbeque%20Nation%20Amravati&query_place_id=ChIJCYEOFcyl1jsRgai3ay9bGHU,20.9001594,77.7482033,ChIJCYEOFcyl1jsRgai3ay9bGHU,8437594161107413121,True,2026-07-26 14:26:06
Barbeque Nation - Hyderabad - Kukatpally,4.3,7907.0,"B Phase 6, Nexus Mall, Restaurant No.2, Sy.no.1009",Hyderabad,Telangana,IN,500072,+91 80 6405 8003,Barbecue restaurant,https://www.barbequenation.com/restaurants/hyderabad/ForumSujanaMallKukatpally,https://www.google.com/maps/search/?api=1&query=Barbeque%20Nation%20-%20Hyderabad%20-%20Kukatpally&query_place_id=ChIJHTN2JImRyzsR7PY5wu0fuVw,17.4841257,78.3890878,ChIJHTN2JImRyzsR7PY5wu0fuVw,6681406628207130348,True,2026-07-26 14:26:06
Barbeque Nation - Kothapet,4.1,7767.0,"Vaishnavi Onyx-1, Unit No.G-3, 8 & 9/1/1/15, Kothapet Rd",Hyderabad,Telangana,IN,500035,+91 80 6405 8003,Barbecue restaurant,https://www.barbequenation.com/restaurants/hyderabad/kothapet?utm_source=GMB&utm_medium=hyderabad_kothapet&utm_campaign=GMB_hyderabad_kothapet,https://www.google.com/maps/search/?api=1&query=Barbeque%20Nation%20-%20Kothapet&query_place_id=ChIJ4SS6j-CZyzsRJSltqhlhh2Y,17.3597634,78.5440564,ChIJ4SS6j-CZyzsRJSltqhlhh2Y,7387980476585945381,True,2026-07-26 14:26:06
"Barbeque Nation - Phoenix Centaurus, Gachibowli",4.2,10535.0,"Ground Floor, Centarus By Phoenix, 203(P","Manikonda, Hyderabad",Telangana,IN,500032,+91 80 6902 8720,Barbecue restaurant,https://www.barbequenation.com/restaurants/hyderabad/NanakramgudaRoadGachibowli,https://www.google.com/maps/search/?api=1&query=Barbeque%20Nation%20-%20Phoenix%20Centaurus%2C%20Gachibowli&query_place_id=ChIJ7Zqp2oOTyzsRlbQ3sd9vXCc,17.4267282,78.3402791,ChIJ7Zqp2oOTyzsRlbQ3sd9vXCc,2836264871878177941,True,2026-07-26 14:26:06
Barbeque Nation - Abids,4.1,1701.0,"City plaza building, 3rd Floor, opposite to St. George's Grammar School",Hyderabad,Telangana,IN,500001,+91 80 6405 8003,Barbecue restaurant,http://www.barbequenation.com/,https://www.google.com/maps/search/?api=1&query=Barbeque%20Nation%20-%20Abids&query_place_id=ChIJMaiCX7-XyzsREyrYKz6-Mho,17.3922965,78.4760084,ChIJMaiCX7-XyzsREyrYKz6-Mho,1887780368054495763,True,2026-07-26 14:26:06
Barbeque Nation - Sinhagad,4.4,1558.0,"2nd Floor, Grand Horizon Mall, Sinhgad Rd",Pune,Maharashtra,IN,411051,+91 80 6902 8725,Barbecue restaurant,http://www.barbequenation.com/,https://www.google.com/maps/search/?api=1&query=Barbeque%20Nation%20-%20Sinhagad&query_place_id=ChIJNTDzhYOVwjsRb1PHKVhmz7c,18.4734602,73.8221539,ChIJNTDzhYOVwjsRb1PHKVhmz7c,13244917557964002159,True,2026-07-26 14:26:06
Barbeque Nation - Kalyani Nagar - Pune,4.3,14443.0,"HV3X+2W2, Palace View Road, Near Aga Khan Palace, Pune Nagar Rd, near Barbeque Nation",Pune,Maharashtra,IN,411006,+91 80 6902 8725,Barbecue restaurant,https://www.barbequenation.com/?utm_source=google_my_business_barbeque_nation&utm_medium=google_my_business&utm_campaign=google_my_business_SEO_Click,https://www.google.com/maps/search/?api=1&query=Barbeque%20Nation%20-%20Kalyani%20Nagar%20-%20Pune&query_place_id=ChIJdb-swxnBwjsROTq_vlbOEx8,18.552502,73.8997647,ChIJdb-swxnBwjsROTq_vlbOEx8,2239360311695981113,True,2026-07-26 14:26:06
Barbeque Nation - Pune - Deccan,4.3,13328.0,"Ground Floor, Deccan Mall, Bus Stop, R, Jangali Maharaj Rd, opposite Deccan Gymkhana",Pune,Maharashtra,IN,411004,+91 80 6902 8725,Barbecue restaurant,https://www.barbequenation.com/?utm_source=google_my_business_barbeque_nation&utm_medium=google_my_business&utm_campaign=google_my_business_SEO_Click,https://www.google.com/maps/search/?api=1&query=Barbeque%20Nation%20-%20Pune%20-%20Deccan&query_place_id=ChIJgxQS-3fAwjsRje6eRKPGAaM,18.5164341,73.8422187,ChIJgxQS-3fAwjsRje6eRKPGAaM,11745887707692199565,True,2026-07-26 14:26:06
Barbeque Nation - Pune - NIBM,4.2,3131.0,"R floor, NIBM Rd",Pune,Maharashtra,IN,411048,+91 80 6902 8725,Barbecue restaurant,https://www.barbequenation.com/?utm_source=google_my_business_barbeque_nation&utm_medium=google_my_business&utm_campaign=google_my_business_SEO_Click,https://www.google.com/maps/search/?api=1&query=Barbeque%20Nation%20-%20Pune%20-%20NIBM&query_place_id=ChIJPUsqQQbrwjsRT8PdI4WxnYU,18.4674846,73.9017997,ChIJPUsqQQbrwjsRT8PdI4WxnYU,9628046763778491215,True,2026-07-26 14:26:06
Barbeque Nation - Pune - Amanora,4.4,7175.0,"Unit No. 28 & 29, Ground Floor, East Block, Amanora Mall Amanora Town Centre, Kharadi - Hadapsar Bypass Rd",Pune,Maharashtra,IN,411028,+91 80 6902 8725,Barbecue restaurant,https://www.barbequenation.com/,https://www.google.com/maps/search/?api=1&query=Barbeque%20Nation%20-%20Pune%20-%20Amanora&query_place_id=ChIJWWrjqCDCwjsRDNwKS-_xVMw,18.5186357,73.9353284,ChIJWWrjqCDCwjsRDNwKS-_xVMw,14723659091839474700,True,2026-07-26 14:26:06
Barbeque Nation - Pune - Wakad,4.0,10563.0,"135-136, 10th Floor, Sayaji Hotel, Mumbai-Bangalore, Bypass Highway","Pune, Pimpri-Chinchwad",Maharashtra,IN,411057,+91 80 6405 8002,Barbecue restaurant,https://www.barbequenation.com/?utm_source=google_my_business_barbeque_nation&utm_medium=google_my_business&utm_campaign=google_my_business_SEO_Click,https://www.google.com/maps/search/?api=1&query=Barbeque%20Nation%20-%20Pune%20-%20Wakad&query_place_id=ChIJdbNR7WS5wjsRUdR0TnhojN0,18.5996019,73.7548527,ChIJdbNR7WS5wjsRUdR0TnhojN0,15964249645043209297,True,2026-07-26 14:26:06
Barbeque Nation - Chinchwad - Pune,4.2,1642.0,"3rd Floor, Above Food Court, Elpro City Square Mall Chapekar Chowk Flyover, MG Rd",Pimpri-Chinchwad,Maharashtra,IN,411033,+91 80 6902 8725,Barbecue restaurant,http://www.barbequenation.com/,https://www.google.com/maps/search/?api=1&query=Barbeque%20Nation%20-%20Chinchwad%20-%20Pune&query_place_id=ChIJlQxDSBLI5zsRbosa-Dl-lLM,18.6287187,73.78327,ChIJlQxDSBLI5zsRbosa-Dl-lLM,12940106416783002478,True,2026-07-26 14:26:06
Barbeque Nation - Wakad- Phoenix Mall,4.3,1026.0,"4th Floor S, Landmark - Phoenix the Mall of millenniums, 132/23, Hinjewadi - Wakad Rd",Pimpri-Chinchwad,Maharashtra,IN,411057,+91 80 6902 6718,Restaurant,https://www.barbequenation.com/restaurants/pune/FiestaWakadPune,https://www.google.com/maps/search/?api=1&query=Barbeque%20Nation%20-%20Wakad-%20Phoenix%20Mall&query_place_id=ChIJjxcMKWu5wjsRfrvmKpqhVwY,18.6001448,73.7567739,ChIJjxcMKWu5wjsRfrvmKpqhVwY,457011570718194558,True,2026-07-26 14:26:06
Barbeque Nation - Mumbai - Panvel,4.1,4068.0,"3rd Floor, Orion Mall, Bus Depot, FP No 311, Mumbai - Pune Expy","Mumbai, Panvel",Maharashtra,IN,410206,+91 80 6405 8002,Barbecue restaurant,https://www.barbequenation.com/restaurants/mumbai/panvel?utm_source=GMB&utm_medium=mumbai_panvel&utm_campaign=GMB_mumbai_panvel,https://www.google.com/maps/search/?api=1&query=Barbeque%20Nation%20-%20Mumbai%20-%20Panvel&query_place_id=ChIJC1bb5kHo5zsRBGIhT1V4Fm8,18.9935182,73.1153675,ChIJC1bb5kHo5zsRBGIhT1V4Fm8,8004717695492776452,True,2026-07-26 14:26:06
Barbeque Nation,4.3,6680.0,"Besides Inox Cinemas, Metro Junction Mall","Mumbai, Kalyan",Maharashtra,IN,421306,+91 80 6405 8002,Barbecue restaurant,https://www.barbequenation.com/,https://www.google.com/maps/search/?api=1&query=Barbeque%20Nation&query_place_id=ChIJNxHuVs-V5zsRNP07hNFbbYY,19.2300194,73.123306,ChIJNxHuVs-V5zsRNP07hNFbbYY,9686499328968621364,True,2026-07-26 14:26:06
Barbeque Nation - Aurangabad - Prozone Mall,4.3,2609.0,"1st, Food Court, Prozone Mall, API Rd",Chhatrapati Sambhajinagar,Maharashtra,IN,431006,+91 80 6902 8736,Barbecue restaurant,https://www.barbequenation.com/restaurants/aurangabad/prozone-mall?utm_source=GMB&utm_medium=aurangabad&utm_campaign=GMB_aurangabad,https://www.google.com/maps/search/?api=1&query=Barbeque%20Nation%20-%20Aurangabad%20-%20Prozone%20Mall&query_place_id=ChIJD1N5jnij2zsRgz2InVbPAFc,19.8768531,75.3729279,ChIJD1N5jnij2zsRgz2InVbPAFc,6269238652216819075,True,2026-07-26 14:26:06
Barbeque Nation - Mumbai - Belapur,4.4,10066.0,"G 006, Plot No. 65, Ground Floor, Sharda Terraces",Navi Mumbai,Maharashtra,IN,400614,+91 80 6405 8002,Barbecue restaurant,https://www.barbequenation.com/restaurants/mumbai/belapur?utm_source=GMB&utm_medium=mumbai_belapur&utm_campaign=GMB_mumbai_belapur,https://www.google.com/maps/search/?api=1&query=Barbeque%20Nation%20-%20Mumbai%20-%20Belapur&query_place_id=ChIJ25O3oqzD5zsR8MCLxAuyGwY,19.0143992,73.0387233,ChIJ25O3oqzD5zsR8MCLxAuyGwY,440141152210632944,True,2026-07-26 14:26:06
"Barbeque Nation - Xperia Mall, Dombivli",4.5,1065.0,"3rd Floor Lodha Xperia Mall, Kalyan - Shilphata Rd Palava","Dombivli, Mumbai",Maharashtra,IN,421204,+91 80 6405 8002,Barbecue restaurant,https://barbequenation.com/,https://www.google.com/maps/search/?api=1&query=Barbeque%20Nation%20-%20Xperia%20Mall%2C%20Dombivli&query_place_id=ChIJXVGT4V6_5zsRt0mAd0Z4JRA,19.1656494,73.0752599,ChIJXVGT4V6_5zsRt0mAd0Z4JRA,1163468322793081271,True,2026-07-26 14:26:06
Barbeque Nation - Navi Mumbai - Nerul,4.3,7036.0,"First Floor, Plot # 20, Beverley Park, Sector 6, Palm Beach Rd, above HDFC Bank",Navi Mumbai,Maharashtra,IN,400706,+91 80 6405 8002,Barbecue restaurant,https://www.barbequenation.com/restaurants/mumbai/nerul?utm_source=GMB&utm_medium=mumbai_nerul&utm_campaign=GMB_mumbai_nerul,https://www.google.com/maps/search/?api=1&query=Barbeque%20Nation%20-%20Navi%20Mumbai%20-%20Nerul&query_place_id=ChIJUftNROTD5zsROU7jeFo2N60,19.0436179,73.0089182,ChIJUftNROTD5zsROU7jeFo2N60,12481504654483738169,True,2026-07-26 14:26:06
Barbeque Nation,4.3,1598.0,"9th Floor, Sayaji Hotel, 2104/15, E Ward, Old Pune-Bangalore Hwy",Kolhapur,Maharashtra,IN,416005,+91 91300 62161,Barbecue restaurant,https://sayajihotels.com/sayaji-kolhapur/restaurant/all#barbeque-nation,https://www.google.com/maps/search/?api=1&query=Barbeque%20Nation&query_place_id=ChIJE0kT_kYAwTsR4Jqa1vWh8IY,16.7037507,74.2502546,ChIJE0kT_kYAwTsR4Jqa1vWh8IY,9723449672732416736,True,2026-07-26 14:26:06
Barbeque Nation - Hubballi,4.3,3688.0,"2nd floor, Venkatagiri Plaza, Gokul Rd, opp. Oasis Mall",Hubballi,Karnataka,IN,580030,+91 80 6902 8782,Barbecue restaurant,https://www.barbequenation.com/restaurants/hubballi/gokul-road?utm_source=GMB&utm_medium=hubballi_gokul_road&utm_campaign=GMB_hubballi_gokul_road,https://www.google.com/maps/search/?api=1&query=Barbeque%20Nation%20-%20Hubballi&query_place_id=ChIJLeHfzyDXuDsR3se64ZoBdL4,15.3507128,75.1101451,ChIJLeHfzyDXuDsR3se64ZoBdL4,13723595729228449758,True,2026-07-26 14:26:06
Barbeque Nation - Mumbai - Worli,4.3,9777.0,"4th Floor, Atria-The Millennium Mall, Dr Annie Besant Rd",Mumbai,Maharashtra,IN,400018,+91 80 6405 8002,Barbecue restaurant,https://www.barbequenation.com/restaurants/mumbai/worli?utm_source=GMB&utm_medium=mumbai_worli&utm_campaign=GMB_mumbai_worli,https://www.google.com/maps/search/?api=1&query=Barbeque%20Nation%20-%20Mumbai%20-%20Worli&query_place_id=ChIJf1dhQIbO5zsR2Dk8FzQZyek,18.9912457,72.8144358,ChIJf1dhQIbO5zsR2Dk8FzQZyek,16846023592674867672,True,2026-07-26 14:26:06
Barbeque Nation Mumbai Kurla,4.3,4663.0,"Unit S - 49 , 50, Lal Bahadur Shastri Marg",Mumbai,Maharashtra,IN,400070,+91 80 6405 8002,Barbecue restaurant,https://www.barbequenation.com/restaurants/mumbai/kurla-west?utm_source=GMB&utm_medium=mumbai_kurla&utm_campaign=GMB_mumbai_kurla,https://www.google.com/maps/search/?api=1&query=Barbeque%20Nation%20Mumbai%20Kurla&query_place_id=ChIJE81GBI3I5zsR_WbE_9mCe4o,19.0862367,72.8888219,ChIJE81GBI3I5zsR_WbE_9mCe4o,9978713272180041469,True,2026-07-26 14:26:06
Barbeque Nation - BKC Trade Center,4.0,1860.0,"Ground Floor, Trade Centre Bkc, 309",Mumbai,Maharashtra,IN,400098,+91 80 6405 8002,Barbecue restaurant,http://www.barbequenation.com/,https://www.google.com/maps/search/?api=1&query=Barbeque%20Nation%20-%20BKC%20Trade%20Center&query_place_id=ChIJ36H6wH_J5zsRvRXnivhPlUM,19.0727047,72.8709086,ChIJ36H6wH_J5zsRvRXnivhPlUM,4869886500971943357,True,2026-07-26 14:26:06
"Barbeque Nation - Mumbai - Times Square, Sakinaka",4.2,8532.0,"Times Square, 3, Ground Tower A Time Square Building Andheri - Kurla Road Sakinaka",Mumbai,Maharashtra,IN,400044,+91 80 6405 8002,Barbecue restaurant,https://www.barbequenation.com/?utm_source=google_my_business_barbeque_nation&utm_medium=google_my_business&utm_campaign=google_my_business_SEO_Click,https://www.google.com/maps/search/?api=1&query=Barbeque%20Nation%20-%20Mumbai%20-%20Times%20Square%2C%20Sakinaka&query_place_id=ChIJufAK2mzI5zsR0gOEoEPuI4U,19.1081558,72.8841001,ChIJufAK2mzI5zsR0gOEoEPuI4U,9593773605452514258,True,2026-07-26 14:26:06
"Barbeque Nation - Mindspace Fusion, Airoli",4.2,250.0,"MINDSPACE AIROLI EAST, Mind Space Fusion FNB, 9 & 10, Airoli Knowledge Park Rd",Navi Mumbai,Maharashtra,IN,400708,+91 80 6405 8002,Buffet restaurant,https://www.barbequenation.com/,https://www.google.com/maps/search/?api=1&query=Barbeque%20Nation%20-%20Mindspace%20Fusion%2C%20Airoli&query_place_id=ChIJYcE4Tum55zsR8L_1JvRWvJY,19.1607519,73.0007171,ChIJYcE4Tum55zsR8L_1JvRWvJY,10861652007936442352,True,2026-07-26 14:26:06
Barbeque Nation - Mumbai - Ghodbunder Road,4.3,7389.0,"4th Floor, Rosa Vista Maharashtra State Highway 42 opposite suraj Water Park Kavesar, Thane West Thane, Ghodbunder Rd","Mumbai, Thane",Maharashtra,IN,400615,+91 80 6405 8002,Barbecue restaurant,https://www.barbequenation.com/restaurants/mumbai/ghodbandar-road?utm_source=GMB&utm_medium=mumbai_ghodbandar_road&utm_campaign=GMB_mumbai_ghodbandar_road,https://www.google.com/maps/search/?api=1&query=Barbeque%20Nation%20-%20Mumbai%20-%20Ghodbunder%20Road&query_place_id=ChIJlaFtIZW75zsRuiYYCaRchdA,19.2558267,72.9716863,ChIJlaFtIZW75zsRuiYYCaRchdA,15025517591388497594,True,2026-07-26 14:26:06
Barbeque Nation - Hyderabad - Miyapur,4.1,1688.0,"part, 4th floor, Gsm Mall, survey no.99 part A & 100, opp. to My Home Jewels Apartments","Miyapur, Hyderabad",Telangana,IN,500049,+91 80 6405 8003,Barbecue restaurant,https://www.barbequenation.com/,https://www.google.com/maps/search/?api=1&query=Barbeque%20Nation%20-%20Hyderabad%20-%20Miyapur&query_place_id=ChIJfTXgAFKTyzsR69kDPPdfQoQ,17.4960923,78.3355025,ChIJfTXgAFKTyzsR69kDPPdfQoQ,9530285276937837035,True,2026-07-26 14:26:06
Barbeque Nation,4.1,1095.0,"in Plot No.2, in Phase 1 of Hyberabad, C9MJ+WXX Shop No.4 & 6, part of Unit 2B, No.83/1, Knowledge City Rd",Hyderabad,Telangana,IN,500032,+91 80 6405 8003,Buffet restaurant,https://www.barbequenation.com/restaurants/amritsar/SalarpuriaSattvaKnowledgeCity,https://www.google.com/maps/search/?api=1&query=Barbeque%20Nation&query_place_id=ChIJxc5yBACTyzsR61Ldj_HoqW4,17.4350241,78.3826217,ChIJxc5yBACTyzsR61Ldj_HoqW4,7974160739434582763,True,2026-07-26 14:26:06
Dumsafar Biryani by Barbeque Nation - Banjara Hill,3.7,3.0,"3 5, 1st Floor, ANR Centre, Road No.1 Plot No.6, 249, Road No. 1",Hyderabad,Telangana,IN,500034,+91 70241 73288,Biryani restaurant,https://www.barbequenation.com/restaurants/hyderabad/banjara-hills,https://www.google.com/maps/search/?api=1&query=Dumsafar%20Biryani%20by%20Barbeque%20Nation%20-%20Banjara%20Hill&query_place_id=ChIJB0LoCuKXyzsRhVPueJY5JVo,17.4152102,78.4503027,ChIJB0LoCuKXyzsRhVPueJY5JVo,6495661355988571013,True,2026-07-26 14:26:06
Barbeque Nation - Hyderabad - AS Rao Nagar,4.3,5927.0,"3rd Floor, RD Mall, Plot No A3, next to Poulami Hospital",Secunderabad,Telangana,IN,500062,+91 80 6405 8003,Barbecue restaurant,https://www.barbequenation.com/restaurants/hyderabad/as-rao-nagar?utm_source=GMB&utm_medium=hyderabad_as_rao_nagar&utm_campaign=GMB_hyderabad_as_rao_nagar,https://www.google.com/maps/search/?api=1&query=Barbeque%20Nation%20-%20Hyderabad%20-%20AS%20Rao%20Nagar&query_place_id=ChIJYd1G9pWbyzsRpNpnXQ3793o,17.4824624,78.5531081,ChIJYd1G9pWbyzsRpNpnXQ3793o,8860826826694974116,True,2026-07-26 14:26:06
Barbeque Nation - Kadapa,4.6,1405.0,"3rd Floor RSR Square Mall, Sandhya Circle, 1/700, Railway Station Rd",Kadapa,Andhra Pradesh,IN,516001,+91 80 6263 9001,Barbecue restaurant,https://www.barbequenation.com/,https://www.google.com/maps/search/?api=1&query=Barbeque%20Nation%20-%20Kadapa&query_place_id=ChIJZdjp9ClzszsRlpWUebyU0Qw,14.4633896,78.8235411,ChIJZdjp9ClzszsRlpWUebyU0Qw,923682935802205590,True,2026-07-26 14:26:06
Dumsafar Biryani by Barbeque Nation- ABIDS,5.0,3.0,"3Rd Floor, City Plaza Building, opposite St. George Grammar School",Hyderabad,Telangana,IN,500001,+91 70241 73288,Barbecue restaurant,https://www.barbequenation.com/restaurants/hyderabad/city-plaza-building-abids,https://www.google.com/maps/search/?api=1&query=Dumsafar%20Biryani%20by%20Barbeque%20Nation-%20ABIDS&query_place_id=ChIJJ2tL8LmZyzsRfjZbTUAPYdI,17.392292,78.475965,ChIJJ2tL8LmZyzsRfjZbTUAPYdI,15159414589555947134,True,2026-07-26 14:26:06
Barbeque Nation,4.2,8310.0,"2nd Floor, Korum Mall, Mangal Pandey Road Near Cadbury Compound, Eastern Express Hwy",Thane,Maharashtra,IN,400606,+91 80 6405 8002,Barbecue restaurant,https://www.barbequenation.com/restaurants/mumbai/korum-mall?utm_source=GMB&utm_medium=mumbai_korum_mall&utm_campaign=GMB_mumbai_korum_mall,https://www.google.com/maps/search/?api=1&query=Barbeque%20Nation&query_place_id=ChIJoQV1aBq55zsRNP51HJE9S0s,19.2029367,72.9651819,ChIJoQV1aBq55zsRNP51HJE9S0s,5425497869554941492,True,2026-07-26 14:26:06
Barbeque Nation Fun Republic,4.2,1397.0,"6th Floor Fun Republic Mall, New Link Rd",Mumbai,Maharashtra,IN,400053,+91 80 6902 8718,Barbecue restaurant,https://www.barbequenation.com/restaurants/mumbai/FunRepublic,https://www.google.com/maps/search/?api=1&query=Barbeque%20Nation%20Fun%20Republic&query_place_id=ChIJ27LB6fO35zsRLwxkS57dmEw,19.134979,72.8330266,ChIJ27LB6fO35zsRLwxkS57dmEw,5519405015281962031,True,2026-07-26 14:26:06
Barbeque Nation - Malad,3.7,94.0,"2nd floor, Inorbit Mall, 21/A, New Link Rd",Mumbai,Maharashtra,IN,400064,+91 80 6405 8002,Buffet restaurant,https://www.barbequenation.com/,https://www.google.com/maps/search/?api=1&query=Barbeque%20Nation%20-%20Malad&query_place_id=ChIJAx1b8O235zsRaTFzQ2Al-Dk,19.1732589,72.8362121,ChIJAx1b8O235zsRaTFzQ2Al-Dk,4177129749764845929,True,2026-07-26 14:26:06
Barbeque Nation - Mumbai - Virar,4.2,5892.0,"3rd Floor, Yashwant Square Building, By Pass Road, above Big Bazaar Village Dongre","Mumbai, Vasai-Virar",Maharashtra,IN,401303,+91 80 6405 8002,Barbecue restaurant,https://www.barbequenation.com/restaurants/mumbai/virar?utm_source=GMB&utm_medium=mumbai_virar&utm_campaign=GMB_mumbai_virar,https://www.google.com/maps/search/?api=1&query=Barbeque%20Nation%20-%20Mumbai%20-%20Virar&query_place_id=ChIJ0wtNa4qp5zsRNpiQVHESCrA,19.4650436,72.8051278,ChIJ0wtNa4qp5zsRNpiQVHESCrA,12684971578401790006,True,2026-07-26 14:26:06
Barbeque Nation,2.3,6.0,"Unit No 1 &2, Ground Floor, C Wing Naka Metro Station, Time Square, Sakinaka, near Marol",Mumbai,Maharashtra,IN,400093,+91 80 6902 8721,Barbecue restaurant,https://www.barbequenation.com/restaurants/mumbai/times-square-sakinaka,https://www.google.com/maps/search/?api=1&query=Barbeque%20Nation&query_place_id=ChIJ____Pz3I5zsR71RaNnRLXEQ,19.117753,72.8737017,ChIJ____Pz3I5zsR71RaNnRLXEQ,4925895054936659183,True,2026-07-26 14:26:06
"Barbeque Nation- Vile Parle East, Mumbai",4.4,951.0,"2nd Floor, Trinity Square, Shyam Kamal Rd",Mumbai,Maharashtra,IN,400057,+91 80 6405 8002,Restaurant,https://www.barbequenation.com/restaurants/ParleSquareMallVileParleEast,https://www.google.com/maps/search/?api=1&query=Barbeque%20Nation-%20Vile%20Parle%20East%2C%20Mumbai&query_place_id=ChIJVzxsgFvJ5zsRFgkHhiyafrw,19.1002164,72.845686,ChIJVzxsgFvJ5zsRFgkHhiyafrw,13582463042213841174,True,2026-07-26 14:26:06
Barbeque Nation - Mohali - Sector 59,4.5,7304.0,"SC0 5&6, Mohali Stadium Rd",Sahibzada Ajit Singh Nagar,Punjab,IN,160059,+91 80 6902 8715,Barbecue restaurant,https://www.barbequenation.com/?utm_source=google_my_business_barbeque_nation&utm_medium=google_my_business&utm_campaign=google_my_business_SEO_Click,https://www.google.com/maps/search/?api=1&query=Barbeque%20Nation%20-%20Mohali%20-%20Sector%2059&query_place_id=ChIJU_7sJmfuDzkRYyNCOTDuwQ4,30.7162447,76.7160594,ChIJU_7sJmfuDzkRYyNCOTDuwQ4,1063392877922624355,True,2026-07-26 14:26:06
Barbeque Nation - Mall Of Dehradun,4.9,2320.0,"3rd Floor, Mall Of Dehradun, Rishikesh Road","Mohkam Pur Khurd, Dehradun",Uttarakhand,IN,248005,+91 80 6902 8714,Restaurant,https://www.barbequenation.com/restaurants/dehradun/Mall-of-Dehradun,https://www.google.com/maps/search/?api=1&query=Barbeque%20Nation%20-%20Mall%20Of%20Dehradun&query_place_id=ChIJb0SxqVcpCTkR2iD1mOyjMTU,30.266685,78.082382,ChIJb0SxqVcpCTkR2iD1mOyjMTU,3833024994442813658,True,2026-07-26 14:26:06
"Barbeque Nation - Nirwana Square One, Kharar",4.4,694.0,"SCO 1-4,First Floor, Nirwana Square One, Block- A , Kharar - Kurali Road, 3","Khanpur, Kharar",Punjab,IN,140301,+91 80 6902 8715,Buffet restaurant,https://www.barbequenation.com/,https://www.google.com/maps/search/?api=1&query=Barbeque%20Nation%20-%20Nirwana%20Square%20One%2C%20Kharar&query_place_id=ChIJpz9OUon7DzkRDoEZkVInXb4,30.7659458,76.6269732,ChIJpz9OUon7DzkRDoEZkVInXb4,13717163275615568142,True,2026-07-26 14:26:06
Barbeque Nation - Vellore,4.1,5061.0,"1st Floor, Door No 16/1, Officers Line, Anna Salai, next to Reliance Trends",Vellore,Tamil Nadu,IN,632001,+91 80 6902 8748,Barbecue restaurant,https://www.barbequenation.com/restaurants/vellore/anna-salai?utm_source=GMB&utm_medium=Vellore&utm_campaign=GMB_Vellore,https://www.google.com/maps/search/?api=1&query=Barbeque%20Nation%20-%20Vellore&query_place_id=ChIJfTOuhN04rTsRFHGJOnBGXQA,12.908926,79.131692,ChIJfTOuhN04rTsRFHGJOnBGXQA,26254620666458388,True,2026-07-26 14:26:06
Barbeque Nation,4.3,4424.0,"4th floor, Dr. Agarwals Eye Hospital, 19-4-8/14, Air Bypass Rd, near Passport office",Tirupati,Andhra Pradesh,IN,517501,+91 80 6902 8741,Barbecue restaurant,https://www.barbequenation.com/,https://www.google.com/maps/search/?api=1&query=Barbeque%20Nation&query_place_id=ChIJ6zqdhfVLTToRYLCuyAuAWzw,13.622596,79.4289512,ChIJ6zqdhfVLTToRYLCuyAuAWzw,4349210653256233056,True,2026-07-26 14:26:06
Barbeque Nation - Lulu Global Mall,4.2,1168.0,"Lower Ground Floor, Lulu Global Mall, No 19/2, Unit No LGF 02, 03 & 04",Bengaluru,Karnataka,IN,560023,+91 80 6405 8001,Barbecue restaurant,https://www.barbequenation.com/,https://www.google.com/maps/search/?api=1&query=Barbeque%20Nation%20-%20Lulu%20Global%20Mall&query_place_id=ChIJ3QGUJHIXrjsRNesn2_KGLzc,12.9817961,77.5632012,ChIJ3QGUJHIXrjsRNesn2_KGLzc,3976545373608471349,True,2026-07-26 14:26:06
"Barbeque Nation - Garuda Mall, Magrath Road",1.0,1.0,"4th floor, 56, Garuda mall, Commissariat Rd",Bengaluru,Karnataka,IN,560025,+91 80 6405 8001,Restaurant,https://www.barbequenation.com/,https://www.google.com/maps/search/?api=1&query=Barbeque%20Nation%20-%20Garuda%20Mall%2C%20Magrath%20Road&query_place_id=ChIJZ6irvSYVrjsRxp5IyfGEhvY,12.9701033,77.6099344,ChIJZ6irvSYVrjsRxp5IyfGEhvY,17764031954208464582,True,2026-07-26 14:26:06
Barbeque Nation - Kanakpura Road,4.3,2794.0,"3rd floor, #5 & 6, Doddakallasandra Village, Kanakapura Main Rd",Bengaluru,Karnataka,IN,560062,+91 80 6405 8001,Buffet restaurant,https://www.barbequenation.com/,https://www.google.com/maps/search/?api=1&query=Barbeque%20Nation%20-%20Kanakpura%20Road&query_place_id=ChIJu-CoRKs_rjsRE-6uOfXfcOI,12.8829812,77.548764,ChIJu-CoRKs_rjsRE-6uOfXfcOI,16316787694291054099,True,2026-07-26 14:26:06
Barbeque Nation- Nungambakkam,4.0,5211.0,"No 5 & 3, 2nd Floor, Bergamo Mall, Khader Nawaz Khan Rd","Chennai, Greater Chennai",Tamil Nadu,IN,600006,+91 80 6902 8724,North Indian restaurant,https://www.barbequenation.com/restaurants/chennai/nungambakkam?utm_source=GMB&utm_medium=chennai%2Fnungambakkam&utm_campaign=GMB_chennai%2Fnungambakkam,https://www.google.com/maps/search/?api=1&query=Barbeque%20Nation-%20Nungambakkam&query_place_id=ChIJW_BsWmpmUjoRC9cGfUyljmU,13.0607369,80.2511891,ChIJW_BsWmpmUjoRC9cGfUyljmU,7317968192457332491,True,2026-07-26 14:26:06
Barbeque Nation- Whitefield,4.2,10713.0,"1F, 01, Whitefield Main Rd",Bengaluru,Karnataka,IN,560066,+91 80 6405 8001,Barbecue restaurant,https://www.barbequenation.com/restaurants/bangalore/whitefield-itpl,https://www.google.com/maps/search/?api=1&query=Barbeque%20Nation-%20Whitefield&query_place_id=ChIJB5Jt4-QRrjsRA8qETMLQX0Q,12.9871338,77.7368844,ChIJB5Jt4-QRrjsRA8qETMLQX0Q,4926886050292615683,True,2026-07-26 14:26:06
UBQ By Barbeque Nation,2.7,147.0,"1, 8th Main Rd",Bengaluru,Karnataka,IN,560068,,Barbecue restaurant,https://www.barbequenation.com/,https://www.google.com/maps/search/?api=1&query=UBQ%20By%20Barbeque%20Nation&query_place_id=ChIJh3NlKuUVrjsRKDVJGhSz9U4,12.9087433,77.6285479,ChIJh3NlKuUVrjsRKDVJGhSz9U4,5689650603174212904,True,2026-07-26 14:26:06
Barbeque Nation - Kochi,4.3,8205.0,"6th Floor Imperiaal Trade Center, Mahatma Gandhi Rd",Ernakulam,Kerala,IN,682035,+91 80 6902 8706,Barbecue restaurant,https://www.barbequenation.com/restaurants/ernakulam/kochi?utm_source=GMB&utm_medium=kochi&utm_campaign=GMB_kochi,https://www.google.com/maps/search/?api=1&query=Barbeque%20Nation%20-%20Kochi&query_place_id=ChIJneH9IVANCDsRNJFSaCMFduA,9.9828617,76.2820456,ChIJneH9IVANCDsRNJFSaCMFduA,16174120761379950900,True,2026-07-26 14:26:06
Barbeque Nation - Vadodara - Cine Mall,4.4,10983.0,"3rd Floor Cinemall, Near Natubhai Circle, Race Course Rd",Vadodara,Gujarat,IN,390007,+91 80 6902 8721,Barbecue restaurant,https://www.barbequenation.com/restaurants/vadodara/cinemall?utm_source=GMB&utm_medium=vadodara&utm_campaign=GMB_vadodara,https://www.google.com/maps/search/?api=1&query=Barbeque%20Nation%20-%20Vadodara%20-%20Cine%20Mall&query_place_id=ChIJKUhqf73IXzkRox7AgorhYFI,22.3107851,73.1587929,ChIJKUhqf73IXzkRox7AgorhYFI,5935992293889679011,True,2026-07-26 14:26:06
Barbeque Nation - Rajkot - Crystal Mall,4.5,2565.0,"Crystal Mall Rajkot, 3rd Floor, Kalavad Rd",Rajkot,Gujarat,IN,360005,+91 80 6902 8773,Barbecue restaurant,,https://www.google.com/maps/search/?api=1&query=Barbeque%20Nation%20-%20Rajkot%20-%20Crystal%20Mall&query_place_id=ChIJOcFNQMvLWTkRKPPyxpEms6s,22.2798171,70.7630298,ChIJOcFNQMvLWTkRKPPyxpEms6s,12372275008866808616,True,2026-07-26 14:26:06
Barbeque Nation - Ahmedabad - Nikol,4.5,604.0,"First Floor, Hill town plaza, Shop No, 109, 110, 111, 112, 113, 114, Sardar Patel Ring Rd",Ahmedabad,Gujarat,IN,380049,+91 80 6902 8770,Buffet restaurant,https://www.barbequenation.com/,https://www.google.com/maps/search/?api=1&query=Barbeque%20Nation%20-%20Ahmedabad%20-%20Nikol&query_place_id=ChIJAysBFhKHXjkRIEQhSgKId1Y,23.0383545,72.6773549,ChIJAysBFhKHXjkRIEQhSgKId1Y,6230598152905376800,True,2026-07-26 14:26:06
Barbeque Nation - Ahmedabad - Satya One,4.3,3901.0,"SATYA ONE, 1st Floor, Drive In Rd, opp. Manav Mandir",Ahmedabad,Gujarat,IN,380052,+91 80 6902 8721,Barbecue restaurant,,https://www.google.com/maps/search/?api=1&query=Barbeque%20Nation%20-%20Ahmedabad%20-%20Satya%20One&query_place_id=ChIJ-41T_X2FXjkRNdpI9fEp-XY,23.0455766,72.5403016,ChIJ-41T_X2FXjkRNdpI9fEp-XY,8572929484855499317,True,2026-07-26 14:26:06
Barbeque Nation - Visakhapatnam - Madhuruwada,4.3,1313.0,"3rd Floor, Arena Building, 100 Feet Rd, adjacent to Mango Hero Showroom",Madhuravada,Andhra Pradesh,IN,530041,+91 80 6902 8744,North Indian restaurant,http://www.barbequenation.com/,https://www.google.com/maps/search/?api=1&query=Barbeque%20Nation%20-%20Visakhapatnam%20-%20Madhuruwada&query_place_id=ChIJPa7aabVbOToRRmNsMXq7Iw8,17.8040631,83.3581364,ChIJPa7aabVbOToRRmNsMXq7Iw8,1090921668243383110,True,2026-07-26 14:26:06
Barbeque Nation - Indore - Treasure Island Mall,4.3,2668.0,"TI Mall, 3rd, 11, Mahatma Gandhi Rd",Indore,Madhya Pradesh,IN,452001,+91 80 6902 8754,Restaurant,https://www.barbequenation.com/restaurants/indore/restaurants-near-me-indore?utm_source=GMB&utm_medium=Indore&utm_campaign=GMB_Indore,https://www.google.com/maps/search/?api=1&query=Barbeque%20Nation%20-%20Indore%20-%20Treasure%20Island%20Mall&query_place_id=ChIJk2FRchL9YjkRhSeLXrCucPQ,22.7213298,75.8785573,ChIJk2FRchL9YjkRhSeLXrCucPQ,17613770215169664901,True,2026-07-26 14:26:06
Barbeque Nation - Ferozpur Road - Ludhiana,4.4,5896.0,"2nd Floor, Dhanraj Sing Complex Gate No. 1 Ferozpur Road, Gate Number 1 Rd, near Punjab Agricultural University",Ludhiana,Punjab,IN,141001,+91 80 6902 8755,Barbecue restaurant,https://www.barbequenation.com/restaurants/ludhiana/ferozepur-road?utm_source=GMB&utm_medium=ludhiana_ferozepur_road&utm_campaign=GMB_ludhiana_ferozepur_road,https://www.google.com/maps/search/?api=1&query=Barbeque%20Nation%20-%20Ferozpur%20Road%20-%20Ludhiana&query_place_id=ChIJWZ2DztCDGjkRo0p4e21mMng,30.8961971,75.8136465,ChIJWZ2DztCDGjkRo0p4e21mMng,8661097653795834531,True,2026-07-26 14:26:06
Barbeque Nation - Ghaziabad-Eros Market Place,4.2,184.0,"UNIT NO 01, UPPER GROUND FLOOR, EROS MARKET PLACE, PLOT NO 2, opposite DPS",Ghaziabad,Uttar Pradesh,IN,201010,+91 80 6902 8734,Buffet restaurant,https://www.barbequenation.com/,https://www.google.com/maps/search/?api=1&query=Barbeque%20Nation%20-%20Ghaziabad-Eros%20Market%20Place&query_place_id=ChIJDaoM9HX7DDkRbPtMrefkhXM,28.6472511,77.3747358,ChIJDaoM9HX7DDkRbPtMrefkhXM,8324311169960311660,True,2026-07-26 14:26:06
Barbeque nation,3.5,4.0,8HGG+CF3,Jalandhar,Punjab,IN,144001,,Buffet restaurant,,https://www.google.com/maps/search/?api=1&query=Barbeque%20nation&query_place_id=ChIJjVzccABbGjkRwC80G67TVDQ,31.3260152,75.5761829,ChIJjVzccABbGjkRwC80G67TVDQ,3770871532750122944,True,2026-07-26 14:26:06
Barbeque Nation - Bhopal - Virasha,4.3,4399.0,"STC, 3rd Floor Virasha",Bhopal,Madhya Pradesh,IN,462039,+91 80 6902 8753,Barbecue restaurant,https://www.barbequenation.com/restaurants/bhopal/bhopal?utm_source=GMB&utm_medium=bhopal&utm_campaign=GMB_bhopal,https://www.google.com/maps/search/?api=1&query=Barbeque%20Nation%20-%20Bhopal%20-%20Virasha&query_place_id=ChIJCe7WfMxDfDkRKF98Ep1tIV8,23.1795432,77.4380286,ChIJCe7WfMxDfDkRKF98Ep1tIV8,6854880629222039336,True,2026-07-26 14:26:06
Barbeque Nation - Ahluwalia's The Great mall - Kota,4.5,1817.0,"Alhuwalita the great Mall of Kota "" DMC, Road Unit no, S-5 S-6, S-7, S-8 2nd Floor",Kota,Rajasthan,IN,324007,+91 80 6902 8759,Barbecue restaurant,https://www.barbequenation.com/restaurants/kota/great-mall-of-kota,https://www.google.com/maps/search/?api=1&query=Barbeque%20Nation%20-%20Ahluwalia's%20The%20Great%20mall%20-%20Kota&query_place_id=ChIJRSvhUjKFbzkRayLnV_VNAJM,25.1620273,75.8632846,ChIJRSvhUjKFbzkRayLnV_VNAJM,10592552039712498283,True,2026-07-26 14:26:06
Barbeque Nation - Jagat Mall,4.4,1607.0,"3rd Floor, Jagat Mall, Gorakhpur Rd",Jabalpur,Madhya Pradesh,IN,482001,+91 80 6902 8712,Barbecue restaurant,http://www.barbequenation.com/,https://www.google.com/maps/search/?api=1&query=Barbeque%20Nation%20-%20Jagat%20Mall&query_place_id=ChIJL3a2pDKtgTkRwhNxltcZ2_E,23.1524184,79.9338365,ChIJL3a2pDKtgTkRwhNxltcZ2_E,17427551596772922306,True,2026-07-26 14:26:06
"Barbeque Nation - MGF Metropolitan Mall, Gurugram",4.6,71.0,"GROUND FLOOR, MGF Metropolitan Mall, Shop No GF FC 06, 07, 07A, 08, 09 & 10, Mehrauli-Gurgaon Rd","Gurugram, Sarhol",Haryana,IN,122009,+91 92173 46776,Buffet restaurant,https://www.barbequenation.com/,https://www.google.com/maps/search/?api=1&query=Barbeque%20Nation%20-%20MGF%20Metropolitan%20Mall%2C%20Gurugram&query_place_id=ChIJKwdDJ_0ZDTkRRtlCVfGvokE,28.4809085,77.0802798,ChIJKwdDJ_0ZDTkRRtlCVfGvokE,4729536009744865606,True,2026-07-26 14:26:06
"Barbeque Nation – Celest Mall ,Gajuwaka",4.2,52.0,"S,no 104/2, unit no:FF:01@ FF:02, celest Mall,1st floor, NH5, opposite SBT Hotel","Visakhapatnam, Gajuwaka",Andhra Pradesh,IN,530026,+91 80 6902 8720,Buffet restaurant,https://www.barbequenation.com/,https://www.google.com/maps/search/?api=1&query=Barbeque%20Nation%20%E2%80%93%20Celest%20Mall%20%2CGajuwaka&query_place_id=ChIJL_Srm0gVPDoR1RdATqonQEE,17.6835753,83.1993384,ChIJL_Srm0gVPDoR1RdATqonQEE,4701801623385544661,True,2026-07-26 14:26:06
Barbeque Nation - Kakinada - SRMT Mall,4.2,2441.0,"Unit No. 2, 4th Floor Door No. 4-21,SRMT Mall & Multiplex, Pithapuram - Kakinada Rd",Ramanayyapeta,Andhra Pradesh,IN,533005,+91 80 6902 8742,Barbecue restaurant,https://www.barbequenation.com/restaurants/BNKakinada?utm_source=GMB&utm_medium=Kakinada&utm_campaign=GMB_Kakinada,https://www.google.com/maps/search/?api=1&query=Barbeque%20Nation%20-%20Kakinada%20-%20SRMT%20Mall&query_place_id=ChIJw4uuTdkpODoRnr7HvUAszUk,16.9981671,82.2433006,ChIJw4uuTdkpODoRnr7HvUAszUk,5317955391567937182,True,2026-07-26 14:26:06
Ubq By Barbeque Nation,3.1,31.0,"3, MG Rd",Vijayawada,Andhra Pradesh,IN,520010,+91 80 6902 8721,Barbecue restaurant,https://www.barbequenation.com/restaurants/vijayawada/lepl-centro-mall,https://www.google.com/maps/search/?api=1&query=Ubq%20By%20Barbeque%20Nation&query_place_id=ChIJkYNrPK_6NToRMV1L2bS2RSk,16.4982576,80.6519718,ChIJkYNrPK_6NToRMV1L2bS2RSk,2973984016804044081,True,2026-07-26 14:26:06
Barbeque Nation Pimpri,4.3,5290.0,"City One Mall, Above Central Mall, 2nd Floor Survey No-31/32, CS No- 5860","Pune, Pimpri-Chinchwad",Maharashtra,IN,411018,+91 80 6902 8725,Barbecue restaurant,https://www.barbequenation.com/?utm_source=google_my_business_barbeque_nation&utm_medium=google_my_business&utm_campaign=google_my_business_SEO_Click,https://www.google.com/maps/search/?api=1&query=Barbeque%20Nation%20Pimpri&query_place_id=ChIJ79Idnk64wjsRh4zVvsmuexU,18.6328282,73.8008776,ChIJ79Idnk64wjsRh4zVvsmuexU,1548023078445223047,True,2026-07-26 14:26:06
Barbeque Nation,4.4,5076.0,"16 113, Mahatma Gandhi Rd",Kanpur,Uttar Pradesh,IN,208001,+91 80 6902 8708,Barbecue restaurant,https://www.barbequenation.com/restaurants/kanpur/z-square-mall?utm_source=GMB&utm_medium=kanpur&utm_campaign=GMB_kanpur,https://www.google.com/maps/search/?api=1&query=Barbeque%20Nation&query_place_id=ChIJWUPXT6Y4nDkRJnXavNedSas,26.4731829,80.3521156,ChIJWUPXT6Y4nDkRJnXavNedSas,12342569803697517862,True,2026-07-26 14:26:06
UBQ By Barbeque Nation Janakpuri,3.2,46.0,"Shop No B32/1, Community Center b","New Delhi, Delhi",Delhi,IN,110058,+91 80 6902 8719,Delivery service,http://www.barbequenation.com/,https://www.google.com/maps/search/?api=1&query=UBQ%20By%20Barbeque%20Nation%20Janakpuri&query_place_id=ChIJN55Su3gFDTkRNXPHLo6NT0I,28.6288696,77.0912057,ChIJN55Su3gFDTkRNXPHLo6NT0I,4778193371473081141,True,2026-07-26 14:26:06
Barbeque Nation - Garia,4.5,429.0,"3rd Floor, Rashmin building, 92, Raja Subodh Chandra Mallick Rd, near Padmashree cinema hall",Kolkata,West Bengal,IN,700084,+91 80 6902 8723,Buffet restaurant,https://www.barbequenation.com/,https://www.google.com/maps/search/?api=1&query=Barbeque%20Nation%20-%20Garia&query_place_id=ChIJJ2suDYNxAjoRhQOuoXXwYA0,22.4724041,88.3761508,ChIJJ2suDYNxAjoRhQOuoXXwYA0,964034708271661957,True,2026-07-26 14:26:06
Fiesta By Barbeque Nation - Hatibagan,4.0,187.0,"3rd Floor, Ideal Unique Residency, 162, Grey St",Kolkata,West Bengal,IN,700006,+91 80 6902 6709,Buffet restaurant,https://www.barbequenation.com/,https://www.google.com/maps/search/?api=1&query=Fiesta%20By%20Barbeque%20Nation%20-%20Hatibagan&query_place_id=ChIJd4-BBwB3AjoRMRWypXMlVG4,22.5940768,88.3742531,ChIJd4-BBwB3AjoRMRWypXMlVG4,7950020420847146289,True,2026-07-26 14:26:06
Barbeque Nation,4.3,65.0,"403, Ground Floor, Om Palace, BR, Dr Ambedkar Rd",Mumbai,Maharashtra,IN,400052,,Barbecue restaurant,https://www.barbequenation.com/,https://www.google.com/maps/search/?api=1&query=Barbeque%20Nation&query_place_id=ChIJmY0FgRLJ5zsRovoqKkRwxv8,19.0698859,72.8297052,ChIJmY0FgRLJ5zsRovoqKkRwxv8,18430541963127880354,True,2026-07-26 14:26:06
"Barbeque Nation - RR Nagar, Global Divinity Mall",3.9,228.0,"GLOBAL MALLS, 3RD FLOOR, MYSORE ROAD, PANTHARAPALYA, MYSORE ROAD, NAYANDA HALLI, KENGERI, B.B, HOBLI",Bengaluru,Karnataka,IN,560039,+91 80 6902 8722,Buffet restaurant,https://www.barbequenation.com/,https://www.google.com/maps/search/?api=1&query=Barbeque%20Nation%20-%20RR%20Nagar%2C%20Global%20Divinity%20Mall&query_place_id=ChIJazQIZ7mtrzsR6P6rvcYS69U,12.9404462,77.5250793,ChIJazQIZ7mtrzsR6P6rvcYS69U,15414434794400644840,True,2026-07-26 14:26:06
"Barbeque Nation - Brigade Twin Towers, Yeshwantpur",4.3,302.0,"Unit no-106 Kisok-02, 1st floor, Brigade twin tower",Bengaluru,Karnataka,IN,560022,+91 80 6405 8001,Buffet restaurant,https://www.barbequenation.com/,https://www.google.com/maps/search/?api=1&query=Barbeque%20Nation%20-%20Brigade%20Twin%20Towers%2C%20Yeshwantpur&query_place_id=ChIJGXNqPCg9rjsRhinoy6hXEjs,13.0304817,77.5421513,ChIJGXNqPCg9rjsRhinoy6hXEjs,4256560980305652102,True,2026-07-26 14:26:06
Barbeque Nation - Bandra,4.2,6113.0,"Ground Floor, 355, Hotel Metro Palace, Hill Rd, opposite Marks and Spencer",Mumbai,Maharashtra,IN,400050,+91 80 6902 8718,Barbecue restaurant,https://www.barbequenation.com/restaurants/mumbai/trade-centre-bkc?utm_source=GMB&utm_medium=bkc&utm_campaign=GMB_bkc,https://www.google.com/maps/search/?api=1&query=Barbeque%20Nation%20-%20Bandra&query_place_id=ChIJmaVf3D3J5zsRunDxXYOoqnM,19.0562156,72.8343287,ChIJmaVf3D3J5zsRunDxXYOoqnM,8334659342572810426,True,2026-07-26 14:26:06
"Barbeque Nation - Hoskote, Orion Uptown",3.9,243.0,"2nd Floor, Old Madras Rd","Katamnallur, Bengaluru",Karnataka,IN,560049,+91 80 6405 8001,Buffet restaurant,https://barbequenation.com/,https://www.google.com/maps/search/?api=1&query=Barbeque%20Nation%20-%20Hoskote%2C%20Orion%20Uptown&query_place_id=ChIJkxInrowRrjsRaeM3U2kuVvQ,13.0549312,77.7636194,ChIJkxInrowRrjsRaeM3U2kuVvQ,17606310823154148201,True,2026-07-26 14:26:06
Barbeque Nation - Mumbai - Kandivali,4.2,2665.0,"Unit No. T01, 3rd Floor, Growels mall, Akurli Rd",Mumbai,Maharashtra,IN,400101,+91 80 6902 8718,Barbecue restaurant,https://www.barbequenation.com/restaurants/mumbai/kandivali?utm_source=GMB&utm_medium=mumbai_kandivali&utm_campaign=GMB_mumbai_kandivali,https://www.google.com/maps/search/?api=1&query=Barbeque%20Nation%20-%20Mumbai%20-%20Kandivali&query_place_id=ChIJHVLf-MC35zsRx0hkXGv9myg,19.2030881,72.8597809,ChIJHVLf-MC35zsRx0hkXGv9myg,2926211020460673223,True,2026-07-26 14:26:06
Barbeque Nation- Marina Mall,4.2,1138.0,"3rd floor, Marina Mall, 13/1A, Old Mahabalipuram Road","Egattur, Chennai",Tamil Nadu,IN,600130,+91 80 6902 8724,Barbecue restaurant,https://www.barbequenation.com/,https://www.google.com/maps/search/?api=1&query=Barbeque%20Nation-%20Marina%20Mall&query_place_id=ChIJ_7BHmcZbUjoReu86baMPVFE,12.835785,80.2294733,ChIJ_7BHmcZbUjoReu86baMPVFE,5860326209702522746,True,2026-07-26 14:26:06
Barbeque Nation,3.5,286.0,"3rd Floor, Barbeque, Nation Hospitality Ltd., Ampa, Skywalk Mall, 1, Nelson Manickam Rd","Chennai, Greater Chennai",Tamil Nadu,IN,600030,+91 80 6902 8724,Restaurant,https://www.barbequenation.com/restaurants/chennai/ampa-mall?utm_source=GMB&utm_medium=chennai/ampa-mall&utm_campaign=GMB_chennai/ampa-mall,https://www.google.com/maps/search/?api=1&query=Barbeque%20Nation&query_place_id=ChIJESO6zRlnUjoR117pG2zoihA,13.0737602,80.2212017,ChIJESO6zRlnUjoR117pG2zoihA,1192020602415308503,True,2026-07-26 14:26:06
Barbeque Nation- Nexus Whitefield Mall,4.1,3220.0,"Nexus Whitefield 62, Whitefield Main Rd",Bengaluru,Karnataka,IN,560066,+91 80 6405 8001,North Indian restaurant,https://www.barbequenation.com/,https://www.google.com/maps/search/?api=1&query=Barbeque%20Nation-%20Nexus%20Whitefield%20Mall&query_place_id=ChIJTduybEsTrjsRI7bscLUZx5o,12.9599447,77.7480001,ChIJTduybEsTrjsRI7bscLUZx5o,11152911269280658979,True,2026-07-26 14:26:06
"Barbeque Nation - M5 Mall, Electronic City Phase 2",3.9,300.0,"Second floor, M5 Ecity Mall, Hosur Rd",Hebbagodi,Karnataka,IN,560100,+91 80 6405 8001,Buffet restaurant,https://www.barbequenation.com/,https://www.google.com/maps/search/?api=1&query=Barbeque%20Nation%20-%20M5%20Mall%2C%20Electronic%20City%20Phase%202&query_place_id=ChIJd3hIDSttrjsRzlYK59IhpnU,12.8416335,77.6766628,ChIJd3hIDSttrjsRzlYK59IhpnU,8477500538274600654,True,2026-07-26 14:26:06
Fiesta by Barbeque Nation - Vega City,3.7,637.0,"4th Floor, WJ52+3FJ Vega City Mall Road, Bannerghatta Rd",Bengaluru,Karnataka,IN,560076,+91 80 6902 6727,Barbecue restaurant,https://fiestaflavours.com/,https://www.google.com/maps/search/?api=1&query=Fiesta%20by%20Barbeque%20Nation%20-%20Vega%20City&query_place_id=ChIJqYVH2s4VrjsRwnVWd8GHd9E,12.9076875,77.6011875,ChIJqYVH2s4VrjsRwnVWd8GHd9E,15093681941156099522,True,2026-07-26 14:26:06
Barbeque Nation New Staff Room,3.7,19.0,A17-18,Ahmedabad,Gujarat,IN,380052,+91 80 6902 8721,Restaurant,,https://www.google.com/maps/search/?api=1&query=Barbeque%20Nation%20New%20Staff%20Room&query_place_id=ChIJr74LtMyFXjkRbBEEXy1E6Rc,23.0500871,72.546427,ChIJr74LtMyFXjkRbBEEXy1E6Rc,1722983294104244588,True,2026-07-26 14:26:06
Barbeque Nation - Mumbai - Vashi,4.2,1471.0,"4th Floor, Center One Mall",Navi Mumbai,Maharashtra,IN,400703,+91 80 3520 2222,Barbecue restaurant,,https://www.google.com/maps/search/?api=1&query=Barbeque%20Nation%20-%20Mumbai%20-%20Vashi&query_place_id=ChIJKRkgF-PB5zsRu_oFKCqZFbY,19.0673743,72.9988503,ChIJKRkgF-PB5zsRu_oFKCqZFbY,13120561495752964795,True,2026-07-26 14:26:06
Barbeque Nation,4.2,5336.0,429H+828,Navi Mumbai,Maharashtra,IN,400710,+91 80 6902 8721,Indian restaurant,https://www.barbequenation.com/,https://www.google.com/maps/search/?api=1&query=Barbeque%20Nation&query_place_id=ChIJjWf0GXPB5zsRDkFUhRnqdP8,19.1182937,73.0275875,ChIJjWf0GXPB5zsRDkFUhRnqdP8,18407594972302033166,True,2026-07-26 14:26:06
Barbeque Nation - Mumbai - Mulund (W),4.3,4323.0,"3rd Floor, R Mall, Lal Bahadur Shastri Marg, opposite to Richardson and Cruddas",Mumbai,Maharashtra,IN,400604,+91 80 6902 8718,Barbecue restaurant,,https://www.google.com/maps/search/?api=1&query=Barbeque%20Nation%20-%20Mumbai%20-%20Mulund%20(W)&query_place_id=ChIJgxWxAf645zsRpMmbCZU61qs,19.183891,72.9515224,ChIJgxWxAf645zsRpMmbCZU61qs,12382148637287500196,True,2026-07-26 14:26:06
Barbeque Nation - Jaipur - MI Road,4.4,5509.0,"1ST Floor E-2 Khandelwal Mansion, Mirza Ismail Rd",Jaipur,Rajasthan,IN,302001,+91 80 6902 8704,Indian restaurant,,https://www.google.com/maps/search/?api=1&query=Barbeque%20Nation%20-%20Jaipur%20-%20MI%20Road&query_place_id=ChIJw9P4TKq2bTkRrtC3feA0SrE,26.9165424,75.8098361,ChIJw9P4TKq2bTkRrtC3feA0SrE,12775081431776350382,True,2026-07-26 14:26:06
Barbeque Nation,4.3,2177.0,"10-7-110/1, 3rd floor SBT Khadar Basha Towers, Main Rd",Gajuwaka,Andhra Pradesh,IN,530026,+91 80 6902 8734,Barbecue restaurant,,https://www.google.com/maps/search/?api=1&query=Barbeque%20Nation&query_place_id=ChIJr0YrFWBpOToRmz9gli0EIFM,17.6853036,83.2102263,ChIJr0YrFWBpOToRmz9gli0EIFM,5989792098245689243,True,2026-07-26 14:26:06
Barbeque Nation - Gorakhpur - City Mall,4.4,3549.0,"3rd Floor, No, City Mall, 10, Akshaibar Singh Marg",Gorakhpur,Uttar Pradesh,IN,273001,+91 80 6902 8712,Barbecue restaurant,https://www.barbequenation.com/restaurants/gorakhpur/city-mall?utm_source=GMB&utm_medium=gorakhpur/city-mall&utm_campaign=GMB_gorakhpur/city-mall,https://www.google.com/maps/search/?api=1&query=Barbeque%20Nation%20-%20Gorakhpur%20-%20City%20Mall&query_place_id=ChIJ3zECbkpFkTkRk2FpM_UA9XU,26.7533656,83.3751258,ChIJ3zECbkpFkTkRk2FpM_UA9XU,8499700924861211027,True,2026-07-26 14:26:06
Barbeque Nation - Madurai - Milan'em Mall,4.2,4203.0,"3rd Floor, Milan'em Mall, 100 Feet Rd","KK Nagar, Madurai",Tamil Nadu,IN,625020,+91 80 6902 8763,Barbecue restaurant,https://www.barbequenation.com/restaurants/madurai/milan-em-mall?utm_source=GMB&utm_medium=madurai&utm_campaign=GMB_madurai,https://www.google.com/maps/search/?api=1&query=Barbeque%20Nation%20-%20Madurai%20-%20Milan'em%20Mall&query_place_id=ChIJR_LjW7rFADsREtuUIiS18qA,9.927716,78.143211,ChIJR_LjW7rFADsREtuUIiS18qA,11597531157236079378,True,2026-07-26 14:26:06
Barbeque Nation - Ludhiana Mall Road,4.0,295.0,"Plot Number 105, 3rd Floor Boulevard Mall, The Mall Rd",Ludhiana,Punjab,IN,141001,+91 80 6902 8755,Restaurant,http://www.barbequenation.com/,https://www.google.com/maps/search/?api=1&query=Barbeque%20Nation%20-%20Ludhiana%20Mall%20Road&query_place_id=ChIJh-k7JO6DGjkRzM3ircXH8-M,30.9069048,75.8399749,ChIJh-k7JO6DGjkRzM3ircXH8-M,16425691917790137804,True,2026-07-26 14:26:06
Barbeque Nation - Fiza Mall,3.2,131.0,"3RD FLOOR, FIZA NEXUS MALL, ATTAVAR VILLAGE, CANTONMENT WARD, PANDESHWAR ROAD, MANGALORE, Mangalore Mahanagara Palike",Mangaluru,Karnataka,IN,575001,+91 80 6902 8761,Buffet restaurant,https://barbequenation.com/,https://www.google.com/maps/search/?api=1&query=Barbeque%20Nation%20-%20Fiza%20Mall&query_place_id=ChIJcYQShZ5bozsRELHokjvqTOg,12.8557976,74.8398812,ChIJcYQShZ5bozsRELHokjvqTOg,16739011456617984272,True,2026-07-26 14:26:06
Barbeque Nation,4.2,110.0,"RF64+R46, NH 18",Dhanbad,Jharkhand,IN,826007,,Restaurant,,https://www.google.com/maps/search/?api=1&query=Barbeque%20Nation&query_place_id=ChIJRTsTTwC99jkRDwCc_LCYPTc,23.8120753,86.4551235,ChIJRTsTTwC99jkRDwCc_LCYPTc,3980505531585134607,True,2026-07-26 14:26:06
Barbeque Nation,4.3,6310.0,"2nd Floor, Crown Interiorz Mall DLF Ind Area, Sarai Khawaja Rd",Faridabad,Haryana,IN,121003,+91 80 6902 8734,Barbecue restaurant,https://www.barbequenation.com/restaurants/faridabad/crown-interiorz-mall?utm_source=GMB&utm_medium=faridabad%2Fcrown-interiorz-mall&utm_campaign=GMB_faridabad_crown_interiorz_mall,https://www.google.com/maps/search/?api=1&query=Barbeque%20Nation&query_place_id=ChIJ0UU9Az3nDDkRbYmOXuOlGW4,28.4698676,77.3072264,ChIJ0UU9Az3nDDkRbYmOXuOlGW4,7933554614552398189,True,2026-07-26 14:26:06
"Barbeque Nation - Faridabad, Pacific mall",4.0,268.0,"2nd Floor, Pacific Mall, Mathura Rd","Faridabad, Sector 20B",Haryana,IN,121007,+91 80 6902 8734,Buffet restaurant,https://www.barbequenation.com/,https://www.google.com/maps/search/?api=1&query=Barbeque%20Nation%20-%20Faridabad%2C%20Pacific%20mall&query_place_id=ChIJObtWf5bdDDkRO_nccjDZETY,28.3874588,77.3118312,ChIJObtWf5bdDDkRO_nccjDZETY,3896133954760931643,True,2026-07-26 14:26:06
Barbeque Nation - Faridabad- Mansha Vega Street,3.7,146.0,"2ND FLOOR, MANSHA VEGA STREET, SCO-01",Faridabad,Haryana,IN,121002,+91 80 6902 8734,Buffet restaurant,https://www.barbequenation.com/,https://www.google.com/maps/search/?api=1&query=Barbeque%20Nation%20-%20Faridabad-%20Mansha%20Vega%20Street&query_place_id=ChIJC9K6NZvdDDkRG_Kjs57eYXY,28.3885414,77.3546085,ChIJC9K6NZvdDDkRG_Kjs57eYXY,8530343942416495131,True,2026-07-26 14:26:06
Barbeque Nation,4.3,2323.0,"2nd Floor, Eros Ef3 Mall, Metro Station, opposite Old",Faridabad,Haryana,IN,121002,+91 80 6902 8734,North Indian restaurant,https://www.barbequenation.com/restaurants/faridabad/eros-ef3-mall?utm_source=GMB&utm_medium=faridabad%2Feros-ef3-mall&utm_campaign=GMB_faridabad_eros-ef3-mall,https://www.google.com/maps/search/?api=1&query=Barbeque%20Nation&query_place_id=ChIJN61X5bXdDDkRZFVLewrH-xU,28.4075009,77.3103016,ChIJN61X5bXdDDkRZFVLewrH-xU,1584078541782996324,True,2026-07-26 14:26:06
Barbeque Nation,4.4,3162.0,"SGK Tower, Plot no. 77, Mall Rd, near Income Tax Office",Amritsar,Punjab,IN,143001,+91 80 6902 8702,Barbecue restaurant,https://www.barbequenation.com/restaurants/amritsar/FiestaMallRoad,https://www.google.com/maps/search/?api=1&query=Barbeque%20Nation&query_place_id=ChIJ33DzZqRkGTkR3yca6-fGD5s,31.642799,74.8659942,ChIJ33DzZqRkGTkR3yca6-fGD5s,11173367899913594847,True,2026-07-26 14:26:06
Barbeque Nation - Mysuru - BM Habitat Mall,4.3,5113.0,"GROUND FLOOR, BM Habitat Mall, Mangalore - Mysore Hwy",Mysuru,Karnataka,IN,570012,+91 80 6902 8721,Barbecue restaurant,,https://www.google.com/maps/search/?api=1&query=Barbeque%20Nation%20-%20Mysuru%20-%20BM%20Habitat%20Mall&query_place_id=ChIJrQbM-5J6rzsRtaMQjALd5MI,12.3213811,76.6207831,ChIJrQbM-5J6rzsRtaMQjALd5MI,14043592541057622965,True,2026-07-26 14:26:06
Barbeque Nation,,,"39Q7+4C2, opposite to Vimal Pumps",Tiruppur,Tamil Nadu,IN,641604,,Grill,,https://www.google.com/maps/search/?api=1&query=Barbeque%20Nation&query_place_id=ChIJT2RiFgAHqTsRvRbPywuxpSw,11.08786,77.363437,ChIJT2RiFgAHqTsRvRbPywuxpSw,3217172173048190653,True,2026-07-26 14:26:06
Barbeque Nation - Bareilly - Civil Lines,4.4,4074.0,"3rd Floor, No 35, Civil Lines, 1/3, NH-24, above Tanishq Showroon",Bareilly,Uttar Pradesh,IN,243001,+91 80 6902 8713,Barbecue restaurant,https://www.barbequenation.com/restaurants/bareilly/rampur-garden?utm_source=GMB&utm_medium=bareilly&utm_campaign=GMB_bareilly,https://www.google.com/maps/search/?api=1&query=Barbeque%20Nation%20-%20Bareilly%20-%20Civil%20Lines&query_place_id=ChIJJ4D6dtYAoDkRVtGcNrHTda8,28.3482326,79.4236006,ChIJJ4D6dtYAoDkRVtGcNrHTda8,12643244286991454550,True,2026-07-26 14:26:06
Barbeque Nation,4.3,5535.0,"No 101 & 102, Aggarwal Corporate Heights, Plot No A7","New Delhi, Delhi",Delhi,IN,110034,+91 80 6902 8719,Restaurant,https://www.barbequenation.com/,https://www.google.com/maps/search/?api=1&query=Barbeque%20Nation&query_place_id=ChIJKwNrXTMCDTkRcAuJJrEup1I,28.6923664,77.151707,ChIJKwNrXTMCDTkRcAuJJrEup1I,5955780370611374960,True,2026-07-26 14:26:06
Barbeque Nation - Cuttack - Dargha Bazaar,4.4,948.0,"Upper Ground Floor, Netaji Subhas Chandra Bose Arcade – Old Jail complex",Cuttack,Odisha,IN,753001,+91 80 6902 8731,Barbecue restaurant,https://www.barbequenation.com/restaurants/cuttack/cuttack,https://www.google.com/maps/search/?api=1&query=Barbeque%20Nation%20-%20Cuttack%20-%20Dargha%20Bazaar&query_place_id=ChIJa-lduugNGToRlKlwpr1UfDQ,20.4679064,85.8689684,ChIJa-lduugNGToRlKlwpr1UfDQ,3781990960602327444,True,2026-07-26 14:26:06
Barbeque Nation - Panipat - Mitall's Mega Mall,4.1,324.0,Shop No. S-12A to S-17A 2nd Floor Mittal's Mega Mall,Panipat,Haryana,IN,132104,+91 80 3520 2222,Barbecue restaurant,,https://www.google.com/maps/search/?api=1&query=Barbeque%20Nation%20-%20Panipat%20-%20Mitall's%20Mega%20Mall&query_place_id=ChIJfTxTH4bbDTkRnXk7-npXnJU,29.3762025,76.9836135,ChIJfTxTH4bbDTkRnXk7-npXnJU,10780587793713953181,True,2026-07-26 14:26:06
Barbeque Nation,3.8,5.0,M3M IFC,Gurugram,Haryana,IN,122101,+91 92892 35111,Barbecue restaurant,,https://www.google.com/maps/search/?api=1&query=Barbeque%20Nation&query_place_id=ChIJGSKlXAAjDTkRqU9TtSBerVQ,28.405053,77.058054,ChIJGSKlXAAjDTkRqU9TtSBerVQ,6101636564730990505,True,2026-07-26 14:26:06
Barbeque Nation,4.3,2694.0,"Shiv Mandir, 5th Floor, Durga Infinity, Khajpura, Baily Road, Pilar No-27, beside Khajpura",Patna,Bihar,IN,800014,+91 80 6902 8730,Barbecue restaurant,http://www.barbequenation.com/,https://www.google.com/maps/search/?api=1&query=Barbeque%20Nation&query_place_id=ChIJLQTnRyBX7TkRWhH8AdH99k8,25.6050918,85.0785974,ChIJLQTnRyBX7TkRWhH8AdH99k8,5762071847390417242,True,2026-07-26 14:26:06
Barbeque Nation,3.8,1046.0,"1st floor, 118, 80 Feet Rd, below Bodyworks Spa",Bengaluru,Karnataka,IN,560095,+91 80 6902 8722,North Indian restaurant,http://www.barbequenation.com/,https://www.google.com/maps/search/?api=1&query=Barbeque%20Nation&query_place_id=ChIJF4wVjt8VrjsRvHPiqvRz8OU,12.9355492,77.6141518,ChIJF4wVjt8VrjsRvHPiqvRz8OU,16568870523772236732,True,2026-07-26 14:26:06
Barbeque Nation,5.0,1.0,"3rd Floor, The Celebration Mall, NH-8",Udaipur,Rajasthan,IN,313004,+91 80 6902 8721,Barbecue restaurant,https://barbequenation.com/restaurants/udaipur/celebration-mall,https://www.google.com/maps/search/?api=1&query=Barbeque%20Nation&query_place_id=ChIJAQAAkHPlZzkRgHSi40zysrk,24.5913427,73.6940877,ChIJAQAAkHPlZzkRgHSi40zysrk,13381023854921675904,True,2026-07-26 14:26:06
