id,type,content,author,subreddit,created_at,scraped_at,url,upvotes_score,processed_at
oflxutj,comment,pure destruction in mind with bunch of friends.,sachin_root,IndianFoodPhotos,2026-04-11T17:57:41.000Z,2026-07-22T16:28:25.552Z,https://www.reddit.com/r/IndianFoodPhotos/comments/1siisjw/have_you_tried_barbeque_nations_unlimited_buffet/oflxutj/,122,30-07-2026 07:36
ofpw5dz,comment,"Just prawns, fish, and a little bit of chicken for bbq, and only mutton for the buffet. No rice, no corn, no cheap carbs. You got this!

No breakfast that day and eat enough to skip breakfast the next day.",Feathery_Hotels,IndianFoodPhotos,2026-04-12T08:44:09.000Z,2026-07-22T16:28:25.552Z,https://www.reddit.com/r/IndianFoodPhotos/comments/1siisjw/have_you_tried_barbeque_nations_unlimited_buffet/ofpw5dz/,10,30-07-2026 07:36
ofs7aea,comment,"Even if you full with barbeque 
Their strategies like 
1. Always serve chicken and not prawn ,mutton ,fish 
2. Always serve bland even after saying spicy 
3. Always serve uncooked so it cooks late and you die of hunger 
Etc 
These things make buffet very bad and you end up eating less in barbeque and more in main course",ifrager,IndianFoodPhotos,2026-04-12T17:01:53.000Z,2026-07-22T16:28:25.552Z,https://www.reddit.com/r/IndianFoodPhotos/comments/1siisjw/have_you_tried_barbeque_nations_unlimited_buffet/ofs7aea/,5,30-07-2026 07:36
ofzmr39,comment,The buffet is genuinely not worth the money but the live bbq was apt,Repulsive-Sorbet1616,IndianFoodPhotos,2026-04-13T18:44:39.000Z,2026-07-22T16:28:25.552Z,https://www.reddit.com/r/IndianFoodPhotos/comments/1siisjw/have_you_tried_barbeque_nations_unlimited_buffet/ofzmr39/,3,30-07-2026 07:36
ofyb20b,comment,"I agree ,their starters are soo good though.",notourworld27,IndianFoodPhotos,2026-04-13T15:13:43.000Z,2026-07-22T16:28:25.552Z,https://www.reddit.com/r/IndianFoodPhotos/comments/1siisjw/have_you_tried_barbeque_nations_unlimited_buffet/ofyb20b/,1,30-07-2026 07:36
ogk144h,comment,That’s the key 🔑,bubblesmashertie,IndianFoodPhotos,2026-04-16T17:11:37.000Z,2026-07-22T16:28:25.552Z,https://www.reddit.com/r/IndianFoodPhotos/comments/1siisjw/have_you_tried_barbeque_nations_unlimited_buffet/ogk144h/,1,30-07-2026 07:36
oflzgpu,comment,focus on objective mate no distraction,sachin_root,IndianFoodPhotos,2026-04-11T18:05:14.000Z,2026-07-22T16:28:25.552Z,https://www.reddit.com/r/IndianFoodPhotos/comments/1siisjw/have_you_tried_barbeque_nations_unlimited_buffet/oflzgpu/,28,30-07-2026 07:36
ofmhrvw,comment,"“CoNgRaTuLaTiOnS…..”. 

I can hear the voices man",mdNaush,IndianFoodPhotos,2026-04-11T19:36:32.000Z,2026-07-22T16:28:25.552Z,https://www.reddit.com/r/IndianFoodPhotos/comments/1siisjw/have_you_tried_barbeque_nations_unlimited_buffet/ofmhrvw/,6,30-07-2026 07:36
oz2em66,comment,Real Madrid needs a coach who knows how to handle the star ensemble.,DreisterDino,confusing_perspective,2026-07-22T12:44:55.000Z,2026-07-22T16:28:26.838Z,https://www.reddit.com/r/confusing_perspective/comments/1v3f149/i_thought_hes_holding_a_pistol/oz2em66/,110,30-07-2026 07:36
osbxhoy,comment,"1. main course is usually not good. fill up 80% on the starters, 10% main course, 10% deserts
2. drink less water, it'll fill up your stomach. 
3. wear loose pants. no need to go in jeans
4. tell them to send no veg starters to your table (except corn. corn's good). you're free to try out more, but you'll lose your stomach storage to veg food. 🥸

that's pretty much it",Open-Zookeepergame90,delhi,2026-06-18T06:14:45.000Z,2026-07-22T16:28:32.439Z,https://www.reddit.com/r/delhi/comments/1u8y9tr/visiting_bbq_nation_for_the_first_time_this/osbxhoy/,100,30-07-2026 07:36
osbz4rh,comment,"for me personally its 60-70% starters 
10% maincourse
20-30% desserts ",Grimmer_511,delhi,2026-06-18T06:28:00.000Z,2026-07-22T16:28:32.439Z,https://www.reddit.com/r/delhi/comments/1u8y9tr/visiting_bbq_nation_for_the_first_time_this/osbz4rh/,27,30-07-2026 07:36
osc26if,comment,"Aap tho experienced lag rahe ho, Bhandara specialist ",Initial_Barnacle_881,delhi,2026-06-18T06:53:03.000Z,2026-07-22T16:28:32.439Z,https://www.reddit.com/r/delhi/comments/1u8y9tr/visiting_bbq_nation_for_the_first_time_this/osc26if/,45,30-07-2026 07:36
oscrw94,comment,"Aloo is also good, the only veg starter I take",braveyetti117,delhi,2026-06-18T10:30:33.000Z,2026-07-22T16:28:32.439Z,https://www.reddit.com/r/delhi/comments/1u8y9tr/visiting_bbq_nation_for_the_first_time_this/oscrw94/,4,30-07-2026 07:36
osevsgq,comment,"That plus Palak Patta Chaat, it's pretty good",theextracharacter,delhi,2026-06-18T16:54:48.000Z,2026-07-22T16:28:32.439Z,https://www.reddit.com/r/delhi/comments/1u8y9tr/visiting_bbq_nation_for_the_first_time_this/osevsgq/,1,30-07-2026 07:36
oscbllc,comment,Le sigh 🙄,GreedyBread3860,delhi,2026-06-18T08:13:12.000Z,2026-07-22T16:28:32.439Z,https://www.reddit.com/r/delhi/comments/1u8y9tr/visiting_bbq_nation_for_the_first_time_this/oscbllc/,5,30-07-2026 07:36
oscpl37,comment,"I went to pirates of grill in patiala and oh boy it was the best buffet I've ever had, much better than barbeque nation ",Titanious11,delhi,2026-06-18T10:12:29.000Z,2026-07-22T16:28:32.439Z,https://www.reddit.com/r/delhi/comments/1u8y9tr/visiting_bbq_nation_for_the_first_time_this/oscpl37/,3,30-07-2026 07:36
oe0snw2,comment,Only starters I like at bbq nation,amethystcoral1,indiafood,2026-04-03T05:40:19.000Z,2026-07-22T16:28:33.249Z,https://www.reddit.com/r/indiafood/comments/1sb4x4t/i_ate_at_bbq_nation_do_you_like_it/oe0snw2/,64,30-07-2026 07:36
oe24mpf,comment,Even that is shit in the last few years. Charred and poor quality.,tifosi7,indiafood,2026-04-03T12:14:58.000Z,2026-07-22T16:28:33.249Z,https://www.reddit.com/r/indiafood/comments/1sb4x4t/i_ate_at_bbq_nation_do_you_like_it/oe24mpf/,6,30-07-2026 07:36
oe1gsll,comment,Plated to perfection ✨,Gungun_26,indiafood,2026-04-03T09:11:07.000Z,2026-07-22T16:28:33.249Z,https://www.reddit.com/r/indiafood/comments/1sb4x4t/i_ate_at_bbq_nation_do_you_like_it/oe1gsll/,5,30-07-2026 07:36
oe27e7k,comment,Last time I had was 6 years ago,amethystcoral1,indiafood,2026-04-03T12:32:04.000Z,2026-07-22T16:28:33.249Z,https://www.reddit.com/r/indiafood/comments/1sb4x4t/i_ate_at_bbq_nation_do_you_like_it/oe27e7k/,2,30-07-2026 07:36
oe0s912,comment,I asked mom. Mom asked price. We are making biryani at home now yaay.,nzfx96,indiafood,2026-04-03T05:36:55.000Z,2026-07-22T16:28:33.249Z,https://www.reddit.com/r/indiafood/comments/1sb4x4t/i_ate_at_bbq_nation_do_you_like_it/oe0s912/,92,30-07-2026 07:36
oen9npd,comment,Plot twist. Your wanted to have mom's biryani all along.,AdFew8858,indiafood,2026-04-06T17:07:34.000Z,2026-07-22T16:28:33.249Z,https://www.reddit.com/r/indiafood/comments/1sb4x4t/i_ate_at_bbq_nation_do_you_like_it/oen9npd/,3,30-07-2026 07:36
oe11vgo,comment,It’s just ₹400 what’s the rate at your place,icecoldpd,indiafood,2026-04-03T06:57:39.000Z,2026-07-22T16:28:33.249Z,https://www.reddit.com/r/indiafood/comments/1sb4x4t/i_ate_at_bbq_nation_do_you_like_it/oe11vgo/,5,30-07-2026 07:36
oen9wrk,comment,😂😂😂😂😂,nzfx96,indiafood,2026-04-06T17:08:42.000Z,2026-07-22T16:28:33.249Z,https://www.reddit.com/r/indiafood/comments/1sb4x4t/i_ate_at_bbq_nation_do_you_like_it/oen9wrk/,1,30-07-2026 07:36
oe137yg,comment,1100-1200,nzfx96,indiafood,2026-04-03T07:09:09.000Z,2026-07-22T16:28:33.249Z,https://www.reddit.com/r/indiafood/comments/1sb4x4t/i_ate_at_bbq_nation_do_you_like_it/oe137yg/,20,30-07-2026 07:36
oe1qenx,comment,the fuck?? even on weekdays with 10+ people it's atleast minimum 700 per person.,CLubbr3X,indiafood,2026-04-03T10:33:43.000Z,2026-07-22T16:28:33.250Z,https://www.reddit.com/r/indiafood/comments/1sb4x4t/i_ate_at_bbq_nation_do_you_like_it/oe1qenx/,9,30-07-2026 07:36
t3_1thl7uv,post,"So it's awkward to say but i never ever went bbq nation. This time i am taking my mother on her bday.

She had wish for long time to go there and eat unlimited starters. She listened stories about this from her other friends and all.

That's why taking her there and it will be also 1st time for me. Now the questions:

I pre booked table through there app. Non veg option selected.

Yet i was seeing picture of MENU CARD with items and some are getting served grill oven on the table... isn't it buffet?

Like people go to the counter and take food on there own?

Or waiter also serves, if we select food from the menu and tell them to bring food?

Like what is the procedure after entering bbq nation..

also i am planning to request a cake for my mother, how much around extra cost will need?

please guide me... 🙏",anaaannya,kolkata,2026-05-19T12:18:34.000Z,2026-07-22T16:28:34.844Z,https://www.reddit.com/r/kolkata/comments/1thl7uv/will_go_1st_time_for_buffet_lunch_in_bbq_nation/,26,30-07-2026 07:36
omnsj1i,comment,"Congratulations and hope you enjoy the food a lot. Here are few points to follow:

* Do not drink water or soda too much during starters, if needed just a sip.

* Eat slowly, you have 2 hours. That way you can relish, flavour it and not feel full quickly.

* Skip oily items like fried potato, or friend corn. Makes you thirsty.

* Once starters are done, take rest for 5-6 minutes and check all the available options in main course.

* For main course, skip salads (you can have it at home), chutney, mayonnaise, again they fill you up or thirsty.

* Always save room for Kulfi and Mini Gulab Jamoon.

* Take pictures and enjoy the moment.


Get a reservation before you visit.
After you enter, tell the name by whom the reservation is done.
The waiter will take you to your table.
They will ask whether it is veg/non-veg option.
Then they will bring the grill for starters.
Once starters are done, you say it when you are done or else they will keep bringing.",Kitchen_King6123,kolkata,2026-05-19T12:37:32.000Z,2026-07-22T16:28:34.844Z,https://www.reddit.com/r/kolkata/comments/1thl7uv/will_go_1st_time_for_buffet_lunch_in_bbq_nation/omnsj1i/,34,30-07-2026 07:36
omqfk7f,comment,Thank you for the advice... i already booked a table using bbq nation app. 🖤,anaaannya,kolkata,2026-05-19T19:57:20.000Z,2026-07-22T16:28:34.844Z,https://www.reddit.com/r/kolkata/comments/1thl7uv/will_go_1st_time_for_buffet_lunch_in_bbq_nation/omqfk7f/,2,30-07-2026 07:36
omzzdtf,comment,Excellent! Enjoy and have a great time.,Kitchen_King6123,kolkata,2026-05-21T04:43:00.000Z,2026-07-22T16:28:34.844Z,https://www.reddit.com/r/kolkata/comments/1thl7uv/will_go_1st_time_for_buffet_lunch_in_bbq_nation/omzzdtf/,1,30-07-2026 07:36
omqfa1j,comment,Will keep that in my mind! Thank you🖤,anaaannya,kolkata,2026-05-19T19:56:02.000Z,2026-07-22T16:28:34.844Z,https://www.reddit.com/r/kolkata/comments/1thl7uv/will_go_1st_time_for_buffet_lunch_in_bbq_nation/omqfa1j/,2,30-07-2026 07:36
omnuzc6,comment,"Yes, that's the concept of Barbeque Nation, you will have a live grill inserted to your table and they will serve meat and veggies like 90% done on that and then you can grill the last 10% on your own on the table. They will have different condiments like butter, oil, etc along with a brush, you can brush them over the meat and turn the skewers and grill them to your liking and eat them. All cutlery is provided to get the meat off the skewers. Since you've chosen non veg, majority of people go mostly for the prawn but I would suggest try everything because if you choose non veg, they will also serve the vegetarian dishes as well if you ask them. Definitely try the cajun potatoes and grilled pineapples, ask them if they are not serving, they will serve that to you. 

People usually tend to overeat the grills a lot and then have no space for the mains and desserts. Since this is your first time, keep space for everything and try everything. They have a good spread of mains and even better spread of desserts and since this is Kolkata I can expect nothing but delicious food in every course. Also don't forget the grills are unlimited so keep asking for refills as per your requirement.

Also, since live grills will be inserted to the table, there will be a lot of smoke around which might sometimes become uncomfortable so try not keeping meat too long on the grill, it will get hard and produce smoke as it chars. Once you are done with the grills and want to move on to the mains, you will see a small flag next to the grill, you just need to pull it down to indicate that you are done with grills, they will immediately take the grill away and cover the slot which will give respite from the smoke while you're eating rest of the food. 

And since you said you're taking your mom on her birthday, inform it to the staff while keeping it secret from your mom, they will come with a small cake and sing Happy Birthday to your mom. It's for free. Hope you have a great time with your parents, just enjoy without any stress! :)

Damn now even I want to eat at BBQ Nation, been ages! Unfortunately I no longer have the yeh jawaani hai deewani stomach with me anymore 😭",Saambajarer-Sosibabu,kolkata,2026-05-19T12:51:11.000Z,2026-07-22T16:28:34.844Z,https://www.reddit.com/r/kolkata/comments/1thl7uv/will_go_1st_time_for_buffet_lunch_in_bbq_nation/omnuzc6/,4,30-07-2026 07:36
omqett6,comment,Thank you for this elaborate comment 🖤... your comment totally cleared my all worries and queries fully!,anaaannya,kolkata,2026-05-19T19:54:02.000Z,2026-07-22T16:28:34.844Z,https://www.reddit.com/r/kolkata/comments/1thl7uv/will_go_1st_time_for_buffet_lunch_in_bbq_nation/omqett6/,2,30-07-2026 07:36
t3_1u7enp6,post,What's the difference between both these offers?? Any change in food?,Excellent-Pie-3846,mumbai,2026-06-16T14:10:19.000Z,2026-07-22T16:28:35.546Z,https://www.reddit.com/r/mumbai/comments/1u7enp6/bbq_nation_doubt/,0,30-07-2026 07:36
os0tybb,comment,"As the description says, the first and more expensive option has starters, main course and dessert included. The second option only gives you access to starters and dessert, that's why it is cheaper. ",SIPHAN_official,mumbai,2026-06-16T17:25:25.000Z,2026-07-22T16:28:35.546Z,https://www.reddit.com/r/mumbai/comments/1u7enp6/bbq_nation_doubt/os0tybb/,3,30-07-2026 07:36
os4mp2e,comment,Which app is this?,Moist-Falcon-1189,mumbai,2026-06-17T05:18:52.000Z,2026-07-22T16:28:35.546Z,https://www.reddit.com/r/mumbai/comments/1u7enp6/bbq_nation_doubt/os4mp2e/,1,30-07-2026 07:36
osgj3t6,comment,"799 includes starters, main course and dessert and 479 including starter and dessert only and also is for lunch slots only.",santrupt1994,mumbai,2026-06-18T21:18:01.000Z,2026-07-22T16:28:35.546Z,https://www.reddit.com/r/mumbai/comments/1u7enp6/bbq_nation_doubt/osgj3t6/,1,30-07-2026 07:36
ospe46j,comment,"Go for cheaper options , bbq nation starters are must. We used to only have them and they are worth it .",Due-Order5501,mumbai,2026-06-20T04:05:50.000Z,2026-07-22T16:28:35.546Z,https://www.reddit.com/r/mumbai/comments/1u7enp6/bbq_nation_doubt/ospe46j/,1,30-07-2026 07:36
orxy4u8,comment,Looks like there's no main course in Big Buffet.,HumanWithResources,indiafood,2026-06-16T07:35:07.000Z,2026-07-22T16:28:35.638Z,https://www.reddit.com/r/indiafood/comments/1u76my9/i_ate_bbq_nation_doubt_whats_the_difference/orxy4u8/,9,30-07-2026 07:36
ory9bk5,comment,Non veg buffet = veg buffet + non veg starters + non-veg main courses,Far09_,indiafood,2026-06-16T09:13:39.000Z,2026-07-22T16:28:35.638Z,https://www.reddit.com/r/indiafood/comments/1u76my9/i_ate_bbq_nation_doubt_whats_the_difference/ory9bk5/,1,30-07-2026 07:36
orzlrh3,comment,U are talking about the 799 one? So what about the 479 one?,Excellent-Pie-3846,indiafood,2026-06-16T14:12:02.000Z,2026-07-22T16:28:35.638Z,https://www.reddit.com/r/indiafood/comments/1u76my9/i_ate_bbq_nation_doubt_whats_the_difference/orzlrh3/,1,30-07-2026 07:36
os1ir85,comment,"479 just has non-veg starters, main and dessert, nothing for grilling (and the protein is chicken, no prawns)",Far09_,indiafood,2026-06-16T19:13:11.000Z,2026-07-22T16:28:35.638Z,https://www.reddit.com/r/indiafood/comments/1u76my9/i_ate_bbq_nation_doubt_whats_the_difference/os1ir85/,1,30-07-2026 07:36
os0ad8z,comment,"The 479 one will not have grill section. Only starters that'll be served and main course as buffet. No prawns and mutton. (My experience in Thrissur, Kerala)",Successful_South6877,indiafood,2026-06-16T16:01:12.000Z,2026-07-22T16:28:35.638Z,https://www.reddit.com/r/indiafood/comments/1u76my9/i_ate_bbq_nation_doubt_whats_the_difference/os0ad8z/,1,30-07-2026 07:36
os8alvy,comment,450 has no grills. And they only serve chicken starters like wings and tangdi both bone in and a fish starter called fish fingers. For veg paneer tikka.,BigConclusion8436,indiafood,2026-06-17T18:14:33.000Z,2026-07-22T16:28:35.638Z,https://www.reddit.com/r/indiafood/comments/1u76my9/i_ate_bbq_nation_doubt_whats_the_difference/os8alvy/,1,30-07-2026 07:36
lb538tl,comment,"How I eat at a BBQ Nation -

65% Starters \
20% Desserts \
10% Main Course\
5% Live Counter (Pasta etc.)

Edit - Added live counter.",sarumanismyboi,indiafood,2024-07-01T15:41:30.000Z,2026-07-22T16:28:37.240Z,https://www.reddit.com/r/indiafood/comments/1dsv713/i_ate_at_bbq_nation/lb538tl/,58,30-07-2026 07:36
lb5v4ua,comment,100% starters anyone ?,Putin_Does_Russia,indiafood,2024-07-01T18:12:24.000Z,2026-07-22T16:28:37.240Z,https://www.reddit.com/r/indiafood/comments/1dsv713/i_ate_at_bbq_nation/lb5v4ua/,16,30-07-2026 07:36
lb6vf7v,comment,Yup! OP is a noob.,El_Impresionante,indiafood,2024-07-01T21:29:16.000Z,2026-07-22T16:28:37.240Z,https://www.reddit.com/r/indiafood/comments/1dsv713/i_ate_at_bbq_nation/lb6vf7v/,6,30-07-2026 07:36
lb8wk8d,comment,So truee lol. They want you to do this,Simran__Kaur,indiafood,2024-07-02T06:09:28.000Z,2026-07-22T16:28:37.240Z,https://www.reddit.com/r/indiafood/comments/1dsv713/i_ate_at_bbq_nation/lb8wk8d/,1,30-07-2026 07:36
lbb2yzi,comment,I fully chuck the main course :DD,Vast_Researcher_199,indiafood,2024-07-02T16:43:51.000Z,2026-07-22T16:28:37.240Z,https://www.reddit.com/r/indiafood/comments/1dsv713/i_ate_at_bbq_nation/lbb2yzi/,1,30-07-2026 07:36
lb5cawx,comment,😭👍🏼,awkward_neuron,indiafood,2024-07-01T16:31:17.000Z,2026-07-22T16:28:37.240Z,https://www.reddit.com/r/indiafood/comments/1dsv713/i_ate_at_bbq_nation/lb5cawx/,0,30-07-2026 07:36
lb8fi53,comment,Me ✋🏼 I only have that corn and move on to starters.,AggressiveScience470,indiafood,2024-07-02T03:34:27.000Z,2026-07-22T16:28:37.240Z,https://www.reddit.com/r/indiafood/comments/1dsv713/i_ate_at_bbq_nation/lb8fi53/,5,30-07-2026 07:36
lbb2xtn,comment,MEEE!!!,Vast_Researcher_199,indiafood,2024-07-02T16:43:41.000Z,2026-07-22T16:28:37.240Z,https://www.reddit.com/r/indiafood/comments/1dsv713/i_ate_at_bbq_nation/lbb2xtn/,1,30-07-2026 07:36
lb52069,comment,No offence but I hate those pani puri 😭,sulkyduckie,indiafood,2024-07-01T15:34:37.000Z,2026-07-22T16:28:37.240Z,https://www.reddit.com/r/indiafood/comments/1dsv713/i_ate_at_bbq_nation/lb52069/,26,30-07-2026 07:36
lb5ccxo,comment,yeah even i didn’t like those much,awkward_neuron,indiafood,2024-07-01T16:31:35.000Z,2026-07-22T16:28:37.240Z,https://www.reddit.com/r/indiafood/comments/1dsv713/i_ate_at_bbq_nation/lb5ccxo/,3,30-07-2026 07:36
ouc1dp6,comment,"**Mirrors / Alternative Angles**
  

*I am a bot, and this action was performed automatically. Please [contact the moderators of this subreddit](/message/compose/?to=/r/soccer) if you have any questions or concerns.*",AutoModerator,soccer,2026-06-28T16:05:46.000Z,2026-07-22T16:28:37.448Z,https://www.reddit.com/r/soccer/comments/1ui150d/no_entry_for_hong_myungbo_signs_at_the_entrances/ouc1dp6/,1,30-07-2026 07:36
lzu4rwa,comment,Bhai woh Vegetarian hai,Capable_Seaweed_5866,indiasocial,2024-12-01T06:39:00.000Z,2026-07-22T16:28:38.243Z,https://www.reddit.com/r/indiasocial/comments/1h3w44q/two_of_the_best_things_at_bbq_nation/lzu4rwa/,67,30-07-2026 07:36
lzum3km,comment,Bbq's gravy dont taste good bhai. Have tried at multiple bbq's but their gravys are poor. It's just their starters (specially non veg) and deserts probably to some extent.,[deleted],indiasocial,2024-12-01T09:46:24.000Z,2026-07-22T16:28:38.243Z,https://www.reddit.com/r/indiasocial/comments/1h3w44q/two_of_the_best_things_at_bbq_nation/lzum3km/,5,30-07-2026 07:36
lzy8eyc,comment,"Mutton,chicken ❌

Prawns ✅",RegentDragoon0,indiasocial,2024-12-01T23:23:51.000Z,2026-07-22T16:28:38.243Z,https://www.reddit.com/r/indiasocial/comments/1h3w44q/two_of_the_best_things_at_bbq_nation/lzy8eyc/,2,30-07-2026 07:36
lzu54cw,comment,"Sorry OP. 

PR Bhai veg ho kr bbq nation jaana hi kyun, faltu ka paise barbaad fir toh",z35u,indiasocial,2024-12-01T06:42:21.000Z,2026-07-22T16:28:38.243Z,https://www.reddit.com/r/indiasocial/comments/1h3w44q/two_of_the_best_things_at_bbq_nation/lzu54cw/,87,30-07-2026 07:36
oe0stug,comment,"The only thing I go to eat is the prawns, chicken legs. Starters pe paisa vasool kar leta hoon, main course ke liye pet me jagah nahi rehta ",nochill1702,Aajmainekhaya,2026-04-03T05:41:42.000Z,2026-07-22T16:28:38.852Z,https://www.reddit.com/r/Aajmainekhaya/comments/1sb4vpv/do_you_like_bbq_nation/oe0stug/,86,30-07-2026 07:36
oe0va6n,comment,main course me wo baat bhi nhi hoti,Brief_Atmosphere5359,Aajmainekhaya,2026-04-03T06:01:54.000Z,2026-07-22T16:28:38.852Z,https://www.reddit.com/r/Aajmainekhaya/comments/1sb4vpv/do_you_like_bbq_nation/oe0va6n/,36,30-07-2026 07:36
oekw5k1,comment,Mera bhai he tu 😆,KARNIVOREX,Aajmainekhaya,2026-04-06T08:38:35.000Z,2026-07-22T16:28:38.852Z,https://www.reddit.com/r/Aajmainekhaya/comments/1sb4vpv/do_you_like_bbq_nation/oekw5k1/,2,30-07-2026 07:36
oesrvz5,comment,You the guy,thydonmoccome,Aajmainekhaya,2026-04-07T13:25:44.000Z,2026-07-22T16:28:38.852Z,https://www.reddit.com/r/Aajmainekhaya/comments/1sb4vpv/do_you_like_bbq_nation/oesrvz5/,2,30-07-2026 07:36
oe0v24f,comment,And two servings of desert 😂,Superb-Elevator-350,Aajmainekhaya,2026-04-03T06:00:03.000Z,2026-07-22T16:28:38.852Z,https://www.reddit.com/r/Aajmainekhaya/comments/1sb4vpv/do_you_like_bbq_nation/oe0v24f/,1,30-07-2026 07:36
oe2i1hc,comment,"Bilkul sahi kaha bhai, the grilled starters are so tasty and make your stomach full that main course ke liye jagah nahi bachti, prawns and chicken is lip smacking! ",fareed1903,Aajmainekhaya,2026-04-03T13:31:43.000Z,2026-07-22T16:28:38.852Z,https://www.reddit.com/r/Aajmainekhaya/comments/1sb4vpv/do_you_like_bbq_nation/oe2i1hc/,1,30-07-2026 07:36
ofbdri2,comment,"Exactly… the mains and desserts are a let down.

I also only eat the non veg skewers and they keep trying to send other starters to your table to fill you up. I will admit that i like the grilled pineapple.",Innocuous_salt,Aajmainekhaya,2026-04-10T03:26:44.000Z,2026-07-22T16:28:38.852Z,https://www.reddit.com/r/Aajmainekhaya/comments/1sb4vpv/do_you_like_bbq_nation/ofbdri2/,1,30-07-2026 07:36
oe0v3r4,comment,and you fell for their propaganda,Rich-Apartment4876,Aajmainekhaya,2026-04-03T06:00:26.000Z,2026-07-22T16:28:38.852Z,https://www.reddit.com/r/Aajmainekhaya/comments/1sb4vpv/do_you_like_bbq_nation/oe0v3r4/,-16,30-07-2026 07:36
oe1xpf4,comment,i feel like ki pet itna bhar jaata hai ki main course ka mann hi nahi karta...,opssiee,Aajmainekhaya,2026-04-03T11:28:39.000Z,2026-07-22T16:28:38.852Z,https://www.reddit.com/r/Aajmainekhaya/comments/1sb4vpv/do_you_like_bbq_nation/oe1xpf4/,3,30-07-2026 07:36
oe27by5,comment,still main course is like formality k liye,Brief_Atmosphere5359,Aajmainekhaya,2026-04-03T12:31:41.000Z,2026-07-22T16:28:38.852Z,https://www.reddit.com/r/Aajmainekhaya/comments/1sb4vpv/do_you_like_bbq_nation/oe27by5/,3,30-07-2026 07:36
oowzu9l,comment,"Mental note: When being forced to visit the US, don't eat at Mission BBQ

Don't feed the cult, don't let the cult feed you",NefariousnessFresh24,ShitAmericansSay,2026-05-31T09:53:51.000Z,2026-07-22T16:28:39.049Z,https://www.reddit.com/r/ShitAmericansSay/comments/1tsq85x/mission_bbq_is_one_of_the_only_restaurant_chains/oowzu9l/,240,30-07-2026 07:36
oox1gyd,comment,Its shitty BBQ anyway,kngotheporcelainthrn,ShitAmericansSay,2026-05-31T10:07:40.000Z,2026-07-22T16:28:39.049Z,https://www.reddit.com/r/ShitAmericansSay/comments/1tsq85x/mission_bbq_is_one_of_the_only_restaurant_chains/oox1gyd/,25,30-07-2026 07:36
ooy8tao,comment,"Must have been in Ohio, there's also a ""Hell is Real"" sign along one of the highways.

https://preview.redd.it/exk8qvrgjh4h1.jpeg?width=660&format=pjpg&auto=webp&s=9dd558f9713ba1c1be58b5f57851eae4493d26db",GooseinaGaggle,ShitAmericansSay,2026-05-31T14:43:55.000Z,2026-07-22T16:28:39.049Z,https://www.reddit.com/r/ShitAmericansSay/comments/1tsq85x/mission_bbq_is_one_of_the_only_restaurant_chains/ooy8tao/,6,30-07-2026 07:36
ooyar4l,comment,I live here and I think that shit is weird as well. I dont live in the bible belt where people are insane though.,Huugienormous,ShitAmericansSay,2026-05-31T14:53:32.000Z,2026-07-22T16:28:39.049Z,https://www.reddit.com/r/ShitAmericansSay/comments/1tsq85x/mission_bbq_is_one_of_the_only_restaurant_chains/ooyar4l/,2,30-07-2026 07:36
ooqf1c0,comment,"not to mention brand new grill that's compltely unused, no ash or anything on the inside of the lid",Endawmyke,LosAngeles,2026-05-30T09:42:25.000Z,2026-07-22T16:28:40.138Z,https://www.reddit.com/r/LosAngeles/comments/1tpfpak/coordinated_fake_homeless_takeover_videos_were/ooqf1c0/,5,30-07-2026 07:36
oob1rh1,comment,This.,Ok-Lychee6612,LosAngeles,2026-05-28T03:52:16.000Z,2026-07-22T16:28:40.138Z,https://www.reddit.com/r/LosAngeles/comments/1tpfpak/coordinated_fake_homeless_takeover_videos_were/oob1rh1/,3,30-07-2026 07:36
nuq28hr,comment,I had like 10 pineapples this month but no one to make happy :(,DebangRekar,Aajmainekhaya,2025-12-18T18:17:01.000Z,2026-07-22T16:28:40.239Z,https://www.reddit.com/r/Aajmainekhaya/comments/1ppsal8/got_addicted_to_grilled_pineapple_in_bbq_nation/nuq28hr/,6,30-07-2026 07:36
nv05l11,comment,Kyu bhai. I eat a bunch of pineapples but see no effects??,Puzzleheaded_East_94,Aajmainekhaya,2025-12-20T08:28:53.000Z,2026-07-22T16:28:40.239Z,https://www.reddit.com/r/Aajmainekhaya/comments/1ppsal8/got_addicted_to_grilled_pineapple_in_bbq_nation/nv05l11/,1,30-07-2026 07:36
nv7ihfv,comment,The effect is not for u to see :),Beymaxx,Aajmainekhaya,2025-12-21T15:17:20.000Z,2026-07-22T16:28:40.239Z,https://www.reddit.com/r/Aajmainekhaya/comments/1ppsal8/got_addicted_to_grilled_pineapple_in_bbq_nation/nv7ihfv/,3,30-07-2026 07:36
nvd3ibd,comment,Aap effects na hi dekho toh behtar hai 🙏🏼,ZenMat79,Aajmainekhaya,2025-12-22T13:04:35.000Z,2026-07-22T16:28:40.239Z,https://www.reddit.com/r/Aajmainekhaya/comments/1ppsal8/got_addicted_to_grilled_pineapple_in_bbq_nation/nvd3ibd/,1,30-07-2026 07:36
nvzfid8,comment,Dekh liya. Well worth it 😌,Puzzleheaded_East_94,Aajmainekhaya,2025-12-26T05:54:55.000Z,2026-07-22T16:28:40.239Z,https://www.reddit.com/r/Aajmainekhaya/comments/1ppsal8/got_addicted_to_grilled_pineapple_in_bbq_nation/nvzfid8/,1,30-07-2026 07:36
nup0bwh,comment,"https://preview.redd.it/nr2zstl19z7g1.jpeg?width=2304&format=pjpg&auto=webp&s=bddce3310028805b529036d876d07026be54cf27

Ek dum tasty😋",Rich_Lingonberry359,Aajmainekhaya,2025-12-18T15:01:12.000Z,2026-07-22T16:28:40.239Z,https://www.reddit.com/r/Aajmainekhaya/comments/1ppsal8/got_addicted_to_grilled_pineapple_in_bbq_nation/nup0bwh/,7,30-07-2026 07:36
nuq4k63,comment,Nope.just normal dosa tawa,Rich_Lingonberry359,Aajmainekhaya,2025-12-18T18:28:43.000Z,2026-07-22T16:28:40.239Z,https://www.reddit.com/r/Aajmainekhaya/comments/1ppsal8/got_addicted_to_grilled_pineapple_in_bbq_nation/nuq4k63/,1,30-07-2026 07:36
t3_1l8sj6q,post,TMZ reports the letter comes from electronic communication at MDC Brooklyn detention center. https://www.tmz.com/2025/06/10/luigi-mangione-27-things-he-is-grateful-for/,clemthearcher,popculturechat,2025-06-11T13:21:10.000Z,2026-07-22T16:28:41.344Z,https://www.reddit.com/r/popculturechat/comments/1l8sj6q/luigi_mangione_shares_27_things_hes_grateful_for/,47083,30-07-2026 07:36
mx72pjc,comment,Really want to know what 27 says.,lilacjive,popculturechat,2025-06-11T13:25:03.000Z,2026-07-22T16:28:41.344Z,https://www.reddit.com/r/popculturechat/comments/1l8sj6q/luigi_mangione_shares_27_things_hes_grateful_for/mx72pjc/,998,30-07-2026 07:36
mx8c13x,comment,He handwrites something depending on the recipient,GuaranteedCougher,popculturechat,2025-06-11T17:07:27.000Z,2026-07-22T16:28:41.344Z,https://www.reddit.com/r/popculturechat/comments/1l8sj6q/luigi_mangione_shares_27_things_hes_grateful_for/mx8c13x/,74,30-07-2026 07:36
nxkofbh,comment,"#Do not comment on the original posts

Please read our [**sub rules**](https://www.reddit.com/r/BestofRedditorUpdates/wiki/subrules). Rule-breaking may result in a ban without notice.

If there is an issue with this post (flair, formatting, quality), reply to this comment or your comment may be removed in general discussion.

**CHECK FLAIR** For concluded-only updates, use the [CONCLUDED](https://www.reddit.com/r/BestofRedditorUpdates/search?sort=new&restrict_sr=on&q=flair%3ACONCLUDED) flair.


*I am a bot, and this action was performed automatically. Please [contact the moderators of this subreddit](/message/compose/?to=/r/BestofRedditorUpdates) if you have any questions or concerns.*",AutoModerator,BestofRedditorUpdates,2026-01-04T05:00:04.000Z,2026-07-22T16:28:43.963Z,https://www.reddit.com/r/BestofRedditorUpdates/comments/1q3gzmb/aita_for_didnt_you_tell_my_mom_to_cook_american/nxkofbh/,1,30-07-2026 07:36
nxkpprc,comment,">And if you don’t like it, fine - but there’s no excuse to be rude about it.

Yup. Its perfectly fine to be ""Sorry, not really to my taste"" but to go

>My boyfriend rudely said that in the civilized world, **eating horse meat is as wild as eating human flesh**. (Horsemeat sausage is a national dish of the Tatars). He also said that okroshka (this dish is traditionally eaten in eastern Europe in the summer, but my mom cooked it now so my boyfriend could try it) l**ooks and smells gross.** He ridiculed all the other dishes, saying that they all either consist of potatoes with meat and dough alone, or are too 'Soviet' and were invented in the USSR during a food shortage, **so they are just incongruous dirt.** **All Turkish sweets were 'sweet' for him.**

[I just want to talk to him.](https://www.youtube.com/watch?v=ODfCVxVLqiE)

OOP saying they dumped him. Good! Good riddance to trash.",DMercenary,BestofRedditorUpdates,2026-01-04T05:08:52.000Z,2026-07-22T16:28:43.963Z,https://www.reddit.com/r/BestofRedditorUpdates/comments/1q3gzmb/aita_for_didnt_you_tell_my_mom_to_cook_american/nxkpprc/,1475,30-07-2026 07:36
nxktc1j,comment,"My dad's family is eastern European and I grew up eating food I didn't particularly like. You still appreciate that they cooked for you, you try a bite of the stuff you've never had before, and you fill up on neutral foods. 

What you don't do is insult them or their food or act like an ungrateful brat. 

And I wasn't even visiting in their country.",[deleted],BestofRedditorUpdates,2026-01-04T05:34:32.000Z,2026-07-22T16:28:43.963Z,https://www.reddit.com/r/BestofRedditorUpdates/comments/1q3gzmb/aita_for_didnt_you_tell_my_mom_to_cook_american/nxktc1j/,124,30-07-2026 07:36
nxkssu0,comment,"So, by her description, I'm almost positive that her mom made perogies and that guy can *rot in hell*. Perogies are delicious and time consuming and I will not hear a word against them.",lmyrs,BestofRedditorUpdates,2026-01-04T05:30:39.000Z,2026-07-22T16:28:43.963Z,https://www.reddit.com/r/BestofRedditorUpdates/comments/1q3gzmb/aita_for_didnt_you_tell_my_mom_to_cook_american/nxkssu0/,334,30-07-2026 07:36
nxkqo9p,comment,"Exactly. Sucks for him that he didn’t want to eat what sounds to me like delicious food—duck and potato pie, yes plz—but whether he liked it or not doesn’t matter.

What do you do when you show up to dinner and you don’t like the food? You choke down as much of it as you can so you won’t starve, and you *thank the host for a lovely meal.*

Dude has NO fucking manners.",Agreeable-Celery811,BestofRedditorUpdates,2026-01-04T05:15:28.000Z,2026-07-22T16:28:43.963Z,https://www.reddit.com/r/BestofRedditorUpdates/comments/1q3gzmb/aita_for_didnt_you_tell_my_mom_to_cook_american/nxkqo9p/,147,30-07-2026 07:36
nxl1raj,comment,"Yeah the dude was a fucking asshole. When I visited Hungary I stayed with a friend and her family. Her mum made a bunch of traditional Hungarian dishes modified to be vegetarian so that I could try them and it was such a lovely gesture, I can’t imagine not being grateful someone slaved away in the kitchen to share their culture with me.",dejausser,BestofRedditorUpdates,2026-01-04T06:39:22.000Z,2026-07-22T16:28:43.963Z,https://www.reddit.com/r/BestofRedditorUpdates/comments/1q3gzmb/aita_for_didnt_you_tell_my_mom_to_cook_american/nxl1raj/,54,30-07-2026 07:36
nxkye6d,comment,"The last international trip my wife went on with her mom was to France. Her mom proceeded to only go to a pizza place for damn near every meal because it was the only thing she was familiar with and absolutely refused to try any French cuisine which totally confused my wife and her aunt. My MIL even demanded help in English and refused to even learn any French to ask for anything and they ended up missing a bus or an event or something. We were friends at the time, but my wife was texting me every so often to ask for French phrases cause her mom's refusal was getting them into trouble. 


My wife has never gone on a trip with her mom since. Now she goes on international trips with *my* mom where they do cool shit like eat Nepalese food and visit the Mt. Everest Base camp via helicopter. 


And what's even stranger is that my mom is your standard white American whereas my wife's mom is a Filipina immigrant who came here during her adulthood. You'd think she'd be more open to eating international cuisine or would get that not all people around the world speak English. ",GreekDudeYiannis,BestofRedditorUpdates,2026-01-04T06:12:30.000Z,2026-07-22T16:28:43.963Z,https://www.reddit.com/r/BestofRedditorUpdates/comments/1q3gzmb/aita_for_didnt_you_tell_my_mom_to_cook_american/nxkye6d/,90,30-07-2026 07:36
nxkwpj1,comment,"Yeah I have a sibling that's married someone from the middle east. I've tried so many dishes, the list of what I don't like is probably double to what I do like. I will always try things when they offer me something new and I know when their family has made a meal what foods I can tolerate even if I don't love them. There are just manners and I know for a fact they don't know how much I actually don't like. You can not like specific cuisines without being a jerk",chooklyn5,BestofRedditorUpdates,2026-01-04T05:59:28.000Z,2026-07-22T16:28:43.963Z,https://www.reddit.com/r/BestofRedditorUpdates/comments/1q3gzmb/aita_for_didnt_you_tell_my_mom_to_cook_american/nxkwpj1/,24,30-07-2026 07:36
nxkqkid,comment,"Like a lot of provincial US white racists, he was attracted to OP for her *spits* ""exoticism"" while still being acceptably ""white"" in his eyes. The trip to Türkiye changed that, it took her from some generic ""Eastern European/Russian girlfriend"" to a real person with a real, complex, and multifaceted cultural heritage. He couldn't handle that, because his vision of their relationship is Himself with Hot Exotic Girlfriend Accessory OP with no necessary past or backstory. Basically the Stateside version of a passport bro. He couldn't handle the reality, so he tried to emotionally abuse her into assimilating herself for him. Good on OP for kicking him to the curb.",akestral,BestofRedditorUpdates,2026-01-04T05:14:45.000Z,2026-07-22T16:28:43.963Z,https://www.reddit.com/r/BestofRedditorUpdates/comments/1q3gzmb/aita_for_didnt_you_tell_my_mom_to_cook_american/nxkqkid/,185,30-07-2026 07:36
t3_1kztli6,post,"Grilled pineapple and tangdi kabab? Great. But nothing hits quite like the dessert section at BBQ Nation.

Mini gulab jamuns, brownies under the live chocolate fountain, kulfi stations, phirni in tiny clay pots, and that underrated caramel pudding - it’s a sweet lover’s heaven.

I lowkey skip a round of starters just to save room for this.

Tell me your top 3 BBQ Nation desserts — I’ll go first:
	1.	Moong dal halwa
	2.	Kulfi
	3.	Gulab jamun (x4) (ps- it was in a separate bowl)

Let’s settle it. What’s the GOAT dessert on that counter?",aditigupta22,foodiefam,2025-05-31T10:06:42.000Z,2026-07-22T16:28:45.362Z,https://www.reddit.com/r/foodiefam/comments/1kztli6/lets_be_honest_most_of_us_go_to_bbq_nation_for/,316,30-07-2026 07:36
n73ffom,comment,"#Do not comment on the original posts

Please read our [**sub rules**](https://www.reddit.com/r/BestofRedditorUpdates/wiki/subrules). Rule-breaking may result in a ban without notice.

If there is an issue with this post (flair, formatting, quality), reply to this comment or your comment may be removed in general discussion.

**CHECK FLAIR** For concluded-only updates, use the [CONCLUDED](https://www.reddit.com/r/BestofRedditorUpdates/search?sort=new&restrict_sr=on&q=flair%3ACONCLUDED) flair.


*I am a bot, and this action was performed automatically. Please [contact the moderators of this subreddit](/message/compose/?to=/r/BestofRedditorUpdates) if you have any questions or concerns.*",AutoModerator,BestofRedditorUpdates,2025-08-05T18:22:49.000Z,2026-07-22T16:28:45.154Z,https://www.reddit.com/r/BestofRedditorUpdates/comments/1mih0q1/aita_for_refusing_to_sell_the_place_i_bought_with/n73ffom/,1,30-07-2026 07:36
mveh6jo,comment,Nah man they ruined the shit out of their deserts. They literally got candy jellies at the desert section 😭🙏,toeyilla_tortois,foodiefam,2025-06-01T12:06:22.000Z,2026-07-22T16:28:45.362Z,https://www.reddit.com/r/foodiefam/comments/1kztli6/lets_be_honest_most_of_us_go_to_bbq_nation_for/mveh6jo/,2,30-07-2026 07:36
mvfobfu,comment,"Nah man, the pastries are dry and smelly and the gulab jamun is basically a sugar paste,",Legitimate_Umpire409,foodiefam,2025-06-01T16:07:08.000Z,2026-07-22T16:28:45.362Z,https://www.reddit.com/r/foodiefam/comments/1kztli6/lets_be_honest_most_of_us_go_to_bbq_nation_for/mvfobfu/,4,30-07-2026 07:36
mv97kwd,comment,Prawns. That's it. Prawns.,I_manage_somehow,foodiefam,2025-05-31T15:06:41.000Z,2026-07-22T16:28:45.362Z,https://www.reddit.com/r/foodiefam/comments/1kztli6/lets_be_honest_most_of_us_go_to_bbq_nation_for/mv97kwd/,60,30-07-2026 07:36
mv98u8l,comment,I think we HAVE to be friends. Now.,cheekychickaa,foodiefam,2025-05-31T15:13:14.000Z,2026-07-22T16:28:45.362Z,https://www.reddit.com/r/foodiefam/comments/1kztli6/lets_be_honest_most_of_us_go_to_bbq_nation_for/mv98u8l/,16,30-07-2026 07:36
mv9fcps,comment,The only correct answer. 99% of my diet there is prawns!,xinomindi,foodiefam,2025-05-31T15:46:52.000Z,2026-07-22T16:28:45.362Z,https://www.reddit.com/r/foodiefam/comments/1kztli6/lets_be_honest_most_of_us_go_to_bbq_nation_for/mv9fcps/,7,30-07-2026 07:36
mv9kk7u,comment,Atleast someone knows food,Lemonpicklebutpink,foodiefam,2025-05-31T16:14:15.000Z,2026-07-22T16:28:45.362Z,https://www.reddit.com/r/foodiefam/comments/1kztli6/lets_be_honest_most_of_us_go_to_bbq_nation_for/mv9kk7u/,6,30-07-2026 07:36
mvadj2v,comment,That’s the only reason why I go to barbeque nation!,Ladydabang,foodiefam,2025-05-31T18:45:11.000Z,2026-07-22T16:28:45.362Z,https://www.reddit.com/r/foodiefam/comments/1kztli6/lets_be_honest_most_of_us_go_to_bbq_nation_for/mvadj2v/,3,30-07-2026 07:36
mvavpoo,comment,"Exactly. Just prawns and I love grilled pineapple too, last time they changed it to papaya 🤮",Secure_Criticism4638,foodiefam,2025-05-31T20:21:34.000Z,2026-07-22T16:28:45.362Z,https://www.reddit.com/r/foodiefam/comments/1kztli6/lets_be_honest_most_of_us_go_to_bbq_nation_for/mvavpoo/,3,30-07-2026 07:36
mv9fdzy,comment,"omg us, I love em prawns there. even better than chicken and tht fish.",Old-Cake1718,foodiefam,2025-05-31T15:47:03.000Z,2026-07-22T16:28:45.362Z,https://www.reddit.com/r/foodiefam/comments/1kztli6/lets_be_honest_most_of_us_go_to_bbq_nation_for/mv9fdzy/,8,30-07-2026 07:36
on10b3q,comment,Pirates of grill is better now. Bbq nation used to be good but their quality suddenly dropped when they got listed in share market.,Solid-Crab8096,Aajmainekhaya,2026-05-21T09:55:22.000Z,2026-07-22T16:28:45.454Z,https://www.reddit.com/r/Aajmainekhaya/comments/1tjdaxh/bbq_nation_for_the_first_time/on10b3q/,7,30-07-2026 07:36
on1cn7p,comment,Would try it next time forsuure,orange_scam,Aajmainekhaya,2026-05-21T11:25:46.000Z,2026-07-22T16:28:45.454Z,https://www.reddit.com/r/Aajmainekhaya/comments/1tjdaxh/bbq_nation_for_the_first_time/on1cn7p/,2,30-07-2026 07:36
on1oalb,comment,Location?,WarmBusiness6581,Aajmainekhaya,2026-05-21T12:35:17.000Z,2026-07-22T16:28:45.454Z,https://www.reddit.com/r/Aajmainekhaya/comments/1tjdaxh/bbq_nation_for_the_first_time/on1oalb/,1,30-07-2026 07:36
on69o0h,comment,They're present in delhi ncr only.,Solid-Crab8096,Aajmainekhaya,2026-05-22T02:25:19.000Z,2026-07-22T16:28:45.454Z,https://www.reddit.com/r/Aajmainekhaya/comments/1tjdaxh/bbq_nation_for_the_first_time/on69o0h/,1,30-07-2026 07:36
on0t4qf,comment,💔my bad gng,orange_scam,Aajmainekhaya,2026-05-21T08:52:30.000Z,2026-07-22T16:28:45.454Z,https://www.reddit.com/r/Aajmainekhaya/comments/1tjdaxh/bbq_nation_for_the_first_time/on0t4qf/,1,30-07-2026 07:36
on0qi7c,comment,Sooo good 😋😋😋,a_sensitive,Aajmainekhaya,2026-05-21T08:28:34.000Z,2026-07-22T16:28:45.454Z,https://www.reddit.com/r/Aajmainekhaya/comments/1tjdaxh/bbq_nation_for_the_first_time/on0qi7c/,1,30-07-2026 07:36
on0t5ab,comment,Yepp it was,orange_scam,Aajmainekhaya,2026-05-21T08:52:38.000Z,2026-07-22T16:28:45.454Z,https://www.reddit.com/r/Aajmainekhaya/comments/1tjdaxh/bbq_nation_for_the_first_time/on0t5ab/,1,30-07-2026 07:36
on1co2r,comment,What changed?,orange_scam,Aajmainekhaya,2026-05-21T11:25:55.000Z,2026-07-22T16:28:45.454Z,https://www.reddit.com/r/Aajmainekhaya/comments/1tjdaxh/bbq_nation_for_the_first_time/on1co2r/,1,30-07-2026 07:36
"I am not the original poster. Please don't contact or comment on linked posts""",secure-raspberry-763,BestofRedditorUpdates,2025-02-26T12:59:18.000Z,2026-07-22T16:28:47.553Z,https://www.reddit.com/r/BestofRedditorUpdates/comments/1iymxns/new_update_i_ruined_my_wifes_life/,7536,30-07-2026 07:36,,
mevmkju,comment,"#Do not comment on the original posts

Please read our [**sub rules**](https://www.reddit.com/r/BestofRedditorUpdates/wiki/subrules). Rule-breaking may result in a ban without notice.

If there is an issue with this post (flair, formatting, quality), reply to this comment or your comment may be removed in general discussion.

**CHECK FLAIR** For concluded-only updates, use the [CONCLUDED](https://www.reddit.com/r/BestofRedditorUpdates/search?sort=new&restrict_sr=on&q=flair%3ACONCLUDED) flair.


*I am a bot, and this action was performed automatically. Please [contact the moderators of this subreddit](/message/compose/?to=/r/BestofRedditorUpdates) if you have any questions or concerns.*",AutoModerator,BestofRedditorUpdates,2025-02-26T12:59:19.000Z,2026-07-22T16:28:47.554Z,https://www.reddit.com/r/BestofRedditorUpdates/comments/1iymxns/new_update_i_ruined_my_wifes_life/mevmkju/,1,30-07-2026 07:36
jfhgaff,comment,Sahib's baaguntadi annaru ee sub lo anthaka mundu for Non Veg.,obscurial097,hyderabad,2023-04-08T19:52:28.000Z,2026-07-22T16:28:47.654Z,https://www.reddit.com/r/hyderabad/comments/12fuf9r/which_bbq_restaurant_would_u_suggestabsolute/jfhgaff/,4,30-07-2026 07:36
jfhigfb,comment,All BBQ places have become overcrowding and filled with birthday parties so lite.,kidnamedfinger1235,hyderabad,2023-04-08T20:08:29.000Z,2026-07-22T16:28:47.654Z,https://www.reddit.com/r/hyderabad/comments/12fuf9r/which_bbq_restaurant_would_u_suggestabsolute/jfhigfb/,4,30-07-2026 07:36
jfhp1dn,comment,"Now that we are on this topic, i want to ask whether anyone of u guys have tried the moti mahal bbq restaurant at gachibowli, is it any good?",AkhilLL12,hyderabad,2023-04-08T20:56:56.000Z,2026-07-22T16:28:47.654Z,https://www.reddit.com/r/hyderabad/comments/12fuf9r/which_bbq_restaurant_would_u_suggestabsolute/jfhp1dn/,3,30-07-2026 07:36
jfivr19,comment,Bbq spice in Abids is ok too.,SwimmingActive793,hyderabad,2023-04-09T02:34:45.000Z,2026-07-22T16:28:47.654Z,https://www.reddit.com/r/hyderabad/comments/12fuf9r/which_bbq_restaurant_would_u_suggestabsolute/jfivr19/,3,30-07-2026 07:36
jfhbv61,comment,Don’t think so for 800 u get unlimited kebabs prawns and other starters and dishes..don’t kw wat made u say they r scam..,Accurate_Advantage70,hyderabad,2023-04-08T19:19:37.000Z,2026-07-22T16:28:47.654Z,https://www.reddit.com/r/hyderabad/comments/12fuf9r/which_bbq_restaurant_would_u_suggestabsolute/jfhbv61/,3,30-07-2026 07:36
t3_1dy6w6i,post,"
I am not OP. That is u/Constant_Barnacle992 who posted to r/TrueOffMyChest 

TW: >!neglect!< 

[Original Boru](https://www.reddit.com/r/BestofRedditorUpdates/s/4sOMKUuKlY) 

[Original Post](https://www.reddit.com/r/TrueOffMyChest/s/LBdx1YRH1O)  **April 22nd, 2024** 

TL;DR skip to the bottom. 

I (m43) try to do my best to provide for my wife (f38) and 2 kids (3,5) as well as my MIL and would like to think I am doing a decent job. Over the years, I worked to improve our family’s living situation, not only did I complete another bachelors and recently masters in a STEM related degree, I at the same time worked 2 full time jobs (while completing my 2nd bachelors) and put my wife through school as well. She completed a degree where she could make good money (~60-70k/yr) in a healthcare field that always has jobs available. But with the birth of our 2 kids, she has since “gave up” on her career to be a SAHM for the time being. At first it was a struggle while I was finishing up my masters. Once I completed it, after our youngest turned 3 my career took a jump up and we are now able to afford our single income household in a more feasible manner. We’re far from rich but do ok for a single income family of 4 (a little north of 150k base+ bonuses). The past year life was overwhelming per my wife, so even though I now work 75% from home, I budgeted to hire a daytime nanny to help her around the house with 1 child while the other is in school now 

My day starts everyday around 530-6am. I get the house ready for the day before the nanny comes at 8am, I get our oldest up and ready for school, breakfast made, and plan out my day, bring our oldest to drop off, and be home in time to let the nanny in. My most recent task at work has me grounded for the next 2 months meaning I am now 100% WFH, while this is nice, I am busy in meetings all day as my role manages teams on a global scale as I oversee projects from my industry. For the past 1 ½ months, I realized… my wife as much as she says her life is stressful at home… starts at 10am. I asked my MIL and nanny if this was always the case after a week or so of wfh, and they both responded more or less… sometimes earlier sometimes later. My wife literally wakes up and cooks and then scrolls through her phone or shops from home… which brings me to my gripe. 

I am glad I am able to provide her that sort of life since we both grew up lacking in means. I get the possibility of postpartum depression, the stress of having kids, the feeling of being unfulfilled, the fact that I probably am a shitty husband… but for what it’s worth… everything is taken care of and then some. 

I manage the houses finances (she claimed she was too busy to do so), pay all the household bills, I pay my own personal bills, I pay her bills,  track and perform all the upkeep of our house appliances/cars/pets/etc., and I also “help” pay for my MIL’s medical bills and car note. 

…but apparently my life is on easy street compared to hers. I can't decompress to her because it seems like she always feels the need to 1 up me. I had a bad day… but she had it worse cause I’m lucky I got to go away and work… My feet hurt from walking all day during work travel, which is nothing compared to her standing and cooking with a child clinging to her. For the past 2 or so years… I’ve been told I ruined her life, her opportunities, etc… but when I reminded her of what she says, she denies and dodges accountability. My MIL has brought me aside and stated she’s noticed a change in both myself and my wife. I have a greater attachment to my kids and hell… I’ve hugged the dogs and talked to them more about my life than to my wife. I honestly feel like I am in emotional survival mode as I’m one step from moving up the career ladder and one step away from finding love and comfort from the bottom of a whiskey bottle. 

I’m sure I’ll be hearing from the manly men of reddit about how I’m simping… but I’m not a machine. I just want to know and feel that someone I prioritize aside from my kids appreciates and loves me for what I do… I’m sure I’ll hear from the stay at home moms of reddit… which is fine. I grew up in a single parent/mother household. It’s not easy… and honestly with the help of her mother and a nanny Mon-Fri, for one toddler while another child is at school… Can you honestly tell me she’s having the typical SAHM experience? Because neither my friends or colleagues who are single parents can say she is. I’m sure the masses of holier than thou redditors will consider this a poorly written fanfic, but it is what it is. 



TL;DR 
Long story short, It feels as if my wife has checked out of our marriage… we’re only roommates where she can still reap the marriage benefits. I’m not asking for her to throw herself at me all the time and let me do whatever I want… I really just want to be told I’m doing good and just offer me some form of emotional comfort as simple as a hug, but I guess as the man who ruined her life, I deserve it. 

*Thank you for the replies. To add more context: 

1. Never cheated. I do work in an industry that has a large female population, but I’m literally an open book with work, name colleagues and staff under me, she has access to my work agendas and correspondence if she really wanted to snoop, but on that note she still doesn’t know what exactly I do for a living at this time… 

2. We as whole family her parents and mine have tried to get her to go to therapy but she refuses or skirts around the issue. 

3. Aside from my coming from a single mother household perse, my biological dad was present in my life. She has had both parents in a reportedly monogamous marriage for over 40 years. 

4. I have tried to talk to her about everything and my own feelings but again… 1 upmanship tends to be the trend here. 

5. What I am getting out of the marriage was asked… now, aside from my 2 beautiful kids, I’ve been asking myself that same question. We have a near nonexistent sex life mainly since last year. I always figured maybe it’s part of depression or whatever she may be going through… maybe I’m just not attractive enough or just horrible in bed because of my health conditions… I’m not some super model husband but temptation and opportunity does knock and I can perform still but I never give in, because as cliche as it sounds I honestly do love my wife and want to only be with her. 

6. I’ll give credit where credit is due as I don’t want to sound biased: when I say she wakes up and cooks she cooks for everyone in the house. Myself, kids, MIL, and even nanny. Aside from breakfast she cooks all meals and snacks. I typically fast until lunch time and our oldest tends to eat a small simple breakfast incase they don’t like what school serves that morning. She does load both the kids and her laundry… but seldomly folds and puts them up. I typically do my own and the rest of my clothes I dry clean because they’re work clothes. She does keep track of our pantry and fridge? But after she makes the list I’m the one who goes out and buys everything if not delivered. She does clean our bathrooms and house 50% of the time, the other 50 is done by either MIL or myself or sometime nanny if she feels like being extra helpful. 

7. Prior to nanny, my MIL was the main help for my wife up until she had unexpected medical needs. So I opted to hire a nanny to help them both, more so when MIL is having treatments and recovering. 

UPDATE 06May2024. 

Not sure if anyone would read this, but thank you for those who have reached out and chit chatted. While I know I’ve kept my newfound friends here updated, I figured I just update my post and keep it short. 

I showed my wife my post the following weekend and she read it and all the comments. Long story short, argument, she left our house to stay with her sister, and I’ve been a “single parent” since. 

It’s sad to say, aside from the goodnights to our kids it’s all pretty much the same routine. 

Nothing much else to say other than thank you for all the kind words of encouragement. 

***just need to add, this post got bigger than I expected from a venting post but I’ve responded to a few comments. Nonetheless, thank you for the comments and DMs… and more so for the offers to let me ruin your life ha. It’s been the highlight of my day/night as I sit here drinking with my dog while everyone else is asleep. 

It feels depressingly sad that I feel that I have to turn to random internet strangers for some sort of validation in my rant. My apologies in advance as I try to keep this as vague as possible. 


[I ruined my wife’s life… again](https://www.reddit.com/r/TrueOffMyChest/s/SViMcwx1BD)  **June 3rd, 2024** 

I just wanted to update those who have been kind enough to check up via DM and comments. Apologies in advance for the lengthy post. It’s a bit of irony and coincidence that I made a follow up from the update on 06May2024 I made on my original post during men’s mental health awareness month but I could really use another outlet outside of my therapist. My apologies if this isn’t the story book ending/destroying of a relationship people were hoping for… 

To save you a read. Wife left. Came back like nothing happened. She made it about her. Nothings changed. I’m continuing to be suffering mentally knowing nothing will change while trying to keep it together for our kids. Lots of take out. 

The day after she packed up and left, my wife attempted to come back and take the kids with her to her sister’s. Naturally I was against this and thankfully so was her whole family including said sister. Not only was it not fair to our kids for her to sweep them away into a home that’s not theirs but to put that financial and housing stress on the rest of her family since she doesn’t work and her sister and her family (husband and 3 kids) stays with their dad in the house they grew up in. 

After a little over a week of being away, I guess she cooled off so she just decided that it would be fine if she walked in the door with her bags as if she just came back from Target. She came into my office while I was working and angrily stared at me while I sat on a conference call meeting with my team and I couldn't just jump off as this is a busy time of the quarter for us. I guess that didn’t sit well with her because once I took off my headset and closed my laptop she started yelling at me about how much I really don’t care about her and her well being overall. At that moment I couldn't do anything more than look at her and just shake my head. Mother in law came in after hearing my wife yelling and pulled her away, telling her to not bother me, while our nanny kept our youngest away from it all on the other side of the house.


That night after the kids were put to bed, I sat in my office by myself with a drink as I have been doing for the past nights and my wife came in. We talked. We argued. We cried. We drank. One thing led to another and we were in bed. I wish I could say that was our making up but the next sobering morning as we laid there, she went on about how hard it was for her the time she was gone. Literally… it was about her struggles staying at her family house in her old room with her dad and sister’s family. How lucky I am to be able to stay here and do this and that and buy this or do that and not stress as much as they did. 

How easy MY and everyone else's in our family lives are compared to hers even though we had similar upbringings… 

My mind and heart broke that morning. I’ve been spiraling down since then and this last week I made another attempt to reconcile and talk things out, but I was met with a shouting match while trying to express my current stress and anxieties with life and work in general:


Wife: ”... well do you know how hard this is all for me? You’re supposed to help me be happy.” 

Me: “So when it comes to my happiness, stress, needs, and overall well being… fk me get over it right? ” 

Wife: “ We all have our own problems, you need to figure it out and get over them.” 

I don't know who the woman I am at home with is but that wasn’t the woman I married and vowed to spend my life with and raise our kids together. Since that conversation, I’ve been noticeably distant with her. I’ve been sleeping in my office or on the couch or with my kids in their bed after putting either one of them to sleep. Still doesn't change her starting her day at 10am… and sitting on her phone talking to her mom groups between cooking meals with the kids in both mother in law and nanny’s care. 

Nothing has changed and I doubt that anything will change. Sadly, I think even if we got a divorce, nothing would change or feel different anyway since during my wife’s leaving the days seemed like any other day except with a little more take out than usual. My main fear there isn’t that I wouldn’t just lose my wife, I’d lose my kids in the process. 

So I guess it’s sad to say the grand finale to my story with like alot of men and some women I’ve talked to here, I’ll just continue to smile and suffer in silence. 

**First off, thank you for all the comments and DMs.Some context and clarification since admittingly my post was emotionally charged since I typed it up after another argument. **


Post birth, our kids pediatrician’s office gave my wife those PostPartum Depression screening forms and during the time of both she scored pretty high and was suggested to see a therapist. With our second child she scored significantly higher and we or I should say I made an effort to get her the help she needs. She refused, so entered mother-in-law and nanny for support… I know what people will say/think, but this is one of the reasons I am not 100% ready to just give up and file our life together away. 

Also, I know silently suffering in the near and long run of our kids' future will not add to a healthy atmosphere, but neither would a bitter and hate filled divorce. I know some have compared it to the ripping off a bandage, saying it’ll hurt at first but that pain goes away but I’d rather try to spare my kids thinking that their parents ended up hating each other because of them or something along those lines. 

I’ve told a few ppl I talk to in DM since my last post, a little more insight on my personal life, prior to my promotion I was a PM managing teams and budgets so out of habit I plan for a lot of “what ifs.”. That being said, I made a number of contingency plans if sadly things went south. So, yes I: 

Have talked to a lawyer, 3 actually. 
Know our rights and what each of us are entitled to.
Have a draft settlement created and on hold until I feel I need to use it. I know what I want and am willing to offer more than what is fair for our kids' well being, but also have a plan if we end up going to court. 

It’s 100% on me that I’m suffering in silence, but I’m too stubborn to just give up so while I am venting, I don't expect anyone to “feel sorry for me”. I endure it to keep the norm our kids know, ensure my MIL’s treatments go uninterrupted, and of course the hope my wife would finally be open to give therapy a shot and climb together to a better place. 

Thank you all again.


/*/*/*New Update*/*/*/ 

[I ruined my wife’s life… so I ruined everyone else’s too](https://www.reddit.com/r/TrueOffMyChest/s/UuJGvEgPdJ)  **July 1st, 2024** 

First and foremost TL;DR: 

I’m done. Wife said I don't do and am not shit in front of the therapist and family fathers day dinner. She got served. She mad. She is trying to act perfect and I’m just waiting while taking care of my family (kids, my mom, and MIL). Oh well, I’ll just ruin everyone else's life too in my family 

Secondly,to clear some confusion… I did NOT get 2 bachelors and a masters while working 2 jobs at the same time as some readers are assuming. 

Bachelors #1 graduated in the early 2000s. Bachelors #2 via online years (2 classes a semester) later while working 2 full time jobs (job #1 hospital 36/48 schedule job #2 big box store 32-40hrs spread out 7 days a week)  to pay for both my and my wife's tuition because she decided to go back to school before we had kids… After graduating from Bachelor’s #2 and entering the industry I am in now, I was able to work 1 job and get my masters. So no I did not get 3 degrees at the same time or in that close succession… and I am surprised that I actually have to spell this out as someone working 2 jobs while going to school isn't that uncommon, or at least that’s what I thought? 

My wife chooses not to work. She DOES technically have a job. She just barely works it to the point we forget she has a job, as in she worked 1 day 4-5 months ago for 8 hours on a Tuesday kind of barely works. Her job and manager is really supportive (Flex PRN model) and gives her a list of days they need coverage and she can choose to pick up a shift or not. While she can work more and only does just enough to keep up her license, she complains to our family of her career being on hold for one reason or the other although she has the opportunity to work more if she opted to. All things considered she has an available supportive circle around her for either decision she falls on. Our family, her job, and I have made multiple offers and taken many steps to open that door for her to go back to work, i.e. Nanny, MIL moved in to help, I work from home, her crazy flex prn schedule, etc. etc… but here we are. 

I am and have been in therapy for myself already. Aside from what I deal with at home, my work can be very debilitating in regard to my mental health as well as physical at times. Since I can't find the support I need mentally and physically at home with my wife, I’ve opted to attend therapy rather than find comfort with someone outside of the home or at the bottom of a bottle. I’ve tried to express this to my wife and as mentioned in my previous post...she has a habit of 1 upping me… and  here we are.


My Inlaws are still married, given the circumstances in our home, my MIL moved in to help out my wife, while my SIL and her family moved back into their parent’s house due to their own reasons. SIL and her family can save money while getting back on their feet, and my wife and I benefit from MIL’s help and we can keep a closer eye on her while she undergoes bi monthly treatments . 

My wife by means of questionnaires is highly suspected to have PPD alongside with a history of symptomatic OCD, ADHD, amongst other ailments that over the years she refused to get evaluated for or refused to accept results given. I knew what I was getting into and I love and accepted my wife for these flaws as she did mine at the time… Spare me your “ i don't feel sorry for you” or pity. I am like every other man who fell in love and wanted to give my person the best of me and the world I can offer… but again, here we are. 

There’s a lot of manly men/redpill nation guys out there complaining and saying I’m “simping” over my wife. While I respect your own opinions and perspectives, I will outright say, if this situation was only affecting my life… I would’ve left a long time ago. As one redditor said in a past comment that stuck to me, “I am the kind of person that will take a bullet for his kids…” maybe it’s in a different context intended, but to protect my children from any harm physically or mentally… I’ll take the proverbial bullet if and as needed. I’d like to think other dad’s out there would respond to the duty to protect their children, and that’s why I endured as much as I have. For the time being I would rather my wife use me as an outlet for whatever her problems were vs. our kids. 

Thank you all for the comments and reaching out. I’ve met many strangers who have become great reddit pen pals and some who have been in the know of every step that has been progressing to this point. I am surprised at how far this has gone, from other subreddits, other platforms, and even YouTube. Love me, hate me, say it’s all fake, no matter where you stand thank you for all the constructive comments and DMs to check in. Our kids and myself are going to be alright moving forward. 


Now for the update. The end of an era. 
This will be shorter than some expected, as really there’s not much to say but just satiate the questions some of you may have had and give people the satisfaction of the “I told you so” moment on Reddit. 

After a hard push from our family via an “intervention,” my wife and I finally attempted to go to marriage counseling. I’m sure many of you can guess how well that went. Blame. Tears. Regrets. Gas lighting. With a side of I am the reason for her life being ruined and horrible. Again. Just this time in front of a licensed therapist instead of reddit or mom groups. In the end, everything the therapist suggested and noted went over her head and ignored as it was against the grain of her status quo. One thing I guess worth saying was the therapist asked if she could recall when she last truly felt happy. Her response was about 12 or so years ago. Please note, 12 years ago she was still in her 20’s. Childless. Living with her ex. A vastly different time and position in life. I know it’s petty of me but I guess if that’s when she was last happy, it wouldn’t be that far of a stretch for her to find that happiness again since her ex is in the same apartment, job, and place in life that he was 12 years ago. Which is fine, if that’s how you want to live life, I try not to judge but in my 40s with kids, going clubbing 3-4 days a week is not my jam anymore. And of course… I don't want my kids around a mom and company who drowns themselves in Whiteclaws. To add, I know some will ask, I know and can confirm she hasn’t physically cheated on me but can’t confirm if she did emotionally (if that’s the right term?). After said therapy session I checked all her phone record’s and didn’t see anything out of the ordinary, but I also didn’t bother to check apps like IG or Snapchat. 

I know I'm probably boring, but shout out to all the Costco dad’s who’s Sunday Funday includes making rounds with kids for samples. 

The following weekend was Father’s day, and this year as expected not that big of a celebration as it is for many dads out there. Our family got together to celebrate with a BBQ and just simple family time, and my wife treated it like any other day. Sleep in. Get up. Cook. Phone. Shop. Attempt to play with kids. Phone. 

During said family BBQ my wife said she felt ill, so she sat around most of the day while the rest of the family as a whole made the experience enjoyable. When everything was set up and the family all sat at the table, her parents and sister’s family, my mother, our kids, admittingly it was a great spread, nothing extravagant but just a great meal for everyone. I was conversing with my brother in law about both of our kids' school Father’s day activities and I assume my wife overheard when I mentioned that it was a little sad to see some kids sit alone without their fathers during the Breakfast with Dad event I attended. She blurted out with a laugh loud enough for the whole room to hear, “ It’s not like you do anything anyway, I could’ve gone instead…” 

At that moment I was red and at a loss for words sitting there processing what she said in my head, while the dining room went dead silent. My MIL broke the awkwardness and in response said,” Well… maybe if you feel that way, one of you should divorce the other.” 

My wife looked at my MIL confused that she would respond with that and laughed mockingly in my direction and with her hand pointing at me said, “ …as if another woman would want a man like him? Just look at you.” while the room sat silent. 

I was angry, heart broken, confused, and embarrassed all at the same time. In manly man fashion, I just nodded my head in silence, stood up, and picked up my keys and got in my truck and drove off to get a drink while trying to ignore the cries of the rest of the family and our kids telling me to stay. 

I don’t know what was said or done while I was out of the house the rest of Sunday, because I couldn't bring myself to check our house cameras, but when I returned early Monday morning, the house had a completely different feel. As usual, I woke up around 6, got the house and our oldest ready for school drop off. Checked emails. Checked messages, nothing out of the ordinary. As I was getting dressed to leave, my wife laid in our bed snoring lightly. All i could do was look at her and think of what we had… and now lost. I’ve decided. I’m done. I can't do this anymore. I texted my lawyer that morning  to move forward with serving her. 

Fast forward to last week, she was served at our home (reminder to people I had no choice but to be there because I work from home). She had, I guess what you could call a mini meltdown and came into my office screaming how could I do this to her? Her mother intervened, and that was met with me supposedly turning her whole family against her. But I digress, I probably would’ve felt bad if it wasn’t immediately followed by the rest of her week acting as if she’s been this active and attentive wife and mother the past few years. Sure people can say she’s making an attempt.. but she’s made many “attempts” and historically we fall back to where we’ve been. 

For those curious, I am aiming for full or at least majority custody of our kids. I already and will continue to cover all the expenses for our kids, insurance, tuition (both of our kids are/will be attending private schools come fall), medical bills, etc. My MIL has given me the courage and strength that helped supplement my own mother’s support throughout this. Basically she is what I hoped the kind of mother/wife my wife would have been to our kids and me. Out of respect for my MIL as well as per my own mother’s shared wishes, I will continue to help oversee and contribute financial help if needed during her treatments. While some may feel I should cut their whole family off, I know the hardships pushed onto a family while dealing with cancer and have dealt with it first hand as a family member and care provider on both sides of the desk. 

All in all, I’m prepared to go to “war” if needed but I just want a clean no fuss divorce. My wife has no alimony coming, so sorry for the redditors and mommy gang facebook groups saying she needs to divorce me first and get that “sweet sweet alimony money.” 1. We live in a state that does not typically enforce alimony 2.she has a means of gainful employment immediately 3. To help curb any possible problems I will cover her insurance and bills until either divorce is finalized or when she gains full employment. 

So that’s that. I’m done and waiting for the steps to be taken for everything to be  finalized. Sorry it wasn’t as exciting of a story with plot twist as some may have hoped for but that’s life. Not sure I’ll update this once it's all finalized, which probably won't be for a few more months depending if we go to “war” or not. 

______


I am not the original poster. Please don't contact or comment on linked posts",secure-raspberry-763,BestofRedditorUpdates,2024-07-08T11:48:35.000Z,2026-07-22T16:28:48.741Z,https://www.reddit.com/r/BestofRedditorUpdates/comments/1dy6w6i/new_update_i_ruined_my_wifes_life/,13559,30-07-2026 07:36
lc6fyle,comment,"#Do not comment on the original posts

Please read our [**sub rules**](https://www.reddit.com/r/BestofRedditorUpdates/wiki/subrules). Rule-breaking may result in a ban without notice.

If there is an issue with this post (flair, formatting, quality), reply to this comment or your comment may be removed in general discussion.

**CHECK FLAIR** For concluded-only updates, use the [CONCLUDED](https://www.reddit.com/r/BestofRedditorUpdates/search?sort=new&restrict_sr=on&q=flair%3ACONCLUDED) flair.


*I am a bot, and this action was performed automatically. Please [contact the moderators of this subreddit](/message/compose/?to=/r/BestofRedditorUpdates) if you have any questions or concerns.*",AutoModerator,BestofRedditorUpdates,2024-07-08T11:48:37.000Z,2026-07-22T16:28:48.742Z,https://www.reddit.com/r/BestofRedditorUpdates/comments/1dy6w6i/new_update_i_ruined_my_wifes_life/lc6fyle/,1,30-07-2026 07:36
ouf8m66,comment,“Dish dry-aged fishes schmells like my underwear!”,Mikeys_Toupee,MikeyChen,2026-06-29T01:49:54.000Z,2026-07-22T16:28:49.743Z,https://www.reddit.com/r/MikeyChen/comments/1uiewtm/recycled_cunktent_trying_bwashills_national_dish/ouf8m66/,5,30-07-2026 07:36
oug0ill,comment,The front is not much better either…,Cunkboy,MikeyChen,2026-06-29T04:50:34.000Z,2026-07-22T16:28:49.743Z,https://www.reddit.com/r/MikeyChen/comments/1uiewtm/recycled_cunktent_trying_bwashills_national_dish/oug0ill/,3,30-07-2026 07:36
oug2u9i,comment,"Almost as good as this one

https://preview.redd.it/bdho7p35n5ah1.jpeg?width=1080&format=pjpg&auto=webp&s=54c2560770431388ac578e560220f4572afd9387",Crazy_Alternative294,MikeyChen,2026-06-29T05:07:58.000Z,2026-07-22T16:28:49.743Z,https://www.reddit.com/r/MikeyChen/comments/1uiewtm/recycled_cunktent_trying_bwashills_national_dish/oug2u9i/,3,30-07-2026 07:36
oujxl0v,comment,Stunning beauty.,Mikeys_Toupee,MikeyChen,2026-06-29T18:34:02.000Z,2026-07-22T16:28:49.743Z,https://www.reddit.com/r/MikeyChen/comments/1uiewtm/recycled_cunktent_trying_bwashills_national_dish/oujxl0v/,2,30-07-2026 07:36
t3_1pj5bz6,post,"After a year of research, debate, and help from many of you in your home regions, I’ve finished a national map of 78 U.S. food regions. Each area is based on distinct culinary traditions shaped by geography, culture, and history, from Gullah and Tex-Mex to Monroe BBQ and Crucian cuisine.

I’d love your feedback: Did I miss something obvious? Should a region be renamed, removed, or split further?

A version of this map’s headed to print next year as part of a national cultural atlas, so this is the last round of tuning before it gets locked in.

Edit- just tried to reupload this in higher resolution. I went as high as Reddit would allow. Sorry if it's still fuzzy. DM me or look at links in my profile and I'll point you to a higher-res version",piri_reis_,MapPorn,2025-12-10T15:23:54.000Z,2026-07-22T16:28:52.551Z,https://www.reddit.com/r/MapPorn/comments/1pj5bz6/after_a_year_of_work_and_a_publishing_deal_heres/,2950,30-07-2026 07:36
ntavz5i,comment,"A lot of these regions were refined based on feedback from Reddit, food historians, and restaurant menus.  I’ve tried to keep things grounded in actual cooking traditions, not exclusively ingredients or restaurant trends (though there's some of that in there too). That’s why some regions were merged or cut entirely.",piri_reis_,MapPorn,2025-12-10T15:25:55.000Z,2026-07-22T16:28:52.552Z,https://www.reddit.com/r/MapPorn/comments/1pj5bz6/after_a_year_of_work_and_a_publishing_deal_heres/ntavz5i/,227,30-07-2026 07:36
ntbttqd,comment,"This is crazy. Great work, impressive!",Cheeta66,MapPorn,2025-12-10T18:12:00.000Z,2026-07-22T16:28:52.552Z,https://www.reddit.com/r/MapPorn/comments/1pj5bz6/after_a_year_of_work_and_a_publishing_deal_heres/ntbttqd/,50,30-07-2026 07:36
ntdbjkw,comment,"This is fantastic, I love it!",CoolerRancho,MapPorn,2025-12-10T22:37:39.000Z,2026-07-22T16:28:52.552Z,https://www.reddit.com/r/MapPorn/comments/1pj5bz6/after_a_year_of_work_and_a_publishing_deal_heres/ntdbjkw/,2,30-07-2026 07:36
ntf90h4,comment,"Where the heck did you get cashew chicken and squirrel pie for the Ozarks? Someone was yanking your chain. Never in all my years have I seen either one of these on a menu anywhere in the Ozarks (other than maybe a Chinese restaurant for the cashew chicken). Oh, I've had squirrel in lasagna, but we were trying a new recipe.  There are a lot of good recipes out there for limb chickens. 

Venison and fried catfish? Yes. Often times self procured, skinned, prepped and cooked within hours of being lucky enough to get your hands on it. Heck, we even ate a deer that got hit by a car out in front of the house that we had to put down since the vehicle didn't quite do the job. No sense letting good meat go to waste, right? 

What else did I grow up on in the Ozarks 50 years ago? Pinto beans, cornbread, fried okra, collard greens, biscuits and gravy, any fish we could catch in the rivers or lakes (give me walleye and crappie any day), chicken a hundred different ways, etc. Just don't forget the bacon grease. It goes in almost everything.",CoinHawg,MapPorn,2025-12-11T05:56:09.000Z,2026-07-22T16:28:52.552Z,https://www.reddit.com/r/MapPorn/comments/1pj5bz6/after_a_year_of_work_and_a_publishing_deal_heres/ntf90h4/,1,30-07-2026 07:36
n1bw3q0,comment,It's not a cult.,Project_Rees,ShitAmericansSay,2025-07-04T16:26:31.000Z,2026-07-22T16:28:53.541Z,https://www.reddit.com/r/ShitAmericansSay/comments/1lrlu5s/sad_singing_the_us_national_anthem_every_day_at/n1bw3q0/,139,30-07-2026 07:36
n1dxovf,comment,"As an American, if I saw that I would turn around and walk the hell out.",LdyVder,ShitAmericansSay,2025-07-04T23:10:11.000Z,2026-07-22T16:28:53.541Z,https://www.reddit.com/r/ShitAmericansSay/comments/1lrlu5s/sad_singing_the_us_national_anthem_every_day_at/n1dxovf/,12,30-07-2026 07:36
kshguy9,comment,"Not gone, it's has been cooked throughly in fire now",frustrated-brain,Visakhapatnam,2024-02-28T03:41:01.000Z,2026-07-22T16:28:53.738Z,https://www.reddit.com/r/Visakhapatnam/comments/1b17egx/bbq_nation_gajuwaka_got_bbqed_in_a_fire_accident/kshguy9/,4,30-07-2026 07:36
kscqcfk,comment,Lmaooo,Flight_Lowo,Visakhapatnam,2024-02-27T09:31:51.000Z,2026-07-22T16:28:53.738Z,https://www.reddit.com/r/Visakhapatnam/comments/1b17egx/bbq_nation_gajuwaka_got_bbqed_in_a_fire_accident/kscqcfk/,2,30-07-2026 07:36
kscp163,comment,When bro? Everyone ok?,Aak-paak-studios,Visakhapatnam,2024-02-27T09:15:42.000Z,2026-07-22T16:28:53.738Z,https://www.reddit.com/r/Visakhapatnam/comments/1b17egx/bbq_nation_gajuwaka_got_bbqed_in_a_fire_accident/kscp163/,8,30-07-2026 07:36
odogplf,comment,"Guys, you should stop eating outside food.. My uncles used to run a mid range restaurant and I have seen the terrible things they do. My uncles themselves never used to eat at their restaurant 😂",Automatic-Budget-976,hyderabad,2026-04-01T12:01:59.000Z,2026-07-22T16:28:54.017Z,https://www.reddit.com/r/hyderabad/comments/1s9hmfb/ubq_by_bbq_nation_order_felt_like_leftover_food/odogplf/,102,30-07-2026 07:36
odp035e,comment,"Guys, you should stop eating home cooked food. I saw a show about a real incident where a woman named Jolly would add cyanide in food and kill people. Never eat home food. /S",Unlucky-Tap-9041,hyderabad,2026-04-01T13:47:53.000Z,2026-07-22T16:28:54.017Z,https://www.reddit.com/r/hyderabad/comments/1s9hmfb/ubq_by_bbq_nation_order_felt_like_leftover_food/odp035e/,18,30-07-2026 07:36
odvebf4,comment,"https://preview.redd.it/eam2w6qitrsg1.jpeg?width=3024&format=pjpg&auto=webp&s=7b79ecefa953a09f5f39aa770bb937f00d25f2d0

Hyporcrisy ki bhi seema hoti hai",Automatic-Budget-976,hyderabad,2026-04-02T12:28:40.000Z,2026-07-22T16:28:54.017Z,https://www.reddit.com/r/hyderabad/comments/1s9hmfb/ubq_by_bbq_nation_order_felt_like_leftover_food/odvebf4/,1,30-07-2026 07:36
odojmz3,comment,What are those terrible things? 😶,redditUser110099,hyderabad,2026-04-01T12:19:31.000Z,2026-07-22T16:28:54.017Z,https://www.reddit.com/r/hyderabad/comments/1s9hmfb/ubq_by_bbq_nation_order_felt_like_leftover_food/odojmz3/,1,30-07-2026 07:36
odoq7oj,comment,Most restaurants in Hyderabad seem to fall into that pattern. Remember when Telangana’s food safety authorities started flagging so many places after Revanth came into power? I’m sure every single one of them followed the rules to the letter… and absolutely none of them tried to “smooth things over.” 😉,TroubleMoney5935,hyderabad,2026-04-01T12:56:34.000Z,2026-07-22T16:28:54.017Z,https://www.reddit.com/r/hyderabad/comments/1s9hmfb/ubq_by_bbq_nation_order_felt_like_leftover_food/odoq7oj/,24,30-07-2026 07:36
odoc0v7,comment,"Nuvvu inka baita nundi order pedte chala varaku leftover eh istharu...ipud inka Gas raatledu ane maata tho, alane store chesi istharu...inka strict laws raavali, antha kante em cheylemu. Godava padina em chesina, valu bokkale ankuntaru ",uneasy_45,hyderabad,2026-04-01T11:32:02.000Z,2026-07-22T16:28:54.017Z,https://www.reddit.com/r/hyderabad/comments/1s9hmfb/ubq_by_bbq_nation_order_felt_like_leftover_food/odoc0v7/,16,30-07-2026 07:36
odocgpl,comment,"Sad! 
Laws vunna em labham mana officers panicheyyaruga!",redditUser110099,hyderabad,2026-04-01T11:35:01.000Z,2026-07-22T16:28:54.017Z,https://www.reddit.com/r/hyderabad/comments/1s9hmfb/ubq_by_bbq_nation_order_felt_like_leftover_food/odocgpl/,3,30-07-2026 07:36
odofd9l,comment,mana degara antha strict ekka unayi akka .,anu_1110,hyderabad,2026-04-01T11:53:44.000Z,2026-07-22T16:28:54.017Z,https://www.reddit.com/r/hyderabad/comments/1s9hmfb/ubq_by_bbq_nation_order_felt_like_leftover_food/odofd9l/,1,30-07-2026 07:36
oa4dspy,comment,Those Soldiers get Burgers Like that often.,Key-Market3068,burgers,2026-03-12T22:17:16.000Z,2026-07-22T16:28:54.944Z,https://www.reddit.com/r/burgers/comments/1rrdh9o/kshack_bbq_burger_at_valley_forge_national/oa4dspy/,2,30-07-2026 07:36
ob1qjv7,comment,Huh?,A_Texas_Hobo,burgers,2026-03-18T02:13:15.000Z,2026-07-22T16:28:54.944Z,https://www.reddit.com/r/burgers/comments/1rrdh9o/kshack_bbq_burger_at_valley_forge_national/ob1qjv7/,1,30-07-2026 07:36
o9yt2x6,comment,Good Looking Burger 🍔!!,Key-Market3068,burgers,2026-03-12T01:56:53.000Z,2026-07-22T16:28:54.944Z,https://www.reddit.com/r/burgers/comments/1rrdh9o/kshack_bbq_burger_at_valley_forge_national/o9yt2x6/,4,30-07-2026 07:36
o9yvvow,comment,Sweet burger with a side of history sauce,Hot-Temporary-6946,burgers,2026-03-12T02:13:02.000Z,2026-07-22T16:28:54.944Z,https://www.reddit.com/r/burgers/comments/1rrdh9o/kshack_bbq_burger_at_valley_forge_national/o9yvvow/,3,30-07-2026 07:36
oa26rhr,comment,Looks like it was delicious,MagazineDelicious151,burgers,2026-03-12T16:06:38.000Z,2026-07-22T16:28:54.944Z,https://www.reddit.com/r/burgers/comments/1rrdh9o/kshack_bbq_burger_at_valley_forge_national/oa26rhr/,2,30-07-2026 07:36
o9yvtr6,comment,This is the new Shake Shack burger right? How is it? It looks fucking awesome,alien-native,burgers,2026-03-12T02:12:43.000Z,2026-07-22T16:28:54.944Z,https://www.reddit.com/r/burgers/comments/1rrdh9o/kshack_bbq_burger_at_valley_forge_national/o9yvtr6/,3,30-07-2026 07:36
oa35yvp,comment,"I just had one for lunch. Pretty tasty. I would give it an 7.5/10 for a shack burger. Tasty, but not like blowing my mind. Which is a pretty good summary of Shake Shack now that I think about it.",pixelsandfilm,burgers,2026-03-12T18:47:59.000Z,2026-07-22T16:28:54.944Z,https://www.reddit.com/r/burgers/comments/1rrdh9o/kshack_bbq_burger_at_valley_forge_national/oa35yvp/,1,30-07-2026 07:36
oa2s81h,comment,"Oh, I eat the hell out of that some ma gun",Significant_Day_5988,burgers,2026-03-12T17:45:27.000Z,2026-07-22T16:28:54.944Z,https://www.reddit.com/r/burgers/comments/1rrdh9o/kshack_bbq_burger_at_valley_forge_national/oa2s81h/,1,30-07-2026 07:36
o9z65tj,comment,Looks like 5 day old recycled green onions,shaborgan,burgers,2026-03-12T03:15:18.000Z,2026-07-22T16:28:54.944Z,https://www.reddit.com/r/burgers/comments/1rrdh9o/kshack_bbq_burger_at_valley_forge_national/o9z65tj/,0,30-07-2026 07:36
t3_1ltkk5x,post,"**I am NOT the Original Poster. That is** [Diligent-Might6031](https://www.reddit.com/user/Diligent-Might6031/)**.** They posted in r/Pets

# Do NOT Comment on Original Posts. Latest update is 7 days old.

**Trigger Warning:** >!animal mistreatment!<

**Mood Spoiler:** >!currently an ok ending!<

**Are the dogs ok:** >!dogs are currently fine but it could have been a lot worse!<

**Original** [Post](https://www.reddit.com/r/Pets/comments/1lnon4d/our_dog_sitter_accidentally_fed_our_dogs_traeger/)**: June 29, 2025**

**Title:** Our dog sitter accidentally fed our dogs traeger pellets while we were out of town.

Really nice kid. Found him on Rover. He did all the things right. Except, he accidentally fed our dogs traeger pellets instead of dog food. The pellets were stored in a bag on the floor in the pantry, clearly labeled fire wood pellets. We showed him where the dog was before we left. We left very clear instructions. He kept in touch with us throughout the trip. This morning he text that the dogs didn’t want to eat their breakfast. When we get home, I see the remaining food and ask my husband “what the hell is in their food bowls?” We mix their food with hot water and goat milk and a prebiotic so it was like a black sludge. Ew.

We go upstairs and they have obviously been sick all over our bed. 🤮 poor babies were starved for two days. They clearly consumed some on the first night we were gone bc it was in their sick.

I have called their vet and they will call me back bc it’s a Sunday. Just suggested to keep an eye on them. They have since eaten a regular meal.

Hopefully this doesn’t make them sick.

What would you all do in this situation? My husband called our sitter and informed him of the mistake and is planning on just chatting to him about how dangerous it is and let it be a teaching lesson for him.

I can’t help but be very angry.

***Some of OOP's Comments:***

Commenter: Take the pups to the vet. Who knows what's in that stuff. Alternatively, there is a national SPCA poison control hotline you can call for $99 and get advice immediately. (888) 426-4435 anytime day or night. I have used them and they are very good.

>**OOP:** Thank you. Yea I called them. They said traeger pellets are not toxic but could cause gastro intestinal issues such as blockage or distress. So they advised to keep an eye on them and if they throw up their food to take them in to the ER vet

Commenter: Not trying to be contrary, but I personally feel like Poison Control is wrong in this, unless they looked up the SPECIFIC bag of pellets you have... As different traeger pellets have different woods/ingredients.

From Google:

>The primary ingredients are various hardwood species like oak, hickory, maple, and cherry, depending on the specific pellet blend. While the wood is the main component, some blends may include other natural elements like used whiskey staves or flavor-infused oils.

The following are just a few trees that are toxic to dogs:

oak, cherry, peach, plum, horse chestnut, and yew

Without knowing what oils are infused into the pellets, you wouldn't know if they were toxic ones, either.

>**OOP:** That’s actually a great point. I did tell them the ingredients. Hickory, maple wood and the brand. Kirkland.  
I did not know that those trees were toxic to dogs. Thank you for your thoughtful and detailed response. I truly appreciate it.

Commenter: I’d be furious and I would involve Rover. That’s crazy. How can you advertise yourself as a sitter if you can’t even tell what dog food looks like?! Presumably the other pellets don’t have a huge pic of a happy dog on the front! I’d be asking for any vet bills to be covered at a minimum.

>**OOP:** To be fair, our dog food also doesn’t have a picture of a dog on it. But it’s stored in an airtight container labeled dog food. The pellets were in the original pellet bag on the floor with a bag clip on it. So directly next to the dog food.  
I’m so angry. I’m so worried about my dogs and my husband just wants to chat to the sitter and share with him his mistake. And keep an eye on the dogs. I called the emergency pet poison control, they told me if they already vomited and have eaten to keep an eye for further vomit and if they continue to show signs of discomfort to take them in. I want to take them anyways. 😵‍💫

Commenter: I wonder if the kid's illiterate.

>**OOP:** I would assume so. Bc this mistake is something that only a really stupid or illiterate person could make. Or a malicious person. But he goes to the university of Michigan and can text totally normally.

Commenter: Whoa, when you said ""really nice kid"" I assumed you meant like, a ten-year-old. A university student makes this a lot scarier. This thread makes me not trust Rover.

>**OOP:** Right. Sorry about that. He’s a kid to me but no he’s a fully grown adult. This is my second not great experience with Rover. Last time we had someone dog sitting for a week and she just left the back door to my house open, mid winter, so she didn’t have to let the dogs out. We returned home to a mess of muddy dog paws all over the entire house.  
Now I don’t trust rover. Really sad.

Commenter: It's 100% the sitter's fault, but... why do you have things that can't be eaten in the pantry? I'm really curious.

>**OOP:** Great question. I have since moved them. We normally store them there bc it’s cooler than the shed and less moisture. They have been relocated to a storage closet

Commenter: As someone who pet sits for family (family only bc I know their dogs well), and literally one of the first questions is ""Where is the dog food?"" But I also do have to ask, did you go over things in person? Or did he just unlock the door and come in? I know its labeled dog food, but MAYBE he thought it was extra? My aunt has left the remainder of the food she puts in a container right next to it.

>**OOP:** He came over twice for about 30 minutes each time before we left. The final time on the day we were leaving so we could go over everything with him again and so he could get comfortable with the dogs. We also sent him a detailed list of important information via the notes app.

*Someone finds the specific brand:*

**UnburntAsh:** Is this the one you have?

[https://www.costco.com/kirkland-signature-premium-blend-bbq-hardwood-pellets%2C-40-lb.product.100980516.html](https://www.costco.com/kirkland-signature-premium-blend-bbq-hardwood-pellets%2C-40-lb.product.100980516.html)

I ask because it has oak and cherry, which are toxic to dogs.

>**OOP:** You know what, yes. That is the one we have. Okay. Gotta go. Heading to the emergency vet now. Thank you again for your due diligence.

**Update 1 (Same Post): 1-3 hours later**

Update we contacted Rover. They opened a report and said they would contact the sitter and email us back in 24 hours. They also stated that we have $25,000 in insurance coverage should our dogs need the vet. (I’m sitting at the emergency vet now) rover stated that the sitter will likely get a “slap on the wrist and possibly some training but will not be removed from The platform unless an additional incident occurs.

Someone in the comments was incredibly helpful with information about which wood is toxic to dogs. Turns out that there was wood that is toxic to dogs in the pellets we had. Which is why I chose to bring them to the emergency vet.

I will update again once I have any more info.

**Update 2 (Same Post): June 30, 2025 (Next Day)**

UPDATE NUMBER 2 emergency vet saw No obstructions thank god. But we’re watching for signs of kidney failure from the toxic wood types in the pellets. Both dogs had bowel movements this morning and kept down their food last night.

Thank you to everyone in this post for your positive vibes for our girls. This has been so stressful. I’m glad they are seemingly okay. This could have been a lot worse

***Some of OOP's Comments:***

Commenter: Why are the traeger pellets in the pantry? We have a Traeger and know what the pellets look like. That has to be one incompetent person to mistake it for dog kibble. Wow! I hope Rover does pay the vet bills.

I feel so bad for your pups. I can’t imagine your confusion, and pain at knowing your pets were mistreated.

>**OOP:** I agree. It makes no sense to store them there. I’ve moved them several times because I hate them in the pantry. My husband keeps moving them back saying “the bag says to store them in a cool dry place” okay fine. We have another storage closet and a garage but he says the garage gets too hot. I think that’s crazy talk. I put them in the shed. Bc I’m over the space they take up and this mistake sent me spiraling.  
I was up all night with my girls at the vet and then once we got home. I’m glad they have both had bowel movements and have seemingly normal energy levels. And no obstructions. But my brain keeps telling me “what if the xray missed something”

*OOP reflects more after someone asks if the sitter had a visual impairment:*

>Yea he can see. No visual impairment that I’m aware of. The thing that sticks to me is that we showed him where the food was and had him shadow us to feed the dogs the morning we left-so that he could visually see where it was and what to put in it. Instead of leaving it to chance with just a list. Because I wanted to be extremely thorough. AND he texted us in the evening “hey where’s the measuring scoop for the dog food?” And we said “in the bag of dog food inside the container” at that point he could have said “it’s not in the bag can I call you to make sure I’m doing this right” instead he just measured with whatever and fed them the pellets.

Commenter: A 21 year old college student doesn't accidentally mix up labeled dog food and labeled wood pellets.

My alarm bells for this being intentional instead of just ""an accident"" are going off, especially with how he has not reached out at ALL.

>**OOP:** He did call my husband back and apologized profusely. I also reported it to Rover. My trauma made me question if this was intentional but I don’t think it was. I think he’s incompetent

**Editor's Note:** OOP commented on different, unrelated posts in the last couple of days so I think we can assume the dogs are doing ok.",LucyAriaRose,BestofRedditorUpdates,2025-07-07T04:02:23.000Z,2026-07-22T16:28:56.340Z,https://www.reddit.com/r/BestofRedditorUpdates/comments/1ltkk5x/our_dog_sitter_accidentally_fed_our_dogs_traeger/,2925,30-07-2026 07:36
t3_1uo636s,post,10/10 had this all by myself,Emmie1236,Aajmainekhaya,2026-07-05T16:10:43.000Z,2026-07-22T16:28:56.353Z,https://www.reddit.com/r/Aajmainekhaya/comments/1uo636s/what_i_ordered_from_bbq_nation_today/,106,30-07-2026 07:36
n1r3c3p,comment,"#Do not comment on the original posts

Please read our [**sub rules**](https://www.reddit.com/r/BestofRedditorUpdates/wiki/subrules). Rule-breaking may result in a ban without notice.

If there is an issue with this post (flair, formatting, quality), reply to this comment or your comment may be removed in general discussion.

**CHECK FLAIR** For concluded-only updates, use the [CONCLUDED](https://www.reddit.com/r/BestofRedditorUpdates/search?sort=new&restrict_sr=on&q=flair%3ACONCLUDED) flair.


*I am a bot, and this action was performed automatically. Please [contact the moderators of this subreddit](/message/compose/?to=/r/BestofRedditorUpdates) if you have any questions or concerns.*",AutoModerator,BestofRedditorUpdates,2025-07-07T04:02:23.000Z,2026-07-22T16:28:56.340Z,https://www.reddit.com/r/BestofRedditorUpdates/comments/1ltkk5x/our_dog_sitter_accidentally_fed_our_dogs_traeger/n1r3c3p/,1,30-07-2026 07:36
ovph0e4,comment,"Hi u/Emmie1236

Welcome to r/Aajmainekhaya!

If you enjoy the discussions here, please consider joining the community using the **Join** button. It helps you stay updated with new posts and supports the growth of the subreddit.

Before participating, please take a moment to read the [community rules](https://www.reddit.com/r/AajMaineKhaya/about/rules).

We hope you enjoy your stay in r/Aajmainekhaya!


*I am a bot, and this action was performed automatically. Please [contact the moderators of this subreddit](/message/compose/?to=/r/Aajmainekhaya) if you have any questions or concerns.*",AutoModerator,Aajmainekhaya,2026-07-05T16:10:45.000Z,2026-07-22T16:28:56.353Z,https://www.reddit.com/r/Aajmainekhaya/comments/1uo636s/what_i_ordered_from_bbq_nation_today/ovph0e4/,1,30-07-2026 07:36
ovplrp0,comment,How much did this cost,dankdutta,Aajmainekhaya,2026-07-05T16:33:01.000Z,2026-07-22T16:28:56.353Z,https://www.reddit.com/r/Aajmainekhaya/comments/1uo636s/what_i_ordered_from_bbq_nation_today/ovplrp0/,8,30-07-2026 07:36
ovpoh4y,comment,₹850  for non veg combo,Emmie1236,Aajmainekhaya,2026-07-05T16:45:35.000Z,2026-07-22T16:28:56.353Z,https://www.reddit.com/r/Aajmainekhaya/comments/1uo636s/what_i_ordered_from_bbq_nation_today/ovpoh4y/,2,30-07-2026 07:36
ovprpxu,comment,You could've got a full non veg buffet in that price.,dankdutta,Aajmainekhaya,2026-07-05T17:00:24.000Z,2026-07-22T16:28:56.353Z,https://www.reddit.com/r/Aajmainekhaya/comments/1uo636s/what_i_ordered_from_bbq_nation_today/ovprpxu/,15,30-07-2026 07:36
ovppj8o,comment,"Tbh I would prefer biryani blues over BBQ nation's biryani. The other dishes overpowers the flavor of biryani too much in this meal so, yeah ",Emmie1236,Aajmainekhaya,2026-07-05T16:50:27.000Z,2026-07-22T16:28:56.353Z,https://www.reddit.com/r/Aajmainekhaya/comments/1uo636s/what_i_ordered_from_bbq_nation_today/ovppj8o/,3,30-07-2026 07:36
ovqfbmz,comment,"Bro thalairaj even on my death bed , best biryani out there , after this biryani blues... 

If you don't like spicy then biryani blues 1st and thalairaj...",vcxzdf,Aajmainekhaya,2026-07-05T18:47:20.000Z,2026-07-22T16:28:56.353Z,https://www.reddit.com/r/Aajmainekhaya/comments/1uo636s/what_i_ordered_from_bbq_nation_today/ovqfbmz/,1,30-07-2026 07:36
ovqsazu,comment,Where are the prawns?? I love it lol,Powerful_Travel_6952,Aajmainekhaya,2026-07-05T19:48:16.000Z,2026-07-22T16:28:56.353Z,https://www.reddit.com/r/Aajmainekhaya/comments/1uo636s/what_i_ordered_from_bbq_nation_today/ovqsazu/,2,30-07-2026 07:36
ovtmvgk,comment,Look there in the side of 2nd box,icecoldpd,Aajmainekhaya,2026-07-06T04:54:32.000Z,2026-07-22T16:28:56.353Z,https://www.reddit.com/r/Aajmainekhaya/comments/1uo636s/what_i_ordered_from_bbq_nation_today/ovtmvgk/,1,30-07-2026 07:36
t3_1n29v3r,post,"SOOO PRETTY! Super quiet, very stable, beautiful fresh interior, seats are a little firm (overall pretty good) but the cafe car is awesome. Amtrak staff were super happy and I had an absolute BLAST! Hope y’all get a chance to ride it sometime :)",Furryareospaceengr,Amtrak,2025-08-28T11:38:38.000Z,2026-07-22T16:28:57.045Z,https://www.reddit.com/r/Amtrak/comments/1n29v3r/omg_guys_i_went_on_it/,4201,30-07-2026 07:36
nb45901,comment,"r/Amtrak is not associated with Amtrak in any official way. Any problems, concerns, complaints, etc should be directed to Amtrak through one of the official channels.

*I am a bot, and this action was performed automatically. Please [contact the moderators of this subreddit](/message/compose/?to=/r/Amtrak) if you have any questions or concerns.*",AutoModerator,Amtrak,2025-08-28T11:38:38.000Z,2026-07-22T16:28:57.045Z,https://www.reddit.com/r/Amtrak/comments/1n29v3r/omg_guys_i_went_on_it/nb45901/,1,30-07-2026 07:36
nb7b1mn,comment,Congrats! Was it fast?,Abandoned_Railroad,Amtrak,2025-08-28T21:01:22.000Z,2026-07-22T16:28:57.045Z,https://www.reddit.com/r/Amtrak/comments/1n29v3r/omg_guys_i_went_on_it/nb7b1mn/,3,30-07-2026 07:36
t3_1eslt68,post,"**I am NOT OOP, OOP is** u/Valuable_Channel_522

**Originally posted to r/AITAH**

Previous [BoRU](https://new.reddit.com/r/BestofRedditorUpdates/comments/1eh7bxj/aitah_for_being_upset_my_husband_is_sharing_a/)

**[New Update]: AITAH for being upset my husband is sharing a hotel room with another woman.**

**NEW UPDATE MARKED WITH** ----

**Trigger Warnings:** >!mentions of infidelity, emotional manipulation, neglect!<

------------------------------

**RECAP**

[Original Post](https://www.reddit.com/r/AITAH/s/cGd5ok830J): **July 16, 2024**

My (36F) husband (42m) is currently in Las Vegas for a National bowling tournament. He is there with his mom and her friends/folks from their bowling league. He is an avid bowler - bowls in a Tuesday night league, often in state tournaments and sometimes in National tournaments. Typically I go with and sometimes bowl myself. This year, we decided I would not go, but stay home with our three boys (ages 4,8,10) due to heat and smoke in Vegas in July.

My husband and I have been married for 11 years. This is his second marriage. His first marriage failed because he walked in on his wife cheating on him with another man. I have never, not once, thought that he would ever be intimate with another woman while he was with me. He’s just not that type.

So, on to this trip. Typically when he goes on a trip without me (at least one a year given my job and time off requirements) he stays in a hotel room with his mom or our boys. 

Three nights ago, I was on FaceTime with him while he was in his hotel room. It was really nice and he was talking about possibly taking a nap for lack of sleep. I asked if he had his room to himself (because that would have been awesome) and he said “oh no, (?) is sharing with me”. I asked him who that was, and he said something - I don’t remember - aside from “she”. I said “wait What?!?” 

And then he went on to explain that he was supposed to share the room with his moms boyfriend, but plans changed and now he is sharing the room with another woman on the trip. He told me that I played cornhole with her last month at a get together. I reminded him who I had played cornhole with (him and a girl, but not one with the name he was giving me - I have no idea who this woman is) at which point he got very confused. He did not understand why I was upset or frustrated - so I dropped it because I did not want to deter from his time and his bowling. I know I should have asked how he would have felt if the roles were reversed - but I didn’t. Partly because I didn’t want to fight (we hardly ever fight) while the kids were up, and partly because I didn’t want to hear him chalk it up to my imagination. I have hardly slept since that night, and my dreams have been chock full of worst case scenarios, and still I have not really brought it up again. 

There have been a few occasions in which he has talked about taking naps and how lame he is in Vegas. I have mentioned a few times - sort of sarcastically as a side, that he would be having more fun if he were sharing a room with me, or if I was there instead of his present company - but he has brushed it all aside. So here we are: he has spent the last three nights in a hotel room with a woman that is not me or his mother - AMITA for being upset?

******************************

Edited to get rid of some names - husband is coming home tonight and we will talk. I'm hoping its 82 year old grandma ;)

******************************

[UPDATE]

Ok, so I took some advice and grew ""a backbone"". I texted him a little while ago instead of waiting until he got home - he and our boys are leaving for another trip tomorrow morning (I could not get the time off of work) so I wanted to make sure we had the conversation fully before he left again.

Before I give the update, I wanted to make a couple of things clear:

I do trust my husband. He has never shown he would be the kind of person to cheat, and that is not what truly concerned me. Even though I did have some pretty unpleasant dreams. My issue was that he was not upfront and honest with me. If I had done the same thing, he would have lost his mind - understandably. This is why I started the original post with ""he's just not that type"".

We do generally have great communication - the issue here is that I like to have this kind of conversation face to face rather than over the phone. It's just not something I like to hash out while we are not in the same space. Obviously, in this situation, I should have made the exception, and have now done so.

Now, for the update:

I texted him today to tell him that this situation has been bothering me for the last three days - I had questions and we needed to have this conversation. I asked who the woman was, how old she was and why didn't he tell me about the situation before I found out by accident.

There was a mixup with the rooms, something about someone not going so people were shuffled. He was paired with a woman about my age. He said he didn't think it would be a big deal and didn't want to inconvenience everyone else on the trip. He also said he did not want to upset me, which is why he didn't right out tell me about it. He did tell me that I never had anything to worry about and he made sure they weren't in the room alone together aside from when they were sleeping. I know, I know - but I really do believe him on this.

I was honest with him and told him that if roles were reversed, out of respect for him, I would have called him right away to make sure he was ok with it. I told him that while I trust him implicitly, I should not have found out the way that I did. And he should not have blown off my concern. I told him that the lack of upfront communication felt suspicious, regardless of intention or what actually happened. As for not upsetting me, I told him I would have understood and not been upset if he had just been honest.

He has apologized profusely. I told him next time to just communicate - he is adamant there will not be a next time.

So, call me naive if you want, but I am dropping it at this point. He will be home this evening and I intend on having a nice evening with him before I don't see him again for another two weeks.

Thank you for the advice - I cried it out when I found out her age, but getting this off my chest has been very relieving.

&nbsp;

[Update #2](https://www.reddit.com/r/AITAH/s/PTMEF3XjjO): **July 25, 2024**

I am not handling this as well as I thought I was.

I had decided to let it go - I know he wasn’t doing anything with this other woman. You can disagree and call me crazy if you’d like - but I do know that.

However - as much as I have tried, I can’t get past the fact that he made the decision to do something he knew I wouldn’t be ok with, and not tell me about it. It all feels - just so messed up.

I have talked to a few of my co-workers (I don’t have really any friends that aren’t friends of his that I talk to on a regular basis - and there is no way I will talk to my family because that is a shit storm I can’t handle right now) and they are all shocked and more angry for me than I have let myself be (most of them know him, the kind of person he is and what ended his first marriage - he used to work at the same company).

We had less than 24 hours together before he, his mom and all three of my children took their trip to the other side of the United States. I have been sitting in my feels and will continue to do so until they get back - almost another week from now.

I was on the phone with them this evening before they went to bed, and one of the first things my husband said to me was: “I’m sharing a bed with a red head tonight”. And I almost came unglued before I realized he was talking about one of our boys (we have three sons). After a very long pause, I said “you better be talking about —-“ and I was so angry I don’t understand how he didn’t pick up on that.

Every conversation we have had has been short and to the point because I’m really just not interested in talking to him. I have been calling my oldest son, and talking with my boys instead. His mom hasn’t really said much to me - which makes me think he has said something to her. Which is fine of course - I really don’t care about that.

Bottom line is: I don’t know what to do. It is midnight at home, I tried to go to bed two hours ago and just could not stop sobbing - so I got up and let it go. It felt good to get it out but I know I need to talk to someone. I have support lines through work I can call, but won’t tonight - far too many drinks and I don’t want to bring that into it as well - but I will call tomorrow.

I know I should be upset and angry and not let it go. But I am afraid when I do talk to a professional they will say I’m blowing it out of proportion. I will still call, but I need to get my head straight first.

He is bicycling for seven days - over 400 miles - so as much as I want to tear him a new one right now (especially after his completely insensitive and clueless joke this evening) I have not. Because I want him home safe and sound.

Regardless of my feelings in this moment - the most important thing is that my children’s dad comes home safe so we can hash this out at least in the same city and not while he is 1,000 miles away. With his mom. And my children.

&nbsp;

----------------------------

#----NEW UPDATE----

[Update #3](https://new.reddit.com/r/AITAH/comments/1enjw3h/update_3_aith_for_being_upset_my_husband_share_a/): **August 8, 2024**

Last Post: https://www.reddit.com/r/AITAH/comments/1ebnurz/update_2_aitah_for_being_upset_my_husband_shared/

Original Post: https://www.reddit.com/r/AITAH/comments/1e4gscc/aitah_for_being_upset_my_husband_is_sharing_a/

I am sorry it has been a bit since I have updated - things have been....a lot. I am also sorry this post is very long....

My family came home a day early, so I took two extra days off of work to see them and figure things out with my husband. After we had unloaded and put everything away, we had dinner and watched a show. After putting the boys to bed, my husband and I went to our room. It was pretty clear he thought he was going to get lucky, because he was very confused when I turned the light on.

I told him that I had questions and I needed him to answer them. He was hesitant but agreed. I asked him who this woman is, how old and is she married. I still don't know who she is, but he did confirm she is YOUNGER than me, and not married. I then asked who made the decision he would be sharing a room with her. He said that his mom said it would be really great if they shared so she could spend the three nights with her boyfriend/not boyfriend. I asked him why he didn't tell me about it, he said he was just so tired and had had such a long day he didn’t think about it. (conflicting with his earlier: I didn't want to upset you...). He said that he didn't think I would ever question his intentions so why would he think he would have to tell me. I told him it wasn't about questioning his intentions or fidelity, it's that what they did was completely inappropriate and disrespectful to me and our marriage. And at the absolute very least, he should have sent me a quick text explaining the situation. I also told him that his mom is not always right.

He apologized profusely, said he shouldn't have put his mom before me, he didn't think it would be a thing because he would never try to hurt me and he thought I knew that. All the things. And we honestly talked it out and worked through things for a solid few hours. We came to a really good place and connected for the first time in a long while.

Then he went to work the next day - which hurt because I didn't really have the time to be calling in, I am severely behind at work - but I did anyway because I wanted to do the right thing for us and to take care of us. But because he just spent two weeks going all over the country doing something super fun and now he is super behind in his job, he couldn't afford to take anymore time off. So that really hurt - but I let it go because he really was behind and I at least had the boys that I got to catch up with.

That day my mom called to see what we were doing for my birthday which was two days away. I had honestly forgotten about it with everything, so I told her I didn't know and asked if my husband had called her. She said he had not. So I told her I would let her know when we came up with a plan. 

That night, I asked him if he had a plan, and he said ""oh I don't know, what do you want to do?"". And that really really hurt, but I let it go because we have had so much going on. I told him it would be great if we had a BBQ and he invited people and got the groceries and he agreed. I specifically asked if he would call my mom. He did get some of the groceries, but not all of them. And he did surprise me with a cake. But that was it. I ended up inviting everyone last minute, having to apologize along the way, and had to go to the store twice to get the rest of the things we needed. 

At the party, he started showing our friends the pictures from his trip - pictures I haven't even seen yet. I was so mad, upset, frustrated. He didn't catch on. So then it came time for gifts - his was a card game and a backrub. I felt like I was just slapped in the face. To be clear: I don't place a high value on gifts - if you get me something great, if you don't, that's fine. 

But he didn't get me anything for Mother's Day, but I got him a whole slew of things for Father's day for his trip and an xbox game he wanted. (I also planned each of those days by myself). And he just went to the other side of the country, and all he thought to grab for me was a card game? I didn't want to fight in front of our friends, so I let it be. I didn't really expect more than that anyway - but it still hurt.

Then I went back to work and things were...meh. Anything he did irritated me. Anything his mom did irritated me. I was getting so frustrated and sad and angry and just not myself. Then I had a medical issue (something that pokes it's little head back up every five years like clock work, but I had been ignoring because of everything going on) come back and I went to our urgent care to take care of it. But I had to take care of all sorts of things first so that me going to the dr. didn't hamper my husbands day, so I was really irritated in the morning. It didn't help that his mom came over and I just can't handle her right now. It also didn't help that he told me that morning about all the plans he had come up with for our sons birthday in a few weeks. 

I was mad at myself for being upset (i should be stoked my husband is thinking about our son and wanting to give him a great birthday party) but I was so deflated and sad and angry in that moment. But he had to go to work so I left it alone. So before I went, I sent him a text apologizing for being irritated. I told him that I'm not in a good place mentally or physically and am really struggling. He asked how he could help, and I responded that I really didn't know. And then I saw the dr. and he referred me to surgery. This will be the third time I have had surgery for this.

I was so frustrated and sad and hurt, I decided to just put it all out there. And since he can't seem to find the time to actually talk to me, I texted him a novel. Laying out everything that is on my mind. The trip, my birthday, him not taking time, my sons birthday, all of it. After an hour he had not responded, so I sent him another text saying that maybe he could just tell me I'm not crazy and we will get through this together, or something like that at least. He responded to that saying that he loves me and has lots to say but can't say it over the phone.

So then I went to work and did the things. I felt a little better he didn't discredit all of my frustrations so things were...ok. That night he called to tell me he loved me and was going to take the next day off to spend with me (it was also my day off). I was pretty darn stoked.

The next day I asked him what were the things he wanted to say. And he said he didn't want to say it in front of the kids. So then that I night I asked him again, and he said that we have been having such a great day, he didn't want to ruin it and me get all emotional so he wasn't going to say it then. I felt like I had just been punched in the gut. So wait - you have been so nice since I texted you, but now I'm going to be sad and upset? What is going on?

It is now the next day, and I just asked him again. He completely blew me off and went to town to pick up our son from camp.

I am at a loss. I don't know what to do. I can only ask him to talk to me so many times. He doesn't share his thoughts or emotions often, but I would think he would do it now right? I don't know what to do.

**Relevant Comments**

**cthulularoo:** holy shit, you're not even an afterthought to this guy. You're don't have any importance in his life. You're just there. He'll just tell you stuff to get you off his case and then just keep ignoring you.

> **OOP:** That is definitely how I feel

**OOP responds to multiple comments on seeking for a professional counselor to help navigate the next steps and find a thing to do that helps OOP feel happy**

> **OOP:** Oh my gosh, thank you so much for your kind and understanding reply! I have made a few calls with no responses yet and quite a few say they are not taking new clients. Keeping my fingers crossed though - I do agree, I need an outside perspective other than Reddit

+

> Thank you! I have used our system, but I still have to call. They helped narrow it down but I have to make an appointment- I get 6 free sessions which is great. I just need someone to call me back 😞
> 
> Thank you for the advice - I will try. I did get in two chapters of the book I’m reading this week, and have taken extra time with my boys. I needed that ❤️

**Ladyvett:** I think that woman on the trip was more important than he’s letting on. His mother would not be welcome in my house again until she apologizes to my face. No more trips alone for any reason for a very long time. He needs to have consequences and you’re letting him coast. He’s trying to wait you out. Updateme

**Dachshundmom5:** I don't know why you just keep ""letting things go"" and deluding yourself that you're in a good place.

Your husband was in a hotel room with a younger woman for days. He gaslit you that it's no big deal and acting like you're the crazy one for thinking it's a problem. In what world are things okay after that? How much of a doormat has he made you that 1 conversation blows that over?

Your MIL set him up to cheat on you. In no world is him sharing a room with a younger single woman appropriate. He knows that. She knows that. If you think he's a good boy, I don't know what kind of blinders you have on or kool aid you're drinking, but stop.

He blew off your birthday. He couldn't even muster going to the grocery store. Let alone sending some texts.

He was away from you for 2 weeks and couldn't even bring you some postcards from along the way? My son was on a school trip for 4 days. He brought me all kinds of little things because he was in a gas station and saw this pretty postcard I would like. Or at this gift shop and thought that key chain was something I would like. So, your husband is less considerate than a teenager on a school trip with all his teenage buddies?

He gives you bullshit after bullshit and just pretends things are fine.

You lay it all out there via text and again, he blows you off. Gives you some love bombing in the form of family time, and expects to sweep it under the rug. He's hoping to wait you put before you find out what he actually did in that hotel room. Or how many times he's met that woman before. Or just to make sure he can feed you bullshit after betraying your marriage with his mom's help and you'll just ignore it.

At some point, you have to acknowledge you have a shitty husband and a VERY unhealthy marriage. How many ways does he have to show you you're not a priority, he doesn't respect you, and he could not care less about your feelings before you believe him?

&nbsp;

Latest Update here: [BoRU #3](https://redd.it/1f1f7g2)

&nbsp;

# **DO NOT COMMENT IN LINKED POSTS OR MESSAGE OOPs – BoRU Rule #7**

# **THIS IS A REPOST SUB - I AM NOT OOP**",Choice_Evidence1983,BestofRedditorUpdates,2024-08-15T04:02:07.000Z,2026-07-22T16:28:58.840Z,https://www.reddit.com/r/BestofRedditorUpdates/comments/1eslt68/new_update_aitah_for_being_upset_my_husband_is/,4363,30-07-2026 07:36
if3f0y4,comment,Can I work for you? This is fucking magical.,i-always_say-fuck,MaliciousCompliance,2022-07-06T16:48:31.000Z,2026-07-22T16:28:57.950Z,https://www.reddit.com/r/MaliciousCompliance/comments/vsuaqu/you_demanded_my_entire_team_be_at_the_office_for/if3f0y4/,14804,30-07-2026 07:36
if3r2nf,comment,Yeah this made reddit worth reading today.,rockstang,MaliciousCompliance,2022-07-06T18:08:42.000Z,2026-07-22T16:28:57.950Z,https://www.reddit.com/r/MaliciousCompliance/comments/vsuaqu/you_demanded_my_entire_team_be_at_the_office_for/if3r2nf/,37,30-07-2026 07:36
li7y7x0,comment,“I can’t discuss any emotional issues because then you might get emotional”,Stunning_Strength522,BestofRedditorUpdates,2024-08-15T10:59:12.000Z,2026-07-22T16:28:58.841Z,https://www.reddit.com/r/BestofRedditorUpdates/comments/1eslt68/new_update_aitah_for_being_upset_my_husband_is/li7y7x0/,60,30-07-2026 07:36
li7axee,comment,Exactly. I was so tired just reading it.,Luffytheeternalking,BestofRedditorUpdates,2024-08-15T06:54:18.000Z,2026-07-22T16:28:58.841Z,https://www.reddit.com/r/BestofRedditorUpdates/comments/1eslt68/new_update_aitah_for_being_upset_my_husband_is/li7axee/,7,30-07-2026 07:36
iiv84ku,comment,Being at the diner at 4am after a night out with friends is pretty awesome,flowers4u,AskReddit,2022-08-04T02:46:58.000Z,2026-07-22T16:28:59.552Z,https://www.reddit.com/r/AskReddit/comments/wfiged/nonamericans_of_reddit_what_is_an_american_thing/iiv84ku/,3207,30-07-2026 07:36
iivnkwx,comment,"Can I interest you in our lord and savior Waffle House?

Edit: and one of my most upvoted comments is about the Awful Waffle.  Thanks for the gold, silvers, and other awards kind redditors.",ShadowDV,AskReddit,2022-08-04T05:06:45.000Z,2026-07-22T16:28:59.552Z,https://www.reddit.com/r/AskReddit/comments/wfiged/nonamericans_of_reddit_what_is_an_american_thing/iivnkwx/,3813,30-07-2026 07:36
iiv1c9u,comment,"It's harder to find than it used to be, but I applaud this goal.  It really is a great experience.  Diners are much more common on the East coast (New Jersey / Pennsylvania in particular is frequently considered the heart of American diners), but my personal favorite is [Mickey's Diner](https://en.wikipedia.org/wiki/Mickey%27s_Diner) in St. Paul, MN.  Nothing quite beats that ambiance.",tenehemia,AskReddit,2022-08-04T01:52:08.000Z,2026-07-22T16:28:59.552Z,https://www.reddit.com/r/AskReddit/comments/wfiged/nonamericans_of_reddit_what_is_an_american_thing/iiv1c9u/,56,30-07-2026 07:36
iivp3st,comment,"When my best friend and I were 21 we had this ritual of leaving social gatherings early so we could go to denny’s and drink coffee and just talk. We would sit in there for hours sometimes just talking over too many cups of coffee just enjoying each other’s company. 
Great times of hiding out in the middle of the night.",almagura,AskReddit,2022-08-04T05:22:48.000Z,2026-07-22T16:28:59.552Z,https://www.reddit.com/r/AskReddit/comments/wfiged/nonamericans_of_reddit_what_is_an_american_thing/iivp3st/,43,30-07-2026 07:36
iivu3ko,comment,"There’s something about the buzz from the heavy drinking a few hours earlier, your body wants to so badly to go to sleep, the good company and when the pancakes/waffles hit your mouth… It’s ecstasy",321spacecowboy,AskReddit,2022-08-04T06:19:23.000Z,2026-07-22T16:28:59.552Z,https://www.reddit.com/r/AskReddit/comments/wfiged/nonamericans_of_reddit_what_is_an_american_thing/iivu3ko/,1120,30-07-2026 07:36
iiwim76,comment,\* waffle home,c0smiccowgirl,AskReddit,2022-08-04T11:30:17.000Z,2026-07-22T16:28:59.553Z,https://www.reddit.com/r/AskReddit/comments/wfiged/nonamericans_of_reddit_what_is_an_american_thing/iiwim76/,543,30-07-2026 07:36
imbkk6g,comment,"Grasslands evolved in symbiosis with large grazing animals. It's really not surprising. We should be reintroducing these animals wherever we can. 

Yes, a few times per year, someone will get too close with their cell phone and will die. 

That's just reality.",[deleted],science,2022-08-29T23:43:46.000Z,2026-07-22T16:29:01.246Z,https://www.reddit.com/r/science/comments/x11s2u/reintroducing_bison_to_grasslands_increases_plant/imbkk6g/,2392,30-07-2026 07:36
t3_1u82vhm,post,"Going all alone if anyone can join HMU

Note: I'm 20 so only same age group dm me ",AloneManchild,Bhopal,2026-06-17T07:00:06.000Z,2026-07-22T16:29:03.946Z,https://www.reddit.com/r/Bhopal/comments/1u82vhm/going_bbq_nation_tomorrow_630pm_anyone_wanna_join/,1,30-07-2026 07:36
osa4ga8,comment,I'm going for veg buffet only,AloneManchild,Bhopal,2026-06-17T23:18:02.000Z,2026-07-22T16:29:03.946Z,https://www.reddit.com/r/Bhopal/comments/1u82vhm/going_bbq_nation_tomorrow_630pm_anyone_wanna_join/osa4ga8/,1,30-07-2026 07:36
os5zqde,comment,How much for non veg ? 🥹🙂‍↔️,Huge_Canary_6200,Bhopal,2026-06-17T11:48:04.000Z,2026-07-22T16:29:03.946Z,https://www.reddit.com/r/Bhopal/comments/1u82vhm/going_bbq_nation_tomorrow_630pm_anyone_wanna_join/os5zqde/,1,30-07-2026 07:36
osa4i36,comment,I'm veg,AloneManchild,Bhopal,2026-06-17T23:18:19.000Z,2026-07-22T16:29:03.946Z,https://www.reddit.com/r/Bhopal/comments/1u82vhm/going_bbq_nation_tomorrow_630pm_anyone_wanna_join/osa4i36/,1,30-07-2026 07:36
osb0ibl,comment,560rs at dinner time,AloneManchild,Bhopal,2026-06-18T02:22:55.000Z,2026-07-22T16:29:03.946Z,https://www.reddit.com/r/Bhopal/comments/1u82vhm/going_bbq_nation_tomorrow_630pm_anyone_wanna_join/osb0ibl/,1,30-07-2026 07:36
osb0nci,comment,360rs at lunch time,AloneManchild,Bhopal,2026-06-18T02:23:46.000Z,2026-07-22T16:29:03.946Z,https://www.reddit.com/r/Bhopal/comments/1u82vhm/going_bbq_nation_tomorrow_630pm_anyone_wanna_join/osb0nci/,1,30-07-2026 07:36
oscpmcy,comment,"bro nowayy bbq nation , try pirates of grill

",GrandAffectionate979,Bhopal,2026-06-18T10:12:46.000Z,2026-07-22T16:29:03.946Z,https://www.reddit.com/r/Bhopal/comments/1u82vhm/going_bbq_nation_tomorrow_630pm_anyone_wanna_join/oscpmcy/,1,30-07-2026 07:36
otw2f10,comment,Out of budget,AloneManchild,Bhopal,2026-06-26T08:05:22.000Z,2026-07-22T16:29:03.946Z,https://www.reddit.com/r/Bhopal/comments/1u82vhm/going_bbq_nation_tomorrow_630pm_anyone_wanna_join/otw2f10/,1,30-07-2026 07:36
mz1w4h1,comment,Perú es Clave.,Obvious-Durian-2014,ENA,2025-06-21T21:36:05.000Z,2026-07-22T16:29:04.046Z,https://www.reddit.com/r/ENA/comments/1lgobyk/bbq_would_be_peruvian_correct_if_not_what/mz1w4h1/,6,30-07-2026 07:36
t3_1t3aahg,post,"BBQ Nation ka food review dedo koi, kal jana h",Odd_Ad_8419,Jamshedpur,2026-05-04T07:06:55.000Z,2026-07-22T16:29:05.353Z,https://www.reddit.com/r/Jamshedpur/comments/1t3aahg/bbq_nation_food/,1,30-07-2026 07:36
on2lpxm,comment,"Rest in peace to my beloved Tofu House. You had the best soondubu and korean potato salad. I will love you forever


ETA: apparently there is lore that is missing for some of you. I don’t know the story why, all I know is that there were two Tofu Houses, open at the same time, and one was *MY* Tofu House. Yes, it was on Convoy, and yes, it is definitely closed. I’m not an expert on much, but I was an expert on Tofu House. I started going in 2010 and never stopped.

It had the red sign on the tallest pole, you could see the outlines of cactuses on the walls from when the place was a mexican restaurant with a mural inside. The other Tofu House does not taste the same as my Tofu House. They’re different businesses.

Okay ETA again: my Tofu House rebranded to Seoul Korean Tofu House at some point before permanently closing. It was at 4229 Convoy Street. [but this was how it looked when it was perfect. Goodbye, my love.](https://www.sandiegoreader.com/places/convoy-tofu-house/)",bassconfusion,sandiego,2026-05-21T15:17:44.000Z,2026-07-22T16:29:05.245Z,https://www.reddit.com/r/sandiego/comments/1tjn80r/san_diego_restaurants_that_closed_permanently_in/on2lpxm/,285,30-07-2026 07:36
on2vm0a,comment,"At least according to google maps, the Convoy location is still open. The one listed on this map was the Mira Mesa one.",silverfox361,sandiego,2026-05-21T16:01:29.000Z,2026-07-22T16:29:05.245Z,https://www.reddit.com/r/sandiego/comments/1tjn80r/san_diego_restaurants_that_closed_permanently_in/on2vm0a/,49,30-07-2026 07:36
ot4dcdz,comment,"The Canjun Potato is soo yum. Being a non vegetarian, this still has my heart 😁",InnerIntent_11,IndianFoodPhotos,2026-06-22T13:07:15.000Z,2026-07-22T16:29:05.341Z,https://www.reddit.com/r/IndianFoodPhotos/comments/1uci90y/which_bbq_nation_starter_are_u_reaching_out_for/ot4dcdz/,3,30-07-2026 07:36
ot47pmt,comment,Uffffff.Now I have a strong urge to go to bbq nation alone.,Suspicious-Sally-22,IndianFoodPhotos,2026-06-22T12:36:26.000Z,2026-07-22T16:29:05.341Z,https://www.reddit.com/r/IndianFoodPhotos/comments/1uci90y/which_bbq_nation_starter_are_u_reaching_out_for/ot47pmt/,2,30-07-2026 07:36
ot48xbf,comment,Trust me eating alone is one of the most underrated experiences.,miti_east,IndianFoodPhotos,2026-06-22T12:43:17.000Z,2026-07-22T16:29:05.341Z,https://www.reddit.com/r/IndianFoodPhotos/comments/1uci90y/which_bbq_nation_starter_are_u_reaching_out_for/ot48xbf/,1,30-07-2026 07:36
ot4oeh3,comment,Prawns,LazyShark124,IndianFoodPhotos,2026-06-22T14:03:20.000Z,2026-07-22T16:29:05.341Z,https://www.reddit.com/r/IndianFoodPhotos/comments/1uci90y/which_bbq_nation_starter_are_u_reaching_out_for/ot4oeh3/,2,30-07-2026 07:36
ot4sv7z,comment,Crispy Corn any day,shubham_555,IndianFoodPhotos,2026-06-22T14:24:30.000Z,2026-07-22T16:29:05.341Z,https://www.reddit.com/r/IndianFoodPhotos/comments/1uci90y/which_bbq_nation_starter_are_u_reaching_out_for/ot4sv7z/,2,30-07-2026 07:36
ot53mfx,comment,Potatoes. Those are yummy af,G40Momo,IndianFoodPhotos,2026-06-22T15:14:07.000Z,2026-07-22T16:29:05.341Z,https://www.reddit.com/r/IndianFoodPhotos/comments/1uci90y/which_bbq_nation_starter_are_u_reaching_out_for/ot53mfx/,2,30-07-2026 07:36
ot4ifm0,comment,Never been a buffet person and had a bad experience few months ago at Sunday brunch in a way more upmarket establishment (Marriott property) restaurant so doubt I'm visiting BBQ Nation in a jiffy. Never been though.,Babe_Brute,IndianFoodPhotos,2026-06-22T13:33:19.000Z,2026-07-22T16:29:05.341Z,https://www.reddit.com/r/IndianFoodPhotos/comments/1uci90y/which_bbq_nation_starter_are_u_reaching_out_for/ot4ifm0/,1,30-07-2026 07:36
ot4xt4t,comment,Chicken tikka,kyoshi_warior,IndianFoodPhotos,2026-06-22T14:47:25.000Z,2026-07-22T16:29:05.341Z,https://www.reddit.com/r/IndianFoodPhotos/comments/1uci90y/which_bbq_nation_starter_are_u_reaching_out_for/ot4xt4t/,1,30-07-2026 07:36
ot9ccqf,comment,How much it cost per person ,lmao_what04,IndianFoodPhotos,2026-06-23T03:41:05.000Z,2026-07-22T16:29:05.341Z,https://www.reddit.com/r/IndianFoodPhotos/comments/1uci90y/which_bbq_nation_starter_are_u_reaching_out_for/ot9ccqf/,1,30-07-2026 07:36
ojtt4t3,comment,aap mujhe har jagah dikh jaate ho 🤓 are you omnipresent??,FitProgrammer8825,Jamshedpur,2026-05-04T07:58:54.000Z,2026-07-22T16:29:05.353Z,https://www.reddit.com/r/Jamshedpur/comments/1t3aahg/bbq_nation_food/ojtt4t3/,1,30-07-2026 07:36
oju6rq4,comment,"Im sorry the sentence sounds wrong I meant to write ""to me you are omnipresent"" 😭",FitProgrammer8825,Jamshedpur,2026-05-04T10:02:35.000Z,2026-07-22T16:29:05.353Z,https://www.reddit.com/r/Jamshedpur/comments/1t3aahg/bbq_nation_food/oju6rq4/,2,30-07-2026 07:36
ct327lo,comment,"Here's the recipe, from my post at http://hostthetoast.com/bbq-chicken-mac-cheese/

Servings: 6

**Ingredients**  

1 pound macaroni pasta  
8 tablespoons unsalted butter  
1 jalapeño, seeded, stemmed and chopped  
1 small onion, sliced  
3 drops Liquid Smoke, optional  
1/2 cup all-purpose flour
3 3/4 cups whole milk
1 1/2 tablespoons kosher salt  
2 cups (8 ounces) Wisconsin aged cheddar cheese, shredded  
1 1/2 cups (6 ounces) Wisconsin smoked gouda cheese, shredded  
1/2 cup barbeque sauce, plus more to top  
1/4 teaspoon cayenne pepper  
8 ounces chicken breasts, cooked and shredded  
  cilantro  
  green onion, sliced  

**Directions**
 
Boil pasta until al dente in large pot of salted water. Drain pasta and set aside to dry.  
Return pot to stove and melt half of butter over moderate heat.   Add in jalapeño and onion and cook, stirring occasionally, until onion is golden-brown and softened, about 15 minutes.  
Add 3-4 drops of liquid smoke and stir.  
Melt remaining butter with jalapeños and onions, then stir in flour, a bit at a time, until completely combined. Continue to stir until flour turns golden and onions and jalapeños are well-coated, about 2 minutes. Slowly stir in milk and continue to stir until sauce is thick enough to coat the back of a spoon. Mix in salt.  
A handful at a time, stir in cheddar and gouda, making sure each handful is melted entirely before adding in next. Add barbecue sauce and cayenne pepper and mix until well-combined. Remove from heat and add cooked pasta and chicken breast. Mix well.  
Garnish with cilantro and green onion and drizzle with BBQ sauce. Serve warm.  ",morganeisenberg,FoodPorn,2015-07-14T16:27:23.000Z,2026-07-22T16:29:05.870Z,https://www.reddit.com/r/FoodPorn/comments/3d9oih/happy_national_mac_cheese_day_celebrate_with_some/ct327lo/,38,30-07-2026 07:36
ct4plgj,comment,Thanks for the recipe! Looks wonderful :),ravenzephyr1,FoodPorn,2015-07-15T22:51:33.000Z,2026-07-22T16:29:05.870Z,https://www.reddit.com/r/FoodPorn/comments/3d9oih/happy_national_mac_cheese_day_celebrate_with_some/ct4plgj/,2,30-07-2026 07:36
ct4prv6,comment,Thanks!,morganeisenberg,FoodPorn,2015-07-15T22:56:40.000Z,2026-07-22T16:29:05.870Z,https://www.reddit.com/r/FoodPorn/comments/3d9oih/happy_national_mac_cheese_day_celebrate_with_some/ct4prv6/,1,30-07-2026 07:36
ct326a0,comment,I didn't know you were saving this for Mac & Cheese Day... can you make it again for me so I can celebrate the right way?,Grosswaffle,FoodPorn,2015-07-14T16:26:34.000Z,2026-07-22T16:29:05.870Z,https://www.reddit.com/r/FoodPorn/comments/3d9oih/happy_national_mac_cheese_day_celebrate_with_some/ct326a0/,9,30-07-2026 07:36
ct32bs9,comment,"If you were going to come down after work, I would. Alas...",morganeisenberg,FoodPorn,2015-07-14T16:30:04.000Z,2026-07-22T16:29:05.870Z,https://www.reddit.com/r/FoodPorn/comments/3d9oih/happy_national_mac_cheese_day_celebrate_with_some/ct32bs9/,7,30-07-2026 07:36
ct3oaba,comment,who keeps coming up with these national days? Can tomorrow be national ass crack day?,wazzaa4u,FoodPorn,2015-07-15T01:46:38.000Z,2026-07-22T16:29:05.870Z,https://www.reddit.com/r/FoodPorn/comments/3d9oih/happy_national_mac_cheese_day_celebrate_with_some/ct3oaba/,8,30-07-2026 07:36
ct3rsf0,comment,No idea who makes food holidays but it gives me an excuse to eat more stuff that I like so I roll with it.,morganeisenberg,FoodPorn,2015-07-15T03:29:11.000Z,2026-07-22T16:29:05.870Z,https://www.reddit.com/r/FoodPorn/comments/3d9oih/happy_national_mac_cheese_day_celebrate_with_some/ct3rsf0/,4,30-07-2026 07:36
ct38qkq,comment,"Looks amazing. Would you be willing to share the recipe??

I would totally make this tonight versus stroganoff!",Tiopy,FoodPorn,2015-07-14T18:59:18.000Z,2026-07-22T16:29:05.870Z,https://www.reddit.com/r/FoodPorn/comments/3d9oih/happy_national_mac_cheese_day_celebrate_with_some/ct38qkq/,6,30-07-2026 07:36
ct3bbu1,comment,"Sure thing, it's up [in the comments](https://www.reddit.com/r/FoodPorn/comments/3d9oih/happy_national_mac_cheese_day_celebrate_with_some/ct327lo) =)",morganeisenberg,FoodPorn,2015-07-14T20:00:49.000Z,2026-07-22T16:29:05.870Z,https://www.reddit.com/r/FoodPorn/comments/3d9oih/happy_national_mac_cheese_day_celebrate_with_some/ct3bbu1/,6,30-07-2026 07:36
ct3ckuo,comment,"Seems to be deleted, any chance you could post it again? Would love to make this sometime.",PM_ME_CORGI_PICS,FoodPorn,2015-07-14T20:30:49.000Z,2026-07-22T16:29:05.870Z,https://www.reddit.com/r/FoodPorn/comments/3d9oih/happy_national_mac_cheese_day_celebrate_with_some/ct3ckuo/,5,30-07-2026 07:36
t3_1oquobg,post,"CBs ruin it for everyone! This is a post from a local restaurant that gives free meals to struggling families.... This is why we can't do nice things....

This one hurts to write.

We’ve poured our hearts, time, and money into feeding people who need it — no questions asked.

The community has stepped up big, and the attention we’ve gotten (even nationally) has helped shine a light on hunger right here at home.
We never did it for cameras or headlines — we did it because it’s the right thing to do.

But that same spotlight opened the door for the ugly side of things.
We’ve had people come in demanding ribs, large platters, and “only the expensive cuts.”
We’ve been yelled at, called disgusting, disgraceful, and even asked to hand over thousands of dollars.

I can take a lot — but when my employees, who show up every day and give their all, start getting treated like they’re worthless for trying to help others… that’s where I draw the line.

These meals are meant to help people who are truly in need — not those who turn their nose up because it’s not ribs or brisket.
If you’re being picky about free food meant to feed your family, maybe it’s time to ask yourself why.

Starting now, we’ll be asking for an EBT card or government/federal ID for free meals.
If you don’t have one but truly need help, talk to a manager — they have full authority to make that call.

And just to be clear — these free meals have always been simple.
Sandwiches, or whatever meals we’ve whipped up from what we have on hand.
Nothing fancy — just good food from good people who care.

Once the shutdown ends, we’ll keep doing what we’ve always done — feeding folks who need it.
But for now, we’re setting some boundaries to protect our team and make sure we can keep doing good for the people who truly need it.

Thanks for understanding and continuing to support our BBQ family ❤️

- (edit: removed)  (co-founder & owner)",Feisty_Echo_2310,ChoosingBeggars,2025-11-07T13:39:55.000Z,2026-07-22T16:29:06.156Z,https://www.reddit.com/r/ChoosingBeggars/comments/1oquobg/local_restaurant_who_gives_free_meals_to/,3481,30-07-2026 07:36
nnlhe5d,comment,The fact they even have to ask for the card or proof shows that people have been taking advantage of them. That’s truly sad. When you’re in need I’m not saying you should accept anything but accept something reasonable to keep you and your family fed. I love a good BBQ sandwich btw 😋,trake83,ChoosingBeggars,2025-11-07T13:56:53.000Z,2026-07-22T16:29:06.237Z,https://www.reddit.com/r/ChoosingBeggars/comments/1oquobg/local_restaurant_who_gives_free_meals_to/nnlhe5d/,1556,30-07-2026 07:36
nnpiv7z,comment,I wouldn't even question if rich entitled assholes were sneaking their way in to get free food by posing as people who need help. They absolutely should be asking to see the cards.,badchefrazzy,ChoosingBeggars,2025-11-08T03:10:19.000Z,2026-07-22T16:29:06.237Z,https://www.reddit.com/r/ChoosingBeggars/comments/1oquobg/local_restaurant_who_gives_free_meals_to/nnpiv7z/,89,30-07-2026 07:36
nns9qd6,comment,"It does suck for those that need food and don't have ebt or a government id though. I've definitely been broke and without food stamps before. I'm glad the managers get to make the call, but how do they do that, you know?

ETA: It's still good of them to do this at all though. I'm just annoyed at the people that made this a necessary step in the first place. I've never been starving and said ""only for ribs though"".",designatedthrowawayy,ChoosingBeggars,2025-11-08T16:14:52.000Z,2026-07-22T16:29:06.237Z,https://www.reddit.com/r/ChoosingBeggars/comments/1oquobg/local_restaurant_who_gives_free_meals_to/nns9qd6/,20,30-07-2026 07:36
nnu79lp,comment,"We had a gift card ""giveaway"" in a shopping center in the poorest neighborhood of city. It was a war scene, it got to the news with a video of whole event. It was clear who wasn't in need and still was aggressive towards everybody else.The chosen beggers punched the others, 2 or 3 ppl went to hospital.

And I'm asking myself how I can go to places without spending 10 bucks for bus and 4h traveling time.",-HolyXanaX-,ChoosingBeggars,2025-11-08T22:30:35.000Z,2026-07-22T16:29:06.238Z,https://www.reddit.com/r/ChoosingBeggars/comments/1oquobg/local_restaurant_who_gives_free_meals_to/nnu79lp/,49,30-07-2026 07:36
t3_1ux6wh4,post,"Had a lot of fun, I think Bengaluru bbq nations are best I ate at all the bbq nation, nation wide. Their desserts and salad were great. And great chicken drumstick.     
I got a coupon and if anyone is interested, DM me ",fukinggghell,bangalorefoodies,2026-07-15T14:07:25.000Z,2026-07-22T16:29:06.376Z,https://www.reddit.com/r/bangalorefoodies/comments/1ux6wh4/i_went_to_bengaluru_bbq_nation_buffet_today_and/,14,30-07-2026 07:36
om8unck,comment,🍔🍟🍔👌,kellysill513,cheeseburgers,2026-05-17T03:34:43.000Z,2026-07-22T16:29:06.338Z,https://www.reddit.com/r/cheeseburgers/comments/1tfc1x5/national_bbq_day_burger/om8unck/,2,30-07-2026 07:36
ombebhm,comment,https://preview.redd.it/7axvq29gop1h1.jpeg?width=597&format=pjpg&auto=webp&s=393777fe3f4c53a394ce06be0ceab0f7968497be,pincolnl1ves,cheeseburgers,2026-05-17T14:53:43.000Z,2026-07-22T16:29:06.338Z,https://www.reddit.com/r/cheeseburgers/comments/1tfc1x5/national_bbq_day_burger/ombebhm/,2,30-07-2026 07:36
omciddf,comment,Perfection,MagazineDelicious151,cheeseburgers,2026-05-17T18:15:43.000Z,2026-07-22T16:29:06.338Z,https://www.reddit.com/r/cheeseburgers/comments/1tfc1x5/national_bbq_day_burger/omciddf/,1,30-07-2026 07:36
on7buli,comment,I think tomato is not fit in this burger,Next-Seaweed3651,cheeseburgers,2026-05-22T07:10:44.000Z,2026-07-22T16:29:06.338Z,https://www.reddit.com/r/cheeseburgers/comments/1tfc1x5/national_bbq_day_burger/on7buli/,1,30-07-2026 07:36
oxovc01,comment,Is this like a rage bait? Lol ,Guilty-Gold1815,bangalorefoodies,2026-07-15T14:46:42.000Z,2026-07-22T16:29:06.376Z,https://www.reddit.com/r/bangalorefoodies/comments/1ux6wh4/i_went_to_bengaluru_bbq_nation_buffet_today_and/oxovc01/,17,30-07-2026 07:36
oxpw9oe,comment,lol why?,fukinggghell,bangalorefoodies,2026-07-15T17:21:19.000Z,2026-07-22T16:29:06.376Z,https://www.reddit.com/r/bangalorefoodies/comments/1ux6wh4/i_went_to_bengaluru_bbq_nation_buffet_today_and/oxpw9oe/,-2,30-07-2026 07:36
oxp1zz3,comment,Did u eat veg buffet,Admirable_Name786,bangalorefoodies,2026-07-15T15:15:21.000Z,2026-07-22T16:29:06.376Z,https://www.reddit.com/r/bangalorefoodies/comments/1ux6wh4/i_went_to_bengaluru_bbq_nation_buffet_today_and/oxp1zz3/,5,30-07-2026 07:36
oxpw8dk,comment,Non veg,fukinggghell,bangalorefoodies,2026-07-15T17:21:11.000Z,2026-07-22T16:29:06.376Z,https://www.reddit.com/r/bangalorefoodies/comments/1ux6wh4/i_went_to_bengaluru_bbq_nation_buffet_today_and/oxpw8dk/,1,30-07-2026 07:36
oxtef9k,comment,First time I'm getting a recommendation to go to BBQ nation (or any restaurant)for their salads and desserts.,dr_wafu,bangalorefoodies,2026-07-16T03:09:43.000Z,2026-07-22T16:29:06.376Z,https://www.reddit.com/r/bangalorefoodies/comments/1ux6wh4/i_went_to_bengaluru_bbq_nation_buffet_today_and/oxtef9k/,4,30-07-2026 07:36
oxp5xep,comment,They didn't deliver my order last week which eventually got cancelled becouse lot of time went,BoredGuy_v2,bangalorefoodies,2026-07-15T15:32:00.000Z,2026-07-22T16:29:06.376Z,https://www.reddit.com/r/bangalorefoodies/comments/1ux6wh4/i_went_to_bengaluru_bbq_nation_buffet_today_and/oxp5xep/,2,30-07-2026 07:36
oxqfbdh,comment,Damn I forgot barbecue nation existed,Comprehensive_Cut544,bangalorefoodies,2026-07-15T18:39:49.000Z,2026-07-22T16:29:06.376Z,https://www.reddit.com/r/bangalorefoodies/comments/1ux6wh4/i_went_to_bengaluru_bbq_nation_buffet_today_and/oxqfbdh/,2,30-07-2026 07:36
oxrvedu,comment,I thought they are losing business and might have closed by now,Traditional-One813,bangalorefoodies,2026-07-15T22:13:01.000Z,2026-07-22T16:29:06.376Z,https://www.reddit.com/r/bangalorefoodies/comments/1ux6wh4/i_went_to_bengaluru_bbq_nation_buffet_today_and/oxrvedu/,2,30-07-2026 07:36
oxsjxgh,comment,You’re soo wrong… The Koramangala one was super crowded and walk ins were sent back and the reserved had to wait upto 20 minutes to get a seat.,ImaginationOk9963,bangalorefoodies,2026-07-16T00:16:00.000Z,2026-07-22T16:29:06.376Z,https://www.reddit.com/r/bangalorefoodies/comments/1ux6wh4/i_went_to_bengaluru_bbq_nation_buffet_today_and/oxsjxgh/,1,30-07-2026 07:36
oxomhij,comment,"Welcome to the Bangalore Foodies community. We're glad you're here. Please take a moment to read our [Guidelines](https://www.reddit.com/r/bangalorefoodies/about/rules) to help make this a great experience for everyone.

*I am a bot, and this action was performed automatically. Please [contact the moderators of this subreddit](/message/compose/?to=/r/bangalorefoodies) if you have any questions or concerns.*",AutoModerator,bangalorefoodies,2026-07-15T14:07:27.000Z,2026-07-22T16:29:06.376Z,https://www.reddit.com/r/bangalorefoodies/comments/1ux6wh4/i_went_to_bengaluru_bbq_nation_buffet_today_and/oxomhij/,1,30-07-2026 07:36
t3_1ux6v7j,post,"Had a lot of fun, I think Bengaluru bbq nations are best I ate at all the bbq nation, nation wide. Their desserts and salad were great. And great chicken drumstick.   
I got a coupon and if anyone is interested, DM me ",fukinggghell,Bengaluru,2026-07-15T14:06:07.000Z,2026-07-22T16:29:06.614Z,https://www.reddit.com/r/Bengaluru/comments/1ux6v7j/i_went_to_bengaluru_bbq_nation_today_and_it_was_a/,5,30-07-2026 07:36
oyncugm,comment,Yo what's the coupon? Can you DM?,wohnjick0703,Bengaluru,2026-07-20T10:47:29.000Z,2026-07-22T16:29:06.614Z,https://www.reddit.com/r/Bengaluru/comments/1ux6v7j/i_went_to_bengaluru_bbq_nation_today_and_it_was_a/oyncugm/,1,30-07-2026 07:36
t3_1u76nnq,post,What's the difference between these 2 offers??,Excellent-Pie-3846,Real_teenindia,2026-06-16T07:29:29.000Z,2026-07-22T16:29:08.450Z,https://www.reddit.com/r/Real_teenindia/comments/1u76nnq/bbq_nation_doubt/,6,30-07-2026 07:36
ncstvrr,comment,Don't start a culture war and then complain that nobody from the other side wants to be your friend.,weirdoldhobo1978,SubredditDrama,2025-09-06T21:31:54.000Z,2026-07-22T16:29:08.348Z,https://www.reddit.com/r/SubredditDrama/comments/1naavtn/the_paradox_of_tolerance_is_real_alright_leftists/ncstvrr/,455,30-07-2026 07:36
olz4jz8,comment,Awesome!,mvriik,wigglegrams,2026-05-15T16:24:12.000Z,2026-07-22T16:29:08.453Z,https://www.reddit.com/r/wigglegrams/comments/1tdvvlq/national_bbq_day_wiggles/olz4jz8/,2,30-07-2026 07:36
o7t8kfg,comment,A goddamn taxpayer funded BBQ EATING TOUR??!,jd807,antiwork,2026-02-28T02:20:21.000Z,2026-07-22T16:29:08.644Z,https://www.reddit.com/r/antiwork/comments/1rgqaog/bbq_for_me_but_slop_for_thee/o7t8kfg/,347,30-07-2026 07:36
erv0006,comment,YTA. Daisy dukes and a hoodie are not “casual”in terms of wedding attire.  Casual would have been nice slacks and a pretty top or jacket. Your attire was more like Saturday night at the stock car races. I would have been upset with you too and the family members in tee shirts and ball caps were similarly underdressed.,CatpersonMax,AmItheAsshole,2019-06-23T15:08:48.000Z,2026-07-22T16:29:09.539Z,https://www.reddit.com/r/AmItheAsshole/comments/c45x4l/aita_for_showing_up_at_my_cousins_wedding_in_a/erv0006/,23899,30-07-2026 07:36
erv6310,comment,"> Daisy dukes and a hoodie are not “casual”in terms of wedding attire. 

This. It's still an important event with a degree of formality. Unless the invitation clearly states otherwise, casual is more in line with business casual.

YTA OP",PhileasFoggsTrvlAgt,AmItheAsshole,2019-06-23T16:30:00.000Z,2026-07-22T16:29:09.539Z,https://www.reddit.com/r/AmItheAsshole/comments/c45x4l/aita_for_showing_up_at_my_cousins_wedding_in_a/erv6310/,1028,30-07-2026 07:36
mpu182x,comment,"Welcome to /r/AmITheAsshole. Please view our [voting guide here](https://www.reddit.com/r/AmItheAsshole/wiki/faq#wiki_what.2019s_with_these_acronyms.3F_what_do_they_mean.3F), and remember to use **only one** judgement in your comment.

OP has offered the following explanation for why they think they might be the asshole:

 > I won't forgive my father because he stole from me. Why does it make me an asshole, because family should be everything!

Help keep the sub engaging!

#Don’t downvote assholes!

Do upvote interesting posts!

 [Click Here For Our Rules](https://www.reddit.com/r/AmItheAsshole/about/rules) and [Click Here For Our FAQ](https://www.reddit.com/r/AmItheAsshole/wiki/faq)

##Subreddit Announcements

Follow the link above to learn more

---

*I am a bot, and this action was performed automatically. Please [contact the moderators of this subreddit](https://www.reddit.com/message/compose/?to=/r/AmItheAsshole) if you have any questions or concerns.*

*Contest mode is 1.5 hours long on this post.*",Judgement_Bot_AITA,AmItheAsshole,2025-04-30T13:07:20.000Z,2026-07-22T16:29:10.649Z,https://www.reddit.com/r/AmItheAsshole/comments/1kbfxlu/aita_for_not_forgiving_father_after_he_stole_my/mpu182x/,1,30-07-2026 07:36
om6o9m5,comment,Unrelated but every time I see this I get reminded of the thread about national tuna day where apparently you're supposed to be saving the tunas not eating their delicious flesh,areddituserc,1200isplenty,2026-05-16T19:43:36.000Z,2026-07-22T16:29:11.852Z,https://www.reddit.com/r/1200isplenty/comments/1tf2zo8/happy_national_bbq_day_here_are_some_lower_cal/om6o9m5/,14,30-07-2026 07:36
om6reut,comment,lol 😭,Queasy_Dingo_8262,1200isplenty,2026-05-16T20:00:02.000Z,2026-07-22T16:29:11.852Z,https://www.reddit.com/r/1200isplenty/comments/1tf2zo8/happy_national_bbq_day_here_are_some_lower_cal/om6reut/,5,30-07-2026 07:36
om6rxky,comment,lol. Today you’re supposed to be saving these babies.,Mindless-Meaning-878,1200isplenty,2026-05-16T20:02:48.000Z,2026-07-22T16:29:11.852Z,https://www.reddit.com/r/1200isplenty/comments/1tf2zo8/happy_national_bbq_day_here_are_some_lower_cal/om6rxky/,2,30-07-2026 07:36
om79vak,comment,Honey BBQ tuna? I never knew such a combo existed. How is it?,DNorthman,1200isplenty,2026-05-16T21:39:33.000Z,2026-07-22T16:29:11.852Z,https://www.reddit.com/r/1200isplenty/comments/1tf2zo8/happy_national_bbq_day_here_are_some_lower_cal/om79vak/,3,30-07-2026 07:36
om7bkzw,comment,Very good! Kind of sweet tho ,Queasy_Dingo_8262,1200isplenty,2026-05-16T21:49:10.000Z,2026-07-22T16:29:11.852Z,https://www.reddit.com/r/1200isplenty/comments/1tf2zo8/happy_national_bbq_day_here_are_some_lower_cal/om7bkzw/,3,30-07-2026 07:36
om6s3jk,comment,How much time did you spend on this lol? I’m impressed! Love many of these.,Mindless-Meaning-878,1200isplenty,2026-05-16T20:03:40.000Z,2026-07-22T16:29:11.852Z,https://www.reddit.com/r/1200isplenty/comments/1tf2zo8/happy_national_bbq_day_here_are_some_lower_cal/om6s3jk/,2,30-07-2026 07:36
om7mh2g,comment,Those morning star ribs. I swear I haven’t seen them in years lol. Sometimes maybe on and off? A mythical meal. I love it,darkbladetrey,1200isplenty,2026-05-16T22:52:49.000Z,2026-07-22T16:29:11.852Z,https://www.reddit.com/r/1200isplenty/comments/1tf2zo8/happy_national_bbq_day_here_are_some_lower_cal/om7mh2g/,2,30-07-2026 07:36
om8filw,comment,They have them at my wegmans all the time,Queasy_Dingo_8262,1200isplenty,2026-05-17T01:52:43.000Z,2026-07-22T16:29:11.852Z,https://www.reddit.com/r/1200isplenty/comments/1tf2zo8/happy_national_bbq_day_here_are_some_lower_cal/om8filw/,1,30-07-2026 07:36
om9089l,comment,That sugar free bbq sauce on air fried tofu with eggs is a fav of mine,PortraitofMmeX,1200isplenty,2026-05-17T04:14:39.000Z,2026-07-22T16:29:11.852Z,https://www.reddit.com/r/1200isplenty/comments/1tf2zo8/happy_national_bbq_day_here_are_some_lower_cal/om9089l/,1,30-07-2026 07:36
omajwr8,comment,"Natures Own Keto Hot Dog Rolls - 60 calories  
Hebrew National 97% Fat Free Hot Dogs - 45 Calories

105 calories for the combo feels crazy low. ",Josh-Baskin,1200isplenty,2026-05-17T12:03:47.000Z,2026-07-22T16:29:11.852Z,https://www.reddit.com/r/1200isplenty/comments/1tf2zo8/happy_national_bbq_day_here_are_some_lower_cal/omajwr8/,1,30-07-2026 07:36
t3_1rh0ng8,post,Same as title,Choice_Carpet_2596,Indore,2026-02-28T11:47:50.000Z,2026-07-22T16:29:12.487Z,https://www.reddit.com/r/Indore/comments/1rh0ng8/anyone_up_for_dinner_today_at_bbq_nation/,4,30-07-2026 07:36
lzoqs86,comment,They sadly didn't have gulab jamum this time 💔,anonymousthrashcan,IndianFoodPhotos,2024-11-30T08:21:45.000Z,2026-07-22T16:29:13.909Z,https://www.reddit.com/r/IndianFoodPhotos/comments/1h37wnn/two_of_the_best_things_at_bbq_nation/lzoqs86/,3,30-07-2026 07:36
lzor0op,comment,"Oh damn. Have this from my side then lol

https://preview.redd.it/dc9x98l4104e1.png?width=1080&format=pjpg&auto=webp&s=4615787f62622fb67c64cbd37bf66b6f0587aa92",[deleted],IndianFoodPhotos,2024-11-30T08:24:25.000Z,2026-07-22T16:29:13.909Z,https://www.reddit.com/r/IndianFoodPhotos/comments/1h37wnn/two_of_the_best_things_at_bbq_nation/lzor0op/,5,30-07-2026 07:36
lzorsqw,comment,"Are we forgetting chicken tikka, mutton kebab, wings?",krish-garg6306,IndianFoodPhotos,2024-11-30T08:33:14.000Z,2026-07-22T16:29:13.909Z,https://www.reddit.com/r/IndianFoodPhotos/comments/1h37wnn/two_of_the_best_things_at_bbq_nation/lzorsqw/,16,30-07-2026 07:36
lzp9131,comment,Bro. Shrimp. Fish. Chicken kebab. Spicy Pineapple. Mushrooms. Kulfi paan.,awhitesong,IndianFoodPhotos,2024-11-30T11:49:25.000Z,2026-07-22T16:29:13.909Z,https://www.reddit.com/r/IndianFoodPhotos/comments/1h37wnn/two_of_the_best_things_at_bbq_nation/lzp9131/,8,30-07-2026 07:36
lzpb29x,comment,Kulfi paan is delish.,Realistic_Rise_4805,IndianFoodPhotos,2024-11-30T12:10:20.000Z,2026-07-22T16:29:13.909Z,https://www.reddit.com/r/IndianFoodPhotos/comments/1h37wnn/two_of_the_best_things_at_bbq_nation/lzpb29x/,4,30-07-2026 07:36
lzp165o,comment,Crispy fried corn & Cajun Potato! Cajun will suppress your appetite thou!,dipunair,IndianFoodPhotos,2024-11-30T10:21:05.000Z,2026-07-22T16:29:13.909Z,https://www.reddit.com/r/IndianFoodPhotos/comments/1h37wnn/two_of_the_best_things_at_bbq_nation/lzp165o/,8,30-07-2026 07:36
lzost56,comment,Someone finally said it,Front_Juice6614,IndianFoodPhotos,2024-11-30T08:44:52.000Z,2026-07-22T16:29:13.909Z,https://www.reddit.com/r/IndianFoodPhotos/comments/1h37wnn/two_of_the_best_things_at_bbq_nation/lzost56/,4,30-07-2026 07:36
lzoy3hp,comment,Couldn't agree more..tried making both at home..not even close...tried at other buffet restaurants and parties..none can come close.,jabulani_0909,IndianFoodPhotos,2024-11-30T09:45:50.000Z,2026-07-22T16:29:13.909Z,https://www.reddit.com/r/IndianFoodPhotos/comments/1h37wnn/two_of_the_best_things_at_bbq_nation/lzoy3hp/,5,30-07-2026 07:36
lzotk0l,comment,I love to dip their Gulab jamuns in the Phirni awesome combo,Kamaboko_Gonpachirro,IndianFoodPhotos,2024-11-30T08:53:22.000Z,2026-07-22T16:29:13.909Z,https://www.reddit.com/r/IndianFoodPhotos/comments/1h37wnn/two_of_the_best_things_at_bbq_nation/lzotk0l/,3,30-07-2026 07:36
t3_1qxzi24,post,"Closest city (Brownsville) is 40 minutes away, and if you want to leave SpaceX, there's very little other employment for a well paid technology person. You're basically stuck there... No job and a bored family unless you like shooting javelinas from a pickup and refining your BBQ game or fishing. I'm sure Brownsville has its good points but the old joke about the difference between a city (in this case Brownsville) and yogurt could apply... yogurt has an active culture. Here's what Google says are things to do this weekend.
Events this weekend
.
Happening Fri, Feb 6-Sun, Feb 8

Tomorrow
Candlelight: Coldplay & Imagine Dragons
Tribute concert
Feb 7, 8:30 PM
Historic Alonso Building
Brownsville, TX

Tomorrow
Star Wars + Four Hands Concert by Valley Symphony Orchestra
Orchestral concert
Feb 7, 5:00 PM
TSC Performing Arts Center
Brownsville, TX

Tomorrow
Totes and Toasts
DIY workshop
Feb 7, 12:00 PM
Vida Café
Brownsville, TX

Tomorrow
Galentine's Pink Party
Themed social gathering
Feb 7, 9:00 AM
JOLIE PETITE
Brownsville, TX
Outdoor attractions
.
Gladys Porter Zoo, Palo Alto Battlefield National Historical Park, Sabal Palm Sanctuary
Museums
.
Children's Museum of Brownsville, Historic Brownsville Museum, Brownsville
 ",amir_twist_of_fate,texas,2026-02-07T00:51:26.000Z,2026-07-22T16:29:14.946Z,https://www.reddit.com/r/texas/comments/1qxzi24/elon_musk_says_its_hard_to_convince_engineers/,1422,30-07-2026 07:36
oqgg0gx,comment,🤷🏻‍♂️🤷🏻‍♂️,Gold_Squirrel5386,BBQ,2026-06-08T14:30:13.000Z,2026-07-22T16:29:15.744Z,https://www.reddit.com/r/BBQ/comments/1tzzk22/bbq_nation/oqgg0gx/,1,30-07-2026 07:36
oqg5en3,comment,Safeway Chinese food?,Usual_Ad_9161,BBQ,2026-06-08T13:38:29.000Z,2026-07-22T16:29:15.744Z,https://www.reddit.com/r/BBQ/comments/1tzzk22/bbq_nation/oqg5en3/,1,30-07-2026 07:36
oqgfyui,comment,Kind of,Gold_Squirrel5386,BBQ,2026-06-08T14:30:01.000Z,2026-07-22T16:29:15.744Z,https://www.reddit.com/r/BBQ/comments/1tzzk22/bbq_nation/oqgfyui/,1,30-07-2026 07:36
t3_1f1f7g2,post,"**I am NOT OOP, OOP is** u/Valuable_Channel_522

**Originally posted to r/AITAH**

Previous [BoRU #1](https://redd.it/1eh7bxj), [BoRU #2](https://redd.it/1eslt68)

**[New Update]: AITAH for being upset my husband is sharing a hotel room with another woman.**

**NEW UPDATE MARKED WITH** ----

**Trigger Warnings:** >!mentions of infidelity, emotional manipulation, neglect!<
  
------------------------------

**RECAP**

[Original Post](https://redd.it/1e4gscc): **July 16, 2024**

My (36F) husband (42m) is currently in Las Vegas for a National bowling tournament. He is there with his mom and her friends/folks from their bowling league. He is an avid bowler - bowls in a Tuesday night league, often in state tournaments and sometimes in National tournaments. Typically I go with and sometimes bowl myself. This year, we decided I would not go, but stay home with our three boys (ages 4, 8, 10) due to heat and smoke in Vegas in July.

My husband and I have been married for 11 years. This is his second marriage. His first marriage failed because he walked in on his wife cheating on him with another man. I have never, not once, thought that he would ever be intimate with another woman while he was with me. He’s just not that type.

So, on to this trip. Typically when he goes on a trip without me (at least one a year given my job and time off requirements) he stays in a hotel room with his mom or our boys. 

Three nights ago, I was on FaceTime with him while he was in his hotel room. It was really nice and he was talking about possibly taking a nap for lack of sleep. I asked if he had his room to himself (because that would have been awesome) and he said “oh no, (?) is sharing with me”. I asked him who that was, and he said something - I don’t remember - aside from “she”. I said “wait What?!?” 

And then he went on to explain that he was supposed to share the room with his moms boyfriend, but plans changed and now he is sharing the room with another woman on the trip. He told me that I played cornhole with her last month at a get together. I reminded him who I had played cornhole with (him and a girl, but not one with the name he was giving me - I have no idea who this woman is) at which point he got very confused. He did not understand why I was upset or frustrated - so I dropped it because I did not want to deter from his time and his bowling. I know I should have asked how he would have felt if the roles were reversed - but I didn’t. Partly because I didn’t want to fight (we hardly ever fight) while the kids were up, and partly because I didn’t want to hear him chalk it up to my imagination. I have hardly slept since that night, and my dreams have been chock full of worst case scenarios, and still I have not really brought it up again. 

There have been a few occasions in which he has talked about taking naps and how lame he is in Vegas. I have mentioned a few times - sort of sarcastically as a side, that he would be having more fun if he were sharing a room with me, or if I was there instead of his present company - but he has brushed it all aside. So here we are: he has spent the last three nights in a hotel room with a woman that is not me or his mother - AMITA for being upset?

******************************

Edited to get rid of some names - husband is coming home tonight and we will talk. I'm hoping its 82 year old grandma ;)

******************************

[UPDATE]

Ok, so I took some advice and grew ""a backbone"". I texted him a little while ago instead of waiting until he got home - he and our boys are leaving for another trip tomorrow morning (I could not get the time off of work) so I wanted to make sure we had the conversation fully before he left again.

Before I give the update, I wanted to make a couple of things clear:

I do trust my husband. He has never shown he would be the kind of person to cheat, and that is not what truly concerned me. Even though I did have some pretty unpleasant dreams. My issue was that he was not upfront and honest with me. If I had done the same thing, he would have lost his mind - understandably. This is why I started the original post with ""he's just not that type"".

We do generally have great communication - the issue here is that I like to have this kind of conversation face to face rather than over the phone. It's just not something I like to hash out while we are not in the same space. Obviously, in this situation, I should have made the exception, and have now done so.

Now, for the update:

I texted him today to tell him that this situation has been bothering me for the last three days - I had questions and we needed to have this conversation. I asked who the woman was, how old she was and why didn't he tell me about the situation before I found out by accident.

There was a mixup with the rooms, something about someone not going so people were shuffled. He was paired with a woman about my age. He said he didn't think it would be a big deal and didn't want to inconvenience everyone else on the trip. He also said he did not want to upset me, which is why he didn't right out tell me about it. He did tell me that I never had anything to worry about and he made sure they weren't in the room alone together aside from when they were sleeping. I know, I know - but I really do believe him on this.

I was honest with him and told him that if roles were reversed, out of respect for him, I would have called him right away to make sure he was ok with it. I told him that while I trust him implicitly, I should not have found out the way that I did. And he should not have blown off my concern. I told him that the lack of upfront communication felt suspicious, regardless of intention or what actually happened. As for not upsetting me, I told him I would have understood and not been upset if he had just been honest.

He has apologized profusely. I told him next time to just communicate - he is adamant there will not be a next time.

So, call me naive if you want, but I am dropping it at this point. He will be home this evening and I intend on having a nice evening with him before I don't see him again for another two weeks.

Thank you for the advice - I cried it out when I found out her age, but getting this off my chest has been very relieving.

&nbsp;

[Update #2](https://redd.it/1ebnurz): **July 25, 2024**

I am not handling this as well as I thought I was.

I had decided to let it go - I know he wasn’t doing anything with this other woman. You can disagree and call me crazy if you’d like - but I do know that.

However - as much as I have tried, I can’t get past the fact that he made the decision to do something he knew I wouldn’t be ok with, and not tell me about it. It all feels - just so messed up.

I have talked to a few of my co-workers (I don’t have really any friends that aren’t friends of his that I talk to on a regular basis - and there is no way I will talk to my family because that is a shit storm I can’t handle right now) and they are all shocked and more angry for me than I have let myself be (most of them know him, the kind of person he is and what ended his first marriage - he used to work at the same company).

We had less than 24 hours together before he, his mom and all three of my children took their trip to the other side of the United States. I have been sitting in my feels and will continue to do so until they get back - almost another week from now.

I was on the phone with them this evening before they went to bed, and one of the first things my husband said to me was: “I’m sharing a bed with a red head tonight”. And I almost came unglued before I realized he was talking about one of our boys (we have three sons). After a very long pause, I said “you better be talking about —-“ and I was so angry I don’t understand how he didn’t pick up on that.

Every conversation we have had has been short and to the point because I’m really just not interested in talking to him. I have been calling my oldest son, and talking with my boys instead. His mom hasn’t really said much to me - which makes me think he has said something to her. Which is fine of course - I really don’t care about that.

Bottom line is: I don’t know what to do. It is midnight at home, I tried to go to bed two hours ago and just could not stop sobbing - so I got up and let it go. It felt good to get it out but I know I need to talk to someone. I have support lines through work I can call, but won’t tonight - far too many drinks and I don’t want to bring that into it as well - but I will call tomorrow.

I know I should be upset and angry and not let it go. But I am afraid when I do talk to a professional they will say I’m blowing it out of proportion. I will still call, but I need to get my head straight first.

He is bicycling for seven days - over 400 miles - so as much as I want to tear him a new one right now (especially after his completely insensitive and clueless joke this evening) I have not. Because I want him home safe and sound.

Regardless of my feelings in this moment - the most important thing is that my children’s dad comes home safe so we can hash this out at least in the same city and not while he is 1,000 miles away. With his mom. And my children.

&nbsp;

[Update #3](https://redd.it/1enjw3h): **August 8, 2024**

Last Post: https://www.reddit.com/r/AITAH/comments/1ebnurz/update_2_aitah_for_being_upset_my_husband_shared/

Original Post: https://www.reddit.com/r/AITAH/comments/1e4gscc/aitah_for_being_upset_my_husband_is_sharing_a/

I am sorry it has been a bit since I have updated - things have been....a lot. I am also sorry this post is very long....

My family came home a day early, so I took two extra days off of work to see them and figure things out with my husband. After we had unloaded and put everything away, we had dinner and watched a show. After putting the boys to bed, my husband and I went to our room. It was pretty clear he thought he was going to get lucky, because he was very confused when I turned the light on.

I told him that I had questions and I needed him to answer them. He was hesitant but agreed. I asked him who this woman is, how old and is she married. I still don't know who she is, but he did confirm she is YOUNGER than me, and not married. I then asked who made the decision he would be sharing a room with her. He said that his mom said it would be really great if they shared so she could spend the three nights with her boyfriend/not boyfriend. I asked him why he didn't tell me about it, he said he was just so tired and had had such a long day he didn’t think about it. (conflicting with his earlier: I didn't want to upset you...). He said that he didn't think I would ever question his intentions so why would he think he would have to tell me. I told him it wasn't about questioning his intentions or fidelity, it's that what they did was completely inappropriate and disrespectful to me and our marriage. And at the absolute very least, he should have sent me a quick text explaining the situation. I also told him that his mom is not always right.

He apologized profusely, said he shouldn't have put his mom before me, he didn't think it would be a thing because he would never try to hurt me and he thought I knew that. All the things. And we honestly talked it out and worked through things for a solid few hours. We came to a really good place and connected for the first time in a long while.

Then he went to work the next day - which hurt because I didn't really have the time to be calling in, I am severely behind at work - but I did anyway because I wanted to do the right thing for us and to take care of us. But because he just spent two weeks going all over the country doing something super fun and now he is super behind in his job, he couldn't afford to take anymore time off. So that really hurt - but I let it go because he really was behind and I at least had the boys that I got to catch up with.

That day my mom called to see what we were doing for my birthday which was two days away. I had honestly forgotten about it with everything, so I told her I didn't know and asked if my husband had called her. She said he had not. So I told her I would let her know when we came up with a plan. 

That night, I asked him if he had a plan, and he said ""oh I don't know, what do you want to do?"". And that really really hurt, but I let it go because we have had so much going on. I told him it would be great if we had a BBQ and he invited people and got the groceries and he agreed. I specifically asked if he would call my mom. He did get some of the groceries, but not all of them. And he did surprise me with a cake. But that was it. I ended up inviting everyone last minute, having to apologize along the way, and had to go to the store twice to get the rest of the things we needed. 

At the party, he started showing our friends the pictures from his trip - pictures I haven't even seen yet. I was so mad, upset, frustrated. He didn't catch on. So then it came time for gifts - his was a card game and a backrub. I felt like I was just slapped in the face. To be clear: I don't place a high value on gifts - if you get me something great, if you don't, that's fine. 

But he didn't get me anything for Mother's Day, but I got him a whole slew of things for Father's day for his trip and an xbox game he wanted. (I also planned each of those days by myself). And he just went to the other side of the country, and all he thought to grab for me was a card game? I didn't want to fight in front of our friends, so I let it be. I didn't really expect more than that anyway - but it still hurt.

Then I went back to work and things were...meh. Anything he did irritated me. Anything his mom did irritated me. I was getting so frustrated and sad and angry and just not myself. Then I had a medical issue (something that pokes it's little head back up every five years like clock work, but I had been ignoring because of everything going on) come back and I went to our urgent care to take care of it. But I had to take care of all sorts of things first so that me going to the dr. didn't hamper my husbands day, so I was really irritated in the morning. It didn't help that his mom came over and I just can't handle her right now. It also didn't help that he told me that morning about all the plans he had come up with for our sons birthday in a few weeks. 

I was mad at myself for being upset (i should be stoked my husband is thinking about our son and wanting to give him a great birthday party) but I was so deflated and sad and angry in that moment. But he had to go to work so I left it alone. So before I went, I sent him a text apologizing for being irritated. I told him that I'm not in a good place mentally or physically and am really struggling. He asked how he could help, and I responded that I really didn't know. And then I saw the dr. and he referred me to surgery. This will be the third time I have had surgery for this.

I was so frustrated and sad and hurt, I decided to just put it all out there. And since he can't seem to find the time to actually talk to me, I texted him a novel. Laying out everything that is on my mind. The trip, my birthday, him not taking time, my sons birthday, all of it. After an hour he had not responded, so I sent him another text saying that maybe he could just tell me I'm not crazy and we will get through this together, or something like that at least. He responded to that saying that he loves me and has lots to say but can't say it over the phone.

So then I went to work and did the things. I felt a little better he didn't discredit all of my frustrations so things were...ok. That night he called to tell me he loved me and was going to take the next day off to spend with me (it was also my day off). I was pretty darn stoked.

The next day I asked him what were the things he wanted to say. And he said he didn't want to say it in front of the kids. So then that I night I asked him again, and he said that we have been having such a great day, he didn't want to ruin it and me get all emotional so he wasn't going to say it then. I felt like I had just been punched in the gut. So wait - you have been so nice since I texted you, but now I'm going to be sad and upset? What is going on?

It is now the next day, and I just asked him again. He completely blew me off and went to town to pick up our son from camp.

I am at a loss. I don't know what to do. I can only ask him to talk to me so many times. He doesn't share his thoughts or emotions often, but I would think he would do it now right? I don't know what to do.

**Relevant Comments**

**cthulularoo:** holy shit, you're not even an afterthought to this guy. You're don't have any importance in his life. You're just there. He'll just tell you stuff to get you off his case and then just keep ignoring you.

> **OOP:** That is definitely how I feel

**OOP responds to multiple comments on seeking for a professional counselor to help navigate the next steps and find a thing to do that helps OOP feel happy**

> **OOP:** Oh my gosh, thank you so much for your kind and understanding reply! I have made a few calls with no responses yet and quite a few say they are not taking new clients. Keeping my fingers crossed though - I do agree, I need an outside perspective other than Reddit

+

> Thank you! I have used our system, but I still have to call. They helped narrow it down but I have to make an appointment- I get 6 free sessions which is great. I just need someone to call me back 😞
> 
> Thank you for the advice - I will try. I did get in two chapters of the book I’m reading this week, and have taken extra time with my boys. I needed that ❤️

**Ladyvett:** I think that woman on the trip was more important than he’s letting on. His mother would not be welcome in my house again until she apologizes to my face. No more trips alone for any reason for a very long time. He needs to have consequences and you’re letting him coast. He’s trying to wait you out. Updateme

**Dachshundmom5:** I don't know why you just keep ""letting things go"" and deluding yourself that you're in a good place.

Your husband was in a hotel room with a younger woman for days. He gaslit you that it's no big deal and acting like you're the crazy one for thinking it's a problem. In what world are things okay after that? How much of a doormat has he made you that 1 conversation blows that over?

Your MIL set him up to cheat on you. In no world is him sharing a room with a younger single woman appropriate. He knows that. She knows that. If you think he's a good boy, I don't know what kind of blinders you have on or kool aid you're drinking, but stop.

He blew off your birthday. He couldn't even muster going to the grocery store. Let alone sending some texts.

He was away from you for 2 weeks and couldn't even bring you some postcards from along the way? My son was on a school trip for 4 days. He brought me all kinds of little things because he was in a gas station and saw this pretty postcard I would like. Or at this gift shop and thought that key chain was something I would like. So, your husband is less considerate than a teenager on a school trip with all his teenage buddies?

He gives you bullshit after bullshit and just pretends things are fine.

You lay it all out there via text and again, he blows you off. Gives you some love bombing in the form of family time, and expects to sweep it under the rug. He's hoping to wait you put before you find out what he actually did in that hotel room. Or how many times he's met that woman before. Or just to make sure he can feed you bullshit after betraying your marriage with his mom's help and you'll just ignore it.

At some point, you have to acknowledge you have a shitty husband and a VERY unhealthy marriage. How many ways does he have to show you you're not a priority, he doesn't respect you, and he could not care less about your feelings before you believe him?

&nbsp;

#----NEW UPDATE----

[Final Update](https://redd.it/1ew3res): **August 19, 2024**

I apologize for the late update - my health took a pretty drastic turn for the worse for a minute. But no worries, all is good now. And I had a really good talk with my Dr. about putting myself first and she is getting me in touch with a counselor.

Now, for the update: it's barely an update, and for that I'm sorry.

When I finally did get him to tell me what he wanted to say (he ended up saying it in front of the boys anyway) he only brought up two things I had talked about in the novel I had sent him. The first was that I was going to look for a counselor. He said he loved that idea and that it really helped him when he was talking to one.

Then he brought up that I had mentioned how much weight I have gained since the birth of our last child. He said that he still finds me crazy attractive, as should be evident by the fact that he still shows up in bed. Then he started talking about what I shouldn't be doing if I wanted to lose weight, and apologizing for the fact that he and the boys have ridiculous metabolisms and don't have to worry about it. I asked him to stop trying to give me weight loss advice - that wasn't the point of me telling him.

I asked if there was anything else he wanted to say and he said no. Just those two things.

So at this point this is where I am at:

My husband did not cheat on me - I do know this is true

I am still not in a good place because of so many things happening at once - so I am seeking help

Thanks for the advice and support from most of you. But this is my last post on this. I won't be able to actually work on my marriage reading some of these responses.

**Comments** 

**AnonThrowAway072023:** Wow Well it is your life not anyone else's.  His idea of treating you with love and respect and honor, and make up for his MANY missteps is to try and make you less fat.  

But don't worry, he still wants to fuck you as is. 
 
I really hope for the best for you.  Like most following your story I think he treats you like shit and beyond taking you for granted.  He won't change because he feels he isn't behaving wrong. 

You deserve a better happier life, I'm so so sorry.

**Impressive-Arm4668:** ""should be evident by the fact that he still shows up in bed"" is a WILD statement to me 💀

&nbsp;

Latest Update here: [BoRU #4](https://redd.it/1f7qr9i)

&nbsp;

# **DO NOT COMMENT IN LINKED POSTS OR MESSAGE OOPs – BoRU Rule #7**

# **THIS IS A REPOST SUB - I AM NOT OOP**",Choice_Evidence1983,BestofRedditorUpdates,2024-08-26T04:00:04.000Z,2026-07-22T16:29:16.256Z,https://www.reddit.com/r/BestofRedditorUpdates/comments/1f1f7g2/new_update_aitah_for_being_upset_my_husband_is/,2710,30-07-2026 07:36
t3_1uxf3kj,post,"From seeing scots arriving in Boston and drinking all the beer and singing American pie to Europeans taking home ranch sauce and touring different, unique parts of America, admitting the lies of the media told to them, followed by the arrival of Erling Haaland. Then you also got the Japanese team trying out the Texas version of BBQ and Germans developing a different perspective of the country after coming to see it in person, I think it’s permanently changed forever how Europeans and other nations view the USA in a positive way. ",Admirable-Yoghurt-72,IWantToAskAnAmerican,2026-07-15T18:57:43.000Z,2026-07-22T16:29:16.940Z,https://www.reddit.com/r/IWantToAskAnAmerican/comments/1uxf3kj/what_do_you_guys_think_of_the_big_pr_win_from_the/,208,30-07-2026 07:36
oxr1d9p,comment,"Honestly, it makes me happy.  America as advertised and America as experienced are quite different.  I love that people have heard all this nonsense and then come here to experience the glorious counterexample.",ComplexBeyond6083,IWantToAskAnAmerican,2026-07-15T20:11:05.000Z,2026-07-22T16:29:16.940Z,https://www.reddit.com/r/IWantToAskAnAmerican/comments/1uxf3kj/what_do_you_guys_think_of_the_big_pr_win_from_the/oxr1d9p/,31,30-07-2026 07:36
oxqn1y1,comment,I would contend that you hear most bad things  from the media (who for a lack of a better term are “in charge” of news).,Icy-Journalist-4329,IWantToAskAnAmerican,2026-07-15T19:12:31.000Z,2026-07-22T16:29:16.940Z,https://www.reddit.com/r/IWantToAskAnAmerican/comments/1uxf3kj/what_do_you_guys_think_of_the_big_pr_win_from_the/oxqn1y1/,23,30-07-2026 07:36
t3_1rg7hl4,post,"Health and Human Services Secretary Robert F. Kennedy Jr. kicked off what he called a “national BBQ tour” Thursday with a stop in Austin.

The visit corresponds to Kennedy’s long-running pitch that America’s health problems start in the grocery aisle and that “real food” should replace what he and his allies describe as an ultra-processed, additive-heavy diet.",AustinStatesman,Austin,2026-02-27T14:01:37.000Z,2026-07-22T16:29:17.940Z,https://www.reddit.com/r/Austin/comments/1rg7hl4/rfk_jr_visits_terry_blacks_in_austin_to_promote/,0,30-07-2026 07:36
lclbuvm,comment,Food and drink prices are lower than I expected.,Plastic_Salary_4084,minnesota,2024-07-10T23:20:40.000Z,2026-07-22T16:29:17.842Z,https://www.reddit.com/r/minnesota/comments/1e08w4c/took_the_borealis_from_st_paul_to_chicago_and/lclbuvm/,1058,30-07-2026 07:36
lclct7c,comment,"Yeah but did you read the reviews? 

""My 13 YO also would like it clarified that the Mac and cheese on the train is NOT as good as the michelenas frozen Mac and cheese""

😂",williamtowne,minnesota,2024-07-10T23:26:25.000Z,2026-07-22T16:29:17.842Z,https://www.reddit.com/r/minnesota/comments/1e08w4c/took_the_borealis_from_st_paul_to_chicago_and/lclct7c/,523,30-07-2026 07:36
lclj5f3,comment,I’ve brought my own beer/bottle of wine on the train and some cups. We don’t broadcast it and no one seems to mind.,LessTalkMoreTacos,minnesota,2024-07-11T00:05:12.000Z,2026-07-22T16:29:17.842Z,https://www.reddit.com/r/minnesota/comments/1e08w4c/took_the_borealis_from_st_paul_to_chicago_and/lclj5f3/,84,30-07-2026 07:36
lclhl56,comment,So is the quality. Mmm mmm microwave food.,KickAClay,minnesota,2024-07-10T23:55:36.000Z,2026-07-22T16:29:17.842Z,https://www.reddit.com/r/minnesota/comments/1e08w4c/took_the_borealis_from_st_paul_to_chicago_and/lclhl56/,9,30-07-2026 07:36
ld4e9ue,comment,"They just have a cafe which is great for pop and snacks, no sit down meal service in a dining car like the Empire Builder.  I heard you can't use the dining car anymore anyway on long-distance trains unless you book a sleeper and not just a seat.",pureplay181,minnesota,2024-07-14T10:45:37.000Z,2026-07-22T16:29:17.842Z,https://www.reddit.com/r/minnesota/comments/1e08w4c/took_the_borealis_from_st_paul_to_chicago_and/ld4e9ue/,2,30-07-2026 07:36
lclpuda,comment,The prices don’t really make a lot of sense. Craft beer and Ultra are the same price. Hot coffee and caribou cold brew are the same price. A cocktail is $1 more than an Ultra.,ya_silly_goose,minnesota,2024-07-11T00:47:19.000Z,2026-07-22T16:29:17.842Z,https://www.reddit.com/r/minnesota/comments/1e08w4c/took_the_borealis_from_st_paul_to_chicago_and/lclpuda/,7,30-07-2026 07:36
lclx62n,comment,Well Michelenas is darn good when add black pepper.,No-Rice-2261,minnesota,2024-07-11T01:34:04.000Z,2026-07-22T16:29:17.842Z,https://www.reddit.com/r/minnesota/comments/1e08w4c/took_the_borealis_from_st_paul_to_chicago_and/lclx62n/,8,30-07-2026 07:36
o7qgomn,comment,BBQ and healthy are not normally mentioned in the same sentence.  The salt content alone …,organized_chaos23,Austin,2026-02-27T17:29:58.000Z,2026-07-22T16:29:17.940Z,https://www.reddit.com/r/Austin/comments/1rg7hl4/rfk_jr_visits_terry_blacks_in_austin_to_promote/o7qgomn/,52,30-07-2026 07:36
o7r2rtv,comment,"Your link shows Terry Black's donate 3x as much to Hays County Democratic party than Greg Abbot.

Disappointing to support Abbott, but not really all that damning IMO.",caguru,Austin,2026-02-27T19:14:42.000Z,2026-07-22T16:29:17.940Z,https://www.reddit.com/r/Austin/comments/1rg7hl4/rfk_jr_visits_terry_blacks_in_austin_to_promote/o7r2rtv/,14,30-07-2026 07:36
o7r9xza,comment,Crazy how he just showed up lol,anotherJREbot,Austin,2026-02-27T19:50:11.000Z,2026-07-22T16:29:17.940Z,https://www.reddit.com/r/Austin/comments/1rg7hl4/rfk_jr_visits_terry_blacks_in_austin_to_promote/o7r9xza/,-1,30-07-2026 07:36
ojes3hu,comment,"**Reminder:** A key feature of r/AskTheWorld is having your user flair set.

Please take a moment to choose your **country or nationality flair** before joining the discussion.  
It helps everyone understand context and keeps conversations smoother.

You can set your flair here:
https://www.reddit.com/r/AskTheWorld/comments/1m0c891/how_to_change_your_flair_please_read_before/


*I am a bot, and this action was performed automatically. Please [contact the moderators of this subreddit](/message/compose/?to=/r/AskTheWorld) if you have any questions or concerns.*",AutoModerator,AskTheWorld,2026-05-01T23:21:08.000Z,2026-07-22T16:29:18.646Z,https://www.reddit.com/r/AskTheWorld/comments/1t199ur/is_there_a_country_that_you_secretly_admire/ojes3hu/,1,30-07-2026 07:36
ojey3ff,comment,"I love South Korea, would love to go there and try all the different food",Live_Cookie_5690,AskTheWorld,2026-05-01T23:55:54.000Z,2026-07-22T16:29:18.646Z,https://www.reddit.com/r/AskTheWorld/comments/1t199ur/is_there_a_country_that_you_secretly_admire/ojey3ff/,17,30-07-2026 07:36
ojfl8qp,comment,Mexico is a great place with great people.,Beale_St_Boozebag,AskTheWorld,2026-05-02T02:12:34.000Z,2026-07-22T16:29:18.646Z,https://www.reddit.com/r/AskTheWorld/comments/1t199ur/is_there_a_country_that_you_secretly_admire/ojfl8qp/,14,30-07-2026 07:36
onsm9sk,comment,"|**User Report**| | | |
|--- |--- |--- |--- |
|**Username**|/u/Academic-Age-6506|**Account Age**|7 months|
|**Post Karma**|3|**Comment Karma**|11|
|**Confirmed Trades**|3|**Unique Traders**|3|

^^This ^^information ^^does ^^not ^^guarantee ^^a ^^successful ^^trade. ^^It ^^is ^^being ^^provided ^^to ^^help ^^potential ^^trade ^^partners ^^have ^^more ^^immediate ^^background ^^information ^^about ^^with ^^whom ^^they ^^are ^^trading. ^^Please ^^be ^^sure ^^to ^^familiarize ^^yourself ^^with ^^the ^^[RULES](https://www.reddit.com/r/IndiaDealsExchange/wiki/rules) ^^and ^^other ^^guides ^^on ^^the ^^[WIKI](https://www.reddit.com/r/IndiaDealsExchange/wiki/index). ^^We ^^highly ^^recommend ^^using ^^the ^^[ADMIN](https://www.reddit.com/r/IndiaDealsExchange/wiki/admin_method) ^^to ^^ensure ^^a ^^secure ^^trade.",IDE-TradeBot,IndiaDealsExchange,2026-05-25T14:42:19.000Z,2026-07-22T16:29:19.372Z,https://www.reddit.com/r/IndiaDealsExchange/comments/1tnb7qs/h_bbq_nation_voucher_1000_and_500_w_60_upi/onsm9sk/,1,30-07-2026 07:36
okb2lqy,comment,"Roger Espinoza's bachelor party was down in Mexico a few years ago and I will say, we were treated quite well. Always looking for an excuse to go back!

...and yes, would've been nice to have them help us out in 2018 😉",GrahamZusi,MLS,2026-05-06T19:09:44.000Z,2026-07-22T16:29:22.138Z,https://www.reddit.com/r/MLS/comments/1t5gfk9/im_graham_zusi_ama/okb2lqy/,148,30-07-2026 07:36
oe2eysm,comment,"very true, went there alone and charged me 900rs-quality was absurbly bad. like the skewers were so charred that you didnt not even have to use the grill. all i could taste was the the black char.

  
2nd thing is they just forcefeed you random shit, if youre an introvert or smth, just ignore bcz the ppl there dont even stop after you tell them to. ",[deleted],Real_teenindia,2026-04-03T13:15:04.000Z,2026-07-22T16:29:22.195Z,https://www.reddit.com/r/Real_teenindia/comments/1sbb8fc/went_to_bbq_nation_unlimited_for_just_600/oe2eysm/,1,30-07-2026 07:36
oe2gb6m,comment,\+ bhai food is mediocre i can eat better and tastier food at half the price and agle din pet bhi kharab hota hai,Longjumping_Slide594,Real_teenindia,2026-04-03T13:22:25.000Z,2026-07-22T16:29:22.195Z,https://www.reddit.com/r/Real_teenindia/comments/1sbb8fc/went_to_bbq_nation_unlimited_for_just_600/oe2gb6m/,2,30-07-2026 07:36
oe2gvnp,comment,"lol, isse acha main olive garden chala jau

",[deleted],Real_teenindia,2026-04-03T13:25:30.000Z,2026-07-22T16:29:22.195Z,https://www.reddit.com/r/Real_teenindia/comments/1sbb8fc/went_to_bbq_nation_unlimited_for_just_600/oe2gvnp/,2,30-07-2026 07:36
opyy5ie,comment,What's the current price for non veg buffet .any idea?,Bathletic,Real_teenindia,2026-06-05T20:25:43.000Z,2026-07-22T16:29:22.195Z,https://www.reddit.com/r/Real_teenindia/comments/1sbb8fc/went_to_bbq_nation_unlimited_for_just_600/opyy5ie/,1,30-07-2026 07:36
opyycjf,comment,just use the bbq nation app and check it changes time to time,Divyam4070,Real_teenindia,2026-06-05T20:26:38.000Z,2026-07-22T16:29:22.195Z,https://www.reddit.com/r/Real_teenindia/comments/1sbb8fc/went_to_bbq_nation_unlimited_for_just_600/opyycjf/,1,30-07-2026 07:36
opyygqu,comment,Ok thanks bro,Bathletic,Real_teenindia,2026-06-05T20:27:12.000Z,2026-07-22T16:29:22.195Z,https://www.reddit.com/r/Real_teenindia/comments/1sbb8fc/went_to_bbq_nation_unlimited_for_just_600/opyygqu/,1,30-07-2026 07:36
om6bezr,comment,So your favorite things at a bbq are things the bbq was not used to prepare…not judging btw everyone has a choice. Just an observation.,EqualRoss,foodquestions,2026-05-16T18:35:48.000Z,2026-07-22T16:29:22.771Z,https://www.reddit.com/r/foodquestions/comments/1tf1njs/happy_national_barbecue_day_what_are_your/om6bezr/,12,30-07-2026 07:36
om6dlwl,comment,They must be vegetarian or vegan.,Perle1234,foodquestions,2026-05-16T18:47:10.000Z,2026-07-22T16:29:22.771Z,https://www.reddit.com/r/foodquestions/comments/1tf1njs/happy_national_barbecue_day_what_are_your/om6dlwl/,3,30-07-2026 07:36
om6ayhz,comment,"For bbq my favs are brisket, picana,  ribs, and pork.  For grilling nothing beats a good hotdog, chicken, or hamburger",rgbkng,foodquestions,2026-05-16T18:33:25.000Z,2026-07-22T16:29:22.771Z,https://www.reddit.com/r/foodquestions/comments/1tf1njs/happy_national_barbecue_day_what_are_your/om6ayhz/,6,30-07-2026 07:36
om6c14b,comment,"Red skin potato salad, baked beans, deviled eggs, cole slaw, crispy chips all of them...",AccomplishedLine9351,foodquestions,2026-05-16T18:39:00.000Z,2026-07-22T16:29:22.771Z,https://www.reddit.com/r/foodquestions/comments/1tf1njs/happy_national_barbecue_day_what_are_your/om6c14b/,3,30-07-2026 07:36
om6doef,comment,Mainly all the “no thanks” items lol,Perle1234,foodquestions,2026-05-16T18:47:32.000Z,2026-07-22T16:29:22.771Z,https://www.reddit.com/r/foodquestions/comments/1tf1njs/happy_national_barbecue_day_what_are_your/om6doef/,3,30-07-2026 07:36
om6e7wv,comment,Smoked brisket and smoked pulled pork..,tattedNsassy7,foodquestions,2026-05-16T18:50:21.000Z,2026-07-22T16:29:22.771Z,https://www.reddit.com/r/foodquestions/comments/1tf1njs/happy_national_barbecue_day_what_are_your/om6e7wv/,3,30-07-2026 07:36
om6dta2,comment,Otter pops,Yd1891,foodquestions,2026-05-16T18:48:14.000Z,2026-07-22T16:29:22.771Z,https://www.reddit.com/r/foodquestions/comments/1tf1njs/happy_national_barbecue_day_what_are_your/om6dta2/,2,30-07-2026 07:36
om6gpg5,comment,👆 That’s bait,NOLA-VeeRAD,foodquestions,2026-05-16T19:03:28.000Z,2026-07-22T16:29:22.771Z,https://www.reddit.com/r/foodquestions/comments/1tf1njs/happy_national_barbecue_day_what_are_your/om6gpg5/,0,30-07-2026 07:36
om6kcyb,comment,Or OP is 11,jgollsneid,foodquestions,2026-05-16T19:22:47.000Z,2026-07-22T16:29:22.771Z,https://www.reddit.com/r/foodquestions/comments/1tf1njs/happy_national_barbecue_day_what_are_your/om6kcyb/,1,30-07-2026 07:36
om6pexh,comment,"some of mine are pretty similar to yours. mac n cheese, devilled eggs, key lime pie, corn on the cob, baked beans, potato salad, banana pudding, jalapeno cornbread with honey butter. i also really enjoy fresh and grilled summer fruits like pineapple and watermelon.",ruinsofsilver,foodquestions,2026-05-16T19:49:34.000Z,2026-07-22T16:29:22.771Z,https://www.reddit.com/r/foodquestions/comments/1tf1njs/happy_national_barbecue_day_what_are_your/om6pexh/,1,30-07-2026 07:36
t3_1t8cukx,post,"I want to take my friend for my Result success party. I had a confusion ,Which one is to be preferred? You can also suggest me some other buffet.",PapaAgyeDelhi,gurgaon,2026-05-09T18:28:45.000Z,2026-07-22T16:29:23.152Z,https://www.reddit.com/r/gurgaon/comments/1t8cukx/bbq_nation_vs_bbq_company/,0,30-07-2026 07:36
t3_1q7g5er,post,"Hey all, 

not your usual visa/steps post, more a thank-you note before we head out.

I moved to the United States in my early 20s for work, married here, and after 15 years (and two kids born in America) we’re moving back to Europe for the next chapter. Before we go, I wanted to share what this country gave us, in case it helps someone who’s on the fence about coming.

I arrived with shaky English and pretty much broke, moved with a visa. I was so scared at the beginning, but I have always noticed that strangers were absurdly kind here in the US from neighbors to clerks to random folks who slowed down their speech so I could follow. Even at the DMV...

We found that across the map: New York upstate (my home), Florida, Texas “how y’all doin’?” energy, California and and especially Colorado. The welcome wasn’t performative, but real. I felt alone, because it's hard to immigrate, but never lonely... we were never made to feel like outsiders.

Opportunities are real as well as access to credit, opening bank account. Was hard because we did not know, but we built credit carefully, saved hard, and bought a home in under ten years, something that had felt impossible back in Europe with a normal job. 

Is America perfect? No country is, but compared to much of the world, discrimination here was low in our experience. Our mixed-race family lived, worked, worshiped (and not), and played alongside everyone else, at church, school, DMV and pretty much everywhere. The peaceful coexistence of different faiths and nationality and none at all, in the same block, is still one of my favorite American sights.

Food alone could keep you here: Mexican at lunch, Japanese at dinner, Korean BBQ on Friday, pizza on Sunday. You can eat around the planet without leaving a zip code. And the small stuff that isn’t small: libraries that feel like sanctuaries, parks that belong to everyone, coaches and teachers who went the extra mile for our kids, the endless “you got this” optimism that pushes people to take the next step.... and even the person behind the counter when your paperwork is a mess.

We’re leaving not out of fear or politics, but because our family’s “third place” is calling and we want a slower rhythm for a while. The US was good to us. It made room for our accents, gave our children a birthplace, and taught us to dream bigger and work steadier. If you’re “MovingToUSA” and wondering whether it’s worth it: for us, absolutely. Come with realistic expectations, patience, and respect for the placeand it will likely give back more than you expect.

Thank you, America, thank you Florida, Texas, California, New York, and sweet Colorado most of all...for your warmth also during winter, for your chances, your second chances, and your stubborn belief in tomorrow and positivity of people in this land.. We’ll be back to visit, probably crying happy tears in a grocery aisle the moment we see a wall of cereals again, especially all the colorful one.",kilowatt230,MovingToUSA,2026-01-08T16:22:17.000Z,2026-07-22T16:29:23.145Z,https://www.reddit.com/r/MovingToUSA/comments/1q7g5er/15_years_in_america_a_grateful_goodbye_for_now/,1254,30-07-2026 07:36
okvqpyk,comment,Isme ai picture ki kya zarurat ti?,TheFitSyntaxx,gurgaon,2026-05-09T20:24:48.000Z,2026-07-22T16:29:23.152Z,https://www.reddit.com/r/gurgaon/comments/1t8cukx/bbq_nation_vs_bbq_company/okvqpyk/,4,30-07-2026 07:36
okvkcok,comment,I liked BBQ company,ibu__hatela,gurgaon,2026-05-09T19:49:46.000Z,2026-07-22T16:29:23.152Z,https://www.reddit.com/r/gurgaon/comments/1t8cukx/bbq_nation_vs_bbq_company/okvkcok/,2,30-07-2026 07:36
okvj07j,comment,Barbeque company is bad,vishesh_1987,gurgaon,2026-05-09T19:42:21.000Z,2026-07-22T16:29:23.152Z,https://www.reddit.com/r/gurgaon/comments/1t8cukx/bbq_nation_vs_bbq_company/okvj07j/,0,30-07-2026 07:36
t3_1lcsr0q,post,"Total rip-off, $50 to stand in line for a rib bone or a shaving of meat. Had to wait 45-55 minutes in line at each of the 4 places giving ""included live fire samples"". Absolutely not enough places serving samples at all.

Based on the description of the event we were expecting included wine and beer tasting. This was incorrect.  We still had to pay for drinks.

1/10 would not recommend. 
",Patient-Author-2960,BBQ,2025-06-16T13:25:50.000Z,2026-07-22T16:29:23.341Z,https://www.reddit.com/r/BBQ/comments/1lcsr0q/anyone_else_attend_the_train_wreck_national_bbq/,81,30-07-2026 07:36
nyiymd8,comment,"For all of the negativity you see on Reddit about the US, it is nice to see something positive.",The_Flagrant_Vagrant,MovingToUSA,2026-01-09T02:55:26.000Z,2026-07-22T16:29:23.145Z,https://www.reddit.com/r/MovingToUSA/comments/1q7g5er/15_years_in_america_a_grateful_goodbye_for_now/nyiymd8/,49,30-07-2026 07:36
nzc1goz,comment,"My parents moved to the US completely broke. I was born in government housing. In 1 generation their 5 kids became engineers, a psychiatrist, and a nurse practitioner. We own homes, significant investments, and I can already retire almost anywhere in the world as I became a millionaire at 27. These are not isolated stats. Chinese, Nigerian, Indian, and many other nationalities statistically do extremely well here. If you can't see why this financial freedom that enables countless other freedoms in life is appealing to many foreigners, then this subreddit just likely isn't for you. I don't stress about anything. I'm about to buy my mom her own house and land so she can farm, which is her dream. I'll always be grateful for what the US has afforded me and my family",Orexii,MovingToUSA,2026-01-13T11:15:01.000Z,2026-07-22T16:29:23.146Z,https://www.reddit.com/r/MovingToUSA/comments/1q7g5er/15_years_in_america_a_grateful_goodbye_for_now/nzc1goz/,2,30-07-2026 07:36
my34vk8,comment,"For sure. 

Have gone to many ""Blues and BBQ"" type events over the years and they are definitely not worth it.",[deleted],BBQ,2025-06-16T14:35:00.000Z,2026-07-22T16:29:23.341Z,https://www.reddit.com/r/BBQ/comments/1lcsr0q/anyone_else_attend_the_train_wreck_national_bbq/my34vk8/,6,30-07-2026 07:36
my4dyc5,comment,Agreed unless it’s a hyper-local festival.,anarrowview,BBQ,2025-06-16T18:08:37.000Z,2026-07-22T16:29:23.341Z,https://www.reddit.com/r/BBQ/comments/1lcsr0q/anyone_else_attend_the_train_wreck_national_bbq/my4dyc5/,2,30-07-2026 07:36
my38v02,comment,"The majority are, but I was at one in my small town last week that was jam packed with people and my family was stuffed to the hills in about half an hour. Admission was $20 also. Longest line was about five minutes, most booths didn't have a line. One of the few perks of being in the middle of nowhere.",Rumblarr,BBQ,2025-06-16T14:54:28.000Z,2026-07-22T16:29:23.341Z,https://www.reddit.com/r/BBQ/comments/1lcsr0q/anyone_else_attend_the_train_wreck_national_bbq/my38v02/,3,30-07-2026 07:36
my64spt,comment,Agreed. Panda Fest was the last for me. Complete screw job.,xxartbqxx,BBQ,2025-06-16T23:20:51.000Z,2026-07-22T16:29:23.341Z,https://www.reddit.com/r/BBQ/comments/1lcsr0q/anyone_else_attend_the_train_wreck_national_bbq/my64spt/,1,30-07-2026 07:36
my3fcxu,comment,Any chance you're reasonable driving distance from. Virginia and wouldn't mind sharing the name of this festival? I have a friend who might be interested when it happens next year.,amortized-poultry,BBQ,2025-06-16T15:25:53.000Z,2026-07-22T16:29:23.341Z,https://www.reddit.com/r/BBQ/comments/1lcsr0q/anyone_else_attend_the_train_wreck_national_bbq/my3fcxu/,1,30-07-2026 07:36
my2w2gv,comment,"All food fests are like this. They sell all you can eat, and then don't expect anyone to eat. ",Simple-Purpose-899,BBQ,2025-06-16T13:49:42.000Z,2026-07-22T16:29:23.341Z,https://www.reddit.com/r/BBQ/comments/1lcsr0q/anyone_else_attend_the_train_wreck_national_bbq/my2w2gv/,57,30-07-2026 07:36
my2xdwg,comment,"Rib Fest, in downtown Minneapolis, when sponsored by Northwest Airlines, was Great


The even booked excellent bands


It helped that I lived 3 blocks away


Nowadays food fest are terrible ",The_DaHowie,BBQ,2025-06-16T13:56:44.000Z,2026-07-22T16:29:23.341Z,https://www.reddit.com/r/BBQ/comments/1lcsr0q/anyone_else_attend_the_train_wreck_national_bbq/my2xdwg/,13,30-07-2026 07:36
my2wxrk,comment,"All you can eat as long as it’s one bite at a time, waiting in a 30 min line for each bite.",PurpleZebra99,BBQ,2025-06-16T13:54:20.000Z,2026-07-22T16:29:23.341Z,https://www.reddit.com/r/BBQ/comments/1lcsr0q/anyone_else_attend_the_train_wreck_national_bbq/my2wxrk/,26,30-07-2026 07:36
my34zwx,comment,All you can eat... But there's just not much to eat...,[deleted],BBQ,2025-06-16T14:35:37.000Z,2026-07-22T16:29:23.341Z,https://www.reddit.com/r/BBQ/comments/1lcsr0q/anyone_else_attend_the_train_wreck_national_bbq/my34zwx/,3,30-07-2026 07:36
t3_1u35n36,post,"There was a save food flash offer on zomato for chicken biriyani from BBQ nation

When I got the food I think the chicken was already ""saved"" before the offer has been sent out

  
or maybe the chicken was saved from being slaughtered. they just amputated the top of its wings and was let to live another day",Slow_Firefighter_405,Zomato,2026-06-11T17:31:18.000Z,2026-07-22T16:29:23.745Z,https://www.reddit.com/r/Zomato/comments/1u35n36/ordered_chicken_biriyani_from_bbq_nation_under/,0,30-07-2026 07:36
nmbhloo,comment,"Mauritius and Trinidad and Tobago:

* Similar population: 1.2 - 1.3 million
* Both were British colonies with economies based on sugar plantations.
* After the abolition of slavery, both islands saw an influx of indentured labourers from the Indian subcontinent.
* Both are multicultural societies (Black/Creole, Indian, European, and Chinese influences) with unique syncretic cultures in food (rotis, curries), and diverse relgious populations (Christianity, Hinudism, Islam), etc
* Both are relatively stable democracies and have transitioned from purely agricultural economies to more diversified ones (including tourism).

If French creole didn't die off in Trinidad and Tobago (even if the French Creoles were very different), the similarities would be even stronger.

Africa's smaller islands (Seychelles, Réunion, Cabo Verde) have a lot of similarities with Caribbean nations.",ChantillyMenchu,geography,2025-10-31T04:33:43.000Z,2026-07-22T16:29:23.650Z,https://www.reddit.com/r/geography/comments/1okkmx8/which_two_countries_are_located_far_away_from/nmbhloo/,365,30-07-2026 07:36
nmbiiu3,comment,"This is the best one yet (aside from OP’s).  

I would also propose Seychelles and the Bahamas.",burgleshams,geography,2025-10-31T04:41:26.000Z,2026-07-22T16:29:23.650Z,https://www.reddit.com/r/geography/comments/1okkmx8/which_two_countries_are_located_far_away_from/nmbiiu3/,73,30-07-2026 07:36
ordhfk6,comment,Yes... ,Slow_Firefighter_405,Zomato,2026-06-13T06:51:43.000Z,2026-07-22T16:29:23.745Z,https://www.reddit.com/r/Zomato/comments/1u35n36/ordered_chicken_biriyani_from_bbq_nation_under/ordhfk6/,1,30-07-2026 07:36
inifnxn,comment,we deserve to go 0-17 for either one of these things,FancyRobot,nfl,2022-09-07T22:17:17.000Z,2026-07-22T16:29:24.247Z,https://www.reddit.com/r/nfl/comments/x8i8vn/phleaglesnation_new_food_item_at_the_linc_this/inifnxn/,389,30-07-2026 07:36
injpri5,comment,I can practically hear Bill Burr roasting the Eagles for this right now.,EntropyFighter,nfl,2022-09-08T04:09:18.000Z,2026-07-22T16:29:24.247Z,https://www.reddit.com/r/nfl/comments/x8i8vn/phleaglesnation_new_food_item_at_the_linc_this/injpri5/,2,30-07-2026 07:36
inj5cd4,comment,Your city's favorite thing is a sandwich that looks like someone barfed in it. These look like cereal-coated horse turds. I'm sure they'll be a hit.,blarch,nfl,2022-09-08T01:23:00.000Z,2026-07-22T16:29:24.247Z,https://www.reddit.com/r/nfl/comments/x8i8vn/phleaglesnation_new_food_item_at_the_linc_this/inj5cd4/,-11,30-07-2026 07:36
opxn9ux,comment,Never tried duck wanna try soon😁,Gold_Squirrel5386,MaaOoriVanta,2026-06-05T16:48:32.000Z,2026-07-22T16:29:24.448Z,https://www.reddit.com/r/MaaOoriVanta/comments/1txpwe7/bbq_nation/opxn9ux/,1,30-07-2026 07:36
t3_1tf2yhl,post,are there any others u remember ?,Queasy_Dingo_8262,forgottenfoods,2026-05-16T19:21:09.000Z,2026-07-22T16:29:24.859Z,https://www.reddit.com/r/forgottenfoods/comments/1tf2yhl/happy_national_bbq_day_here_are_bbq_foods_i_miss/,53,30-07-2026 07:36
om8p1gq,comment,"Those all sound good, except for the Lunchables chicken.  They have to be refrigerated, so I can't imagine eating cold chicken.",Resident-Gold-3466,forgottenfoods,2026-05-17T02:55:17.000Z,2026-07-22T16:29:24.859Z,https://www.reddit.com/r/forgottenfoods/comments/1tf2yhl/happy_national_bbq_day_here_are_bbq_foods_i_miss/om8p1gq/,1,30-07-2026 07:36
om9a994,comment,![gif](giphy|qi5yA8J5dC8V4CY1po),LinkN7,forgottenfoods,2026-05-17T05:34:34.000Z,2026-07-22T16:29:24.859Z,https://www.reddit.com/r/forgottenfoods/comments/1tf2yhl/happy_national_bbq_day_here_are_bbq_foods_i_miss/om9a994/,2,30-07-2026 07:36
om9xosr,comment,😂🤣😂🤣,Resident-Gold-3466,forgottenfoods,2026-05-17T09:03:37.000Z,2026-07-22T16:29:24.859Z,https://www.reddit.com/r/forgottenfoods/comments/1tf2yhl/happy_national_bbq_day_here_are_bbq_foods_i_miss/om9xosr/,2,30-07-2026 07:36
om9801o,comment,Bbq goldfish,NoPrinciple3335,forgottenfoods,2026-05-17T05:15:37.000Z,2026-07-22T16:29:24.859Z,https://www.reddit.com/r/forgottenfoods/comments/1tf2yhl/happy_national_bbq_day_here_are_bbq_foods_i_miss/om9801o/,1,30-07-2026 07:36
om7d5w0,comment,Did that lunchables come with a panda condom?,untangledtech,forgottenfoods,2026-05-16T21:58:08.000Z,2026-07-22T16:29:24.859Z,https://www.reddit.com/r/forgottenfoods/comments/1tf2yhl/happy_national_bbq_day_here_are_bbq_foods_i_miss/om7d5w0/,-1,30-07-2026 07:36
om8f9gh,comment,They are chocolate filled cookies don’t be weird ,Queasy_Dingo_8262,forgottenfoods,2026-05-17T01:51:05.000Z,2026-07-22T16:29:24.859Z,https://www.reddit.com/r/forgottenfoods/comments/1tf2yhl/happy_national_bbq_day_here_are_bbq_foods_i_miss/om8f9gh/,2,30-07-2026 07:36
t3_1nvx998,post,Friday dinner buffet at bbq nation at ₹450??? is this legit??? i don’t think so,Willing_Switch_8213,pune,2025-10-02T07:29:09.000Z,2026-07-22T16:29:25.036Z,https://www.reddit.com/r/pune/comments/1nvx998/is_this_legit_bbq_nation_westend_mall_aundh/,75,30-07-2026 07:36
nhbttro,comment,"Fri Sat sun there is a different rate as shown in the image. So I am sure, everyday here comes with *, please check.",PleasantRace4794,pune,2025-10-02T07:44:09.000Z,2026-07-22T16:29:25.036Z,https://www.reddit.com/r/pune/comments/1nvx998/is_this_legit_bbq_nation_westend_mall_aundh/nhbttro/,56,30-07-2026 07:36
nhc8ou0,comment,"look just under it, it clearly says Sun fri and Sat

everyday is rest of the week",Panda-768,pune,2025-10-02T10:15:17.000Z,2026-07-22T16:29:25.036Z,https://www.reddit.com/r/pune/comments/1nvx998/is_this_legit_bbq_nation_westend_mall_aundh/nhc8ou0/,8,30-07-2026 07:36
n1snfjn,comment,"Start one, no reason not to!",canyoufeeltheDtonite,union,2025-07-07T12:18:19.000Z,2026-07-22T16:29:25.471Z,https://www.reddit.com/r/union/comments/1ltc2vk/some_boss/n1snfjn/,6,30-07-2026 07:36
ojcu7qo,comment,Lalqila restaurant,Certain-Dress9763,DubaiMallus,2026-05-01T17:30:40.000Z,2026-07-22T16:29:25.711Z,https://www.reddit.com/r/DubaiMallus/comments/1syt1gm/bbq_nation_buffet_bday_party/ojcu7qo/,1,30-07-2026 07:36
oj7dvs5,comment,"BBQ nation @ sharjah central is 76 with out vat  for dinner in week days. Bday person on same day gets free entry if you bring atleast 3 person. 
It eas decent experience i went for party there yesterday. Not crowded.",UniqueCriticism2601,DubaiMallus,2026-04-30T21:13:25.000Z,2026-07-22T16:29:25.711Z,https://www.reddit.com/r/DubaiMallus/comments/1syt1gm/bbq_nation_buffet_bday_party/oj7dvs5/,1,30-07-2026 07:36
oj49pao,comment,"Bro, check out Cobone or Groupon. They’ve got plenty of buffet deals with different pricing. You can choose based on whether you want breakfast / lunch or dinner.",TurbulentSurprise609,DubaiMallus,2026-04-30T12:13:01.000Z,2026-07-22T16:29:25.711Z,https://www.reddit.com/r/DubaiMallus/comments/1syt1gm/bbq_nation_buffet_bday_party/oj49pao/,1,30-07-2026 07:36
oiz9qfz,comment,"BBQ nation food is really below average when we visit couple of months back.
Also too crowded with a lot of noise .
",amg63-dreamer,DubaiMallus,2026-04-29T17:43:00.000Z,2026-07-22T16:29:25.711Z,https://www.reddit.com/r/DubaiMallus/comments/1syt1gm/bbq_nation_buffet_bday_party/oiz9qfz/,2,30-07-2026 07:36
oiwsr07,comment,"BBQ Nation have special price now
Weekday 59 & weekends 69",ADSavy,DubaiMallus,2026-04-29T09:58:35.000Z,2026-07-22T16:29:25.711Z,https://www.reddit.com/r/DubaiMallus/comments/1syt1gm/bbq_nation_buffet_bday_party/oiwsr07/,2,30-07-2026 07:36
oiwuy06,comment,Which location?i just called DSO branch they told its 94 per person on weekends,Large_Skin4631,DubaiMallus,2026-04-29T10:16:39.000Z,2026-07-22T16:29:25.711Z,https://www.reddit.com/r/DubaiMallus/comments/1syt1gm/bbq_nation_buffet_bday_party/oiwuy06/,1,30-07-2026 07:36
oiwq3rw,comment,"absolute barbecues dinner aanengi 89+ aanu weekendil.

deira city centrinte aduthayi oru branch und..

table munkooti book cheyyam.

[avarude websitil kayariyal kooduthal details kittum.](https://www.absolutebarbecuesme.com/buffet-menu)",sakhavk,DubaiMallus,2026-04-29T09:35:56.000Z,2026-07-22T16:29:25.711Z,https://www.reddit.com/r/DubaiMallus/comments/1syt1gm/bbq_nation_buffet_bday_party/oiwq3rw/,1,30-07-2026 07:36
oj0imqq,comment,Absolute bbq nte quality ippo koranj,Important_Law_780,DubaiMallus,2026-04-29T21:04:31.000Z,2026-07-22T16:29:25.711Z,https://www.reddit.com/r/DubaiMallus/comments/1syt1gm/bbq_nation_buffet_bday_party/oj0imqq/,1,30-07-2026 07:36
oiwllrf,comment,"It was 65 per person on weekdays and 85 on weekends. 

I am not 100% sure. Just call their branch to confirm and reserve",StillLearningLife-1,DubaiMallus,2026-04-29T08:54:31.000Z,2026-07-22T16:29:25.711Z,https://www.reddit.com/r/DubaiMallus/comments/1syt1gm/bbq_nation_buffet_bday_party/oiwllrf/,3,30-07-2026 07:36
t3_1qhxrz0,post,"Hey Punekars 👋

It’s my birthday tomorrow 🎂 and I’m planning to go to BBQ Nation. I’m pure veg, so I wanted honest opinions from people here.

Which BBQ Nation outlet near Hinjewadi, Wakad, or within 5–10 km from Hinjewadi would you recommend for:

Best veg food options

Taste and variety

Service and overall experience

Also, a few things I’d love to know:

Is BBQ Nation actually worth it for pure veg people?

Any must-try veg items I should not miss?

Best time/day to go to avoid too much rush

Anything I should keep in mind since it’s a birthday visit?

Looking forward to celebrating with good food, so your suggestions will really help. Thanks in advance! 🙌🎉",elonmusk_ka_chacha,pune,2026-01-20T10:38:52.000Z,2026-07-22T16:29:25.839Z,https://www.reddit.com/r/pune/comments/1qhxrz0/going_to_bbq_nation_for_first_time_which_one_is/,7,30-07-2026 07:36
t3_1tn9or2,post,"We're planning a hangout in BBQN wakad. I'm very confused about the pricing. The vegetarian price is around 600. How much would the total be after taxes and all, per person, if there are 5 of us? (I know many people feel it isn't worth it and all, but we've made up our minds)",Handy_Hemlock77,pune,2026-05-25T13:46:41.000Z,2026-07-22T16:29:25.863Z,https://www.reddit.com/r/pune/comments/1tn9or2/bbq_nation/,2,30-07-2026 07:36
o0n8odm,comment,"I am non vegetarian, I would suggest dont go as a pure veg person, but for nonveg its heaven",Large-Rabbit-4491,pune,2026-01-20T10:40:17.000Z,2026-07-22T16:29:25.839Z,https://www.reddit.com/r/pune/comments/1qhxrz0/going_to_bbq_nation_for_first_time_which_one_is/o0n8odm/,18,30-07-2026 07:36
o0n9ari,comment,If you tell them it's your birthday they'll provide a cake.. but for pure Veg it's a waste of money..,PositiveParking819,pune,2026-01-20T10:45:46.000Z,2026-07-22T16:29:25.839Z,https://www.reddit.com/r/pune/comments/1qhxrz0/going_to_bbq_nation_for_first_time_which_one_is/o0n9ari/,11,30-07-2026 07:36
o0n9xan,comment,850+taxes I guess...,PositiveParking819,pune,2026-01-20T10:51:17.000Z,2026-07-22T16:29:25.839Z,https://www.reddit.com/r/pune/comments/1qhxrz0/going_to_bbq_nation_for_first_time_which_one_is/o0n9xan/,2,30-07-2026 07:36
o0ncxmq,comment,It's a waste of money for pure veg and totally unhygienic!!,[deleted],pune,2026-01-20T11:17:30.000Z,2026-07-22T16:29:25.839Z,https://www.reddit.com/r/pune/comments/1qhxrz0/going_to_bbq_nation_for_first_time_which_one_is/o0ncxmq/,2,30-07-2026 07:36
o0ornp0,comment,Food quality wise AB < BBQ N,AnujKulkarni,pune,2026-01-20T16:10:52.000Z,2026-07-22T16:29:25.839Z,https://www.reddit.com/r/pune/comments/1qhxrz0/going_to_bbq_nation_for_first_time_which_one_is/o0ornp0/,3,30-07-2026 07:36
o0nhtc3,comment,"I saw ab's menu it says to book table for only 599 . Is that really the real price, or there will be extra charge for food",elonmusk_ka_chacha,pune,2026-01-20T11:56:23.000Z,2026-07-22T16:29:25.839Z,https://www.reddit.com/r/pune/comments/1qhxrz0/going_to_bbq_nation_for_first_time_which_one_is/o0nhtc3/,1,30-07-2026 07:36
t3_1uwmcvz,post,"My inspiration for making this: https://old.reddit.com/r/nba/comments/1uwbu9g/oc_what_fast_food_chain_is_each_nba_franchise/

## What Fast-Food Franchise Is Each NFL Franchise?

**Arizona Cardinals: Carl’s Jr.**
They have technically existed forever, are vaguely associated with the desert, and occasionally produce something that looks exciting in the commercials. Then you experience it and remember why nobody was talking about them.

**Atlanta Falcons: Chick-fil-A**
The Atlanta pairing is obvious. The brand is beloved, the color scheme works, and being structurally unavailable on Sundays is such a perfect Falcons metaphor that no further explanation is required.

**Baltimore Ravens: Mission BBQ**
Meat-heavy, intensely organized, and completely uninterested in subtlety. The formula is always physicality, competent management, and making sure you leave feeling like you were hit by something.

**Buffalo Bills: Buffalo Wild Wings**
Loud, chaotic, covered in sauce, and best enjoyed with a room full of increasingly emotional people. The experience is usually excellent until the final few minutes, when something devastating happens to everyone involved.

**Carolina Panthers: Subway**
Keeps changing the menu, the leadership, and the person behind the counter, but no combination has made the product feel fresh in years.

**Chicago Bears: Portillo’s**
Built on beef, history, and the conviction that the old ways were better. After years of serving the same disappointing thing, the menu finally looks modern enough that Chicago is ready to become unbearable again.

**Cincinnati Bengals: Wendy’s**
Usually sharp, entertaining, and much better than the old version. Unfortunately, the entire experience depends on one essential ingredient remaining healthy.

**Cleveland Browns: Long John Silver’s**
The building looks abandoned, the product has raised serious questions for years, and yet an incredibly loyal group of customers keeps showing up. Nobody knows whether this is admirable or a cry for help.

**Dallas Cowboys: McDonald’s**
The biggest brand in the country, unavoidable in advertising, and still dining out on what it accomplished in the 1990s. Every year brings a new promotional campaign explaining why this version will be different.

**Denver Broncos: Qdoba**
For years, everyone treated it as the less interesting burrito option. Then you look up and realize it has quietly assembled one of the best operations around while the flashier competition struggles.

**Detroit Lions: Little Caesars**
Detroit-born, blue-collar, ridiculed for years, and suddenly much better than the jokes suggest. The fans who survived the bad years are now furious that everyone else has discovered it.

**Green Bay Packers: Culver’s**
Small-town Wisconsin, cheese, consistency, and a customer base that treats the place like a civic institution. It should not be this nationally successful given the size of its market, yet the formula keeps working.

**Houston Texans: Chipotle**
Young, exciting, and loaded with high-quality ingredients. When assembled correctly, it looks like one of the best options available, but one bad decision can still ruin the entire bowl.

**Indianapolis Colts: Steak ’n Shake**
A Midwestern classic still trading heavily on memories of when the operation was elite. The ingredients seem recognizable, but every visit takes longer than expected and ends with questions about management.

**Jacksonville Jaguars: Firehouse Subs**
Solid ingredients, underrated nationally, and occasionally much better than people realize, right before one awkward experience reminds everyone why they had stopped paying attention.

**Kansas City Chiefs: KFC**
Red, globally recognized, and for years the default answer whenever someone wanted a reliable win. One terrible batch has everyone loudly declaring the empire finished, which probably means it is not.

**Las Vegas Raiders: Hooters**
The entire brand is built around an edgy image that was much cooler several decades ago. It keeps relocating into flashier markets, but the actual product still feels stuck in the past.

**Los Angeles Chargers: Panda Express**
Efficient, consistently pretty good, and somehow incapable of inspiring the level of devotion its quality should produce. Half the people in the building appear to be there because it was the most convenient available option.

**Los Angeles Rams: Five Guys**
Flashy, expensive, and built by paying top dollar for every ingredient. The finished product can be great, but it never feels like something designed to last on a budget.

**Miami Dolphins: Baskin-Robbins**
Bright, fun, and extremely appealing in warm weather. By the time December arrives, the enthusiasm has usually melted away.

**Minnesota Vikings: Dairy Queen**
A Minnesota institution that delivers plenty of enjoyable regular-season experiences, followed by an annual brain freeze at exactly the worst possible moment.

**New England Patriots: Dunkin’**
New England runs on it. It dominated daily life for years, declined enough that outsiders started celebrating, and then returned to the national stage before anyone was emotionally prepared for it.

**New Orleans Saints: Popeyes**
Louisiana flavor, a fanatically loyal local following, and memories of a truly great peak. Lately, you walk in excited and discover that several important items are unavailable.

**New York Giants: Nathan’s Famous**
An old New York institution whose name carries considerably more weight than its current product. People still talk about the glory days, while the modern experience mostly survives on nostalgia and prime real estate.

**New York Jets: Sbarro**
It claims New York, but New Yorkers would prefer not to discuss it. Every few years, a new manager promises the recipe has been fixed, and every few years you are left staring at the same sad slice.

**Philadelphia Eagles: Wawa**
Aggressively regional, extremely well-run, and loved with an intensity outsiders find slightly frightening. Criticize it within city limits and you may be required to defend yourself physically.

**Pittsburgh Steelers: Domino’s**
The recipe rarely changes, the presentation is never glamorous, and somehow it keeps delivering a winning product no matter how many people predict this is the year it finally falls apart.

**San Francisco 49ers: In-N-Out**
A California classic with a limited menu, a famous history, and fans who insist the old formula remains superior to everything else. The product is excellent when every component is available, which is not always.

**Seattle Seahawks: Starbucks**
Born in Seattle, spread everywhere, went through a period when people thought the magic was gone, and then suddenly ended up on top of the world again. Now everyone has to pretend they always believed in the new recipe.

**Tampa Bay Buccaneers: Taco Bell**
Usually chaotic, frequently questionable, and never built for long-term stability. Every once in a while, though, it produces something unexpectedly great and everyone forgives years of bad decisions.

**Tennessee Titans: Quiznos**
Had a legitimate peak around the turn of the century, gradually disappeared from national relevance, and still occasionally causes someone to ask, “Wait, are they still around?”

**Washington Commanders: Burger King**
Has changed its name, logo, leadership, and overall identity so many times that nobody is quite sure what the brand stands for. New management insists the comeback is real.",EggOnlyDiet,nfl,2026-07-14T21:45:17.000Z,2026-07-22T16:29:26.943Z,https://www.reddit.com/r/nfl/comments/1uwmcvz/what_fast_food_chain_is_each_nfl_franchise/,420,30-07-2026 07:36
onsem3l,comment,better ask at counter,Illustrious_Role_304,pune,2026-05-25T14:04:27.000Z,2026-07-22T16:29:25.863Z,https://www.reddit.com/r/pune/comments/1tn9or2/bbq_nation/onsem3l/,2,30-07-2026 07:36
oo2c6x2,comment,"I have checked the Barbecue Nation website, it says Rs. 899 per person + taxes. If it's 5 people then it will cost Rs. 4495 + taxes.",santrupt1994,pune,2026-05-26T22:57:17.000Z,2026-07-22T16:29:25.863Z,https://www.reddit.com/r/pune/comments/1tn9or2/bbq_nation/oo2c6x2/,1,30-07-2026 07:36
t3_1u76owp,post,What's the difference between these 2 offers?? Food mei any difference?,Excellent-Pie-3846,kalyan_dombivli,2026-06-16T07:31:28.000Z,2026-07-22T16:29:27.150Z,https://www.reddit.com/r/kalyan_dombivli/comments/1u76owp/bbq_nation_xperia/,4,30-07-2026 07:36
oxl8xt5,comment,"Yep, it’s July",Brix001,nfl,2026-07-15T00:45:56.000Z,2026-07-22T16:29:26.944Z,https://www.reddit.com/r/nfl/comments/1uwmcvz/what_fast_food_chain_is_each_nfl_franchise/oxl8xt5/,746,30-07-2026 07:36
om8db24,comment,"Put Stubbs Original bbq sauce on there. It's half the calories of most bottled sauces and is actual bbq sauce, not diet food.",Inanimate_CARB0N_Rod,LowCalFoodFinds,2026-05-17T01:38:52.000Z,2026-07-22T16:29:27.049Z,https://www.reddit.com/r/LowCalFoodFinds/comments/1tf30o2/happy_national_bbq_day_here_are_some_lower_cal/om8db24/,3,30-07-2026 07:36
om8u9x8,comment,honestly sf sweet baby ray's tastes just as good imo,r4v3n70rch,LowCalFoodFinds,2026-05-17T03:32:04.000Z,2026-07-22T16:29:27.049Z,https://www.reddit.com/r/LowCalFoodFinds/comments/1tf30o2/happy_national_bbq_day_here_are_some_lower_cal/om8u9x8/,3,30-07-2026 07:36
omez38a,comment,The bbq pizza lean cuisine is soo good,tulipskull,LowCalFoodFinds,2026-05-18T02:44:51.000Z,2026-07-22T16:29:27.049Z,https://www.reddit.com/r/LowCalFoodFinds/comments/1tf30o2/happy_national_bbq_day_here_are_some_lower_cal/omez38a/,2,30-07-2026 07:36
om814qp,comment,"Don’t eat any of that and just grill some chicken thighs and potatoes. 

Lean steak if you can afford the macros ",Significant-Ad-2328,LowCalFoodFinds,2026-05-17T00:21:08.000Z,2026-07-22T16:29:27.049Z,https://www.reddit.com/r/LowCalFoodFinds/comments/1tf30o2/happy_national_bbq_day_here_are_some_lower_cal/om814qp/,-4,30-07-2026 07:36
os8ef01,comment,You get only 4 starters in cheap one and also need to pay for water bottles. Also limited main course without kulfi. Did tasted awful when u went.i complained and was given free meal upgrade on next visit .,No-Shirt-2185,kalyan_dombivli,2026-06-17T18:30:55.000Z,2026-07-22T16:29:27.150Z,https://www.reddit.com/r/kalyan_dombivli/comments/1u76owp/bbq_nation_xperia/os8ef01/,2,30-07-2026 07:36
orxyitj,comment,"Others might know better, but I think with the cheaper option you won’t get on table BBQ, just what’s in the buffet. ",NebulouslyKeen,kalyan_dombivli,2026-06-16T07:38:28.000Z,2026-07-22T16:29:27.150Z,https://www.reddit.com/r/kalyan_dombivli/comments/1u76owp/bbq_nation_xperia/orxyitj/,1,30-07-2026 07:36
orzlgr7,comment,Oh is it,Excellent-Pie-3846,kalyan_dombivli,2026-06-16T14:10:39.000Z,2026-07-22T16:29:27.150Z,https://www.reddit.com/r/kalyan_dombivli/comments/1u76owp/bbq_nation_xperia/orzlgr7/,1,30-07-2026 07:36
oryfe5i,comment,Try r/mumbai,Abhir-86,kalyan_dombivli,2026-06-16T10:04:16.000Z,2026-07-22T16:29:27.150Z,https://www.reddit.com/r/kalyan_dombivli/comments/1u76owp/bbq_nation_xperia/oryfe5i/,0,30-07-2026 07:36
ll97ovu,comment,"#Do not comment on the original posts

Please read our [**sub rules**](https://www.reddit.com/r/BestofRedditorUpdates/wiki/subrules). Rule-breaking may result in a ban without notice.

If there is an issue with this post (flair, formatting, quality), reply to this comment or your comment may be removed in general discussion.

**CHECK FLAIR** For concluded-only updates, use the [CONCLUDED](https://www.reddit.com/r/BestofRedditorUpdates/search?sort=new&restrict_sr=on&q=flair%3ACONCLUDED) flair.


*I am a bot, and this action was performed automatically. Please [contact the moderators of this subreddit](/message/compose/?to=/r/BestofRedditorUpdates) if you have any questions or concerns.*",AutoModerator,BestofRedditorUpdates,2024-09-03T04:02:06.000Z,2026-07-22T16:29:28.046Z,https://www.reddit.com/r/BestofRedditorUpdates/comments/1f7qr9i/new_update_aitah_for_being_upset_my_husband_is/ll97ovu/,1,30-07-2026 07:36
lldlld6,comment,"I agree AnonThrowAway. I mean jfc, does she need to be run over by a freaking bulldozer? And just what the hell does shevthink MIL is going to say??"" Yes darling,  I fixed him up to fk another woman""?

Frankly,  I'd divorce him ass whether he cheated or not. On his better days, he still treats her like trash. And I'm a guy saying this. Husband is so repulsive, I'd ne playing ""Burning Bed""/s.",Tight-Shift5706,BestofRedditorUpdates,2024-09-03T22:17:03.000Z,2026-07-22T16:29:28.046Z,https://www.reddit.com/r/BestofRedditorUpdates/comments/1f7qr9i/new_update_aitah_for_being_upset_my_husband_is/lldlld6/,15,30-07-2026 07:36
om6ln90,comment,Honey bbq frito twists,Think-Tie5943,snacking,2026-05-16T19:29:39.000Z,2026-07-22T16:29:28.678Z,https://www.reddit.com/r/snacking/comments/1tf33qh/happy_national_bbq_day_what_are_your_favorite_bbq/om6ln90/,8,30-07-2026 07:36
om79lxl,comment,https://preview.redd.it/5uafoifojk1h1.jpeg?width=2000&format=pjpg&auto=webp&s=89f3c71fd820e1aa2fb6d96ffd034a67be32fa23,jadedjed1,snacking,2026-05-16T21:38:05.000Z,2026-07-22T16:29:28.678Z,https://www.reddit.com/r/snacking/comments/1tf33qh/happy_national_bbq_day_what_are_your_favorite_bbq/om79lxl/,5,30-07-2026 07:36
om7eva2,comment,These were shockingly good. Couldn’t stop myself from finishing the bag,FridgeFucker17982,snacking,2026-05-16T22:07:54.000Z,2026-07-22T16:29:28.678Z,https://www.reddit.com/r/snacking/comments/1tf33qh/happy_national_bbq_day_what_are_your_favorite_bbq/om7eva2/,1,30-07-2026 07:36
om6mvww,comment,I actually really like BBQ Doritos! Dipped in ranch or sour cream for a little treat.,shortRenae,snacking,2026-05-16T19:36:14.000Z,2026-07-22T16:29:28.678Z,https://www.reddit.com/r/snacking/comments/1tf33qh/happy_national_bbq_day_what_are_your_favorite_bbq/om6mvww/,4,30-07-2026 07:36
om76elc,comment,https://preview.redd.it/u8kvtc0igk1h1.jpeg?width=900&format=pjpg&auto=webp&s=e4e9bb6d69dc81f1e1a944848b1260975d28b11b,tracitytm_,snacking,2026-05-16T21:20:16.000Z,2026-07-22T16:29:28.678Z,https://www.reddit.com/r/snacking/comments/1tf33qh/happy_national_bbq_day_what_are_your_favorite_bbq/om76elc/,2,30-07-2026 07:36
om8u727,comment,"These.  *For freaking evahhhhh.*

https://preview.redd.it/ir0xs0iqam1h1.jpeg?width=600&format=pjpg&auto=webp&s=fdd5af6425802e2fbc30d9f1e8abd19706330a22",Emergency-Box-5719,snacking,2026-05-17T03:31:30.000Z,2026-07-22T16:29:28.678Z,https://www.reddit.com/r/snacking/comments/1tf33qh/happy_national_bbq_day_what_are_your_favorite_bbq/om8u727/,2,30-07-2026 07:36
om6n6p9,comment,Ruffles bbq,obsessivelizbeth,snacking,2026-05-16T19:37:50.000Z,2026-07-22T16:29:28.678Z,https://www.reddit.com/r/snacking/comments/1tf33qh/happy_national_bbq_day_what_are_your_favorite_bbq/om6n6p9/,1,30-07-2026 07:36
om7jfnf,comment,Lays BBQ chips or the Doritos BBQ,Sensitive_Regular_84,snacking,2026-05-16T22:34:45.000Z,2026-07-22T16:29:28.678Z,https://www.reddit.com/r/snacking/comments/1tf33qh/happy_national_bbq_day_what_are_your_favorite_bbq/om7jfnf/,1,30-07-2026 07:36
om8eck6,comment,Bieno bbq roasted chickpeas,masson34,snacking,2026-05-17T01:45:24.000Z,2026-07-22T16:29:28.678Z,https://www.reddit.com/r/snacking/comments/1tf33qh/happy_national_bbq_day_what_are_your_favorite_bbq/om8eck6/,1,30-07-2026 07:36
om9c1m2,comment,Bbq Doritos or honey bbq Fritos twists,Possible-Detail2441,snacking,2026-05-17T05:49:58.000Z,2026-07-22T16:29:28.678Z,https://www.reddit.com/r/snacking/comments/1tf33qh/happy_national_bbq_day_what_are_your_favorite_bbq/om9c1m2/,1,30-07-2026 07:36
t3_1sakhea,post,"In terms of ambience, value for money and overall food quality? 

First hand experiences would be highly appreciated ",Live_Ostrich_6668,Patna,2026-04-02T15:26:01.000Z,2026-07-22T16:29:28.942Z,https://www.reddit.com/r/Patna/comments/1sakhea/pirates_of_grill_vs_bbq_nation_which_is_the_best/,5,30-07-2026 07:36
odwj8cl,comment,Pirates of grill 100%,Mysterious_Guava3663,Patna,2026-04-02T15:51:21.000Z,2026-07-22T16:29:28.942Z,https://www.reddit.com/r/Patna/comments/1sakhea/pirates_of_grill_vs_bbq_nation_which_is_the_best/odwj8cl/,3,30-07-2026 07:36
odwgkho,comment,"Pirates of Grill, no comparison. As a foodie who has visited almost every big buffet chain in Patna, I can guarantee you that you'll have a better food experience in Pirates of Grill. ",Horngri,Patna,2026-04-02T15:39:10.000Z,2026-07-22T16:29:28.942Z,https://www.reddit.com/r/Patna/comments/1sakhea/pirates_of_grill_vs_bbq_nation_which_is_the_best/odwgkho/,2,30-07-2026 07:36
odwmvop,comment,What other places have you visited?,Live_Ostrich_6668,Patna,2026-04-02T16:08:10.000Z,2026-07-22T16:29:28.942Z,https://www.reddit.com/r/Patna/comments/1sakhea/pirates_of_grill_vs_bbq_nation_which_is_the_best/odwmvop/,1,30-07-2026 07:36
oe0wt01,comment,Depends on the festive promotions and timings. It can be between 699-900. They may have early bird discount too.,Horngri,Patna,2026-04-03T06:14:31.000Z,2026-07-22T16:29:28.942Z,https://www.reddit.com/r/Patna/comments/1sakhea/pirates_of_grill_vs_bbq_nation_which_is_the_best/oe0wt01/,1,30-07-2026 07:36
t3_1l87gsf,post,"Amidst an ongoing prosecution riddled with alleged misconduct—withheld evidence, prejudicial leaks, and aggressive death penalty pursuit—Luigi Mangione chose kindness for his 27th birthday.
From confinement, he sent his correspondents a ""27 Things I’m Grateful For"" list, reflecting his resilience and empathy.

We’re moved by his grace under fire and thank this community for:
Upholding his presumption of innocence,
Exposing corporate-driven corruption in this case,Ensuring the truth isn’t buried by power. His gratitude is a testament to the humanity the system tries to break. His letter reveals profound humanity—a stark contrast to the system punishing him to protect corrupt power. Stand for Luigi at the next court date June 26th. ",PinkExcalibur,FreeLuigi,2025-06-10T19:10:59.000Z,2026-07-22T16:29:29.345Z,https://www.reddit.com/r/FreeLuigi/comments/1l87gsf/despite_unjust_prosecution_luigi_27_sends/,1876,30-07-2026 07:36
oz31tt1,comment,My Grandparents used to eat this along with fresh home made flour tortillas made with lard and butter with salt sprinkled on it. I still do too....my god fat and carb heaven! I add fresh garlic and melted butter to make a dipping sauce. I call it a Mexican bread stick lol. Just roll up the tortilla and dip that mother!,Rush_Floyd_Zep_4ever,70s,2026-07-22T14:32:59.000Z,2026-07-22T16:29:32.641Z,https://www.reddit.com/r/70s/comments/1v3h9a2/simple_saltines_and_butter/oz31tt1/,17,30-07-2026 07:36
oz3gqka,comment,"When I was a kid, my grandparents had some Norwegian friends that made lefsa. It's similar to a canape and served rolled up with butter and brown sugar. I found that eating a tortilla the same way was almost as good. ",Beemerba,70s,2026-07-22T15:36:16.000Z,2026-07-22T16:29:32.641Z,https://www.reddit.com/r/70s/comments/1v3h9a2/simple_saltines_and_butter/oz3gqka/,1,30-07-2026 07:36
oz2if5g,comment,Damn it FIFA did it. We Stand As One.,illonlyfadeaway,soccercirclejerk,2026-07-22T13:04:03.000Z,2026-07-22T16:29:32.847Z,https://www.reddit.com/r/soccercirclejerk/comments/1v3fbi5/this_is_how_they_celebrated_the_expulsion_on_enzo/oz2if5g/,569,30-07-2026 07:36
oz2bc0v,comment,Exactly. The rural India and many urban people also worship Modi like a God and cuss Congress limitless. They don't even listen to or wants to understand what is wrong with this govt. We as a citizen must be open minded to follow the latest ideology not just the party propaganda.,Erianthus,IndianTeenagers,2026-07-22T12:27:50.000Z,2026-07-22T16:29:33.752Z,https://www.reddit.com/r/IndianTeenagers/comments/1v3ei3a/i_thought_raga_will_never_become_pm_but_bhartiya/oz2bc0v/,52,30-07-2026 07:36
oz2tdbk,comment,"This is insanity mate 

This cop is so evil",tera_chachu,india,2026-07-22T13:55:39.000Z,2026-07-22T16:29:33.458Z,https://www.reddit.com/r/india/comments/1v3fhy2/dharmendra_pradhans_daughter_disables_instagram/oz2tdbk/,31,30-07-2026 07:36
oz2wobg,comment,Thats creepy. People liking this are creeps.   Why should a child bear the sins of her parent.   Pradhan's kids have nothing to do with this.,kaiser_17,india,2026-07-22T14:10:26.000Z,2026-07-22T16:29:33.458Z,https://www.reddit.com/r/india/comments/1v3fhy2/dharmendra_pradhans_daughter_disables_instagram/oz2wobg/,-46,30-07-2026 07:36
oz3rdik,comment,"If you are doing this, make sure to exclude minors. Otherwise thats another sinkhole you are opening for yourself.",Environmental_Bus507,india,2026-07-22T16:20:31.000Z,2026-07-22T16:29:33.458Z,https://www.reddit.com/r/india/comments/1v3fhy2/dharmendra_pradhans_daughter_disables_instagram/oz3rdik/,1,30-07-2026 07:36
oz054hr,comment,I’d have to be talked out of cooking it….,SouthsideSlimbo,GrandmasPantry,2026-07-22T03:03:35.000Z,2026-07-22T16:29:35.538Z,https://www.reddit.com/r/GrandmasPantry/comments/1v33pwl/pulled_this_out_of_a_box_in_my_dads_attic_labeled/oz054hr/,535,30-07-2026 07:36
oz095pc,comment,"That flavor packet must be as hard as a rock. 

It would probably be best to boil it down and pick out the paper after.",pSphere1,GrandmasPantry,2026-07-22T03:28:34.000Z,2026-07-22T16:29:35.539Z,https://www.reddit.com/r/GrandmasPantry/comments/1v33pwl/pulled_this_out_of_a_box_in_my_dads_attic_labeled/oz095pc/,171,30-07-2026 07:36
oz0ju8r,comment,It's so old the price evaporated,koboldtsar,GrandmasPantry,2026-07-22T04:39:22.000Z,2026-07-22T16:29:35.539Z,https://www.reddit.com/r/GrandmasPantry/comments/1v33pwl/pulled_this_out_of_a_box_in_my_dads_attic_labeled/oz0ju8r/,11,30-07-2026 07:36
oz1d801,comment,"You can certainly *cook it,* but just don’t **eat it.**  

I would 10/10 be cooking it just to see if it holds up, or just turns into a nasty mush. It’s processed to hella even back then, so I wouldn’t be too surprised if it looked perfectly fine… just a bit stale and clumpy.  ",iSirMeepsAlot,GrandmasPantry,2026-07-22T08:30:13.000Z,2026-07-22T16:29:35.539Z,https://www.reddit.com/r/GrandmasPantry/comments/1v33pwl/pulled_this_out_of_a_box_in_my_dads_attic_labeled/oz1d801/,6,30-07-2026 07:36
oz1rcjw,comment,Expired Kraft gets weevils... That box likely has a few dead bugs in it,twelvespareboobs,GrandmasPantry,2026-07-22T10:23:20.000Z,2026-07-22T16:29:35.539Z,https://www.reddit.com/r/GrandmasPantry/comments/1v33pwl/pulled_this_out_of_a_box_in_my_dads_attic_labeled/oz1rcjw/,5,30-07-2026 07:36
oz1efqc,comment,I’m lactose intolerant so this would fuck me up regardless of its age. I would still try it.,jefferyJEFFERYbaby,GrandmasPantry,2026-07-22T08:40:26.000Z,2026-07-22T16:29:35.539Z,https://www.reddit.com/r/GrandmasPantry/comments/1v33pwl/pulled_this_out_of_a_box_in_my_dads_attic_labeled/oz1efqc/,3,30-07-2026 07:36
oz3dobq,comment,the cheese powder goes rancid and turns brown; it would be very gross,ForgetfulDoryFish,GrandmasPantry,2026-07-22T15:23:24.000Z,2026-07-22T16:29:35.539Z,https://www.reddit.com/r/GrandmasPantry/comments/1v33pwl/pulled_this_out_of_a_box_in_my_dads_attic_labeled/oz3dobq/,2,30-07-2026 07:36
oz0hy6b,comment,"""It's'a Me, Diarrhea!""",Longjumping-Solid680,GrandmasPantry,2026-07-22T04:26:13.000Z,2026-07-22T16:29:35.539Z,https://www.reddit.com/r/GrandmasPantry/comments/1v33pwl/pulled_this_out_of_a_box_in_my_dads_attic_labeled/oz0hy6b/,208,30-07-2026 07:36
oz0gcp6,comment,Treat it like bouillon,peanutgallery_31,GrandmasPantry,2026-07-22T04:15:23.000Z,2026-07-22T16:29:35.539Z,https://www.reddit.com/r/GrandmasPantry/comments/1v33pwl/pulled_this_out_of_a_box_in_my_dads_attic_labeled/oz0gcp6/,23,30-07-2026 07:36
oz2r8i9,comment,"*""Flavor packet?""* It's Kraft Macaroni & Cheese. I think you mean ***cheese*** packet, no? I ***hope*** you mean cheese packet! 😅

I suppose the cheese *does* have a flavor, but calling it a ""flavor packet""— ah-la ramen noodles— is hilarious to me! 🤣",thefirstviolinist,GrandmasPantry,2026-07-22T13:45:56.000Z,2026-07-22T16:29:35.539Z,https://www.reddit.com/r/GrandmasPantry/comments/1v33pwl/pulled_this_out_of_a_box_in_my_dads_attic_labeled/oz2r8i9/,4,30-07-2026 07:36
oz0h66t,comment,"u/IndicationBrief5950, there weren't enough votes to determine the quality of your post...",qualityvote2,HolUp,2026-07-22T04:20:55.000Z,2026-07-22T16:29:35.647Z,https://www.reddit.com/r/HolUp/comments/1v35gb9/catstanbul/oz0h66t/,1,30-07-2026 07:36
oz32izj,comment,"Mukhang Latin Americans ang mga kawatan na ito. mind you, may visa free access karamihan sa kanila sa Schengen area tapos tayong mga Pinoy sangkatutak na requirements para makapagbakayson lang dyan.",TheGhostOfFalunGong,AnongThoughtsMo,2026-07-22T14:35:58.000Z,2026-07-22T16:29:36.154Z,https://www.reddit.com/r/AnongThoughtsMo/comments/1v3f7hd/anong_thoughts_mo/oz32izj/,7,30-07-2026 07:36
oz2r1wm,comment,And Yaris tail lights too.,stingerized,whatisthiscar,2026-07-22T13:45:05.000Z,2026-07-22T16:29:36.348Z,https://www.reddit.com/r/whatisthiscar/comments/1v3g2rv/spotted_in_suzuka/oz2r1wm/,80,30-07-2026 07:36
oz2ovro,comment,"I just got done watching the pilot debrief about Saudi Flight 163 where basically the opposite of this happened.. 

They landed with a fire but the captain told them not to evacuate and he continued to taxi off the runway. Took them 21 minutes after landing to attempt to start evacuating the aircraft and everyone on that flight passed away due to smoke inhalation. 

Amazing how following protocol saves lives. ",Gone_22,aviation,2026-07-22T13:34:57.000Z,2026-07-22T16:29:36.946Z,https://www.reddit.com/r/aviation/comments/1v3fng0/a_small_detail/oz2ovro/,341,30-07-2026 07:36
oz1p3c7,comment,"Girl? Twink?

![gif](giphy|XvjC06Gh9lhfZNBNIM)",Hevnaar,blursedimages,2026-07-22T10:06:38.000Z,2026-07-22T16:29:41.146Z,https://www.reddit.com/r/blursedimages/comments/1v37vti/blursed_game/oz1p3c7/,63,30-07-2026 07:36
oz2e0gj,comment,Holy puchi Takane,frozen_desserts_01,Manga_Manwa_Manhua,2026-07-22T12:41:48.000Z,2026-07-22T16:29:41.213Z,https://www.reddit.com/r/Manga_Manwa_Manhua/comments/1v3eeft/tsuki_no_joou_no_nekashitsukekata_how_to_put_the/oz2e0gj/,6,30-07-2026 07:36
oz1uk07,comment,![gif](giphy|f5XoT6Bf0Vj8RqEP5p),Specific-Ear8958,hungary,2026-07-22T10:46:22.000Z,2026-07-22T16:29:42.657Z,https://www.reddit.com/r/hungary/comments/1v3bgpa/mp_bek%C3%B6sz%C3%B6nt_nek%C3%BCnk_vit%C3%A9zy_ama_%C3%A9rkez%C5%91ben/oz1uk07/,1,30-07-2026 07:36
oz1srre,comment,"![gif](giphy|oBwOba7cOph4I)  
kikerestem amin látszik a másik deszka is :)",acecombine,hungary,2026-07-22T10:33:45.000Z,2026-07-22T16:29:42.657Z,https://www.reddit.com/r/hungary/comments/1v3bgpa/mp_bek%C3%B6sz%C3%B6nt_nek%C3%BCnk_vit%C3%A9zy_ama_%C3%A9rkez%C5%91ben/oz1srre/,1,30-07-2026 07:36
oz25wnl,comment,Fiatalnak neveztek. 🥹,Sparkling_Hails,hungary,2026-07-22T11:57:51.000Z,2026-07-22T16:29:42.657Z,https://www.reddit.com/r/hungary/comments/1v3bgpa/mp_bek%C3%B6sz%C3%B6nt_nek%C3%BCnk_vit%C3%A9zy_ama_%C3%A9rkez%C5%91ben/oz25wnl/,1,30-07-2026 07:36
oz1oxon,comment,"The protest site is called "" Jantar Mantar """,Affectionate_Life177,pics,2026-07-22T10:05:27.000Z,2026-07-22T16:29:43.445Z,https://www.reddit.com/r/pics/comments/1v32oah/people_from_all_over_india_are_ordering_food/oz1oxon/,1,30-07-2026 07:36
oz1tdtf,comment,Autocorrect! Edited!,CarmynRamy,pics,2026-07-22T10:38:09.000Z,2026-07-22T16:29:43.445Z,https://www.reddit.com/r/pics/comments/1v32oah/people_from_all_over_india_are_ordering_food/oz1tdtf/,1,30-07-2026 07:36
oz30ssy,comment,"Today, reddit delivered.",addandsubtract,pics,2026-07-22T14:28:30.000Z,2026-07-22T16:29:43.445Z,https://www.reddit.com/r/pics/comments/1v32oah/people_from_all_over_india_are_ordering_food/oz30ssy/,1,30-07-2026 07:36
oz36y4q,comment,"It IS subplot, 90% of the anime has nothing to do with romance.",alcalcalcalcalca,RomanceMangaAnime,2026-07-22T14:54:55.000Z,2026-07-22T16:29:43.644Z,https://www.reddit.com/r/RomanceMangaAnime/comments/1v3fdnx/hyper_competentintelligent_mmc_and_ball_of/oz36y4q/,3,30-07-2026 07:36
oz2sz5r,comment,"If you saw last nights Dodgers-Phillies game, yes, they're not the brightest. ",jsdodgers,baseball,2026-07-22T13:53:52.000Z,2026-07-22T16:29:45.346Z,https://www.reddit.com/r/baseball/comments/1v3dpti/pete_crowarmstrong_has_overtaken_shohei_ohtani_as/oz2sz5r/,5,30-07-2026 07:36
oz0bhl0,comment,![gif](giphy|7IGuxoKgY34WlBpepI),drivalowrida,interestingasfuck,2026-07-22T03:43:34.000Z,2026-07-22T16:29:45.761Z,https://www.reddit.com/r/interestingasfuck/comments/1v2x06i/curvy_candle_burning_through_itself/oz0bhl0/,41,30-07-2026 07:36
oz24ykz,comment,And why tf did they give her a massive chest 😭,Bepehandle,Ben10,2026-07-22T11:52:20.000Z,2026-07-22T16:29:51.567Z,https://www.reddit.com/r/Ben10/comments/1v3cnlu/ben_10_x_spy_x_family_by_nathanz57/oz24ykz/,131,30-07-2026 07:36
oz32xy5,comment,https://preview.redd.it/3qovw5krlseh1.jpeg?width=216&format=pjpg&auto=webp&s=3734b1cbb5ad48a30f23d2f80e9687a243ce7be9,The_H7160,Deltarune,2026-07-22T14:37:45.000Z,2026-07-22T16:29:52.552Z,https://www.reddit.com/r/Deltarune/comments/1v3hyb7/do_you_think_noelle_ever_made_kris_in_the_sims_to/oz32xy5/,632,30-07-2026 07:36
oz37em6,comment,https://preview.redd.it/nt1pzzv5pseh1.png?width=498&format=png&auto=webp&s=10cfb39a266b1c7ad552489f60e4a56006144067,blaigmush,Deltarune,2026-07-22T14:56:52.000Z,2026-07-22T16:29:52.552Z,https://www.reddit.com/r/Deltarune/comments/1v3hyb7/do_you_think_noelle_ever_made_kris_in_the_sims_to/oz37em6/,158,30-07-2026 07:36
oz3ar0t,comment,hi,FoolsUponFools,Deltarune,2026-07-22T15:11:08.000Z,2026-07-22T16:29:52.552Z,https://www.reddit.com/r/Deltarune/comments/1v3hyb7/do_you_think_noelle_ever_made_kris_in_the_sims_to/oz3ar0t/,8,30-07-2026 07:36
oyy8tk5,comment,well it aint called a steam train fe-... hold up,Mysterious-Leg-4612,Steam,2026-07-21T21:06:05.000Z,2026-07-22T16:29:52.855Z,https://www.reddit.com/r/Steam/comments/1v2v62n/choo_chooooo/oyy8tk5/,2206,30-07-2026 07:36
oz2di6p,comment,"10000? Rookie numbers. 
Through the combined power of 32 Fable-subagents you should be able to produce at least 128.000 lines of pure, unfiltered slop per hour!

(And ruin your companies financial future in the process)",Eevee-Biologist,ClaudeCode,2026-07-22T12:39:09.000Z,2026-07-22T16:29:53.543Z,https://www.reddit.com/r/ClaudeCode/comments/1v3cy52/claude_this_project_will_take_3_months_me_you/oz2di6p/,5,30-07-2026 07:36
oz34ini,comment,lol,IceWallow97,ClaudeCode,2026-07-22T14:44:32.000Z,2026-07-22T16:29:53.543Z,https://www.reddit.com/r/ClaudeCode/comments/1v3cy52/claude_this_project_will_take_3_months_me_you/oz34ini/,1,30-07-2026 07:36
oz215yt,comment,https://preview.redd.it/6396biz5oreh1.jpeg?width=1080&format=pjpg&auto=webp&s=1af936275c636f713cb060c754205514ef41149b,Killer_Boi,AnarchyChess,2026-07-22T11:29:26.000Z,2026-07-22T16:29:54.206Z,https://www.reddit.com/r/AnarchyChess/comments/1v3ck3u/chess_squares_tier_list/oz215yt/,78,30-07-2026 07:36
oz1vqnf,comment,OPs username checks out,OK1526,AnarchyChess,2026-07-22T10:54:29.000Z,2026-07-22T16:29:54.206Z,https://www.reddit.com/r/AnarchyChess/comments/1v3ck3u/chess_squares_tier_list/oz1vqnf/,8,30-07-2026 07:36
oz3aev7,comment,Art,I_Chug_Nuln_Oil,AnarchyChess,2026-07-22T15:09:42.000Z,2026-07-22T16:29:54.206Z,https://www.reddit.com/r/AnarchyChess/comments/1v3ck3u/chess_squares_tier_list/oz3aev7/,5,30-07-2026 07:36
oz277wm,comment,praise be the Duke,Legendarium_,AnarchyChess,2026-07-22T12:05:24.000Z,2026-07-22T16:29:54.206Z,https://www.reddit.com/r/AnarchyChess/comments/1v3ck3u/chess_squares_tier_list/oz277wm/,14,30-07-2026 07:36
oz2yq9a,comment,https://preview.redd.it/zicg2o5iiseh1.jpeg?width=393&format=pjpg&auto=webp&s=85c3d8716fbe392ec2ff6531591100f0f231cb1c,FireMarshallMC,AnarchyChess,2026-07-22T14:19:29.000Z,2026-07-22T16:29:54.206Z,https://www.reddit.com/r/AnarchyChess/comments/1v3ck3u/chess_squares_tier_list/oz2yq9a/,35,30-07-2026 07:36
oz29bvi,comment,r/theletterh,SovoK_404,AnarchyChess,2026-07-22T12:17:05.000Z,2026-07-22T16:29:54.206Z,https://www.reddit.com/r/AnarchyChess/comments/1v3ck3u/chess_squares_tier_list/oz29bvi/,16,30-07-2026 07:36
oz2qqd8,comment,"This is a friendly reminder to comment with a link to the **recipe** on which the review is found; do not link the review itself.

And while you're here, why not review the [/r/ididnthaveeggs rules](https://www.reddit.com/r/ididnthaveeggs/about/sidebar)?


*I am a bot, and this action was performed automatically. Please [contact the moderators of this subreddit](/message/compose/?to=/r/ididnthaveeggs) if you have any questions or concerns.*",AutoModerator,ididnthaveeggs,2026-07-22T13:43:37.000Z,2026-07-22T16:29:55.249Z,https://www.reddit.com/r/ididnthaveeggs/comments/1v3gkwx/reading_is_important/oz2qqd8/,1,30-07-2026 07:36
oz2rjtz,comment,I dislike rosemary. How dare you write a recipe with rosemary that isn't tailored for me specifically!,NapalmAxolotl,ididnthaveeggs,2026-07-22T13:47:23.000Z,2026-07-22T16:29:55.249Z,https://www.reddit.com/r/ididnthaveeggs/comments/1v3gkwx/reading_is_important/oz2rjtz/,322,30-07-2026 07:36
oz2s1iv,comment,My humblest apologies!,bowlofdelicious,ididnthaveeggs,2026-07-22T13:49:38.000Z,2026-07-22T16:29:55.249Z,https://www.reddit.com/r/ididnthaveeggs/comments/1v3gkwx/reading_is_important/oz2s1iv/,59,30-07-2026 07:36
oz2uc77,comment,"It's okay, just substitute rosemary for bay leaves. It's basically the same thing. ",W1D0WM4K3R,ididnthaveeggs,2026-07-22T14:00:00.000Z,2026-07-22T16:29:55.249Z,https://www.reddit.com/r/ididnthaveeggs/comments/1v3gkwx/reading_is_important/oz2uc77/,23,30-07-2026 07:36
oz3giov,comment,Now I’m hungry. Rosemary and lemon are two of my favorite things. Thanks!,Critical-Notice-4395,ididnthaveeggs,2026-07-22T15:35:21.000Z,2026-07-22T16:29:55.249Z,https://www.reddit.com/r/ididnthaveeggs/comments/1v3gkwx/reading_is_important/oz3giov/,3,30-07-2026 07:36
oz2wd24,comment,"I have rhododendron leaves, that's interchangeable, right?

People say they're toxic but I know that's just a scam by Big Herb.",NapalmAxolotl,ididnthaveeggs,2026-07-22T14:09:03.000Z,2026-07-22T16:29:55.249Z,https://www.reddit.com/r/ididnthaveeggs/comments/1v3gkwx/reading_is_important/oz2wd24/,36,30-07-2026 07:36
oz35l4u,comment,"Too much sugar in rhododendron leaves, you should use organic air.",Serendipnick,ididnthaveeggs,2026-07-22T14:49:06.000Z,2026-07-22T16:29:55.249Z,https://www.reddit.com/r/ididnthaveeggs/comments/1v3gkwx/reading_is_important/oz35l4u/,14,30-07-2026 07:36
oz3bv8h,comment,I just mowed the lawn so I’m going to use grass clippings instead. Waste not want not!,DadsRGR8,ididnthaveeggs,2026-07-22T15:15:53.000Z,2026-07-22T16:29:55.249Z,https://www.reddit.com/r/ididnthaveeggs/comments/1v3gkwx/reading_is_important/oz3bv8h/,4,30-07-2026 07:36
oz3g6mv,comment,"Use tomato leaves, anything from the nightshade family. It'll detox you like no other!

(Don't, really. Poison!)",SoyboyCowboy,ididnthaveeggs,2026-07-22T15:33:57.000Z,2026-07-22T16:29:55.249Z,https://www.reddit.com/r/ididnthaveeggs/comments/1v3gkwx/reading_is_important/oz3g6mv/,4,30-07-2026 07:36
oz36hdm,comment,"Wildfire smoke is organic, right?",NapalmAxolotl,ididnthaveeggs,2026-07-22T14:52:55.000Z,2026-07-22T16:29:55.249Z,https://www.reddit.com/r/ididnthaveeggs/comments/1v3gkwx/reading_is_important/oz36hdm/,9,30-07-2026 07:36
oz1j1bu,comment,"![gif](giphy|LJAdVnJVqEb9g81Bx8)

",WonderEuphoric,GTA,2026-07-22T09:18:34.000Z,2026-07-22T16:29:55.163Z,https://www.reddit.com/r/GTA/comments/1v3a5al/mods_these_days_have_come_a_long_way_to_be_this/oz1j1bu/,378,30-07-2026 07:36
