postId,pageName,text,time,likes,comments,shares,viewsCount,videoPostViewCount,url,link,processed_at
1.50556E+15,BarbequeNation,"When the rains arrive, so do the flavours we've all been craving.

From spicy Misal to comforting monsoon favourites from across India, Chef Sadik Mullani brings the season to your plate—one delicious bite at a time. ❤️🍲

📍 Barbeque Nation, Deccan Mall, Pune
📅 21st – 27th July 2026

Reserve your table now on the Barbeque Nation App or Website.
08069026720 for reservations!

#BarbequeNation #TasteOfMonsoon #Pune #MonsoonFood",2026-07-14T15:17:43.000Z,5,,0,,,https://www.facebook.com/BarbequeNation/posts/pfbid021JcucLHPWDQJqVBVpL9gVGR3SyT5NsgfxePTqJof59nGhUhBVCQXiGWkFfbmti2ul,,30-07-2026 07:08
1.50554E+15,BarbequeNation,"This July, discover The Nawab's Table with Chef Aditya Sahu—a limited-time culinary experience that reimagines Mughlai classics with a contemporary twist.

Expect bold flavours, rich aromas, and dishes crafted to celebrate the royal legacy of Mughlai cuisine.

📍 Barbeque Nation, Fun Republic, Lokhandwala, Mumbai
📅 15th – 19th July, 2026

Reserve your table now on the Barbeque Nation App or Website.
08069026720 for reservations!

#BarbequeNation #BarbequeVibes #Mumbai

Mumbai food festival | Mumbai chef pop up | Mughlai food Mumbai | Lokhandwala restaurants | Andheri West restaurants | Buffet in Mumbai | Unlimited buffet Mumbai",2026-07-14T14:40:18.000Z,13,,0,2332,783,https://www.facebook.com/reel/1586192019687501/,,30-07-2026 07:08
1.50553E+15,BarbequeNation,"For the first time ever, the flavours of Southern India arrive at Barbeque Nation UAE. 🌴

Experience Aromas of Southern India, an exclusive chef takeover by Chef Kenneth Gopinath, the youngest contestant on MasterChef India 2023.

Discover South Indian cuisine like you've never tasted before, every dish has been crafted to celebrate the richness of the South with a fresh perspective.

📍 Barbeque Nation, Al Barsha, Dubai
📅 20th–26th July, 2026
📞+971 4 872 3613

#BarbequeNation #BarbequeVibes #Dubai",2026-07-14T14:34:38.000Z,13,,1,2309,446,https://www.facebook.com/reel/913646545108873/,,30-07-2026 07:08
1.50471E+15,BarbequeNation,"This July, your city's serving more than just great food. 🔥
Limited-time chef-curated menus. Unlimited reasons to visit.

📍 Mumbai | Chef Aditya Sahu | 15–19 July
📍 Hyderabad | Chef Suraj Thapa | 20–26 July
📍 Bengaluru | Chef Sherie Mehtaa | 22–26 July
📍 Chennai | Chef Nithya Franklyn | 22–26 July

Which stop are you making first? 👀

Book your table on the Barbeque Nation App or website.

#BarbequeNation #BarbequeVibes #ChefTakeover",2026-07-13T16:30:39.000Z,8,,1,2311,382,https://www.facebook.com/reel/1847094816273048/,,30-07-2026 07:08
1.50466E+15,BarbequeNation,"The best recipes aren't always the most famous, sometimes they're the ones waiting to be rediscovered. ✨

Join Chef Sherie Mehta for Saanjha, a celebration of Punjab's forgotten flavours, where every dish carries the warmth of home and the richness of tradition.

📍 Indiranagar, Bengaluru
🗓️ 22nd – 26th July, 2026

Tag your food partner and experience a menu that's been waiting to be remembered. ❤️

#Saanjha #BarbequeNation #ChefSherry",2026-07-13T15:18:25.000Z,9,,2,,,https://www.facebook.com/BarbequeNation/posts/pfbid0RhSNkMQwocqo4VGvcouoqKGx1Ndo4EuhgpvqdFt7JbXcvigyXazkZSQD2jBTd3yml,,30-07-2026 07:08
1.50377E+15,BarbequeNation,"This July, discover The Nawab's Table with Chef Aditya Sahu—a limited-time culinary experience that reimagines Mughlai classics with a contemporary twist.

Expect bold flavours, rich aromas, and dishes crafted to celebrate the royal legacy of Mughlai cuisine.

📍 Barbeque Nation, Fun Republic, Lokhandwala, Mumbai
📅 15th – 19th July, 2026

Reserve your table now on the Barbeque Nation App or Website.
08069026720 for reservations!

#BarbequeNation #BarbequeVibes #Mumbai

Mumbai food festival | Mumbai chef pop up | Mughlai food Mumbai | Lokhandwala restaurants | Andheri West restaurants | Buffet in Mumbai | Unlimited buffet Mumbai",2026-07-12T13:58:02.000Z,54,2,1,7365,2892,https://www.facebook.com/reel/1071204995255179/,,30-07-2026 07:08
1.50377E+15,BarbequeNation,"Suvai Yathirai isn't just a food festival—it's a journey across the rich flavours of the Deccan. 🌿

From forgotten family recipes to regional favourites, Dr. Chef Nithya Franklyn brings together the stories, spices, and soul of South India in one unforgettable culinary experience.

📍 Barbeque Nation, T Nagar, Chennai
📅 22nd–26th July, 2026

Come hungry. Leave with a taste of the Deccan you'll remember.

#BarbequeNation #BarbequeVibes #SuvaiYathirai #Chennai",2026-07-12T13:53:53.000Z,15,,0,,,https://www.facebook.com/BarbequeNation/posts/pfbid026g62oaRj43wirZuvimmFdbdfanFcU93aYAJGYxy4t9AceUcxw6z9dK259qWmSHVal,,30-07-2026 07:08
1.50218E+15,BarbequeNation,"This July, pull up a chair at The Royal Bengal Table, where Chef Suraj Thapa brings Bengal's forgotten culinary treasures back to life—one heirloom recipe at a time.

From royal kitchens to family heirlooms, every bite tells a story worth rediscovering.

📍 Barbeque Nation, Kukatpally, Hyderabad
📅 20th – 26th July, 2026

Reserve your table and taste the Bengal you've never known.

#BengaliCuisine #Hyderabad #BarbequeNation",2026-07-10T15:27:45.000Z,15,,0,,,https://www.facebook.com/BarbequeNation/posts/pfbid0pACrnk1NV4PDkbNWb71knSt9YEd6VuE2opyaPrShjHm7udfCr625k8eAP6mYkMnDl,,30-07-2026 07:08
1.50109E+15,BarbequeNation,"For the first time ever, the flavours of Southern India arrive at Barbeque Nation UAE. 🌴

Experience Aromas of Southern India, an exclusive chef takeover by Chef Kenneth Gopinath, the youngest contestant on MasterChef India 2023.

Discover South Indian cuisine like you've never tasted before, every dish has been crafted to celebrate the richness of the South with a fresh perspective.

📍 Barbeque Nation, Al Barsha, Dubai
📅 20th–26th July, 2026
📞+971 4 872 3613

#BarbequeNation #BarbequeVibes #Dubai",2026-07-09T10:44:11.000Z,3,,0,,,https://www.facebook.com/BarbequeNation/posts/pfbid0iKsYrsqaPv3kn7gmwQUqL83dNCcmpxK1dGT3e3eAi1Lk2D4PmYRsciMZDj1UM1a2l,,30-07-2026 07:08
1.49909E+15,BarbequeNation,"Some points are earned.
Some are brownie points. 😉

Because the sweetest rewards are always on the table at Barbeque Nation. ❤️🍽️

#WorldChocolateDay #BarbequeNation",2026-07-07T06:21:06.000Z,6,2,1,,,https://www.facebook.com/BarbequeNation/posts/pfbid02QjxXNwUAvE1ARzQwvqKU25p6njAwbqCb4gAzsxzau4RLWRtDcEDthTNkGmsCSLTal,,30-07-2026 07:08
1.49744E+15,BarbequeNation,"This July, discover The Nawab's Table with Chef Aditya Sahu—a limited-time culinary experience that reimagines Mughlai classics with a contemporary twist.

Expect bold flavours, rich aromas, and dishes crafted to celebrate the royal legacy of Mughlai cuisine.

📍 Barbeque Nation, Fun Republic, Lokhandwala, Mumbai
📅 15th – 19th July, 2026

Reserve your table now on the Barbeque Nation App or Website.
08069026720 for reservations!

#BarbequeNation #BarbequeVibes #Mumbai

Mumbai food festival | Mumbai chef pop up | Mughlai food Mumbai | Lokhandwala restaurants | Andheri West restaurants | Buffet in Mumbai | Unlimited buffet Mumbai",2026-07-05T12:43:49.000Z,7,1,0,,,https://www.facebook.com/BarbequeNation/posts/pfbid02rGQn7YJ7jfY7U2RPSS8Q1h9rsGqPnMNkMZLVBPRdGopty43RLV5AFFGRtR9jmf8wl,,30-07-2026 07:08
1.49673E+15,BarbequeNation,"This July, your city's serving more than just great food. 🔥
Limited-time chef-curated menus. Unlimited reasons to visit.

📍 Mumbai | Chef Aditya Sahu | 15–19 July
📍 Hyderabad | Chef Suraj Thapa | 20–26 July
📍 Bengaluru | Chef Sherie Mehtaa | 22–26 July
📍 Chennai | Chef Nithya Franklyn | 22–26 July

Which stop are you making first? 👀

Book your table on the Barbeque Nation App or website.

#BarbequeNation #BarbequeVibes #ChefTakeover",2026-07-04T16:41:41.000Z,13,1,1,,,https://www.facebook.com/BarbequeNation/posts/pfbid0VoJD4Xayx7rPyqcAGnmXNtZfhZD5y4qmbk5ywardoZv24fxmFi1m5PpjbMH7vcdPl,,30-07-2026 07:08
1.49673E+15,BarbequeNation,"This July, your city's serving more than just great food. 🔥
Limited-time chef-curated menus. Unlimited reasons to visit.

📍 Mumbai | Chef Aditya Sahu | 15–19 July
📍 Hyderabad | Chef Suraj Thapa | 20–26 July
📍 Bengaluru | Chef Sherie Mehtaa | 22–26 July
📍 Chennai | Chef Nithya Franklyn | 22–26 July

Which stop are you making first? 👀

Book your table on the Barbeque Nation App or website.

#BarbequeNation #BarbequeVibes #ChefTakeover",2026-07-04T16:41:06.000Z,3,,0,,,https://www.facebook.com/BarbequeNation/posts/pfbid0Df9b6VdyovM85EQtM8WcKgSaZ4BNno7NQkH5bTJfVQfYi2rQY4tDeufWW1gJ3z1Xl,,30-07-2026 07:08
1.49638E+15,BarbequeNation,"This July, your city's serving more than just great food. 🔥
Limited-time chef-curated menus. Unlimited reasons to visit.

📍 Mumbai | Chef Aditya Sahu | 15–19 July
📍 Hyderabad | Chef Suraj Thapa | 20–26 July
📍 Bengaluru | Chef Sherie Mehtaa | 22–26 July
📍 Chennai | Chef Nithya Franklyn | 22–26 July

Which stop are you making first? 👀

Book your table on the Barbeque Nation App or website.

#BarbequeNation #BarbequeVibes #ChefTakeover",2026-07-04T07:52:56.000Z,13,1,1,,,https://www.facebook.com/BarbequeNation/posts/pfbid0X4o98AAQarLYWqHwgTtKcgccVLbLqLPaXihL7EzdAqiNFETfdqyuYs1pLF5UHEL6l,,30-07-2026 07:08
1.49637E+15,BarbequeNation,"This July, your city's serving more than just great food. 🔥
Limited-time chef-curated menus. Unlimited reasons to visit.

📍 Mumbai | Chef Aditya Sahu | 15–19 July
📍 Hyderabad | Chef Suraj Thapa | 20–26 July
📍 Bengaluru | Chef Sherie Mehtaa | 22–26 July
📍 Chennai | Chef Nithya Franklyn | 22–26 July

Which stop are you making first? 👀

Book your table on the Barbeque Nation App or website.

#BarbequeNation #BarbequeVibes #ChefTakeover",2026-07-04T07:52:13.000Z,5,,0,,,https://www.facebook.com/BarbequeNation/posts/pfbid0oS3s2WgN8nJUL5JtKqsXi1FscbPBRx5kwHy1KENsoyMera1kaXg2wJLWqUYRERFRl,,30-07-2026 07:08
1.49637E+15,BarbequeNation,"This July, your city's serving more than just great food. 🔥
Limited-time chef-curated menus. Unlimited reasons to visit.

📍 Mumbai | Chef Aditya Sahu | 15–19 July
📍 Hyderabad | Chef Suraj Thapa | 20–26 July
📍 Bengaluru | Chef Sherie Mehtaa | 22–26 July
📍 Chennai | Chef Nithya Franklyn | 22–26 July

Which stop are you making first? 👀

Book your table on the Barbeque Nation App or website.

#BarbequeNation #BarbequeVibes #ChefTakeover",2026-07-04T07:50:52.000Z,14,1,0,,,https://www.facebook.com/BarbequeNation/posts/pfbid0iyfCkEchT7dxfWMEywTk5TUWaWEWWK4GV78k8b5R8Aj89LaNkBg8W8e4XBBueC6wl,,30-07-2026 07:08
1.49576E+15,BarbequeNation,"Only 2 days left to experience the royal flavours of Magadh. ✨

Curated by Chef Shacchi Anand, this limited-time culinary journey brings the rich heritage and authentic flavours of Bihar straight to your table. Every dish has a story—come savour it before it's gone.

📍 Barbeque Nation, Vegas Mall, Dwarka, Delhi
📅 Till 5th July, 2026

Reserve your table now on the Barbeque Nation app or website.

#BarbequeNation #Magadh #BiharFood",2026-07-03T15:01:33.000Z,103,1,4,13878,4557,https://www.facebook.com/reel/2091770471773022/,,30-07-2026 07:08
1.49466E+15,BarbequeNation,"Asli kesar aur malai ka shahi milan, pesh karte hai - Malai Kesari Shaan Kulfi!

#MalaiKesari #Kulfi #BarbequeNation",2026-07-02T13:49:24.000Z,15,,1,8381,883,https://www.facebook.com/reel/1258052506245727/,,30-07-2026 07:08
1.49466E+15,BarbequeNation,"Malai ka pyaar, aam ki bahaar, pesh karte hai - Malai Aam Masti Kulfi!

#MalaiAam #Kulfi #BarbequeNation",2026-07-02T13:48:07.000Z,11,,0,5219,454,https://www.facebook.com/reel/999858052953481/,,30-07-2026 07:08
1.49465E+15,BarbequeNation,"Malai ki richness mein paan ka classic swaad, pesh karte hai - Malai Paan Mastana Kulfi!

#MalaiPaan #Kulfi #BarbequeNation",2026-07-02T13:47:01.000Z,17,,0,4645,571,https://www.facebook.com/reel/889030943632594/,,30-07-2026 07:08
1.49463E+15,BarbequeNation,"Pesh karte hai, double flavour wale Ku-ku-ku Kulfis!

#Kulfi #BarbequeNation",2026-07-02T13:36:37.000Z,5,,0,2765,262,https://www.facebook.com/reel/1755832098764593/,,30-07-2026 07:08
1.49463E+15,BarbequeNation,"Pesh karte hai, double flavour wale Ku-ku-ku Kulfis!

#Kulfi #BarbequeNation",2026-07-02T13:35:45.000Z,6,,0,2285,160,https://www.facebook.com/reel/4531784877146690/,,30-07-2026 07:08
1.49463E+15,BarbequeNation,"Pesh karte hai, double flavour wale Ku-ku-ku Kulfis!

#Kulfi #BarbequeNation",2026-07-02T13:34:58.000Z,9,,0,2283,186,https://www.facebook.com/reel/832905553089909/,,30-07-2026 07:08
1.49367E+15,BarbequeNation,"Turns out... social media managers don't always know what day it is. 🤦‍♀️

#SocialMediaDay #BetterLateThanNever #BarbequeNation",2026-07-01T13:41:08.000Z,7,,0,,,https://www.facebook.com/BarbequeNation/posts/pfbid035BvGsDQHJMGGNH77TLPwJq93SkA1Ra69Q2GB7xDb4GJGCCKQ85roS8ceHDvGaB5Fl,,30-07-2026 07:08
1.49367E+15,BarbequeNation,"Turns out... social media managers don't always know what day it is. 🤦‍♀️

#SocialMediaDay #BetterLateThanNever #BarbequeNation",2026-07-01T13:39:27.000Z,5,,0,,,https://www.facebook.com/BarbequeNation/posts/pfbid0296Cnwbka9s5PnAKjLLYPpY58ngb3dQETV8GoK3BZptqHrGwW2CP9xxY99H7Nr3Evl,,30-07-2026 07:08
1.49194E+15,BarbequeNation,"When every dish looks too good to skip... the answer is simple. Have it all! ❤️🔥

#BarbequeNation #FoodLovers #UnlimitedBuffet",2026-06-29T16:58:19.000Z,62,,1,10278,3454,https://www.facebook.com/reel/1195901839330013/,,30-07-2026 07:08
1.49187E+15,BarbequeNation,"The flavours of Magadh are here, and every dish has a story to tell. Curated by Chef Shacchi Anand, this is your chance to experience a culinary journey inspired by the heart of Bihar.

📍 Barbeque Nation, Vegas Mall, Dwarka, Delhi
📅 1st - 5th July, 2026

Reserve your table on the Barbeque Nation app or website.

#Delhi #Dwarka #Magadh #BarbequeNation",2026-06-29T15:31:20.000Z,10,,0,2976,443,https://www.facebook.com/reel/1045941261104600/,,30-07-2026 07:08
1.49072E+15,BarbequeNation,"Just 2 days left to savour the flavours of the Konkan coast. 🌊

From the rich, comforting Mutton Sagoti and freshly baked Goan Poi to the iconic Goan Fish Curry, this limited-time culinary journey is almost at its final stop.

If Goa has been on your mind, this is your sign to experience its authentic flavours—right here at Barbeque Nation.

📅 Only 2 days remaining. Book your table now on the Barbeque Nation app or website.

#BarbequeNation #BarbequeVibes #WhereKonkanMeetsGoa",2026-06-28T09:43:02.000Z,44,2,0,5600,2457,https://www.facebook.com/reel/1031388722813974/,https://www.barbequenation.com/,30-07-2026 07:08
1.49011E+15,BarbequeNation,"Our kind of superpower? Never saying no to great food. 💪😉

#BarbequeNation #FoodLovers #UnlimitedBuffet",2026-06-27T16:03:27.000Z,30,,4,8790,2906,https://www.facebook.com/reel/1747544223091999/,,30-07-2026 07:08
1.49002E+15,BarbequeNation,"This July, embark on a culinary journey through the rich flavours of Magadh, thoughtfully curated by Chef Saachi Anand.

📍 Barbeque Nation, Vegas Mall, Dwarka
📅 1st - 5th July, 2026

Come hungry for authentic Bihari delicacies, regional favourites, and an unlimited buffet experience unlike any other.

Reserve your table on the Barbeque Nation app or website.

Bihari Food | Magadh Cuisine | Regional Delicacies | Food Festival | Unlimited Buffet

#Delhi #Dwarka #Magadh #BihariFood #BarbequeNation",2026-06-27T13:57:03.000Z,46,1,2,5395,1430,https://www.facebook.com/reel/2783938095299265/,,30-07-2026 07:08
1.48976E+15,BarbequeNation,"Gurugram, we're here yet again! 🎉🔥

We're excited to welcome you to our Barbeque Nation outlet in Gurugram, now open at:

📍 Ground Floor, MGF Metropolitan Mall, MG Road, Sector 25, Gurugram

See you at the grill! ❤️

#BarbequeNation #Gurugram #NewStore #NewLaunch #BarbequeVibes",2026-06-27T07:09:55.000Z,24,,0,7080,2159,https://www.facebook.com/reel/4479201049034444/,,30-07-2026 07:08
1.4892E+15,BarbequeNation,"Some signs are just too delicious to ignore😋🔥

#Grills #Cravings #BarbequeNation",2026-06-26T15:50:45.000Z,20,,4,5827,1963,https://www.facebook.com/reel/1029944916208723/,,30-07-2026 07:08
1.489E+15,BarbequeNation,"This July, discover the rich culinary heritage of Bihar with the soulful flavours of Magadh, curated by Chef Shacchi Anand. ❤️

📍 Barbeque Nation, Vegas Mall, Dwarka
📅 1st-5th July, 2026

Come hungry for authentic Bihari delicacies, traditional recipes, regional favourites and an unlimited buffet experience unlike any other.

Reserve your table on the Barbeque Nation app or website.

Bihar Food | Magadh Cuisine | Bihari Delicacies | Regional Food Festival | Delhi Food Festival | Unlimited Buffet

#Delhi #Dwarka #Bihar #Magadh #BarbequeNation BarbequeVibes",2026-06-26T11:16:37.000Z,21,,0,3695,1361,https://www.facebook.com/reel/1384943806871962/,,30-07-2026 07:08
1.48885E+15,BarbequeNation,This will bring a hugeeee smile to your face :),2026-06-26T07:22:49.000Z,4,,0,2797,294,https://www.facebook.com/reel/1554926822631319/,,30-07-2026 07:08
1.48827E+15,BarbequeNation,"For five days only, Chef Shacchi Anand brings the rich culinary heritage of Magadh to Barbeque Nation with authentic recipes, regional flavours, and dishes that celebrate the heart of Bihar.

From age-old family recipes to flavours that have travelled through generations, discover a dining experience that's as soulful as it is delicious.

📍 Vegas Mall, Dwarka
📅 1st - 5th July, 2026

Seats are limited. Book your table now on the Barbeque Nation app or website and be part of this culinary journey.

#BarbequeNation #BarbequeVibes #FlavoursOfMagadh #BiharFood",2026-06-25T15:31:51.000Z,4,,1,,,https://www.facebook.com/BarbequeNation/posts/pfbid02godU5u7WqnUZMCpvfdk9ov9EdUgLV6oZarMS8qrAsfBXHtKpRxz31AZEfAFiBWeHl,,30-07-2026 07:08
1.48802E+15,BarbequeNation,"Aur bhi muskurahat, aur bhi sizzle! 😋🔥
Bas thoda sa intezaar... kuch khaas aapke liye aa raha hai.

Coming Soon❤️

#BarbequeNation #BarbequeVibes #StayTuned",2026-06-25T09:40:55.000Z,19,1,0,,,https://www.facebook.com/BarbequeNation/posts/pfbid0JkzsgHaLvNqHKinR1Aau9RhTErXJxnY8nj96Zpi7to4QUtLFPxt39DFdtnkfgvMQl,,30-07-2026 07:08
1.48798E+15,BarbequeNation,"From the misty hills of Northeast India come flavours that tell stories of tradition, heritage, and community.

Welcome to Taste of the Seven Sisters, a specially curated culinary journey by Chef Nambie Marak, celebrating the rich and diverse cuisines of the Northeast.

📍 Barbeque Nation, JP Nagar, Bengaluru
📅 24th - 28th June, 2026

Book your table now on the Barbeque Nation app or website. ✨

#TasteOfTheSevenSisters #BarbequeNation #NorthEastCuisine #Bengaluru",2026-06-25T08:48:22.000Z,17,,0,3971,701,https://www.facebook.com/reel/1330084589080836/,,30-07-2026 07:08
1.48787E+15,BarbequeNation,"Every dish has a story. These ones come straight from the Konkan coast.

From rich Mutton Sagoti and comforting Goan Poi to the iconic Goan Fish Curry, discover the authentic flavours of Goa and Konkan, crafted for a limited-time culinary journey.

Book your table now on the Barbeque Nation app or website.

#BarbequeNation #BarbequeVibes #WhereKonkanMeetsGoa #GoanCuisine #KonkanCuisine",2026-06-25T05:43:31.000Z,1,,0,,,https://www.facebook.com/BarbequeNation/posts/pfbid02GMeRBhGrjMtGjcUwQkftL8fqewgHg2UF2DxeeagZbwGVmKfZxp4GsrKMk5RRS8k4l,,30-07-2026 07:08
1.48743E+15,BarbequeNation,"🌅🍲 From the heart of Bihar to your plate in Delhi.

Join Chef Saachi Anand as she brings the rich, authentic flavours of Magadh to Barbeque Nation. A limited-time culinary journey featuring traditional recipes, regional delicacies, and the soulful tastes that define Bihar's food heritage.

📍 Vegas Mall, Dwarka
📅 1st–5th July 2026

Book your table on the Barbeque Nation app or website.

#FlavoursOfMagadh #BiharCuisine #DelhiFoodies #Dwarka #BarbequeNation",2026-06-24T16:49:28.000Z,3,,0,,,https://www.facebook.com/BarbequeNation/posts/pfbid0dfMo66zvfWVpc4AA2rtENrDpRHqDzX5GDWiHoNC1LCmvmWADoJM5jCBnDkCmdSynl,,30-07-2026 07:08
1.48741E+15,BarbequeNation,"For five days only, Chef Saachi Anand brings the rich culinary heritage of Magadh to Barbeque Nation with authentic recipes, regional flavours, and dishes that celebrate the heart of Bihar.

From age-old family recipes to flavours that have travelled through generations, discover a dining experience that's as soulful as it is delicious.

📍 Vegas Mall, Dwarka
📅 1st – 5th July, 2026

Seats are limited. Book your table now on the Barbeque Nation app or website and be part of this culinary journey.

#BarbequeNation #BarbequeVibes #FlavoursOfMagadh #BiharFood",2026-06-24T16:21:45.000Z,15,,0,,,https://www.facebook.com/BarbequeNation/posts/pfbid0E8ZSk8SJzPWBDwYAGU1YYScHjkUecvvrRUn5rtqzc1WridccFrDPsWvFZKefVopel,,30-07-2026 07:08
1.48726E+15,BarbequeNation,"Join Celebrity Chef Anish Deshmukh as he decodes the language, flavours, and stories behind the rich culinary heritage of the Konkan coast. 🍛✨

📍 Barbeque Nation, Atria Worli Mall, Mumbai
📅 25th - 29th June 2026

#KonkanCuisine #KonkanCoast #BarbequeNation #MumbaiFoodies #FoodFestival",2026-06-24T12:58:44.000Z,12,1,1,2837,632,https://www.facebook.com/reel/1760135332006002/,,30-07-2026 07:08
1.48714E+15,BarbequeNation,"Muskurane ki wajah aane wala hai....

Coming soon!!

#BarbequeNation #MoreSmilesComingSoon #StayTuned",2026-06-24T10:20:05.000Z,6,1,0,,,https://www.facebook.com/BarbequeNation/posts/pfbid0YTcQxu2Xjmo54GAaFMHexdNbQC7yRLegUPjDXsQ697zNYs98uhBPMiVkhWLVMHWDl,,30-07-2026 07:08
1.48638E+15,BarbequeNation,"From the hills of the Northeast to the grills of Bengaluru. 🌄✨

Swipe through a spread inspired by the Seven Sisters, curated by Chef Nambie Marak. From cherished regional recipes to ingredients native to the Northeast, every dish brings a taste of a culture rich in flavour and tradition.

📍 JP Nagar, Bengaluru
📅 24th–28th June 2026

Book your table on the Barbeque Nation app or website.

#NorthEastIndia #Bengaluru #SevenSisters #BarbequeNation",2026-06-23T13:12:13.000Z,2,,0,,,https://www.facebook.com/BarbequeNation/posts/pfbid02B4z2GbyhsLNdKZtL4CrSSehVXcacd1kmYKi8E8iwCy8dBoBEGxmhGgSQKatNi41Xl,,30-07-2026 07:08
1.48636E+15,BarbequeNation,"From the misty hills of the Northeast to your plate in Bengaluru. 🌄🍽️

Join Chef Nambie Marak as she brings the bold, soulful flavours of the Seven Sisters to Barbeque Nation. A limited-time culinary journey packed with authentic recipes, local ingredients, and stories from the region.

📍 JP Nagar, Bengaluru
📅 24th–28th June 2026

Book your table on the Barbeque Nation app or website.

#NorthEastIndia #Bengaluru #Arunachal #Meghalaya #BarbequeNation",2026-06-23T12:35:28.000Z,5,1,1,2138,311,https://www.facebook.com/reel/1641854670232276/,,30-07-2026 07:08
1.48519E+15,BarbequeNation,"This June, travel down the coast through the vibrant flavours of Talkonkan, curated by Celebrity Chef Anish Deshmukh. 

📍 Barbeque Nation, Atria Worli Mall, Mumbai
📅 25th – 29th June, 2026

Come hungry for authentic Konkan cuisine, Goan food favourites, seafood specials, regional delicacies and an unlimited buffet experience unlike any other.

Reserve your table on the Barbeque Nation app or website. 

Konkan Food | Goan Cuisine | Coastal Cuisine | Seafood Festival | Mumbai Food Festival | Unlimited Buffet

#Mumbai #Goan #KonkanCoast #Goa #BarbequeNation",2026-06-22T06:02:43.000Z,35,10,0,7131,2654,https://www.facebook.com/reel/926261663814230/,,30-07-2026 07:08
1.48469E+15,BarbequeNation,"The crackle of a grill.
The simmer of mom's mutton curry.
The laughter around a biryani.

Some of the best music you'll ever hear isn't played. It's shared around a table.

Happy World Music Day. ❤️🎶

#WorldMusicDay #BarbequeNation #SoundsLikeHome",2026-06-21T16:04:57.000Z,4,3,0,,,https://www.facebook.com/BarbequeNation/posts/pfbid0mZAhogrAPUmjwgZpi6gtWrTYUSEJsscgmxk8ZMs8pg8CJntbXJg7juC7Pu9gr5fPl,,30-07-2026 07:08
1.48445E+15,BarbequeNation,"Ab baap toh baap hota hai, main character energy with a side serving of roasts! 

#BaapOfGrills #FathersDay #BarbequeNation",2026-06-21T10:35:22.000Z,3,2,0,2845,402,https://www.facebook.com/reel/871332749344250/,,30-07-2026 07:08
1.48425E+15,BarbequeNation,"Finding balance? ✔️
Finding happiness? ✔️
Finding that one extra piece on your plate? ✔️✔️✔️

Welcome to The Art Of Inner Piece.

#YogaDay #TheArtOfInnerPiece #BarbequeNation",2026-06-21T05:10:12.000Z,6,1,0,,,https://www.facebook.com/BarbequeNation/posts/pfbid02F6hA35UJjo3fXqE7a8VTyAgnj2fbVS8j93frWbV1JiJtSABF4JLixvDaxodi9znel,,30-07-2026 07:08
1.48374E+15,BarbequeNation,"Meet Chef Manikandan, the culinary force behind Dum-e-Karam.

Drawing inspiration from generations of home kitchens and regional traditions, Chef Manikandan brings together bold spices, slow-cooked delicacies, and authentic flavours that tell a story with every bite.

Join us as he takes you through the inspiration behind this special pop-up and the dishes that make Andhra and Hyderabadi cuisine truly unforgettable.

📍 Barbeque Nation, Porur, Chennai
📅 Only till 21st June, 2026

Book your table on the Barbeque Nation app or website.

#Chennai #BarbequeNation #Andhra #Hyderabadi",2026-06-20T14:33:36.000Z,23,1,0,4978,1568,https://www.facebook.com/reel/1338648984906436/,,30-07-2026 07:08
1.48362E+15,BarbequeNation,"RESULT ANNOUNCEMENT!

THE ROAST-OFF IS OVER

Hundreds of dad jokes.
Countless dad roasts.
But only a few could take home the win.

Congratulations to our winners!
Keep a lookout on your DMs today for details on enjoying the ultimate family feast tomorrow.

#BaapOfGrills #BarbequeNation #FathersDay",2026-06-20T11:58:16.000Z,11,1,1,,,https://www.facebook.com/BarbequeNation/posts/pfbid0UXMzLZGfHYtrHCk3qqmwmGxh1A7pmAnbkhA8dmGcueFbMYhkamd9CkWCVP4Drub6l,,30-07-2026 07:08
1.48195E+15,BarbequeNation,"#CONTESTALERT

Tell us your dad' best roast!

Results will be announced on
20th June 2026
5:00 PM IST

Winners will be selected through a random online raffle from all eligible entries.
Good luck, and may the best roast win!

#BaapOfGrills #BarbequeNation #FathersDay",2026-06-18T14:16:43.000Z,114,106,20,,,https://www.facebook.com/BarbequeNation/posts/pfbid0z7GhXe2VzGm6EwEe85ZJa6sq9crTUXYvVGuaCSUXzYBaHEeTrLiss3UHbHSTLTNjl,,30-07-2026 07:08
1.48169E+15,BarbequeNation,"Wapas kab grill karne milega? ☹️

#BaapOfGrills #FathersDay #BarbequeNation",2026-06-18T08:28:22.000Z,15,1,1,8545,2310,https://www.facebook.com/reel/27718289207802243/,,30-07-2026 07:08
1.48162E+15,BarbequeNation,"Meet Chef Manikandan, the culinary force behind Dum-e-Karam.

Drawing inspiration from generations of home kitchens and regional traditions, Chef Manikandan brings together bold spices, slow-cooked delicacies, and authentic flavours that tell a story with every bite.

Join us as he takes you through the inspiration behind this special pop-up and the dishes that make Andhra and Hyderabadi cuisine truly unforgettable.

📍 Barbeque Nation, Porur, Chennai
📅 17th–21st June, 2026

Book your table on the Barbeque Nation app or website.

#Chennai #BarbequeNation #Andhra #Hyderabadi",2026-06-18T06:48:10.000Z,19,3,0,5757,1482,https://www.facebook.com/reel/1660123288606024/,,30-07-2026 07:08
1.4809E+15,BarbequeNation,"This June, travel down the coast through the vibrant flavours of Talkonkan, curated by Celebrity Chef Anish Deshmukh. From coastal spices and coconut-rich delicacies to recipes inspired by generations of culinary heritage, every dish tells a story of the Western shoreline.

📍 Barbeque Nation, Atria Worli Mall, Mumbai
📅 25th – 29th June, 2026

Come hungry for authentic Konkan cuisine, Goan food favourites, seafood specials, regional delicacies and an unlimited buffet experience unlike any other.

Reserve your table on the Barbeque Nation app or website. 

Konkan Food | Goan Cuisine | Coastal Cuisine | Seafood Festival | Mumbai Food Festival | Unlimited Buffet
#Mumbai #Goan #KonkanCoast #Goa #BarbequeNation",2026-06-17T11:19:32.000Z,7,1,0,,,https://www.facebook.com/BarbequeNation/posts/pfbid09q8AREd4bKRR8h3fpEgF3eMGq9BvEn9e4zQu9euZMfnAKPHyoC7kCCggrSZYC51Kl,,30-07-2026 07:08
1.48089E+15,BarbequeNation,"This June, travel down the coast through the vibrant flavours of Talkonkan, curated by Celebrity Chef Anish Deshmukh. From coastal spices and coconut-rich delicacies to recipes inspired by generations of culinary heritage, every dish tells a story of the Western shoreline.

📍 Barbeque Nation, Atria Worli Mall, Mumbai
📅 25th – 29th June, 2026

Come hungry for authentic Konkan cuisine, Goan food favourites, seafood specials, regional delicacies and an unlimited buffet experience unlike any other.

Reserve your table on the Barbeque Nation app or website. 

Konkan Food | Goan Cuisine | Coastal Cuisine | Seafood Festival | Mumbai Food Festival | Unlimited Buffet
#Mumbai #Goan #KonkanCoast #Goa #BarbequeNation",2026-06-17T10:59:15.000Z,5,4,0,,,https://www.facebook.com/BarbequeNation/posts/pfbid0317G6L2tfX9F28mUpiiRzoMk5VfvhQhzsA4hoK4quBjAWo9yPa7z6XzEaqqFWsGY9l,,30-07-2026 07:08
1.48085E+15,BarbequeNation,"Dekho sab log, Sneha aur humare social media ke liye kya kya karna pad raha hai. 

#Sneha #SocialMedia #BarbequeNation",2026-06-17T09:51:46.000Z,31,1,1,5527,2069,https://www.facebook.com/reel/1375612207720903/,,30-07-2026 07:08
1.48017E+15,BarbequeNation,"Because the best gatherings aren't built around one dish.
They're built around abundance.

Welcome to the महफ़िल of flavours, where every plate brings something new to the conversation.

📍Gather your people. Bring your appetite.

Book your table now on the Barbeque Nation app or website. 

#BarbequeNation #MehfilOfFlavours",2026-06-16T16:20:09.000Z,12,,1,,,https://www.facebook.com/BarbequeNation/posts/pfbid0i9w92SA5usJTUL2yf2GAj8nA2NjRLoXbPoCjG2LSUJxCXVhmRgkxvwVAdEkXzDZTl,,30-07-2026 07:08
1.47884E+15,BarbequeNation,"From the misty hills of the Northeast to your plate in Bengaluru. 🌄🍽️

Join Chef Nambie Marak as she brings the bold, soulful flavours of the Seven Sisters to Barbeque Nation. A limited-time culinary journey packed with authentic recipes, local ingredients, and stories from the region.

📍 JP Nagar, Bengaluru
📅 24th–28th June 2026

Book your table on the Barbeque Nation app or website.

#NorthEastIndia #Bengaluru #Arunachal #Meghalaya #BarbequeNation",2026-06-15T06:30:34.000Z,6,,2,,,https://www.facebook.com/BarbequeNation/posts/pfbid02wGUMQbEReXXRmvpocF2rXgdKCHZJtvv4KdbdzNfVBoAQUtZeS9gPiwdC2VY28k37l,,30-07-2026 07:08
1.47884E+15,BarbequeNation,"From the misty hills of the Northeast to your plate in Bengaluru. 🌄🍽️

Join Chef Nambie Marak as she brings the bold, soulful flavours of the Seven Sisters to Barbeque Nation.
A limited-time culinary journey packed with authentic recipes, local ingredients, and stories from the region.

📍 JP Nagar, Bengaluru
📅 24th–28th June 2026

Book your table on the Barbeque Nation app or website.

#NorthEastIndia #Bengaluru #Arunachal #Meghalaya #BarbequeNation",2026-06-15T06:28:47.000Z,16,,0,,,https://www.facebook.com/BarbequeNation/posts/pfbid02cnMeQzzuqy5TvjfmaRpFUfZJ37ujDGE6uxSbeNRanxWcAPpaEVespc8QGwXbYygnl,,30-07-2026 07:08
1.4783E+15,BarbequeNation,"Meet Chef Manikandan, the culinary force behind Dum-e-Karam.

Drawing inspiration from generations of home kitchens and regional traditions, Chef Manikandan brings together bold spices, slow-cooked delicacies, and authentic flavours that tell a story with every bite.

Join us as he takes you through the inspiration behind this special pop-up and the dishes that make Andhra and Hyderabadi cuisine truly unforgettable.

📍 Barbeque Nation, Porur, Chennai
📅 17th–21st June, 2026

Book your table on the Barbeque Nation app or website.

##Chennai #BarbequeNation #Andhra #Hyderabadi",2026-06-14T15:05:30.000Z,125,,4,12721,4441,https://www.facebook.com/reel/2104313080500038/,,30-07-2026 07:08
1.47805E+15,BarbequeNation,"Five days. Countless flavours. One unforgettable celebration of Rajasthan. ✨

From royal recipes to heartfelt stories, Marurasa curated by Dr. Chef Saurabh Sharma brought the spirit of Rajasthan alive at Barbeque Nation, Kalyani Nagar.

And if you haven't experienced it yet — this is your sign.

⏳ Just 1 day left to be part of the journey.

📍 Barbeque Nation, Kalyani Nagar, Pune
📅 Till 15th June 2026

#Marurasa #BarbequeNation #Rajasthan #Pune",2026-06-14T09:35:41.000Z,51,5,0,7479,1760,https://www.facebook.com/reel/987202637644397/,,30-07-2026 07:08
1.47544E+15,BarbequeNation,"Experience the flavours of Rajasthan — recipes that have journeyed through generations, carrying stories of tradition, pride, and hospitality.

Welcome to Marurasa, a celebration of Rajasthan’s rich culinary heritage, thoughtfully curated by Dr. Chef Saurabh Sharma.

📍 Barbeque Nation, Kalyani Nagar, Pune
📅 11th–15th June 2026

Come savour a feast by booking your table on the Barbeque Nation app or website. ✨

#Marurasa #BarbequeNation #Rajasthan #Pune",2026-06-11T11:48:04.000Z,84,3,2,10458,3450,https://www.facebook.com/reel/1664771507907564/,https://www.instagram.com/p/DZ5f0TdoPnG/?igsh=MWt2enE1YTd2NTFkeA%3D%3D,30-07-2026 07:08
1.47451E+15,BarbequeNation,"But the ones shaped by generations of flavour always do.

This June, immerse yourself in the rich culinary traditions of Andhra and Hyderabad, where bold spices, slow-cooked recipes, and timeless techniques come together on every plate.

Welcome to Dum-e-Karam — a celebration of regional heritage, curated by Chef Manikandan, MasterChef India Tamil Top 5.

📍 Barbeque Nation, Porur, Chennai
📅 17th–21st June, 2026

Book your table on Barbeque Nation app or website. 

#Chennai #BarbequeNation #Andhra #Hyderabad",2026-06-10T12:00:54.000Z,3,1,1,,,https://www.facebook.com/BarbequeNation/posts/pfbid02kqfdSDWYLRQyoL6semPTWyuYK37F8KVF6fBR65BcJ2nmTvutv29nkZLPGNSrE2XKl,,30-07-2026 07:08
1.47439E+15,BarbequeNation,"Have you w̶a̶t̶c̶h̶e̶d̶ tried it yet?

#Obsession #BarbequeNation",2026-06-10T09:02:07.000Z,11,2,1,,,https://www.facebook.com/BarbequeNation/posts/pfbid02u5ThCtUXxEmTLxBRLr43xDL3D8eN69pz2JhMZdv5xwFqGe5LKLEw91fypofinCKil,,30-07-2026 07:08
1.47374E+15,BarbequeNation,"When Sneha says it's reel time, the crew has no choice but to join in 💃✨

#Sneha #OrpheliaChallenge #BarbequeNation",2026-06-09T16:02:16.000Z,48,,0,7170,2625,https://www.facebook.com/reel/984298050848966/,,30-07-2026 07:08
1.47282E+15,BarbequeNation,"""It's the traditional fusion of Andhra and Hyderabad. Two lands that once shared one culinary heritage.""

Experience a dish where bold Andhra spices meet the royal richness of Hyderabadi cooking, crafted by Chef Manikandan for an unforgettable culinary journey.

Join us as we celebrate flavours rooted in history, culture, and a shared love for great food.

📍 Barbeque Nation, Porur, Chennai
📅 17th – 21st June, 2026

Come hungry. Leave with a story. ❤️

#Chennai #BarbequeNation #Andhra #Hyderabadi",2026-06-08T16:33:23.000Z,10,3,0,,,https://www.facebook.com/BarbequeNation/posts/pfbid02mfHLLaaH76p13L4EhKqZ1bo6YWPN5J4P3BbnYc1tPfFEfsoAAiNPkLpvpZUsQNvJl,,30-07-2026 07:08
1.4724E+15,BarbequeNation,"Only 2 Days Left, Lucknow!

Nawabo ke Shehar mein le aayi hoon Bihar Kitchens ka swaad — and the response has been incredible! 🤎🍲

Don't miss your chance to experience BHANSA, a celebration of Bihar's rich culinary heritage curated by the award-winning Chef Rachnaa Prasad.

From rustic home-style favourites to regional delicacies packed with flavour, every dish tells a story.

📍 Phoenix United Mall, Alambagh, Lucknow
📅 Till 9th June, 2026

Tag your foodie gang 👇 and book your table now on the Barbeque Nation app or website.

#Bhansa #BihariCuisine #Lucknow #BarbequeNation",2026-06-08T06:29:24.000Z,10,1,0,3800,1015,https://www.facebook.com/reel/1044780471398285/,,30-07-2026 07:08
1.47138E+15,BarbequeNation,"Rajasthan ki mitti ki khushboo, asli swaad aur unki kahaniyan — sab ek hi jagah. ✨

Main, Dr. Chef Saurabh, lekar aa raha hoon MaruRasa — ek exclusive Rajasthani food pop-up featuring Sangri ki Tikki, Mathania Murgh, traditional mithaiyan aur bahot kuch.

Padharo Mhare Nation. ❤️

#MaruRasa #BarbequeNation #Rajasthani #Pune",2026-06-07T03:19:03.000Z,8,3,0,5416,987,https://www.facebook.com/reel/1026862416345815/,,30-07-2026 07:08
1.47008E+15,BarbequeNation,"Not every meal becomes a memory.

But the ones rooted in tradition often do.

This June, discover the flavours that have travelled through generations, carrying with them the warmth, pride and spirit of Rajasthan.

Welcome to Marurasa — a celebration of heritage, curated by Dr. Chef Saurabh Sharma.

📍 Barbeque Nation, Kalyani Nagar, Pune
📅 11th–15th June 2026

Because some journeys are best experienced one bite at a time. ✨

#Marurasa #BarbequeNation #Rajasthan #Pune",2026-06-05T17:20:42.000Z,3,5,0,,,https://www.facebook.com/BarbequeNation/posts/pfbid0ZzBSRG7keW3dCgubE366WDhHjY3QJSwfF8QPQhThpocySdowGwbHJbW4Ly3g9oiJl,,30-07-2026 07:08
1.46792E+15,BarbequeNation,"What if Rajasthan could be experienced on a plate? 👑✨

This June, join us for Marurasa — a celebration of Rajasthan’s iconic flavours, curated by Dr. Chef Saurabh Sharma, MasterChef India Judge.

Expect authentic recipes, royal inspirations, and dishes that bring the desert state's rich culinary heritage to life.

📍 Kalyani Nagar, Pune
📅 11th – 15th June 2026

Gather your food-loving crew and come hungry.

Book Your Table on the Barbeque Nation app or website. 

#Marurasa #BarbequeNation #Pund #Rajasthan",2026-06-03T14:45:45.000Z,8,2,1,,,https://www.facebook.com/BarbequeNation/posts/pfbid02NvF2pktLFt1p85kGf8EufcKKePqxTgc8PkoiEuazUJBU4xpok8TvzR45MjG1ZPJal,,30-07-2026 07:08
1.46585E+15,BarbequeNation,"Nawabo ke Shehar mein le aayi hoon Bihar Kitchens ka swaad! ✨

Experience BHANSA — a culinary tribute to Bihar’s timeless flavours, curated by the award-winning Chef Rachnaa Prasad 🍲🤎

From authentic rustic recipes to soul-satisfying regional delicacies, this is your chance to savour Bihar like never before.

📍 Phoenix United Mall, Alambagh, Lucknow
📅 5th–9th June, 2026

Tag your foodie gang 👇 who NEEDS to experience this with you!

Book your table now on the Barbeque Nation app or website.

#Bhansa #BihariCuisine #Lucknow #BarbequeNation",2026-06-01T15:56:02.000Z,14,4,2,4444,745,https://www.facebook.com/reel/1696820421449830/,,30-07-2026 07:08
1.46297E+15,BarbequeNation,"Dilwalo ka dil ka karar lootne...
Main aayi hoon Barbeque Nation lootne! ❤️

Experience BHANSA – The Bihar Kitchen, an exclusive culinary celebration by Chef Rachnaa Prasad, where Bihar's most loved recipes take centre stage.

📍 Barbeque Nation, Phoenix United Mall, Alambagh
📅 5th–9th June, 2026

Comment ""BHANSA"" if you're ready to taste Bihar's finest cuisine. 👇

Book Your Table on the Barbeque Nation app or website.

#UPBiharLootne #Bhansa #Bihar #barbequenation",2026-05-29T16:17:44.000Z,33,1,1,6689,2435,https://www.facebook.com/reel/1036368328905031/,,30-07-2026 07:08
1.46153E+15,BarbequeNation,"June is about to taste different 🔥

Something exciting is hitting your city—bold flavours, fresh cuisines, and chefs you’ll definitely want to keep an eye on 👀🍢

👩‍🍳 Chef Rachnaa Prasad — Lucknow
👨‍🍳 Chef ManiKandan — Chennai
👩‍🍳 Chef Nambie Jessica Marak — Bengaluru
👨‍🍳 Dr. Saurabh Sharma — Pune

From Lucknow to Chennai, Bengaluru to Pune, we’re bringing together barbecue vibes and must-try culinary experiences that are anything but ordinary.

Get ready to discover, indulge, and keep coming back for more.

📍 Coming soon to your city

Book your table on the Barbeque Nation app or website.

#BarbequeNation #BarbequeVibes #ComingSoon",2026-05-28T05:20:27.000Z,7,2,0,4927,915,https://www.facebook.com/reel/977446628223648/,,30-07-2026 07:08
1.46101E+15,BarbequeNation,"June is about to get a whole lot more flavourful 🔥

Something exciting is headed your way—fresh culinary experiences, bold new flavours, and chefs bringing their signature magic to your city 👀🍢

👩‍🍳 Chef Rachnaa Prasad — Phoenix United Mall, Lucknow
👨‍🍳 Chef ManiKandan — Porur, Chennai
👩‍🍳 Chef Nambie Jessica Marak — JP Nagar, Bengaluru
👨‍🍳 Dr. Saurabh Sharma — Kalyani Nagar, Pune

From Lucknow to Chennai, Bengaluru to Pune, we’re serving up barbecue vibes with must-try cuisines and exciting new flavour stories.

Get ready to discover, indulge, and keep coming back for more.

📍 Coming soon to your city

Book your table on the Barbeque Nation app or website.

#BarbequeNation #BarbequeVibes #ComingSoon",2026-05-27T15:40:08.000Z,8,1,2,,,https://www.facebook.com/BarbequeNation/posts/pfbid026ezgyYsymZbJ3D4x7djhKa7qsEkntnS1p5jWACPVw1HHzoXnLwoXhesfyrgNW6vBl,,30-07-2026 07:08
1.46005E+15,BarbequeNation,"Mitti ki khushboo. Bihar ka dil. A feast with a story. 🌾🔥

This June, Barbeque Nation brings Bhansa — a heartfelt tribute to Bihar’s timeless flavours, curated by award-winning Bihari cuisine expert Chef Rachna Prasad. From forgotten heirloom recipes to bold, soul-satisfying classics, this is Bihar served with pride. ❤️

📍 Phoenix United Mall, Alambagh, Lucknow
📅 5th–9th June 2026

Book you table today on the Barbeque Nation app or website.

#Bhansa #BihariCuisine #BarbequeNation #Lucknow",2026-05-26T15:44:43.000Z,4,1,2,,,https://www.facebook.com/BarbequeNation/posts/pfbid02HynTjADV9PpQmTkJRMFNZ2ocHLQpY8EiLnUxYAcu2xbkTnteeZcHew4VRKzQwrNDl,,30-07-2026 07:08
1.45911E+15,BarbequeNation,"🔥 Lucknow, are you ready for a true taste of Bihar?✨

Experience BHANSA — a culinary tribute to Bihar’s timeless flavours, curated by the award-winning Chef Rachnaa Prasad 🍲🤎

From authentic rustic recipes to soul-satisfying regional delicacies, this is your chance to savour Bihar like never before.

📍 Phoenix United Mall, Alambagh, Lucknow
📅 5th–9th June, 2026

Tag your foodie gang 👇 who NEEDS to experience this with you!
Book your table now on the Barbeque Nation app or website.

#Bhansa #BihariCuisine #Lucknow #BarbequeNation",2026-05-25T14:13:39.000Z,15,2,0,,,https://www.facebook.com/BarbequeNation/posts/pfbid0dGCww8zhrHKADeor8AaC67fVFkuAHRwJJpdnWiGmRfK5f6e1zfQJxmFAmDhuurkKl,,30-07-2026 07:08
1.45809E+15,BarbequeNation,"👑 Hyderabad’s royal feast takes its final bow tonight! ✨

This is your last chance to experience Nizam-E-Dastarkhwan with Chef Kenneth Gopinath at Barbeque Nation, Phoenix Marketcity, Whitefield. From regal Hyderabadi flavours to chef-curated indulgence—don’t miss the grand finale. 🍢🔥

📍 Phoenix Marketcity, Whitefield, Bengaluru
⏰ Ends today!

#NizamEDastarkhwan #BarbequeNation #HyderabadiFood",2026-05-24T10:41:02.000Z,43,3,2,9895,3157,https://www.facebook.com/reel/2403517256740454/,,30-07-2026 07:08
1.45724E+15,BarbequeNation,"Pine Melody Bites 🍍🍫 are here at Barbeque Nation this Saturday & Sunday only (23rd–24th May) — because some #Melodi pairings just taste like perfect timing 😉✨

#BarbequeNation #PineMelodyBites #Melodi #Melody",2026-05-23T11:26:26.000Z,66,4,1,17744,3400,https://www.facebook.com/reel/1826639288722059/,,30-07-2026 07:08
1.45653E+15,BarbequeNation,"The sweetest reason to meet this weekend – Pine Melody Pastry🍍🍫✨
Only at Barbeque Nation this Saturday & Sunday, 23rd–24th May.

#BarbequeNation #PineMelodyPastry #LimitedEdition #MelodyMoments",2026-05-22T15:03:39.000Z,9,,1,,,https://www.facebook.com/BarbequeNation/posts/pfbid02SUefm2yUiWssTytnsjPp1YrizxUrW8zWvTq8AumNeLrRac7yu3FmKbFbJetp9zQEl,,30-07-2026 07:08
1.45552E+15,BarbequeNation,"Only 3 days left to experience the rich, soulful flavours of Punjab—beyond borders 🇮🇳✨

Step into Punjab Beyond Borders with Chef Anshmeet Singh and savour a specially curated culinary journey celebrating the flavours of undivided Punjab—where every dish brings together heritage, heart, and bold Punjabi indulgence. 🔥🥘

From robust curries to iconic regional favourites, this is your final chance to taste a feast that transcends boundaries before it’s gone!

📍 Sector 26, Chandigarh
📅 Ending 24th May

Don’t miss out—reserve your table now on the Barbeque Nation app or website.

#PunjabBeyondBorders #BarbequeNation #Chandigarh",2026-05-21T12:35:01.000Z,17,1,0,7699,1788,https://www.facebook.com/reel/1489228563215403/,,30-07-2026 07:08
1.45385E+15,BarbequeNation,"Enter the royal world of Nizam-E-Dastarkhwan 👑🍽️ A grand celebration of authentic Hyderabadi flavours, rich aromas, and timeless recipes ❤️‍🔥

Featuring Chef Kenneth Gopinath — MasterChef India 2023’s youngest contestant 🌟

📍 Phoenix Market City, Whitefield, Bengaluru
📅 20th–24th May 2026

From iconic biryanis to royal indulgences, experience the true taste of Hyderabad—only at Barbeque Nation 🔥

Book now on the Barbeque Nation app or website.

#BarbequeNation #NizamEDastarkhwan #HyderabadiFood #Bengaluru",2026-05-19T15:17:54.000Z,46,2,3,11189,2877,https://www.facebook.com/reel/1164739329116721/,,30-07-2026 07:08
1.45363E+15,BarbequeNation,"Whether you’re here for the sizzling barbeque, the playlist-worthy moments, or the crew that turns every outing into a celebration—this is your spot 💃🕺🔥

#Disco #Spotify #BarbequeNation",2026-05-19T10:31:10.000Z,15,1,1,,,https://www.facebook.com/BarbequeNation/posts/pfbid02jQmytPfbhoZmALNJxkHxJXSQ6DqU2zGiBvrEuSiTC2RpJhai3Z9pfDp72ByhZtjDl,,30-07-2026 07:08
1.45281E+15,BarbequeNation,"Barbeque Nation is now LIVE at Phoenix Mall of the Millennium, Wakad! 🥳🍢
Get ready for unlimited grills at your table, flavour-packed buffet spreads, live counters, indulgent desserts, and the BBQ experience you already love—now closer to you ❤️

Tag your food gang & plan your BBQ outing NOW 👇🍖

#BarbequeNation #Pune #Wakad #PhoenixMallOfTheMillennium",2026-05-18T11:58:53.000Z,12,2,1,10966,3406,https://www.facebook.com/reel/4543578059205802/,,30-07-2026 07:08
1.4502E+15,BarbequeNation,"Step into a royal feast with Nizam-E-Dastarkhwan – Royal Flavours of Hyderabad, a limited-time culinary celebration at Barbeque Nation, Phoenix Market City, Whitefield! 🔥

Curated with regal flavours and hosted by Kenneth Gopinath, youngest contestant on MasterChef India 2023, this is your chance to experience Hyderabad’s iconic richness—one unforgettable bite at a time. 🤤💛

📍 Phoenix Market City, Whitefield, Bengaluru
📅 20th–24th May 2026

From aromatic biryanis to rich Nizami delicacies, this is not just a meal—it’s a royal experience fit for food lovers. 👑✨

🎟️ Seats fill fast—book your table now on the Barbeque Nation app or website!

#BarbequeNation #NizamEDastarkhwan #HyderabadiFood #Bengaluru",2026-05-15T13:30:50.000Z,60,2,3,13777,4333,https://www.facebook.com/reel/1277605654526795/,,30-07-2026 07:08
1.44999E+15,BarbequeNation,"Punjab Beyond Borders – Flavours of Undivided Punjab leke aa raha hai oh swaad jo dil nu ghar wali feeling de jaave 🤌✨ From dhuaandaar tandoors to rich, makhan-maar gravies, har bite ch Punjab da asli pyaar te warmth milegi 🫶

Curated by Chef Anshmeet Singh (MasterChef Jodi India | Top 4, 2026), this is a celebration of bold flavours, timeless recipes, te oh Punjabi mehmaan-nawaazi jo plate ton seedha dil tak pahunchdi hai 💛

Khul ke khao, dil khol ke aao—kyunki Punjab da swaad borders nahi menda 🇮🇳🔥

📍 Barbeque Nation, Sector 26 - Chandigarh
📅 18th – 24th May, 2026

Book your table now on the Barbeque Nation app or website.

#PunjabBeyondBorders #BarbequeNation #PunjabDaSwaad",2026-05-15T09:47:43.000Z,43,1,1,13831,3674,https://www.facebook.com/reel/1295328515508836/,,30-07-2026 07:08
1.44998E+15,BarbequeNation,"POV: your reaction just made the chef’s entire day 😭✨
One happy bite = mission accomplished 🤌🔥

#BarbequeNation
[POV reels | chef life | food content | viral food reels | dining experience]",2026-05-15T09:42:28.000Z,55,4,0,12795,4516,https://www.facebook.com/reel/1681388099977474/,,30-07-2026 07:08
1.44838E+15,BarbequeNation,"Step into the grandeur of Nizam-E-Dastarkhwan — a regal celebration of authentic Hyderabadi flavours, rich aromas, and timeless recipes curated to delight every foodie soul 🤍🍽️

Featuring Chef Kenneth Gopinath — the youngest contestant from MasterChef India 2023 — bringing his signature flair to this royal culinary experience 🌟

📍 Phoenix Market City, Whitefield, Bengaluru
📅 20th–24th May 2026

From aromatic biryanis to indulgent royal delicacies, this is your chance to experience the true taste of Hyderabad—only at Barbeque Nation 🔥

Book your table now on the Barbeque Nation app or website. 

#BarbequeNation #BarbequeVibes #NizamEDastarkhwan #Hyderabad",2026-05-13T16:27:22.000Z,12,2,0,,,https://www.facebook.com/BarbequeNation/posts/pfbid0svQZdfy5NDmb8AopdWc7NTimKu5wKnoTrVokmMSUNkt52SF9crhbz71dGhnVePf1l,,30-07-2026 07:08
1.44804E+15,BarbequeNation,"Dekho kya kya karna pad raha hai… tandoor sambhalte sambhalte recruitment bhi kar rahe hain 🔥

₹100 per hour hai boss!
Service industry mein kaam karo, hustle karo, aur BBQ vibes ka hissa bano 🤝✨
Kabhi kabhi staffing ke liye thoda dramatic hona padta hai 😌😂

Download Saathi app & join the Barbeque Nation fam! 🚀

#BarbequeNation #HiringNow #SaathiApp",2026-05-13T08:09:29.000Z,21,1,4,8757,1774,https://www.facebook.com/reel/1519671119821879/,,30-07-2026 07:08
1.44794E+15,BarbequeNation,"Presenting Punjab Beyond Borders – Flavours of Undivided Punjab, a soulful celebration of Punjab’s rich culinary legacy, where every bite tells a story of tradition, warmth, and bold flavour.

With Chef Anshmeet Singh (MasterChef Jodi India | Top 4, 2026) at the helm, get ready for smoky tandoors, indulgent gravies, and iconic recipes that bring the spirit of Punjab alive—one delicious frame at a time. 🤎✨

This isn’t just food. It’s nostalgia, heritage, and a full-blown Punjabi feast.

📍 Barbeque Nation, Sector 26 - Chandigarh
📅 18th – 24th May, 2026

Book your table now on the Barbeque Nation app or website.

#PunjabBeyondBorders #BarbequeNation #PunjabiCuisine #Chandigarh",2026-05-13T05:03:26.000Z,59,,0,17928,8429,https://www.facebook.com/reel/2396904104127890/,,30-07-2026 07:08
1.44466E+15,BarbequeNation,"Punjab isn’t just a cuisine. It’s an emotion served on a sizzling grill. 🔥🌾

Presenting Punjab Beyond Borders — a soulful culinary journey celebrating the rich flavours of undivided Punjab with Chef Anshmeet Singh, MasterChef Jodi India Top 4, 2026. ❤️👨🏻‍🍳

From smoky dhaba-style indulgence to timeless Punjabi classics, expect bold spices, slow-cooked gravies, and stories plated with every bite.

📍 Barbeque Nation, Sector 26, Chandigarh
📅 18th – 24th May, 2026

Book your table on the Barbeque Nation app or website.

#PunjabBeyondBorders #BarbequeNation",2026-05-09T14:35:38.000Z,26,4,4,10384,1602,https://www.facebook.com/reel/1339305368114902/,,30-07-2026 07:08
1.4445E+15,BarbequeNation,"🚨 LAST DAY ALERT: MIRCHI MEXICANO 🌶️🇮🇳🇲🇽

Tomorrow’s your final chance to experience the boldest flavour crossover in Hyderabad — where smoky Mexican grills meet the spice and soul of Hyderabad 💥

Curated with Chef Kanak Khathuria (MasterChef India S1 Top 12), this is not your regular food pop-up… this is a full-blown flavour fiesta 🌮🍢🍛

📍 Nexus Mall Kukatpally, Hyderabad
📅 LAST DAY: 10th May, 2026

Come hungry. Leave obsessed. 😮‍💨✨

#MirchiMexicano #Hyderabad #mexican #BarbequeNation",2026-05-09T10:53:05.000Z,36,7,2,11191,1821,https://www.facebook.com/reel/964317346354528/,,30-07-2026 07:08
1.44338E+15,BarbequeNation,"Punjab isn’t just a place—it’s an emotion, a legacy, and a burst of bold flavours that travel beyond borders 🔥🌾

Introducing Punjab Beyond Borders – Flavours of Undivided Punjab, a celebration of rich culinary heritage, where every dish is rooted in tradition and elevated with soul.

Curated by Chef Anshmeet Singh (MasterChef Jodi India | Top 4, 2026), this experience brings together smoky tandoors, robust gravies, and timeless recipes that capture the essence of Punjab on every plate. 

📍 Barbeque Nation, Sector 26 - Chandigarh
📅 18th – 24th May, 2026

Book your table on the Barbeque Nation app or website. 

#PunjabBeyondBorders #BarbequeNation #PunjabiFood #Chandigarh",2026-05-08T05:27:36.000Z,16,7,3,,,https://www.facebook.com/BarbequeNation/posts/pfbid0RLaXCQcteM6b4Ume5HZv9tTBRDKQZrwQANDkoZdvCbexvSrKs1peg8ai6wtwv5J4l,,30-07-2026 07:08
1.44252E+15,BarbequeNation,"May is about to taste different 🔥

Something exciting is hitting your city—bold flavours, fresh ideas, and chefs you’ll want to keep an eye on 👀🍢

👨‍🍳 Chef Kenneth Gopinath — Bengaluru
👩‍🍳 Chef Kanak Khathuria — Hyderabad
👨‍🍳 Chef Anshmeet Singh — Chandigarh

From Bengaluru to Hyderabad to Chandigarh, we’re bringing together new culinary vibes that are anything but ordinary.

Get ready to discover, indulge, and keep coming back for more.

📍 Coming soon to your city

Book your table on Barbeque Nation app or website.

#BarbequeNation #Vibes #ComingSoon",2026-05-07T05:34:24.000Z,11,,0,7576,965,https://www.facebook.com/reel/954146513927760/,,30-07-2026 07:08
1.44198E+15,BarbequeNation,"Somewhere in every mother, there is a woman who deeply loves good food and finds her happy place at the table.

This Mother’s Day, Barbeque Nation celebrates the foodie in every Mom.

#BarbequeNation #HappyMothersDay",2026-05-06T13:19:20.000Z,34,1,2,7815,1393,https://www.facebook.com/reel/1285942467024198/,,30-07-2026 07:08
1.44005E+15,BarbequeNation,"Hyderabad 🤝 Mexico — a bold, flavour-packed match 🔥🌮

Smoky grills, zesty salsas, and spice in every bite — where tandoor meets tortilla and cultures collide deliciously 🌶️✨

⏳ Just 2 days to go for the Mirchi Mexicano pop-up!

📍 Nexus Hyderabad Mall, 4th floor, Kukatpally, Hyderabad
📅 6th – 10th May

#MirchiMexicano #Hyderabad #Mexican #BarbequeNation",2026-05-04T07:28:51.000Z,16,2,3,7871,1804,https://www.facebook.com/reel/2424148744741071/,,30-07-2026 07:08
1.43774E+15,BarbequeNation,"From the rich spices of Malabar to flavours beyond borders — this wasn’t just a festival, it was a full-blown coastal celebration.

Sizzling grills, soulful curries, endless conversations, and plates that told stories… every moment was unforgettable.

With Mohammed Ashiq bringing his magic to the table, the experience hit a whole new level.

Bengaluru showed up. And how. 💥

If you were here — you know the vibe.
If you missed it — we’ve got stories waiting for you next time.

#MalabarAndBeyond #BarbequeNation #CoastalFoodFestival",2026-05-01T12:33:53.000Z,29,,2,8810,1881,https://www.facebook.com/reel/1945315426092785/,,30-07-2026 07:08
1.43703E+15,BarbequeNation,"Hyderabad just got a spicy twist 🌶️🇲🇽

Mirchi Mexicano is here — where bold Indian flavours meet zesty Mexican vibes! ✨
Experience an exclusive culinary takeover by Chef Kanak Khathuria (MasterChef India S1 Top 12) with dishes that bring the heat, the crunch, and all the fiesta feels 🔥🌮

📍 Kukatpally, Hyderabad
📅 6th – 10th May, 2026

Come hungry. Leave obsessed.

#MirchiMexicano #BarbequeNation #Hyderabad",2026-04-30T16:46:22.000Z,46,,3,8922,1898,https://www.facebook.com/reel/2270173056848985/,,30-07-2026 07:08
1.43324E+15,BarbequeNation,"Only 2 days left to experience the bold, soulful flavours of the Konkan coast 🌶️🌊

Step into The Konkan Spice Table with Chef Shraddha Palande and indulge in a specially curated Maharashtrian culinary journey—where every dish tells a story of spice, tradition, and coastal indulgence.

From rich curries to irresistible regional favourites, this is your last chance to savour it all before it’s gone!

📍 Westend Mall, Aundh, Pune
📅 Ending 28th April

Don’t miss out—reserve your table now on the Barbeque Nation app or website.

#KonkanSpiceTable #BarbequeNation #PuneEats #FoodFestival #MaharashtrianCuisine",2026-04-26T12:02:13.000Z,57,,0,10967,4684,https://www.facebook.com/reel/1204122281645881/,,30-07-2026 07:08
1.4325E+15,BarbequeNation,"May is about to taste different 🔥

Something exciting is hitting your city—bold flavours, fresh ideas, and chefs you’ll want to keep an eye on 👀🍢

👨‍🍳 Chef Kenneth Gopinath — Bengaluru
👩‍🍳 Chef Kanak Khathuria — Hyderabad
👨‍🍳 Chef Anshmeet Singh — Chandigarh

From Bengaluru to Hyderabad to Chandigarh, we’re bringing together new culinary vibes that are anything but ordinary.

Get ready to discover, indulge, and keep coming back for more.

📍 Coming soon to your city

Book your table on Barbeque Nation app or website. 

#BarbequeNation #Vibes #ComingSoon",2026-04-25T14:34:27.000Z,11,,0,,,https://www.facebook.com/BarbequeNation/posts/pfbid0535MEUhxoefL5r9wpYBkADQP9RBFKs8X2s9SudFZCeMyj3XubVMKepqhsuUDFgCUl,,30-07-2026 07:08
1.4321E+15,BarbequeNation,"The coast comes alive… and it starts today 🌊✨

Introducing Malabar & Beyond – Coastal Food Festival 🍤🥥
A celebration of bold coastal flavours, rich traditions, and soulful dishes curated by MasterChef Winner Mohammed Ashiq.

From comforting curries to irresistible starters, every plate is a journey across India’s coastline.

📍 Lulu Global Mall, Bengaluru
📅 25th – 29th April, 2026

Book your experience now on the Barbeque Nation app or website.

#MalabarAndBeyond #CoastalFoodFestival #BarbequeNation",2026-04-25T04:12:28.000Z,82,3,7,15131,5506,https://www.facebook.com/reel/27537905389130556/,,30-07-2026 07:08
1.43113E+15,BarbequeNation,"Marabu Manam is in full swing—and Chennai is showing up for it 🔥

From 22nd–26th April, Chef Selva Sunitha brings a bold, reimagined take on South Asian flavours to Barbeque Nation, Marina Mall, Chennai 📍

The standouts everyone’s coming back for:
Sticky Mutton Ribs 🔥🍖
Curry Leaves Crème Brûlée 🍮✨
Kongunadu Chicken Vellai Biryani 🍗🍚

With just two days to go ⏳, this is your last chance to experience it before it wraps on 26th April.

Book your table now on the Barbeque Nation app or website 📲

#MarabuManam #BarbequeNation #ChennaiEats",2026-04-24T04:00:55.000Z,28,3,2,9687,1648,https://www.facebook.com/reel/2711617979204793/,,30-07-2026 07:08
1.42895E+15,BarbequeNation,"From Naatukozhi Rasam to Puli-then glazed Mutton Ribs… this isn’t just a menu, it’s a full-blown flavour trip 🌶️🔥

Marabu Manam brings together Tamil classics with Sri Lankan flair — think:
🍤 Poondu Podi Prawn Skewers
🍗 Ilangai Fiery Chicken Bites
🍛 Kongunadu Chicken Vellai Biryani
🥥 Curry Leaves Crème Brûlée

Crafted by Chef Selva Sunitha, this limited-time experience is not to be missed.

📍 Marina Mall, Chennai
📅 22nd–26th April

Book Your Table on the Barbeque Nation app or website. 

#MarabuManam #BarbequeNation #ChennaiEats #TamilCuisine",2026-04-21T16:25:12.000Z,112,,3,21801,7749,https://www.facebook.com/reel/979809174580251/,,30-07-2026 07:08
1.42808E+15,BarbequeNation,"Asli Marathi swaad, straight from the Konkan coast 🌴🔥

Chef Shraddha Palande brings you a celebration of authentic Maharashtrian flavours — from kokum-infused starters to rich Malvani curries.

No shortcuts. Just real, regional recipes done right.

📍 Westend Mall, Aundh, Pune
📅 24th – 28th April

Pune, तुमचं जेवण तयार आहे ❤️

Book your table on the Barbeque Nation app or website!

#BarbequeNation #MarathiCuisine #KonkanFood #PuneFoodies #MalvaniFlavours",2026-04-20T15:29:42.000Z,49,1,2,13585,5488,https://www.facebook.com/reel/992891846504275/,,30-07-2026 07:08
1.42622E+15,BarbequeNation,"Vanakkam Chennai! 🌴✨
Chef Selva Sunitha is inviting you to experience Marabu Manam — a soulful celebration of Tamil roots infused with bold Sri Lankan flavours 🇮🇳🤝🇱🇰

From nostalgic aromas to reimagined classics, this is where tradition meets fire, spice, and storytelling on a plate 🔥🍢

📍 Marina Mall, Chennai
📅 22nd – 26th April, 2026

Come hungry. Leave with memories. ❤️
Book you table on the Barbeque Nation app or website. 

#MarabuManam #BarbequeNation #Chennai #SouthIndianCuisine #SriLankan",2026-04-18T08:49:35.000Z,27,,1,10355,1767,https://www.facebook.com/reel/1660849748264349/,,30-07-2026 07:08
1.42528E+15,BarbequeNation,"“Ghar ki yaad nahi aayi tujhe, Jassi?” 👀❤️

Aayi hogi… bas taste nahi mila hoga.

Ab milega. 🤌🔥
Presenting The Konkan Spice Table — jahan har bite mein hai ghar ka swaad, coastal masalon ka pyaar, aur asli Maharashtrian warmth. 🍲✨

Chef Shraddha Palande la rahi hain woh recipes… jo sirf khaane nahi, yaadein hain.

📍 Westend Mall, Aundh, Pune
📅 24th – 28th April

Book now on the Barbeque Nation app or website.",2026-04-17T06:00:08.000Z,28,,2,9747,2530,https://www.facebook.com/reel/1496150798541493/,,30-07-2026 07:08
1.4249E+15,BarbequeNation,"Bengaluru, your coastal getaway just arrived 🌴🌊

Dive into Malabar & Beyond — a limited-time coastal food festival curated by MasterChef Winner Mohammed Ashiq 👨‍🍳🔥
From rich Fish Curries to indulgent Squid Ghee Roast, every bite is a journey down the coast.

📍 Lulu Global Mall, Bengaluru
📅 25th – 29th April 2026

Come hungry. Leave coastal. 😉

Book your table now on the Barbeque Nation app or website. 

#MalabarAndBeyond #BarbequeNation #ChefAshiq #MasterChefIndia #CoastalCuisine",2026-04-16T17:17:27.000Z,22,1,0,,,https://www.facebook.com/BarbequeNation/posts/pfbid0363U2iZDwTobqUA5ht6G2rmS7oVTuLGLrPdm9QG1yWxUQQbKnBoQ9Gq1cbvZmyfBl,,30-07-2026 07:08
1.42486E+15,BarbequeNation,"Bengaluru, your coastal getaway just arrived 🌴🌊

Dive into Malabar & Beyond — a limited-time coastal food festival curated by MasterChef Winner Mohammed Ashiq 👨‍🍳🔥
From rich Fish Curries to indulgent Prawn Ghee Roast, every bite is a journey down the coast.

📍 Lulu Global Mall, Bengaluru
📅 25th – 29th April 2026

Come hungry. Leave coastal. 😉

Book your table now 👉 www.barbequenation.com

#MalabarAndBeyond #BarbequeNation #ChefAshiq #MasterChefIndia #CoastalCuisine",2026-04-16T16:20:57.000Z,20,,1,,,https://www.facebook.com/BarbequeNation/posts/pfbid0ZFv7Gq2yNMuBitFAKwjVsLL6kjwvKpLCCgf5Yuz6pqbBcxhWyN7ymWr11V2hGHz6l,http://www.barbequenation.com/,30-07-2026 07:08
1.42366E+15,BarbequeNation,"Pune, an experience worth slowing down for. ✨

Presenting The Konkan Spice Table 🍲
A refined celebration of Maharashtrian cuisine—where coastal flavours meet timeless tradition, brought together with thoughtful finesse.

Curated by Chef Shraddha Palande 👩‍🍳 (Times Power Food Creator, 2026), this limited-time menu captures the depth, warmth, and quiet elegance of Konkan’s culinary heritage.

📍 Westend Mall, Aundh, Pune
📅 24th – 28th April

An intimate journey of flavour awaits.
Reserve your table on the Barbeque Nation app or website.

#KonkanSpiceTable #MaharashtrianCuisine #PuneDining #BarbequeNation",2026-04-15T09:01:18.000Z,19,1,0,,,https://www.facebook.com/BarbequeNation/posts/pfbid02QsbvB8JPuaZrHP7EcNJWAo2rfR2EFroK8HzqpVDAKBtFPM5fa9CK2EEhwwMLc5EPl,,30-07-2026 07:08
1.42143E+15,BarbequeNation,"Marabu Manam arrives in Chennai!
A celebration of Tamil flavours, reimagined with depth, fire & soul of Sri Lanka. 

Curated by Chef Selva Sunitha — MasterChef India Season 1 Top 7 

This limited-time pop-up brings together coastal influences, bold spice profiles, and stories rooted in tradition, served with a contemporary edge.

📍 Marina Mall, Chennai
📅 22nd – 26th April, 2026

👉 Book now on the Barbeque Nation app or website

#MarabuManam #BarbequeNation #Chennai",2026-04-12T14:45:38.000Z,16,1,0,,,https://www.facebook.com/BarbequeNation/posts/pfbid012gCdCdZEUk7pYSXgHeejbZnhdyHuZRgGVo4HhBYRsZCqdmtaLgJqfXDzgFoNyqbl,,30-07-2026 07:08
1.42023E+15,BarbequeNation,"That one senior who just can’t stay out of the frame 😂🧤

Tag the “supervisor” of your group who can’t sit still.",2026-04-11T04:30:15.000Z,95,6,4,31793,13642,https://www.facebook.com/reel/1480649326901472/,,30-07-2026 07:08
1.41784E+15,BarbequeNation,"The era of Old Dilli’s Mughlai heritage is coming to an end in Ahmedabad. 🥘👑

If you haven’t experienced Chef Yashita’s royal takeover yet, this is your sign! From the melt-in-the-mouth Khumb Galauti to the rich, aromatic Vegetarian Nihari, every dish has been a “super hit” with our guests. Don’t let these authentic, layered flavors slip away without a taste.

📍 Venue: Barbeque Nation, Nexus One Mall, Ahmedabad

📅 Last Day: Tomorrow, April 9th, 2026

Hurry! You’ll miss out on this Old Mughlai Culinary Heritage if you don’t visit by tomorrow.

Book your final table now via the Barbeque Nation app or the link in our bio.",2026-04-08T06:26:02.000Z,50,,2,11750,3195,https://www.facebook.com/reel/1457950255740067/,,30-07-2026 07:08
1.4171E+15,BarbequeNation,"Hospitality training: 10/10. Responding to pspspsp: 11/10 💅

#barbequenation #explorepage #hospitalitystaff #fyp #ᴛʀᴇɴᴅɪɴɢᴘᴏsᴛ",2026-04-07T09:06:16.000Z,160,4,3,42931,16294,https://www.facebook.com/reel/1609953210269927/,,30-07-2026 07:08
1.41645E+15,BarbequeNation,"Experience the flavors that Ahmedabad can’t stop talking about! 🥘🌟

Our guests at Nexus One Mall have spoken! The standout stars of Shahi Zaika from the “excellent” Badami Shorba 
 to the unique Vegetarian Nihari are winning hearts across the city. 
Chef Yashita invites you to taste the heritage of Old Dilli, crafted with the same precision and love that made these dishes legendary.

Don’t just take our word for it come see why our guests are calling it an “unforgettable” feast!

📍 Venue: Nexus One Mall, Ahmedabad

📅 Date: 3rd – 9th April, 2026

Treat yourself to a legacy of flavor.

Reserve your table now via the Barbeque Nation app or the link in our bio.",2026-04-06T12:52:21.000Z,78,2,1,13167,4995,https://www.facebook.com/reel/1312533660757031/,,30-07-2026 07:08
1.41449E+15,BarbequeNation,"Just delivering what “best hospitality” looks like 🔥😌

#barbequenation #explorepage #hospitalitystaff #fyp #trending",2026-04-04T03:52:40.000Z,99,4,3,24717,10027,https://www.facebook.com/reel/1216673853824052/,,30-07-2026 07:08
1.41275E+15,BarbequeNation,"This is your sign to take a break… 🍫and indulge in unlimited desserts at Barbeque Nation 😌🍰

#barebequenation #unlimitedbuffet #dessert",2026-04-02T03:24:36.000Z,81,13,1,,,https://www.facebook.com/BarbequeNation/posts/pfbid038SpTBAGNBUzfoM8PJAqmKXUGszuMyCW8k2oV1Wcu8RYZH8ED1dxHSy4QvdeKxfnl,,30-07-2026 07:08
1.41224E+15,BarbequeNation,"This is your sign to take a break… 🍫and indulge in unlimited desserts at Barbeque Nation 😌🍰

#barbequenation #kitkat #unlimitedbuffet #desserts",2026-04-01T13:06:19.000Z,301,19,1,,,https://www.facebook.com/BarbequeNation/posts/pfbid02BiLKBv6dNXPnMhqBwMzBwbWgAbFb2RFiXiwhNBRdva9PSgYkv9MtjJDj53whzojul,,30-07-2026 07:08
1.41219E+15,BarbequeNation,"Old Dilli’s best-kept culinary secrets, now in Ahmedabad. 🏰✨

Join us for Shahi Zaika, an exclusive royal feast curated by Chef Yashita. From the melt-in-the-mouth Khumb Galauti and Veg Shammi Kebab to the rich Shahi Kaju Aloo and Arbi ki Nihari, taste the authentic flavors that have traveled from the lanes of Delhi to your plate.

📍 Venue: Barbeque Nation, Nexus Ahmedabad One Mall

📅 Date: 3rd – 9th April, 2026

Book your table now on the Barbeque Nation website.

#barebequenation #foodpopup #ChefYashtika #ahmedabad",2026-04-01T11:58:34.000Z,30,1,1,9220,2204,https://www.facebook.com/reel/1472593864530541/,,30-07-2026 07:08
1.41197E+15,BarbequeNation,"April Fool’s? That’s just the start 😉

Because this April, there are a lot of celebrations to look forward to… and even more to feast on. 

From exclusive food pop-ups to festive deals and summer specials it’s all happening at Barbeque Nation.

Stay tuned for what’s coming this April, and visit barbequenation.com to explore all the offers.

#barebequenation #aprilfoolsday #barbequevibes",2026-04-01T06:28:03.000Z,10,,1,,,https://www.facebook.com/BarbequeNation/posts/pfbid031SGEwJDT4HyCisVToz2MWmhBXge5Mf73KKQHWfLnzKaf1XGEGhUGnvHq3rDQaSz2l,http://barbequenation.com/,30-07-2026 07:08
1.41055E+15,BarbequeNation,"Monali, from Assam, joined Barbeque Nation in 2022—and in just 3.5 years, has carved her journey across bakery, display, and live kitchen, now thriving as a cuisine chef.

Through every challenge, it was the people who stood by her teaching, supporting, and growing together. Because sometimes, a workplace becomes more than just work it becomes your biggest strength.

At Barbeque Nation, we are proud to have strong, determined, and inspiring women like Monali who are building their own paths, one step at a time.

To every girl out there your journey may begin with uncertainty, but it can lead to something powerful. 💪

#WomenInHospitality #BarbequeNation #SheAte",2026-03-30T11:54:30.000Z,22,2,0,10560,1531,https://www.facebook.com/reel/1954061045986860/,,30-07-2026 07:08
1.41037E+15,BarbequeNation,"Something BIG is grilling its way to your city this April… and trust us, you don’t want to miss this 🔥👀

Barbeque Nation VIBES is bringing together some of the finest culinary talent for an experience that’s loaded with bold flavours, limited-time dishes, and serious food FOMO. 🍢✨

✴️Chef Yashita Agarwal – Nexus One Mall, Ahmedabad
✴️Chef Mohammed Ashiq – Lulu Global Mall, Bengaluru
✴️Chef Selva Sunitha – Marina Mall, Chennai

Each chef is curating exclusive pop-up specials you won’t find on the regular menu — think unique takes, regional inspirations, and dishes crafted just for this moment.

This isn’t just a meal… it’s a limited-time vibe. And once it’s gone, it’s gone. ⏳🔥

📍 Coming soon to your city
👉 Stay tuned & be the first to experience it

#BarbequeNation #BNVibes #FoodFOMO #LimitedTimeOnly",2026-03-30T06:20:01.000Z,17,1,0,9582,1283,https://www.facebook.com/reel/1525060452375834/,,30-07-2026 07:08
1.40916E+15,BarbequeNation,"KEM CHO AMDAVAD!

Join Chef Yashita, an expert in Old Delhi Mughlai cuisine, as she brings alive the richness of Shahi Zaika – A Royal Mughlai Feast. 👑

And here’s what makes it truly special — indulge in rare & exquisite vegetarian Mughlai dishes, a side of Mughlai cuisine you don’t often get to experience. From indulgent gravies to delicately spiced kebabs, every bite is crafted to surprise. 🌿

📍 Venue: Nexus One Mall, Ahmedabad
📅 Dates: 3rd – 9th April, 2026

In collaboration with @chefp.in

👉 Book your table now on the Barbeque Nation website or app!

Ahmedabad food lovers | Amdavad food scene | Mughlai food festival | Veg Mughlai dishes | Fine dining Ahmedabad",2026-03-28T17:40:48.000Z,29,10,0,7810,2033,https://www.facebook.com/reel/1482467416595647/,,30-07-2026 07:08
1.40891E+15,BarbequeNation,"Chef Ankita, from Himachal and now a proud part of Barbeque Nation, Sona Road, is a reflection of what happens when determination meets opportunity. With every passing day, she’s turned fear into confidence, and effort into excellence.

At Barbeque Nation, we don’t just build teams—we build people. And we are incredibly proud to have strong, resilient, and exemplary women like Chef Ankita shaping our kitchens and inspiring everyone around them.

To every girl watching—there is no role you cannot step into, no space you cannot own.

#WomenInHospitality #BarbequeNation #SheAte",2026-03-28T11:38:57.000Z,16,2,1,5698,642,https://www.facebook.com/reel/1488740266144962/,,30-07-2026 07:08
1.40781E+15,BarbequeNation,"Navratri is as much about the shared smiles as it is about the prayers. 🥘💛

Celebrate the spirit of these nine nights with a feast that brings everyone closer. Because the best part of any festival is the family gathered around the table.

( Barbeque Nation, Navratri, Feast, Fasting, Grills, Vibes )",2026-03-27T05:00:09.000Z,14,2,1,,,https://www.facebook.com/BarbequeNation/posts/pfbid027cFng6mwXMR1JtyZv7BaSZkri9VP3rQFsfK1zn1CXiU44j8CmzUk5puDDqJ3vpRLl,,30-07-2026 07:08
1.40635E+15,BarbequeNation,"Your city is about to get loaded with new flavors! 🥗🔥

Get ready for a massive culinary takeover as MasterChef winners and experts bring their signature touch to your favorite table. From the royal lanes of Old Dilli to the soulful tastes of the South, this April is all about “Barbeque Vibes.”

• Ahmedabad: Chef Yashita Agarwal
• Bengaluru: Chef Mohammed Ashiq
• Chennai: Chef Selva Sunitha

Coming soon to your city... Stay tuned!",2026-03-25T13:53:53.000Z,12,1,0,,,https://www.facebook.com/BarbequeNation/posts/pfbid02xx77dmxwcHHnyGWjKQdomMHTUbFCyC4TMizM5srnqMpAaYNDjvpHwKJUEZUD3Gryl,,30-07-2026 07:08
1.40532E+15,BarbequeNation,"Scene set hai, table loaded hai… bas entry aapki baaki hai. 😎",2026-03-24T09:28:15.000Z,4210,141,67,,,https://www.facebook.com/BarbequeNation/posts/pfbid02YEwcXQDcTLKTPjhFvoEJVUGKTNfofy69gQwVtvgVHjLzxcEiUkQhoAq6S2XRKSxcl,,30-07-2026 07:08
1.40243E+15,BarbequeNation,"The era of Old Mughlai heritage arrives in Ahmedabad. 🥘👑

Prepare for a royal takeover as Chef Yashita brings Shahi Zaika to Barbeque Nation. Indulge in a specially curated menu featuring Awadhi Murgh Biryani, Shahi Tukda, and more each crafted with the precision and soul of the past.

📍 Venue: Nexus One Mall, Ahmedabad

📅 Date: 3rd – 9th April, 2026

Experience the soul of an Old Mughlai Culinary Heritage.

Book your table now on the Barbeque Nation website or app.

#barbeque_nation #foodpopup #chefyashita #mughlaifood",2026-03-21T03:30:11.000Z,37,4,0,,,https://www.facebook.com/BarbequeNation/posts/pfbid02cuM2uyJVG5uvTFRabeHkUrr8QPahewBQd2PTg5e59RqfCZP4P6VVRVdPBj8Ms37gl,,30-07-2026 07:08
1.40191E+15,BarbequeNation,"A feast shared with loved ones makes Eid even more special. Wishing you warmth, joy, and togetherness this festive season. 🌙🍽️

#barebequenation #eid #feast",2026-03-20T16:05:26.000Z,23,,0,,,https://www.facebook.com/BarbequeNation/posts/pfbid0Edq1LShuntPCRwUrc6CM2b8FKWAxvnAwLteorEUUSwkU1g21TbhYpeoUjEDsBxczl,,30-07-2026 07:08
1.3981E+15,BarbequeNation,"Where there’s Chicken Tikka, conversations never stop. 🔥
The perfect recipe for team bonding!

Find your reason to meet at Barbeque Nation. 
Kyonki Milne Ki Bhookh, Acchi Bhookh Hai. ❤️

#MilneKiBhookh #BarbequeNation",2026-03-16T11:55:01.000Z,16,,0,,,https://www.facebook.com/BarbequeNation/posts/pfbid0vYs7TqDZDC8QSFBs65i16jpon6NMnb2hesr49cSZjUrGVQuSVxczr5mVDtxyLCD2l,,30-07-2026 07:08
1.39591E+15,BarbequeNation,"Can you see this crowd? Mumbai has fallen in love! 🌊🔥👯‍♀️

The response to Konkan to Kolhapur at Kurla has been absolutely overwhelming! From Chef Prachi Agarkar’s family recipes to the “super hit” flavors seen on MasterChef, everyone is here to grab a seat at this Maharashtrian feast.
 
Whether it’s the signature Thecha Paneer or the innovative Coconut Jaggery Parfait, the vibes are unmatched!

📍 Location: Barbeque Nation, Phoenix Marketcity, Kurla
📅 Only 2 Days Left! (Pop-up ends 15th March)

Savor the tradition before it’s gone!

Reserve a table now via the Barbeque Nation app or website.

#barbequenation #foodpopup #chefprachiagarkar #maharashtra",2026-03-13T17:05:22.000Z,85,7,2,14949,5278,https://www.facebook.com/reel/925035566783903/,,30-07-2026 07:08
1.39395E+15,BarbequeNation,"🔥✨ It’s Tikka Time! ✨🔥
Smoky, juicy, straight-off-the-grill Chicken Tikka that sparks endless conversations.

One of the most loved starters at the table, and the perfect excuse for team bonding!

Find your reason to meet at Barbeque Nation.
Kyon ki milne ki bhookh acchi bhookh hai. 🤗

#MilneKiBhookh #BarbequeNation",2026-03-11T10:01:02.000Z,59,,3,16862,3481,https://www.facebook.com/reel/1484274366536807/,,30-07-2026 07:08
1.39311E+15,BarbequeNation,"Experience a legacy passed down through three generations. Chef Prachi Agarkar brings you the authentic Maharashtrian flavors she learned from her mother, who learned them from her grandmother. 

From the “zanzanit” spice of Kolhapur to the soulful coastal recipes of Konkan, every dish is a piece of her history.

📍 Location: Barbeque Nation, Phoenix Marketcity, Kurla
📅 Date: 11th – 15th March, 2026

Savor the tradition before it’s gone!

Reserve a table now via the Barbeque Nation app or website! 

#barbequenation #foodpopup #chefprachiagarkar #maharashtra",2026-03-10T09:30:16.000Z,33,2,1,10282,2560,https://www.facebook.com/reel/777305261710399/,,30-07-2026 07:08
1.39298E+15,BarbequeNation,"Today is your last chance to experience the Southern Sangam! 🌶️⌛

Pune, the journey is coming to an end. Today is the final day to witness the “Four Flavours of Dakshin” curated by MasterChef India’s Chef Suvarna Vijay Bagul. If you haven’t tasted this bold, fire-kissed South Indian feast yet, now is the time!

Don’t let these authentic flavors slip away once the day is over, the legacy travels on. 🍛👑

📍 Location: Barbeque Nation, Amanora Mall, Pune
📅 Last Day: Today, 10th March, 2026

Savor the tradition before it’s gone!

Reserve a table now via the Barbeque Nation app or website! 

#barbequenation #foodpopup #southernsangam #chefsuvarna #pune",2026-03-10T05:33:23.000Z,17,,0,7233,1583,https://www.facebook.com/reel/912165591417223/,,30-07-2026 07:08
1.39245E+15,BarbequeNation,"Experience Maharashtra like never before with Konkan to Kolhapur.

Chef Prachi Agarkar invites you to a specially curated feast at Barbeque Nation, bringing together the soul of the coastline and the warmth of the countryside. 

Come taste an amazing spread that celebrates the vibrant flavors of Maharashtra, from fresh coastal delicacies to the fiery spice of Kolhapur.

📍 Location: Barbeque Nation, Phoenix Marketcity, Kurla

📅 Date: 11th – 15th March, 2026
Come taste Maharashtra the way it’s meant to be!

Reserve a table now via the Barbeque Nation app or website! 

#barbequenation #foodpopup #ChefPrachiAgarkar #konkan",2026-03-09T13:20:55.000Z,10,,1,5978,1249,https://www.facebook.com/reel/908074361936838/,,30-07-2026 07:08
1.39221E+15,BarbequeNation,"Chef Suvarna Vijay Bagul is bringing her signature flair to Barbeque Nation with a limited-time culinary pop-up. From the first sizzle to the final bite, experience a legacy of warmth and soul that has our guests saying, “It’s just that good!” 👑🍽️

Don’t miss this chance to taste the authentic yet innovative flavors of the South, curated by one of the best.

📍 Location: Barbeque Nation, Amanora Mall, Pune
📅 Date: 6th – 10th March, 2026
Experience the magic of the South!

Reserve a table now via the Barbeque Nation app or the link in our bio.

#barbequenation #foodpopup #southfood #chefsuvarna #southernsangamam",2026-03-09T06:26:49.000Z,16,4,0,8028,1947,https://www.facebook.com/reel/1483563196624757/,,30-07-2026 07:08
1.39151E+15,BarbequeNation,"She ate doubt.
She ate fear.
She ate every “no” they served her.

And today, she runs the show and rules the grill. 🔥

This Women’s Day, we celebrate the women who bring the fire to Barbeque Nation every single day. 

#SheAte #WomensDay #BarbequeNation",2026-03-08T10:54:27.000Z,23,,1,5871,1240,https://www.facebook.com/reel/1981130212805710/,,30-07-2026 07:08
1.38936E+15,BarbequeNation,"Step into a world of southern flavors with The Southern Sangam, an exclusive pop-up curated by MasterChef India’s own Chef Suvarna Vijay Bagul.

Witness the mastery behind the “Four Flavours of Dakshin” as Chef Suvarna brings her signature flair and soulful recipes to your table. It’s a limited-time celebration of South Indian heritage you won’t want to miss.

📍 Location: Barbeque Nation, Amanora Mall, Pune
📅 Date: 6th – 10th March, 2026

Experience the magic of the South!

Reserve a table now via the Barbeque Nation app or the link in our bio.

#barbequenation #foodpopup #southindianfood #masterchef #SouthernSangam",2026-03-05T15:26:54.000Z,25,,0,8284,2157,https://www.facebook.com/reel/1560833411696671/,,30-07-2026 07:08
1.3885E+15,BarbequeNation,"A taste of Bengal that felt just like home. 🏠❤️

Guests at our Sarjapura Road, Bengaluru; experienced The Royal Bengal Table as a nostalgic journey back to their roots. Curated by Chef Suraj Thapa, the spread brought together comforting flavours and timeless Bengali classics that won hearts with their honesty and warmth.

From the simple comfort of Aloo Posto to the rich aroma of Chicken Pulao, every dish celebrated the soul and heritage of Bengali cuisine.

#barbequenation #RoyalBengalTable #TasteOfBengal #BarbequeNation #KolkataCuisine",2026-03-04T13:03:37.000Z,49,2,7,9759,2372,https://www.facebook.com/reel/2054810965093125/,,30-07-2026 07:08
1.38841E+15,BarbequeNation,"Step into the world of Chef Suvarna Vijay Bagul for an exclusive culinary pop-up: The Southern Sangam.

Go beyond the familiar and dive into a vibrant spread of zanzanit and chamchamit flavors that will make your mouth water.

Four states. Four bold flavors. One unforgettable experience. 🌶️🌊

📍 Venue: Amanora Mall, Barbeque Nation
🗓️ Date: 6th - 10th March

Experience the royal hospitality of the South.

Reserve a table now via the Barbeque Nation app or the link in our bio.

#barbequenation #foodpopup #southindian #masterchef #food",2026-03-04T10:33:24.000Z,55,,0,8073,2296,https://www.facebook.com/reel/1223489323225278/,,30-07-2026 07:08
1.38828E+15,BarbequeNation,"Splash into celebration mode 🍢✨ 
Where every plate is a burst of color and every bite feels like a party!

( Holi vibes, Holi, Barbeque Nation, BBQ dining, Colourful feast, Festival of flavours )",2026-03-04T06:41:20.000Z,15,,2,,,https://www.facebook.com/BarbequeNation/posts/pfbid02A29t3ibEmRr6e2s5D9GUbh9zRQ2NaF2W3V9fTwhmtLm2faSzJYfBiYvrgYeBraHdl,,30-07-2026 07:08
1.3879E+15,BarbequeNation,"We’re bringing Maharashtra’s boldest flavours under one roof with Chef Prachi Agarkar, Times Best Female Food Creator 2025 — for a feast that’s coastal, fiery, and unapologetically authentic.

From spicy Kolhapuri favourites to rich Konkan curries, this limited-edition spread is a celebration of everything you love about Maharashtrian cuisine.

📍 Barbeque Nation, Phoenix Marketcity, Kurla
📅 11th – 15th March, 2026

Five days. Countless flavours. One epic feast at Barbeque Nation.

Tag your foodie gang and book your table now!

#KonkanToKolhapur #BarbequeNation #MaharashtrianFood #MumbaiFoodies #FoodFestival",2026-03-03T17:20:13.000Z,28,,1,,,https://www.facebook.com/BarbequeNation/posts/pfbid02JMqy46fxgCmRxSoHJ4U5N6RGpaMT32inh7zDgdJrt9seUC267VPev2s8wEQfGTWFl,,30-07-2026 07:08
1.38667E+15,BarbequeNation,"The ‘hmmmmm’ hits different after a hearty, unlimited feast.

(Barbeque Nation, Celebration, Togetherness, love, Unlimited, Grills, Buffet)",2026-03-02T07:22:36.000Z,20,2,3,7375,1070,https://www.facebook.com/reel/1956852701707120/,,30-07-2026 07:08
1.38582E+15,BarbequeNation,"At Barbeque Nation, every grill tells a story, every bite brings people closer, and every table turns into a celebration. Come, speak the flavour of fun.

(Barbeque Nation, Celebration, Togetherness, Unlimited, Buffet, Grill)",2026-03-01T06:30:46.000Z,35,4,0,8594,2114,https://www.facebook.com/reel/1229387656009917/,,30-07-2026 07:08
1.38338E+15,BarbequeNation,"Four states. Four bold flavours. One unforgettable Sangam. 🌶️🔥

Presenting The Southern Sangam – The Four Flavours of Dakshin with Chef Suvarna Vijay Bagul, MasterChef India S7 2nd Runner Up. Watch her bring together the iconic tastes of Telangana, Andhra, Karnataka & Kerala in a celebration that breaks every stereotype of South Indian cuisine.

📅 6th – 10th March 2026
📍 Amanora Mall, Pune

Come hungry. Leave amazed.
Reserve your table now – limited days only! 🍽️✨

#TheSouthernSangam #FourFlavoursOfDakshin #BarbequeNation #PuneFoodies #SouthIndianFusion",2026-02-26T12:34:17.000Z,13,,0,,,https://www.facebook.com/BarbequeNation/posts/pfbid02mRXFYH7myNXBpdDr6X9zAeeTrVTeBGzyKepNfSVTvP8M4xbWsn1Tqsh6E2AfSEoql,,30-07-2026 07:08
1.38306E+15,BarbequeNation,"You’re invited to the Rajbari feast of the season. 🏰🍛
Step back in time to the era of grand estates and royal banquets. The Royal Bengal Table is a limited-time takeover by Chef Suraj Thapa, reviving the decadent flavors that once graced the tables of Bengal’s nobility.

📍 Location: Barbeque Nation, Sarjapura Road
📅 Date: 25th February – 1st March, 2026

Book your table now on the Barbeque Nation website or app.

#BarbequeNation #KolkataRajbari #BengaliFood #ChefSurajThapa #Bangalore",2026-02-26T04:29:23.000Z,88,8,15,11194,3065,https://www.facebook.com/reel/1628356271683804/,,30-07-2026 07:08
1.38121E+15,BarbequeNation,"Experience the authentic flavours of Kashmiri Pandit cuisine with Chef Rajni Jinsi. ✨

From the crisp, spice-kissed richness of Mutton Kabargah, to the delicate saffron notes of Chaman Kaliya, and the comforting, home-style warmth of Bandh Patra — every dish is rooted in tradition and crafted with care.

Join us at Riwaayat-e-Kashmir at Crown Interiorz Mall

🗓️ 23rd – 27th February
📍 Crown Interiorz Mall, Faridabad

Come savour recipes that celebrate heritage, balance, and the true essence of Kashmiri Pandit cuisine.

#RiwaayateKashmir #ChefRajniJinsi #KashmiriCuisine #BarbequeNation #FaridabadEvents",2026-02-24T02:00:54.000Z,14,,0,5680,1223,https://www.facebook.com/reel/675825688927284/,,30-07-2026 07:08
1.38094E+15,BarbequeNation,"They thought South Indian food was predictable.
Chef Rohit thought otherwise.

“South Indian cuisine has never been limited. It’s bold, layered and endlessly versatile — you just have to let it evolve.”

From crisp dosas layered with fiery chicken ghee roast to a tiramisu that surprised every table — this pop-up wasn’t about fusion for the sake of it. It was about breaking perception.

At Barbeque Nation, we’re proud to host experiences that challenge the stereotype and celebrate the true depth of regional Indian flavours.

If you were there, you witnessed it.
If you missed it — this is your sign to never underestimate South Indian cuisine again.

#DakshinExpress #SouthIndianFusion #BarbequeNation #ChefRohitGhosh",2026-02-23T17:21:43.000Z,15,,1,5501,1665,https://www.facebook.com/reel/1918075075475426/,,30-07-2026 07:08
1.38004E+15,BarbequeNation,"Discover the delicate flavours of Kashmiri Pandit cuisine with Chef Rajni Jinsi. ✨

From the light, aromatic comfort of Chicken Yakhni to the rich, soulful depth of Matsch (Mutton Kofta), each dish reflects generations of tradition and balance.

Join us at Riwaayat-e-Kashmir at Crown Interiorz Mall

🗓️ 23rd – 27th February
📍 Crown Interiorz Mall, Faridabad

Experience authentic flavours, thoughtfully prepared and beautifully presented.

#RiwaayateKashmir #KashmiriPandit #barbequenation
#faridabad",2026-02-22T16:04:34.000Z,23,,0,5565,1117,https://www.facebook.com/reel/4209153602729533/,,30-07-2026 07:08
1.37922E+15,BarbequeNation,"From the streets of Madras to the live grill 🔥
Chef Praveen Kumar brings Theeyil Thamizhan to Barbeque Nation — a fiery celebration of Tamil flavours, smoke-kissed spices, and stories served straight from the heart of the South.

This isn’t just a pop-up, it’s a culinary journey crafted exclusively for Chennai. 🌶️🍃

📍 Grand Square Mall, Chennai
📅 18th – 22nd February 2026

Come experience bold Tamil flavours, signature creations, and grills that speak the language of fire.

Book your table now on the Barbeque Nation app or website. 

#TheeyilThamizhan #BarbequeNation #ChennaiEvents #PopUpExperience",2026-02-21T17:40:39.000Z,22,,0,6864,1821,https://www.facebook.com/reel/1880366675942727/,,30-07-2026 07:08
1.37881E+15,BarbequeNation,"In Bangla, there’s a word called Pet Pujo. 

And the moment you hear it?
Jibe jol chole ashe.
Maa’er haather ranna flashes before your eyes.
And someone is definitely saying, “Eee baba, arektu naao!” 😌

But this time…
we’re taking Pet Pujo to the Rajbaris of Bengal.

Chef Suraj Thapa brings you
The Royal Bengal Table: Stories of Bengal’s Rajbaris

📍 Barbeque Nation, Sarjapur
📅 25th Feb – 1st March

Ei experience ta miss korle regret korben.

Book your table now on the Barbeque Nation app or website.

#PetPujo #RajbariRanna #Bengali #BengaliFlavours #BarbequeNation",2026-02-21T07:26:53.000Z,106,12,12,11516,2125,https://www.facebook.com/reel/770511855677260/,,30-07-2026 07:08
1.37878E+15,BarbequeNation,"You’re invited to the Rajbari feast of the season. 🏰🍛
Step back in time to the era of grand estates and royal banquets. The Royal Bengal Table is a limited-time takeover byMasterChef Suraj Thapa , reviving the decadent flavors that once graced the tables of Bengal’s nobility.

📍 Location: Barbeque Nation, Sarjapura
📅 Date: 25th February – 1st March, 2026

Book your table now on the Barbeque Nation website or app.

#BarbequeNation #KolkataRajbari #BengaliFood #ChefSurajThapa #Bangalore",2026-02-21T06:35:25.000Z,70,4,10,,,https://www.facebook.com/BarbequeNation/posts/pfbid05stjM55DnaKwkMXfrkumyQiCCyFER2Ck1JTGufPmapHAWkKYxcYCGE6XmRGH85TBl,,30-07-2026 07:08
1.37825E+15,BarbequeNation,"You’re invited to the Rajbari feast of the season. 🏰🍛
Step back in time to the era of grand estates and royal banquets. The Royal Bengal Table is a limited-time takeover by MasterChef Suraj Thapa , reviving the decadent flavors that once graced the tables of Bengal’s nobility.

📍 Location: Barbeque Nation, Sarjapura
📅 Date: 25th February – 1st March, 2026

Book your table now on the Barbeque Nation website or app.",2026-02-20T15:30:07.000Z,48,,2,,,https://www.facebook.com/BarbequeNation/posts/pfbid02fpJ27VsqSuBGaWECf9tqinsR3DFHtFAiUFfB6jzG36sfY2aJgQi3BczvKwNrWzCCl,,30-07-2026 07:08
1.37818E+15,BarbequeNation,"From the first fold of the momo to the last bite of Sel Roti, Kolkata showed up for the true Haat to Thaali ❤️

For 7 unforgettable days, Barbeque Nation Park Street turned into a Himalayan kitchen — where Sadheko Momo, Alu Dum, Chicken Curry with timboor, and Mula ko Achar became the heroes of your table 

With Chef Arati Thapa bringing stories from the mountains to your thaali, this wasn’t just a pop-up — it was a celebration of togetherness, warmth, and bold Himalayan flavours 

To everyone who joined us between 9th–15th February — thank you for making it magical.
And if you missed it… tell us in the comments if we should bring Nepal back to Kolkata 🇳🇵🔥

#HaatToThaali #BarbequeNation",2026-02-20T13:56:28.000Z,27,,0,5543,1357,https://www.facebook.com/reel/2443622336070767/,,30-07-2026 07:08
1.37729E+15,BarbequeNation,"From chaats to sizzling chicken starters to comforting daal chawal, one place where three generations happily share the same table. 

( Barbeque Nation, Celebration, Togetherness, Trending, trend , First in my bloodline )",2026-02-19T13:14:10.000Z,11,,1,,,https://www.facebook.com/BarbequeNation/posts/pfbid02gB3Wr1H1qc2ygAwqpaGHmE3RYAFYPuDPZv4zE9ANjeBcewXVPGF4cgv36gJbQEwZl,,30-07-2026 07:08
1.37727E+15,BarbequeNation,"This February, we bring you a culinary story straight from the heart of Kashmir. ✨

Presenting Riwaayat-e-Kashmir – A Kashmiri Pandit Culinary Journey, curated and led by Chef Rajni Jinsi, an expert in authentic Kashmiri Pandit cuisine.

From the soulful warmth of Chicken Yakhni to the richness of Matsch (Mutton Kofta) and the comforting flavours of Chaman Kaliya, every dish on this limited-period menu carries tradition, legacy and love.

Join us as Chef Rajni shares the essence of generations through every bite.

📅 23rd – 28th February, 2026
📍 Crown Interiorz Mall, Faridabad

Book Your Table Today on the Barbeque Nation website or app

#RiwaayatEKashmir #BarbequeNation #KashmiriPanditCuisine #FoodFestival #FaridabadFoodies",2026-02-19T12:48:23.000Z,15,2,1,4739,870,https://www.facebook.com/reel/1842335763088812/,,30-07-2026 07:08
1.37651E+15,BarbequeNation,"Riwaayat-e-Kashmir brings you an authentic Kashmiri Pandit culinary journey where every dish carries legacy, warmth, and soul. A legacy served for a limited time reserve your table and be part of the experience. 🍽️✨

📍 Location: Crown Interiorz Mall, Faridabad

📅 Date: 23rd – 28th February, 2026",2026-02-18T15:50:07.000Z,62,3,2,,,https://www.facebook.com/BarbequeNation/posts/pfbid0jbUpJiAmxSvWokdGuB5kq8aS2pqHyrmgz9uTZuXnvBfKxf35dc6rf1pHVZu3osQal,,30-07-2026 07:08
1.37616E+15,BarbequeNation,"Perfect excuse to meet? This creamy, chilled, melt-in-your-mouth kulfi. 🍨💛

Find your reason to meet at Barbeque Nation. Kyon ki milne ki bhookh acchi bhookh hai. 🤗

#MilneKiBhookh #BarbequeNation",2026-02-18T06:53:28.000Z,14,,1,,,https://www.facebook.com/BarbequeNation/posts/pfbid033khec1w7ij3xtu7D8bZr98z4Vr7NLGd3QQxCJ9FdSb2VA6E1mheSsvXuSBoo2mN6l,,30-07-2026 07:08
1.37561E+15,BarbequeNation,"At Barbeque Nation, we’re proud to present Theeyil Thamizhan — a fiery Tamil pop-up curated by Chef Praveen Kumar that celebrates smoke, spice, and soul.

From the bold Dindugal Chicken Biryani and indulgent Kayal Kalari Parotta Chaat to comforting Vadacurry, the dramatic Vetrilai Prawns Potlam, and the divine Pania Mirtham Mousse — this is a menu where every bite carries the heat and heart of Tamil Nadu. 🔥

📍 Grand Square Mall, Velachery Main Road, Chennai
📅 18th – 22nd February 2026

Seats are limited — book your table now and experience Theeyil Thamizhan straight from the grill. Tap the link in bio or call your nearest outlet to reserve today. 🔥

#TheeyilThamizhan #BarbequeNation #ChennaiEvents #ChennaiFoodies",2026-02-17T16:11:09.000Z,24,2,0,5832,1339,https://www.facebook.com/reel/2304643203357322/,,30-07-2026 07:08
1.37517E+15,BarbequeNation,"From the streets of Madras to the live grill 🔥
Chef Praveen Kumar brings Theeyil Thamizhan to Barbeque Nation — a fiery celebration of Tamil flavours, smoke-kissed spices, and stories served straight from the heart of the South.

This isn’t just a pop-up, it’s a culinary journey crafted exclusively for Chennai. 🌶️🍃

📍 Grand Square Mall, Chennai
📅 18th – 22nd February 2026

Come experience bold Tamil flavours, signature creations, and grills that speak the language of fire.

Book your table now on the Barbeque Nation app or website. 

#TheeyilThamizhan #BarbequeNation #ChennaiEvents #PopUpExperience",2026-02-17T05:00:46.000Z,18,,0,4735,558,https://www.facebook.com/reel/1636950573980744/,,30-07-2026 07:08
1.37509E+15,BarbequeNation,"Final boarding call for The Dakshin Express: Journey between Rasam & Roast. 🔥

Today, 17th February 2026, is the last day of this exclusive pop-up at Barbeque Nation, Ghodbunder Road. One final chance to savour the bold rasams, fiery roasts, and everything in between.

No second service. Just tonight.

📍 Barbeque Nation – Ghodbunder Road
📅 17th February 2026

Reserve your table now and take the last ride.

#TheDakshinExpress #RasamAndRoast #SouthIndianFusion #BarbequeNation",2026-02-17T03:06:19.000Z,14,,0,3627,950,https://www.facebook.com/reel/904297899126748/,,30-07-2026 07:08
1.3743E+15,BarbequeNation,"Zero Civic Sense? We're SORRY but, we just couldn't hold back on this fusion south indian curated by @_rohit_ghosh 

The journey from Rasam to Roast is soon going to be over so all aboard on the Dakshin Express! 

🗓️ 13th - 17th February, 2026
📍 Ghodbunder Road, Mumbai 

Book your seat today on the barbeque nation app or website! 

#BarbequeNation #FusionSouthIndian",2026-02-16T06:18:13.000Z,45,2,0,11509,5331,https://www.facebook.com/reel/1695746121391714/,,30-07-2026 07:08
1.37384E+15,BarbequeNation,"From powerplays to power-packed plates, tonight was all about India! 💙🔥 And what’s a historic win without an unlimited celebration?

( BBQIndia, IndiaVsPakistan, IndVsPak, BleedBlue, GrillAndThrill, Victory, UnlimitedCelebration,Colombo, T20 World Cup 2026, T20 WC)",2026-02-15T16:47:48.000Z,10,,0,3532,405,https://www.facebook.com/reel/896458146469767/,,30-07-2026 07:08
1.37246E+15,BarbequeNation,"Forget the fancy gifts, gift them an experience✨ 
An unlimited spread, sizzling grills, and a table full of love because nothing brings hearts closer than sharing food.",2026-02-14T05:30:10.000Z,31,2,4,,,https://www.facebook.com/BarbequeNation/posts/pfbid0wzjmTUrUCRKpm7GbAeZns1s2SNd6sNTBG9sEowgjahzMAF4ZG4aR7o6UHbuSRwq5l,,30-07-2026 07:08
1.37182E+15,BarbequeNation,"When Chef Rohit Ghosh walks into the kitchen,
you don’t just cook… you compete 👀

From spice level debates 🌶️
to “yeh asli Chettinad hai?” arguments 😆
this EGC banter got a little too real.

Catch the madness, the masala & the magic at our South Indian Fusion Pop-Up.

📍 Barbeque Nation, Ghodbunder Road
📅 13th – 17th Feb 2026
🎟️ Book your table now before the chefs finish it all.

Tag the friend who argues about “authentic” food.

#ChefPopUp #SouthIndianFusion #BarbequeNation #RohitGhosh",2026-02-13T12:37:31.000Z,41,,5,6889,2277,https://www.facebook.com/reel/3077164222472829/,,30-07-2026 07:08
1.36997E+15,BarbequeNation,"Barbeque Nation's official statement on service charge.

#OfficialStatement #BarbequeNation",2026-02-11T14:09:22.000Z,239,25,2,,,https://www.facebook.com/BarbequeNation/posts/pfbid04cWA6stfvQEP3cU2zApLXq9QbHDnYqgT6aKz2aCHoPnUUa95MScePUFpoDDTX4Q8l,,30-07-2026 07:08
1.36996E+15,BarbequeNation,"“Momoooo… khush hua.” 🥟✨

When the momo approves, the kitchen celebrates.
When the momo approves, Kolkata wins.

From fiery Sadheko Momo to comforting Jhol Momo, from crisp golden Sel Roti to bold Alu Dum — every plate carries a story from the mountains.

Welcome to Haat to Thali: Stories from the Himalayan Kitchen — a limited-time culinary journey you don’t want to miss.

📍 Barbeque Nation, Park Street, Kolkata
📅 9th – 15th February 2026

Book your table now and taste the Himalayas.

#HaatToThali #StoriesFromTheHimalayanKitchen #BarbequeNation #KolkataEvents",2026-02-11T13:53:38.000Z,28,1,1,7851,2628,https://www.facebook.com/reel/1898997994040186/,,30-07-2026 07:08
1.36913E+15,BarbequeNation,"From the streets of Madras to the live grill 🔥

Theeyil Thamizhan is a bold, soulful celebration of Tamil flavours — curated by Chef Praveen Kumar, MasterChef India Tamil Top 6. Expect nostalgic spices, reimagined classics, and plates that tell a story with every bite ✨

📍 Venue: Grand Square Mall, Chennai
📅 Dates: 18th – 22nd February 2026

It’s a limited-period food festival you don’t want to scroll past.

👉 Book your table now and experience Tamil cuisine like never before.

#BarbequeVibes #SheezhilThamizhan #ChennaiFoodScene #FoodFestival #Chennai",2026-02-10T14:53:18.000Z,8,,1,,,https://www.facebook.com/BarbequeNation/posts/pfbid02r7TNivQbcVzYU1ZPTmecqXVqmgscvDLyx96um74aekqQqQrHy3PEYQ6i4mCjs3Svl,,30-07-2026 07:08
1.36908E+15,BarbequeNation,"A South Indian menu that goes big on flavour.
From the heat of Malabar Pepper Chicken, to the indulgence of Ghee Roast on Mini Dosa, and the depth of Chettinad Kofta Curry — this pop-up is all about bold, layered plates.

📍 Barbeque Nation, Ghodbunder Road
🗓️ 13th – 17th February, 2026

🎟️ Limited time only. Book now on the Barbeque Nation app or website. 

#TheDakshinExpress #BarbequeNation #SouthIndianFlavours #MumbaiEats #FoodPopUp",2026-02-10T13:47:35.000Z,23,,2,,,https://www.facebook.com/BarbequeNation/posts/pfbid02F8zB5LKaEcabTD1seZETGo3UNJtygtxFZjkiMveUMtRto2CrAqV4HrWuSXNZSaLul,,30-07-2026 07:08
1.36829E+15,BarbequeNation,"All aboard the Dakshin Express.

Chef Rohit Ghosh presents a travelling pop-up that moves through the soul of South India—one bold stop at a time.

From Tamil Nadu’s fire 🔥
to Kerala’s coastal calm 🌴
Andhra’s spice rush 🌶️
and Karnataka’s comfort 🍛

This is Travelling to Dakshin Express — a limited-edition South Indian fusion experience, reimagined on the grill.

📅 13th – 17th February, 2026
📍 Barbeque Nation Ghodbunder Road

Book now on the Barbeque Nation app or website.

#TravellingToDakshinExpress #ChefRohitGhosh #SouthIndianFusion #BarbequeNation",2026-02-09T16:02:20.000Z,20,,1,6073,1554,https://www.facebook.com/reel/763211443068585/,,30-07-2026 07:08
1.36723E+15,BarbequeNation,"When rasam simmers and the ghee roasts, a whole new South Indian journey begins. 🔥🌿

Presenting The Dakshin Express at Barbeque Nation — a limited-time culinary pop-up by Chef Rohit Ghosh, where familiar southern flavours take a bold, fire-kissed turn. Expect comfort, drama, and serious flavour on every plate.

📍 Rosa Vista, Ghodbunder Road, Mumbai
📅 13th – 17th February

Book you table today on the Barbeque Nation website or app

#TheDakshinExpress #BarbequeNation #SouthIndianFlavours #MumbaiEats #FoodPopUp LimitedEditionMenu ChefRohitGhosh RasamAndRoast",2026-02-08T12:38:02.000Z,18,,2,,,https://www.facebook.com/BarbequeNation/posts/pfbid02Qb7TNXLRikdRcMUhCgJFLdb7hozE8vpn3YTaGdpcjchvKe7Yb59TCqvERgfZejDWl,,30-07-2026 07:08
1.36549E+15,BarbequeNation,"Love comes in many flavours…
And this Valentine Week, we’re serving them all...
Celebrate love, laughter & unlimited grills at Barbeque Nation 💕
#SeasonOfLove #ValentineVibes",2026-02-06T14:41:17.000Z,38,,3,14593,3812,https://www.facebook.com/reel/26089777453990060/,,30-07-2026 07:08
1.36516E+15,BarbequeNation,"Pehle kya pighlega, friend ka dil ya faloode wali kulfi? 🍨💛
Miloge toh jaanoge.

Toh Barbeque Nation mein zaroor miliye kyunki ‘Milne ki bhookh acchi bhookh hai.’ 🤗

#MilneKiBhookh #BarbequeNation",2026-02-06T06:49:44.000Z,21,2,0,9106,2663,https://www.facebook.com/reel/796277303484378/,,30-07-2026 07:08
1.36444E+15,BarbequeNation,"From the first fold of a Momo to the final garnish on a steaming bowl of Thukpa, witness the artistry behind our ‘From Haat to Thaali’ pop-up. Authentic flavors and nostalgic recipes, served with love at Barbeque Nation Kolkata.

Signature Dishes: Sadheko Momo, Jhol Momo, Sel Roti, and Spicy Aloo Dum.

📍 Park Center Building, Kolkata
🗓️ 9th - 15th Feb",2026-02-05T13:04:51.000Z,36,2,1,6029,1126,https://www.facebook.com/reel/2648302878871229/,https://www.barbequenation.com/,30-07-2026 07:08
1.3633E+15,BarbequeNation,"Cheers to speed, skill, and victory!🏎🏆
Congratulations @ishaanmadesh MRF
Formula 2000, 2025 Champion",2026-02-04T10:41:19.000Z,9,,0,,,https://www.facebook.com/BarbequeNation/posts/pfbid02amq6PzLV7XDk7kpC5UCbw5aUqu2v1agFFryYJkqecQ6UiKUg5Hh8PCiKJVRCB2vgl,,30-07-2026 07:08
1.36231E+15,BarbequeNation,"Our ‘From Haat to Thaali’ menu is a tribute to the vibrant flavors of the hills. Swipe through to see the curated selection of starters, mains, and live counter specials we’ve prepared for you in collaboration with Chef Arati Thapa.
Experience the warmth of Himalayan hospitality right here in Kolkata.

📅 9th – 15th Feb
📍 Park Center Building, Kolkata",2026-02-03T11:12:07.000Z,13,,0,,,https://www.facebook.com/BarbequeNation/posts/pfbid02mKBsLXLr8H9pnTaqSw7ugrKxfMhRcf35qsYrXhC6S2v4Vuv6VtBnPAYAgHzuGTp5l,,30-07-2026 07:08
1.36226E+15,BarbequeNation,"Our ‘From Haat to Thaali’ menu is a tribute to the vibrant flavors of the hills. Swipe through to see the curated selection of starters, mains, and live counter specials we’ve prepared for you in collaboration with Chef Arati Thapa.
Experience the warmth of Himalayan hospitality right here in Kolkata.

📅 9th – 15th Feb
📍 Park Center Building, Kolkata",2026-02-03T09:46:07.000Z,30,,0,,,https://www.facebook.com/BarbequeNation/posts/pfbid0ytbxZN7k94XwvUQ8ZDKKaUxuerDXoJtcrajRikSJcN7cenzDrB6psV756kk7Pqd2l,,30-07-2026 07:08
1.36067E+15,BarbequeNation,"Barbeque Nation brings Haat to Thali: Stories from the Himalayan Kitchen, a heartfelt Himalayan journey by Chef Arati Thapa.

From hand-tossed Sadheko Momos and slow-simmered chicken with timboor, to comforting Thukpa, crisp Sel Roti and nostalgic achars — every dish carries memory, warmth, and belonging.

📍 Park Street, Kolkata
📅 9th–15th February

Book your table now on the Barbeque Nation website or app.

#HaatToThali #StoriesFromTheHimalayas #barbequenation #Himalayanfood",2026-02-01T09:51:37.000Z,50,1,4,8388,1848,https://www.facebook.com/reel/2039129256667402/,,30-07-2026 07:08
1.35988E+15,BarbequeNation,"Kolkata, get ready for a Himalayan Takeover! 🏔️🔥
Chef Arati Thapa is bringing the magic of Boju’s Kitchen to Barbeque Nation. Authentic flavors, traditional techniques, and stories from the hills all on one plate.

📍 Park Centre Building, Park Street, Kolkata
🗓️ 9th - 15th Feb

Book your table now on the Barbeque Nation website or app.",2026-01-31T08:15:29.000Z,34,2,2,,,https://www.facebook.com/BarbequeNation/posts/pfbid022zN2exQnEZnL7WTGkL6jdGbCDG3qwuLnPLSTxMoj7t1AvAP7DmrPAxLtAFLX1aYjl,,30-07-2026 07:08
1.35746E+15,BarbequeNation,"Not doing what everyone else does that’s what the penguin taught us 🐧
Feast your way, unlimited style!",2026-01-28T16:11:09.000Z,30,1,1,,,https://www.facebook.com/BarbequeNation/posts/pfbid024gemk82qvgTDhMqzxCpD2dSRp8YnEPciuvNTswYTthLMa9PC7pDDJQiy2XKh7sVzl,,30-07-2026 07:08
1.35736E+15,BarbequeNation,"Cheers to speed, skill, and victory! 🏎️🏆 Congratulations @ishaanmadesh MRF Formula 2000, 2026 Champion!",2026-01-28T13:51:16.000Z,5,,0,,,https://www.facebook.com/BarbequeNation/posts/pfbid0PeqRb28bknnwsnnETLB4rfVobcTm8dmnRUigF3zNzHuLes986oppYixKutxihtPcl,,30-07-2026 07:08
1.35641E+15,BarbequeNation,"The grills are still warm, the tables still buzzing — but it’s the last call. 🔥✨

What an incredible few days it’s been hosting Chef Sima Ahmed and her soulful Awadhi menu at Barbeque Nation. From slow-cooked gravies to conversations over shared plates, this pop-up gave us memories as rich as the flavours.

If you haven’t dropped in yet, today is your final chance.
Come savour the last servings, soak in the stories, and end this experience on a delicious high.

📍 Times Square, Sakinaka
📅 Today — 27th January

See you at the grills — one last time.

Book now on the barbeque nation app or website

#ChefSimaAhmed #AwadhiCuisine #BarbequeNation #Mumbai",2026-01-27T13:31:25.000Z,45,2,1,8557,2140,https://www.facebook.com/reel/818130364585681/,,30-07-2026 07:08
1.35517E+15,BarbequeNation,"The rights written for us years ago shape every little moment we live today. This Republic Day, gather around the table, dine out with your loved ones, and celebrate the spirit of India.🇮🇳

( Barbeque Nation, Republic day, Togetherness)",2026-01-26T05:19:54.000Z,19,1,1,8867,1413,https://www.facebook.com/reel/2011552413035682/,,30-07-2026 07:08
1.35517E+15,BarbequeNation,"The rights written for us years ago shape every little moment we live today. This Republic Day, gather around the table, dine out with your loved ones, and celebrate the spirit of India.🇮🇳

( Barbeque Nation, Republic day, Togetherness)",2026-01-26T05:10:36.000Z,8,1,0,5387,598,https://www.facebook.com/reel/760831546545551/,,30-07-2026 07:08
1.35466E+15,BarbequeNation,"I approach vegetarian cooking with the same care I give any celebration. 🌿

Every kebab is shaped for balance and texture.
Every gravy is allowed the time it needs to deepen, settle, and find its voice.

For me, vegetarian food isn’t an alternative.
It’s a complete expression — guided by patience, precision, and respect for ingredients.

— Sima Ahmed

📍 Times Square, Sakinaka
📅 23rd–27th January

Book now on the barbeque nation app or website",2026-01-25T15:22:13.000Z,10,,2,5901,1355,https://www.facebook.com/reel/1233868228701875/,,30-07-2026 07:08
1.35433E+15,BarbequeNation,"Odia Trails by Chef Abinas Nayak arrives at Barbeque Nation with the soul of Odisha’s temple kitchens, coastal comforts, and seasonal flavours — and trust us, you’ll want to be there from Day 1.

Think soothing Dalma, mustard-rich Macha Besara, tangy and creamy Dahi Macha, soft and smoky Chhena Poda, and the warmth of Odisha’s festive classics.
This isn’t just food — it’s a flavour journey crafted with balance, emotion, and pure Odia authenticity.

📍 Marathalli, Bengaluru 
📅 21st - 25th Jan

Book you table today on the Barbeque Nation website or app!

Seats are expected to fill fast — book now and savour Odisha, one soulful dish at a time.

[Odia Cuisine | Dalma | Macha Besara | Dahi Macha | Chhena Poda | Regional Indian Food | Chef Abinas Nayak | Odia Trails | Barbeque Nation | Mumbai Food Festival | Coastal Cuisine | Temple Food | India’s Regional Flavours]",2026-01-25T07:19:10.000Z,22,,3,6115,1797,https://www.facebook.com/reel/1535273424426897/,,30-07-2026 07:08
1.35375E+15,BarbequeNation,"If you’ve never tried Odia cuisine, this is your sign. If you have… you already know why you shouldn’t miss it. Book now and enjoy the delicacy curated by Chef Abinas Nayak.

Book you table today on the Barbeque Nation website or app!

( Barbeque Nation, Food Pop-up, Flavours, Odia , Odia cuisine )",2026-01-24T15:10:38.000Z,29,1,1,5958,1647,https://www.facebook.com/reel/1444916183701187/,,30-07-2026 07:08
1.35301E+15,BarbequeNation,"Celebrations that made our 20th birthday truly special – 189 birthdays, 1300 children, across 15 schools & NGOs in 12 cities. 

We shared smiles and spread joy with little boxes of happiness we call Khushiyon Ka Pitara. Because when they celebrated their birthdays, they made ours even more memorable.❤️

#BarbequeNation #Celebrating20Years #KhushiyonKaPitara",2026-01-23T18:00:31.000Z,9,,1,4366,900,https://www.facebook.com/reel/911431758009349/,,30-07-2026 07:08
1.35191E+15,BarbequeNation,"The Mutton Kadhai Gosht on this menu is cooked the way I grew up watching — slow, patient, layered with masalas that need time to open up. This is the kind of mutton you make for weddings, for family, for moments that matter.

The kebabs are about balance — spice, smoke, texture. Not overpowering, not performative. Just honest flavour, shaped by years of practice and trust in the fire.

This food isn’t about excess.
It’s about depth.
And if you know, you know.

📍 Venue: Times Square Mall, Mumbai
📅 Date: 23rd - 27th January
👉 Bookings now open on the Barbeque Nation app & website

#ChefSimaAhmed #AwadhiCuisine #BarbequeNation #Mumbai",2026-01-22T10:49:46.000Z,26,,1,7781,1897,https://www.facebook.com/reel/1279630304225964/,,30-07-2026 07:08
1.35034E+15,BarbequeNation,"You’re invited to an exclusive culinary experience with MasterChef India winner Chef Abinas Nayak.

Barbeque Nation presents ODIA TRAILS — a flavour journey into Odisha’s soulful, heritage-rich cuisine, reimagined for Bengaluru! 

Join us for a limited-time tasting featuring iconic dishes like Dalma, Chhena Poda, and Besara — crafted personally by Chef Abinas.

📍 Marathalli, Bengaluru
📅 21st - 25th January, 2026

Book your table today through the Barbeque Nation app or website! 

#OdiaFood #barbequenation #Bengaluru #odiacuisine",2026-01-20T14:49:59.000Z,24,6,4,8723,1753,https://www.facebook.com/reel/1556475352286506/,,30-07-2026 07:08
1.35023E+15,BarbequeNation,"Today, it’s not just our 20th birthday. It’s a celebration of every moment, every memory, and every table filled with joy. Thank you for choosing Barbeque Nation for 20 years and letting us be a part of your celebrations - always making them a little more special.

( Barbeque Nation, 20th Birthday, Celebration, We turned 20, Special day )",2026-01-20T11:51:29.000Z,7,1,1,,,https://www.facebook.com/BarbequeNation/posts/pfbid0egsviZL6dJ6E4vGCUWPM8xETfmCTcVaZuyBRyW3Y8diYVZaiktHQFZs6Aqes6w2zl,,30-07-2026 07:08
1.35018E+15,BarbequeNation,"Purani Dilli didn’t just visit — it stayed, sizzled, and stole hearts ✨

From the clink of old-school plates to aromas straight from Dilli ke ghar, this pop-up was a full-blown walk through memory lane.
Live grills, soulful vegetarian recipes, chaat that demanded silence, and flavours that made strangers bond over bites.

Every laugh, every serving, every second — this was Zaika-e-Purani Dilli, lived and loved.

Missed it?
Don’t worry — Dilli ka zaika has a habit of coming back 😉

📍 Curated by Chef Pooja Bansal
🎥 Watch till the end for the feels

❤️ Tag the friend you’d bring next time

#ZaikaEPuraniDilli #PuraniDilliVibes #PopUpDiaries #barbequenation",2026-01-20T10:31:18.000Z,20,1,2,6151,2028,https://www.facebook.com/reel/1580995029493481/,,30-07-2026 07:08
1.35012E+15,BarbequeNation,"Some recipes aren’t written.
They’re remembered. Passed down. Protected.

This January, Chef Sima Ahmed — MasterChef India Season 8 Top 12 — brings her ancestral Awadhi kitchen to the live grills of Barbeque Nation.

Rooted in generations of family tradition, these dishes travel from the royal kitchens of Awadh to your table — slow-cooked gravies, delicate spices, and flavours that tell stories of time, place, and heritage.

📍 Venue: Times Square Mall, Mumbai
📅 Date: 23rd - 27th January
🍽️ Experience: Limited-edition Awadhi menu

Come for the food.
Stay for the history on your plate.

👉 Bookings now open on the Barbeque Nation app & website

#ChefSimaAhmed #AwadhiCuisine #BarbequeNation #Mumbai",2026-01-20T08:32:46.000Z,16,,2,5341,1229,https://www.facebook.com/reel/3304150369754212/,,30-07-2026 07:08
1.34945E+15,BarbequeNation,"Purani Dilli ka swaad, kisi kitchen se shuru nahi hota.
Yeh galiyon se aata hai. ✨

Kinari Bazaar ki bheed, taaze masale,
aur wahi purana Dilli-wala yaqeen —
jahan har sabzi ka apna waqt hota hai,
aur har masale ka apna mood.

Isi safar se janam leta hai, Zaika-e-Purani Dilli — ek vegetarian mehfil
jahan chaat ka chatkara aur Mughlai ki narmi
ek hi thaal mein milte hain.

#ZaikaEPuraniDilli #PuraniDilliFlavours #DelhiFoodDiaries
#barbequenation",2026-01-19T14:37:43.000Z,30,,1,6281,1658,https://www.facebook.com/reel/781208187605430/,,30-07-2026 07:08
1.34942E+15,BarbequeNation,"Some flavours aren’t rushed 
They’re waited for.

From the slow-simmered gravies of Awadh to recipes carried through generations, Nafasat-e-Awadh is a celebration of patience, precision, and pure nostalgia ✨

Curated by Chef Sima Ahmed, this limited-time food trail brings timeless classics like Paya Shorba and Halwa where every spoon tells a story. 

📍 Times Square Sakinaka, Mumbai
📅 23rd–27th Jan, 2026

Book your table now on the Barbeque Nation website or app 

#NafasatEAwadh #Barebequevibes #awadhicuisine #barebequenation",2026-01-19T13:49:36.000Z,24,,2,,,https://www.facebook.com/BarbequeNation/posts/pfbid09p2r2SiR9gA2Vcxu93p94KD5K9DnRVKHWqYaL2dTrpKjPv2MRKUj6HCH8Wyhnqtrl,,30-07-2026 07:08
1.34873E+15,BarbequeNation,"Some flavours aren’t rushed.
They’re waited for.

From the slow-simmered gravies of Awadh to recipes carried through generations, Nafasat-e-Awadh is a celebration of patience, precision, and pure nostalgia.

Curated by Chef Sima Ahmed, this limited-time food trail brings timeless classics like Paya Shorba and Halwa — where every spoon tells a story.

📍 Times Square Sakinaka, Mumbai
📅 23rd–27th Jan, 2026

Book your table on the Barbeque Nation website or app

#NafasatEAwadh #BarbequeVibes #AwadhiCuisine #BarbequeNation",2026-01-18T17:46:43.000Z,11,2,1,,,https://www.facebook.com/BarbequeNation/posts/pfbid05VHZ77qscNywsGnsRQUzMbEmj53oBomt7MxEvcFKtgJvrM1HxejkkPX3mEXZY7NPl,,30-07-2026 07:08
1.34703E+15,BarbequeNation,"Dilli ki galiyon ka asli swaad, ab Barbeque Nation ke dastarkhwan par.🔥🍽️
Purani recipes, asli masale aur woh Delhi-style flavour jo har bite mein yaadein jagaa de.

Zaika-e-Delhi Food Festival
📅 13th–19th Jan

Aaiye, Dilli ka zaika unlimited tareeke se celebrate karein. 😋✨",2026-01-16T14:11:40.000Z,37,3,2,7366,2186,https://www.facebook.com/reel/1517557399332482/,,30-07-2026 07:08
1.34691E+15,BarbequeNation,"Odisha’s flavours are taking the scenic route to your table 🍽️
From soulful Pakhala to bold Mutton Jhola, travel the taste trails with MasterChef Abinas Nayak at Odia Trails.

📍 Marathahalli, Bengaluru | 21st–25th Jan
✨ Limited-time experience. Book Now.",2026-01-16T11:08:04.000Z,15,1,1,,,https://www.facebook.com/BarbequeNation/posts/pfbid02FD2YEqFEapZ6hC9u4JKnxt8dz3AHYFkBGs7RdafMBke1euptXzq5g7eLj2WW6H2bl,,30-07-2026 07:08
1.34679E+15,BarbequeNation,"If you like it hot and love it spicy, this one’s for you. 🌶️🔥
This Hot & Spicy Day, come enjoy grills that bring the heat to your plate.

( Barbeque Nation, Hot and spicy day, Celebration, Togetherness, Flavourful)",2026-01-16T07:42:32.000Z,10,1,0,,,https://www.facebook.com/BarbequeNation/posts/pfbid02xY5crRZdD2CkUBnBNaUpjkPqigCeFDMKL39j7FbdHR67Lzt2oLkAwDQvkWY1E4XVl,,30-07-2026 07:08
1.34514E+15,BarbequeNation,"When fire met flavours, Lohri turned unforgettable.

From crackling grills to soul-soothing Punjabi classics, this wasn’t just a pop-up — it was togetherness served hot. 🪔✨

Laughter around the table, stories over makki di roti, and flavours straight from Punjab’s heart — every frame says one thing: this is how Lohri should feel.

Curated with love by Chef Ravi Chaudhry, brought alive at Barbeque Nation Noida outlets — this Lohri was about more than food.
It was about moments. Memories. And meals shared together. 🧡

If you were there, you know.
If you weren’t… this aftermovie is your sign. 👀🔥

📍 Noida | 🪔 Lohri Special

Because some festivals are meant to be felt, not just celebrated.

#Lohri #punjabdigaliyaan #barbequenation #punjabifood",2026-01-14T09:38:04.000Z,76,2,4,10381,3814,https://www.facebook.com/reel/753119880783367/,,30-07-2026 07:08
1.34507E+15,BarbequeNation,"May your Pongal pot overflow with happiness, just like the unlimited grills at Barbeque Nation. 🔥🥘
Wishing you a joyful Pongal!

( Barbeque Nation, Celebration, Pongal, Togetherness )",2026-01-14T07:13:43.000Z,10,3,0,,,https://www.facebook.com/BarbequeNation/posts/pfbid0rQAYKv9BFBLqon7a6F8EdCok3xkXzZYB77UMwfbFCJPogebad7bt3TuWxV41evGxl,,30-07-2026 07:08
1.34505E+15,BarbequeNation,"Fly kites in the morning and carry the same kai po che energy into the night with unlimited grills. 🍛
Wishing you all a Happy Makar Sankranti!🪁

( Barbeque Nation, Makar Sankranti, Celebration, Togetherness )",2026-01-14T06:27:54.000Z,8,2,0,,,https://www.facebook.com/BarbequeNation/posts/pfbid033EZQx5dKVT3crG2DNgzHGQew3WjBPgnbNW7aXiMAWtNVcEPKwah9wEHGESKCUkCjl,,30-07-2026 07:08
1.34502E+15,BarbequeNation,"Dreams coming true look like this- sizzling grills, endless food, and happiness on repeat 🎶🔥 If you relate, comment below 😍

( Barbeque Nation, Celebration, Togetherness, Unlimited, Grills, Sizzling grills )",2026-01-14T05:23:55.000Z,14,,1,,,https://www.facebook.com/BarbequeNation/posts/pfbid0TGdRPackzXibMb8txfkrS8ZNLNsihGQFRBKZPogQsTJTrVdf1nt5xoCXXXmSq7KFl,,30-07-2026 07:08
1.34383E+15,BarbequeNation,"Good food, great company, and all the vibes.
Here’s how youth catches up at Barbeque Nation 🍴✨

( Barbeque Nation, Good Food, Youth Day, Celebration, Togetherness, Catch up )",2026-01-12T14:56:55.000Z,14,10,1,,,https://www.facebook.com/BarbequeNation/posts/pfbid02kvxc1qZdubwo4H368FPYsaRx9DuazWe9ooktknoppfYzgiBva9fxZ1cZxAjeJral,,30-07-2026 07:08
1.34316E+15,BarbequeNation,"Purani Dilli Court is now in session. ⚖️🍽️
Aur iss case ka verdict… sabko guilty karega.

Har bite pe gavaah, har masale pe sawaal,
aur har dish pe ek hi faisla — Zaika jo dheere aata hai, par jaata nahi.

Iss mehfil mein sirf khaana nahi parosa jaata, yahan Purani Dilli ka andaaz, aur ghar jaisa swaad dono milte hain.

📍 Barbeque Nation, Regal Building, Delhi
📅 13th – 19th January, 2026

Court ke sheeshe tak aaiye,
Zaika-e-Purani Dilli ka hissa baniye.

👉 Book your table NOW & give your verdict.

Court adjourned. 😌

#ZaikaEPuraniDilli #PuraniDilliCourt #DelhiFlavours #FoodWithAStory #PopUpDining BarbequeNation DelhiFoodies IGReelsIndia",2026-01-11T16:37:34.000Z,30,3,5,7624,1941,https://www.facebook.com/reel/1412124250699154/,,30-07-2026 07:08
1.34282E+15,BarbequeNation,"Every celebration feels special when shared with you.💛🔥

This Thank You Day, we are grateful for every time you chose Barbeque Nation to be a part of your happiest moments.",2026-01-11T06:48:51.000Z,23,3,0,,,https://www.facebook.com/BarbequeNation/posts/pfbid0SFewEuRMq9XSzS8hMGNSznP9PDxr4qyiN6Ew5poM3BsCDDVmAuk7zT7cMBZqzJXBl,,30-07-2026 07:08
1.34223E+15,BarbequeNation,"Purani Dilli ka swaad, kisi kitchen se shuru nahi hota.
Yeh galiyon se aata hai. ✨

Kinari Bazaar ki bheed, taaze masale,
aur wahi purana Dilli-wala yaqeen —
jahan har sabzi ka apna waqt hota hai,
aur har masale ka apna mood.

Isi safar se janam leta hai, Zaika-e-Purani Dilli — ek vegetarian mehfil
jahan chaat ka chatkara aur Mughlai ki narmi
ek hi thaal mein milte hain.

📍 Venue: Barbeque Nation, Regal Building, Delhi
📅 Dates: 13th – 19th January, 2026

👉 Book your table now on the Barbeque Nation website or app 

#ZaikaEPuraniDilli #PuraniDilliFlavours #DelhiFoodDiaries
#barbequenation",2026-01-10T10:32:12.000Z,41,,4,8225,2378,https://www.facebook.com/reel/1134153881964130/,,30-07-2026 07:08
1.34159E+15,BarbequeNation,"Chef Ravi brings Lohri to your table with authentic flavours, timeless recipes, and the taste meant to be shared with family. ✨ Noida, your Lohri feast awaits. Book your table now! 🍛😋",2026-01-09T13:28:54.000Z,40,2,2,7287,1731,https://www.facebook.com/reel/907226565591013/,,30-07-2026 07:08
1.34153E+15,BarbequeNation,"Agar aap bhi bahana dhund rahe ho... toh humare pass unlimited starters, live grills aur variety of desserts ready hai... kyuki milne ki bhookh acchi bhookh hai.  😉

( Barbeque Nation, Unlimited, Starters, Milne ki bhookh, Trending, Meme )",2026-01-09T11:35:37.000Z,12,2,0,,,https://www.facebook.com/BarbequeNation/posts/pfbid0KTjYu7jP3WwEDcnD8Ht2aWczQVWe4tdgQpSeiPytBvzKH8z1CXPLNWpmP2fEWwJAl,,30-07-2026 07:08
1.34083E+15,BarbequeNation,"THE WAIT IS OVER! 

The legendary tastes of Old Delhi have arrived at our Regal Building (CP) outlet. Huge space, massive flavors, and a curated menu by Chef Puja Bansal you won’t find anywhere else🥂

📍 Regal Building, CP
📅 13th – 19th Jan
Book your table now!",2026-01-08T12:51:25.000Z,25,4,2,,,https://www.facebook.com/BarbequeNation/posts/pfbid02NCk4nyj5KMg3bPxLLJ7gscXvBBYqUuw4NTejZnKwf85U2wM9vG1TWG7cB5vboEGBl,,30-07-2026 07:08
1.34002E+15,BarbequeNation,"Punjab di rasoi aa rahi hai, jahaan makkhan zyada hai, pyaar aur bhi zyada. Iss Lohri, come hungry and ready to indulge in Punjab’s authentic flavours.

Drop in, try it out, and make it a meal to remember. 🔥🥘

📆10th - 13th January 2026
Barbeque Nation | Noida (All Outlets)

Iss Lohri, sirf celebrate nahi - mehsoos
kijiye.👉
Book your table now on the Barbeque
Nation website or app.",2026-01-07T13:33:15.000Z,94,5,5,15816,5410,https://www.facebook.com/reel/1388168492154353/,,30-07-2026 07:08
1.3374E+15,BarbequeNation,"The lights, the music, the moves -  our Bollywood Night in Mumbai truly felt like a party straight out of a movie! 🌟💃🎉

( Barbeque Nation, Bollywood Night, Musica, Party, Celebration, Unlimited, Togetherness)",2026-01-04T07:43:37.000Z,17,,1,10968,2579,https://www.facebook.com/reel/1424597252710695/,,30-07-2026 07:08
1.33683E+15,BarbequeNation,"Sardiyon ki woh aag 🔥
makki di roti ki khushboo 🌽
aur Lohri ka asli matlab — saath hona ❤️

Chef Ravi brings back Punjab ki winter yaadein with
Punjab Di Rasoi: Lohri Edition —
garam, soulful flavours straight from Punjab to your table.

📅 10th – 13th January 2026
📍 Barbeque Nation | Noida (All Outlets)

Iss Lohri, sirf celebrate nahi — mehsoos kijiye.
👉 Book your table now on the Barbeque Nation website or app.

#PunjabDiRasoi #LohriEdition #WinterComfortFood #PunjabiFlavours",2026-01-03T11:23:08.000Z,15,1,1,8270,1811,https://www.facebook.com/reel/1802173690495595/,,30-07-2026 07:08
1.33622E+15,BarbequeNation,"The only ice-breaker that works every time? A sizzling grill🔥
Introvert or not, great food always starts the conversation. 

( Barbeque Nation, Togetherness, Celebration, Unlimited, Laughter, Fun, Happiness )",2026-01-02T14:55:06.000Z,25,9,0,,,https://www.facebook.com/BarbequeNation/posts/pfbid02ZKjkChYvRp63QbeAuJHgakyaaGcgTjE9ZswBFRdj5Q4s71rrRgJn11SZEYGmu9GDl,https://www.barbequenation.com/webform/feedback,30-07-2026 07:08
1.33477E+15,BarbequeNation,"Cheers to full plates, happy hearts, and endless memories! Here’s to 2026 being even more deliciously unforgettable🥂✨

( Barbeque Nation, Togetherness, Celebration, Unlimited, Laughter, Fun, Happiness )",2025-12-31T18:15:11.000Z,23,3,2,14544,3044,https://www.facebook.com/reel/1386634066047188/,,30-07-2026 07:08
1.33455E+15,BarbequeNation,"From the hills to the coast, from fire-led Asian plates to heritage Indian kitchens, every chef brought a story worth savouring.
2025 was about regions meeting tables, traditions finding new admirers, and diners becoming part of the journey.

From Uttarakhand to Odisha, Nepal to Andhra, Lucknow to the South — every pop-up reminded us how limitless Indian flavours truly are.

Thank you for sharing every table with us.
We're fired up and ready for 2026 🔥🍴

#BarbequeNation #2025 #2026 #FlavoursOfIndia #yearwrapped",2025-12-31T13:29:53.000Z,29,3,2,8827,2730,https://www.facebook.com/reel/1318581513373404/,,30-07-2026 07:08
1.33382E+15,BarbequeNation,"When winter arrives, Punjab’s rasoi comes alive. 🔥

This Lohri, celebrate flavours that are slow-cooked, fire-kissed, and made to be shared.
Punjab Di Rasoi: Lohri Edition brings together authentic Punjabi recipes, festive warmth, and home-style comfort — curated specially by Chef Ravi Choudhary, a master of North Indian cuisine.

From makki di roti and sarson da saag to soulful winter classics, every dish tells a story straight from Punjab’s kitchens — rich, hearty, and full of feeling.

📅 10th – 13th January, 2026
📍 Noida | Sec 16 | Sec 62 | Gaur City Mall | Paras One33 | Greater Noida Omaxe CP Mall

Gather your people, feel the Lohri fire, and taste Punjab the way it’s meant to be enjoyed.

👉 Book your table now on the Barbeque Nation website or app.

#PunjabiRasoi #BarbequeNation #Lohri #Noida #FoodPopUp",2025-12-30T14:06:56.000Z,24,2,1,,,https://www.facebook.com/BarbequeNation/posts/pfbid02UfsyHubpRkWjAqDrfDAbBTZVmnH1vQoxBW4tHzZhAudVQGJpWaFKVRGpW1GHXUp6l,,30-07-2026 07:08
1.33371E+15,BarbequeNation,"Because great food deserves a soundtrack you can hum to 🎶🍽️

( Barbeque Nation, Togetherness, Celebration, Unlimited, Laughter, Fun, Happiness )",2025-12-30T11:00:11.000Z,31,2,0,,,https://www.facebook.com/BarbequeNation/posts/pfbid02GJ3PZ1NJ6KX378P5sB7jCg6Xnrum5uCTjjg553PWTc2QJSFS1EM4MyX9hZLyLABXl,,30-07-2026 07:08
1.33228E+15,BarbequeNation,"Come prepared for long conversations, full plates, and a table that refuses to empty🍴💬

Book you table today on the Barbeque Nation website or app!
Book Now: https://www.barbequenation.com/

( Barbeque Nation, Togetherness, Celebration, Unlimited, Laughter, Fun, Happiness )",2025-12-28T11:30:12.000Z,22,4,0,12756,2554,https://www.facebook.com/reel/3755170814620302/,https://www.barbequenation.com/,30-07-2026 07:08
1.33098E+15,BarbequeNation,"This Christmas, our tables made room for something truly special. 🎄❤️

At Barbeque Nation, we welcomed 15 bright little stars from Rasta NGO for a joyful Christmas Carol celebration filled with laughter, dance, colours from drawing and painting, festive food, warm hugs from Santa, and thoughtful return gifts. 🎅✨

Moments like these remind us that the true spirit of the season lies in sharing happiness, creating memories, and celebrating togetherness beyond the table.

Book you table today on the Barbeque Nation website or app!
Book Now: https://www.barbequenation.com/

#SeasonOfGiving #JoyOfSharing #ChristmasAtBarbequeNation #CommunityFirst #MomentsThatMatter",2025-12-26T13:49:56.000Z,65,7,2,12592,3300,https://www.facebook.com/reel/841161272020491/,https://www.barbequenation.com/,30-07-2026 07:08
1.3304E+15,BarbequeNation,"Prawns itne buttery ki iss New Year, kadak dadu phi pighal jaye!

Book you table today on the Barbeque Nation website or app!
Book Now: https://www.barbequenation.com/

#MilneKiBhook #BarbequeNation",2025-12-25T17:04:59.000Z,46,2,2,12636,3033,https://www.facebook.com/reel/1090127006468049/,https://www.barbequenation.com/,30-07-2026 07:08
1.33029E+15,BarbequeNation,"Delhi, it’s official — bigger just got better 🔥
Barbeque Nation has arrived (again) in Connaught Place with our largest restaurant in Delhi, and yes, it’s unmissable.

Housed at the iconic Regal Building, 1st Floor, this isn’t just a new outlet — it’s a whole new dining destination.
More space. Bigger energy. The same flavours you love, now on an even grander scale.

📍 Barbeque Nation, Regal Building, 1st Floor, Connaught Place

Book you table today on the Barbeque Nation website or app!
Book Now: https://www.barbequenation.com/

[BarbequeNation | BBQNationDelhi | ConnaughtPlace | Delhi]",2025-12-25T14:02:43.000Z,20,3,1,9209,1481,https://www.facebook.com/reel/1407875194367600/,https://www.barbequenation.com/,30-07-2026 07:08
1.33008E+15,BarbequeNation,"This Christmas, make your celebrations extra delicious!
Order our Barbeque Celebration Boxes — packed with a great variety for the whole family.

Perfect for sharing, celebrating, and enjoying together
Order online on Swiggy and grab exclusive offers this festive season!

#Christmas #Swiggy #CelebrationBoxes #BarbequeNation",2025-12-25T07:38:07.000Z,20,2,0,,,https://www.facebook.com/BarbequeNation/posts/pfbid023WHbYVD2cDW1jEk8q1GbnpTAU1ehD7j8tjKnpsPKZUsWmZpvugcYUrfT9Ve1FZ9Vl,,30-07-2026 07:08
1.32964E+15,BarbequeNation,"Layered bites, sizzling sights, and a feast full of delights. 
This Christmas, the grill steals the show✨🎄

Book you table today on the Barbeque Nation website or app!
Book Now: https://www.barbequenation.com/

( Barbeque Nation, Togetherness, Celebration, Unlimited, Laughter, Fun, Happiness, Christmas)",2025-12-24T16:55:04.000Z,14,4,1,,,https://www.facebook.com/BarbequeNation/posts/pfbid0gpcXzwoedNSuPnhrMvbhQuRKYgYhYFtYcDPo6awvQG2KAaQxECHnDnfeHo46xjU8l,https://www.barbequenation.com/,30-07-2026 07:08
1.32941E+15,BarbequeNation,"Before 2025 ends, meet one more time, share one more meal, spend quality time together, and make the last special memories of the year before you start creating new ones ✨🍽️

Book you table today on the Barbeque Nation website or app!
Book Now: https://www.barbequenation.com/

( Barbeque Nation, Togetherness, Celebration, Unlimited, Laughter, Fun, Happiness, Last Moments of the year)",2025-12-24T10:43:06.000Z,37,2,1,,,https://www.facebook.com/BarbequeNation/posts/pfbid0X1X6Cqt4tsF1DC2voKyPxJNdGFCuqpufuhNAxZGiLBWm8HP7mADCEZFuxFsSjt5ul,https://www.barbequenation.com/,30-07-2026 07:08
1.32926E+15,BarbequeNation,"Last call, Pune!

Today is the final day to experience Flavours of Uttarakhand at Barbeque Nation.

Curated by Chef Yojana Khanduri, this Himalayan pop-up brings soulful mountain recipes, earthy ingredients and flavours that rarely travel beyond Uttarakhand.

If this has been on your list — today is your only chance.

📍 Barbeque Nation, Kalyani Nagar
📅 Ends today (24th Dec, 2025)

Book you table today on the Barbeque Nation website or app!
Book Now: https://www.barbequenation.com/

Come hungry. Leave nostalgic.

#FlavoursOfUttarakhand #LastDayAlert #PuneFoodies #HimalayanCuisine #ChefPopUp BarbequeNation LimitedTimeOnly",2025-12-24T06:11:16.000Z,46,4,5,9003,3021,https://www.facebook.com/reel/3736715956634618/,https://www.barbequenation.com/,30-07-2026 07:08
1.32862E+15,BarbequeNation,"When one craving leads to another, and stopping isn’t part of the plan.
Unlimited favourites, served the Barbeque Nation way🍽️🔥

Book you table today on the Barbeque Nation website or app!
Book Now: https://www.barbequenation.com/

( Barbeque Nation, Togetherness, Celebration, Unlimited, Laughter, Fun, Happiness )",2025-12-23T10:05:19.000Z,22,3,0,,,https://www.facebook.com/BarbequeNation/posts/pfbid0QQQnm7un1mR48txkFZtNG2vdUfF7P4WgNLgbnPUrsdsDQWNpkt5swirNTVwN9pvml,https://www.barbequenation.com/,30-07-2026 07:08
1.32766E+15,BarbequeNation,"Ek bite lo… aur reactions full Bollywood hone chahiye 🎬🍲

When Barbeque Nation brings the Flavours of Uttarakhand to Pune, the dialogues write themselves.
Soulful pahadi recipes, honest ingredients, and flavours so good — staff bhi filmy ho jaaye 💫

Curated by Chef Yojana Khanduri, this Himalayan Pop-Up is where mountain ingredients meet main-character energy.

📍 Kalyani Nagar, Pune
📅 19th – 24th December

Aao, ek bite lo…
Aur batao — aap kaunsa dialogue bolte? 😌🎥

Book you table today on the Barbeque Nation website or app!
Book Now: https://www.barbequenation.com/

#FlavoursOfUttarakhand #BarbequeNation #PuneFoodies #KalyaniNagar #ChefPopUp",2025-12-22T05:40:28.000Z,59,4,3,10694,2902,https://www.facebook.com/reel/838422435758969/,https://www.barbequenation.com/,30-07-2026 07:08
1.32655E+15,BarbequeNation,"When our chef starts with “yeh bhaang ke beej hai”, we know it’s going to be a pahadi story 🌿
(No, not woh wala 😄)

We’re hosting Chef Yojana Khanduri as she brings traditional Uttarakhandi recipes to our grills — from earthy bhaang ki chutney to her family’s much-loved bhaang chicken, made with hemp seeds and generations of flavour.

This is Himalayan cooking the way it’s meant to be — personal, rooted, and full of stories.

Join us at Barbeque Nation, Kalyani Nagar, Pune for an exclusive Flavours of Uttarakhand pop-up.

📍 Kalyani Nagar, Pune
📅 19th – 24th December

Book you table today on the Barbeque Nation website or app!
Book Now: https://www.barbequenation.com/",2025-12-20T18:53:51.000Z,15,,3,7596,1966,https://www.facebook.com/reel/1232460772123299/,https://www.barbequenation.com/,30-07-2026 07:08
1.32627E+15,BarbequeNation,"Some dinner plans don’t need a debate.
Just good food, great company, and unlimited joy 🍽️

Book you table today on the Barbeque Nation website or app!
Book Now: https://www.barbequenation.com/

( Barbeque Nation, Togetherness, Celebration, Unlimited, Laughter, Fun, Happiness )",2025-12-20T11:39:13.000Z,11,4,0,,,https://www.facebook.com/BarbequeNation/posts/pfbid02osiLWv9EsQqcpwbHV5hdjmQLSU4gphJWSbGz3VnYs7SUH2AuvpPC7BnBTjUPFv11l,https://www.barbequenation.com/,30-07-2026 07:08
1.32617E+15,BarbequeNation,"Ho. Ho. How delicious! 🎄✨

The Holiday Special Menu is here to make your Christmas extra indulgent.
Winter-warm mains, festive favourites, and desserts worth celebrating together.

📅 24th & 25th December
📍 *Location: Delhi/NCR, Punjab, Rajasthan, Jammu, Uttarakhand, Haryana & Chandigarh

Come hungry. Leave merry. 

*T&C applied

Book you table today on the Barbeque Nation website or app!
Book Now: https://www.barbequenation.com/

#HolidaySpecialMenu #ChristmasAtBBQN #FestiveFeast #ChristmasFood #WinterIndulgence BarbequeNation FoodieChristmas SeasonOfFeasting",2025-12-20T08:52:00.000Z,47,6,0,9161,2360,https://www.facebook.com/reel/1441210107614200/,https://www.barbequenation.com/,30-07-2026 07:08
1.32604E+15,BarbequeNation,"Odia Trails served memories, not just meals.
Every dish celebrated the richness of Odia cuisine and its timeless flavours. 🍛
Stay tuned for our next food festival until then, our unlimited grills are always here! 🍱

Book you table today on the Barbeque Nation website or app!
Book Now: https://www.barbequenation.com/

( Barbeque Nation, Togetherness, Celebration, Food pop up, Odia Trails )",2025-12-20T04:57:44.000Z,39,5,3,7459,2336,https://www.facebook.com/reel/914322054355863/,https://www.barbequenation.com/,30-07-2026 07:08
1.32503E+15,BarbequeNation,"From the hills to your plate! 🗻

Barbeque Nation, Kalyani Nagar, Pune invites you to experience the rich, earthy Flavours of Uttarakhand in an exclusive Himalayan Pop-Up curated by Chef Yojana Khanduri 🍲🥘

Dive into soulful mountain recipes, aromatic pahadi spices, and comforting delicacies inspired by the Himalayas — thoughtfully crafted using locally sourced ingredients 🌿

📍 Barbeque Nation, Kalyani Nagar, Pune
📅 19th – 24th December
👩‍🍳 Curated by Chef Yojana Khanduri

A limited-time culinary journey straight from the mountains — don’t miss it!

Book you table today on the Barbeque Nation website or app!
Book Now: https://www.barbequenation.com/

#FlavoursOfUttarakhand #BarbequeNation #PuneFoodies #KalyaniNagar #HimalayanCuisine",2025-12-19T03:55:09.000Z,74,9,13,11970,3753,https://www.facebook.com/reel/711733985343179/,https://www.barbequenation.com/,30-07-2026 07:08
1.32454E+15,BarbequeNation,"From chart-busters to chakhna, Delhi’s Bollywood Night had everything -  energy, flavour, and a crowd that owned every beat! 🎶🔥

Book you table today on the Barbeque Nation website or app!
Book Now: https://www.barbequenation.com/

( Barbeque Nation, Guest experience, Celebrate, Love and laughter, Togetherness)",2025-12-18T12:43:55.000Z,6,,0,5850,1375,https://www.facebook.com/reel/1537149970850668/,https://www.barbequenation.com/,30-07-2026 07:08
1.32301E+15,BarbequeNation,"Delhi, the wait is finally over! 🚨
We’ve officially landed in the heart of the city. Connaught Place just got a major upgrade and you need to see it to believe it. This isn’t just a store opening; it’s a whole new experience.

Book you table today on the Barbeque Nation website or app!
Book Now: https://www.barbequenation.com/

( Barbeque Nation, CP , Connaught Place, New Store Opening, New Outlet)",2025-12-16T13:45:53.000Z,57,1,4,12309,3995,https://www.facebook.com/reel/867277319191773/,https://www.barbequenation.com/,30-07-2026 07:08
1.32234E+15,BarbequeNation,"Can’t go to Uttarakhand? Let Uttarakhand come to you. 🍃

Barbeque Nation brings the authentic flavours of Uttarakhand straight to the city—slow-cooked, soulful, and rooted in pahadi tradition. Experience homestyle warmth, local ingredients, and recipes that feel like a journey to the hills.

📍Kalyani Nagar, Pune 
📆 19th - 24th Dec 

👉 Book you table today on the Barbeque Nation website or app!
Book Now: https://www.barbequenation.com/",2025-12-15T17:23:54.000Z,29,,8,,,https://www.facebook.com/BarbequeNation/posts/pfbid02rrA1xvsNmMKhwjyw8NwCJYwm28xpxiU3sW4vy8GwPF9yS4iJ5JVGziw9cAHNZBmPl,https://www.barbequenation.com/,30-07-2026 07:08
1.32129E+15,BarbequeNation,"Fall in love with every bite, every dish, every visit. That’s the magic of Barbeque Nation, it makes you fall in love again and again✨️🫠

Book you table today on the Barbeque Nation website or app!
Book Now: https://www.barbequenation.com/

( Barbeque Nation, Fall in love, Trending, Food, Unlimited)",2025-12-14T08:57:22.000Z,22,4,0,10898,2394,https://www.facebook.com/reel/2096703914491574/,https://www.barbequenation.com/,30-07-2026 07:08
1.32E+15,BarbequeNation,"🔥 Dive into the flavours of the South!
Join us at the Dakshin Food Pop-Up for an authentic culinary celebration.

📍 Barbeque Nation, Forum Shantiniketan, Bengaluru

📅 10th–14th Dec 2025

Book you table today on the Barbeque Nation website or app!
Book Now: https://www.barbequenation.com/

( Barbeque Nation, Dakshin food pop up, Flavours, Food pop up )",2025-12-12T13:48:51.000Z,87,5,3,12552,4425,https://www.facebook.com/reel/1433952361776708/,https://www.barbequenation.com/,30-07-2026 07:08
1.31986E+15,BarbequeNation,"If you’ve never tried Odia cuisine, this is your sign. If you have… you already know why you shouldn’t miss it. Book now and enjoy the delicacy curated by Chef Abinas Nayak.

Book you table today on the Barbeque Nation website or app!
Book Now: https://www.barbequenation.com/

( Barbeque Nation, Food Pop-up, Flavours, Odia , Odia cuisine )",2025-12-12T10:00:42.000Z,20,,0,7277,1167,https://www.facebook.com/reel/4187707001500435/,https://www.barbequenation.com/,30-07-2026 07:08
1.31985E+15,BarbequeNation,"Say yes to those plans coz friendships in your 20s are built between refills and shared plates. 😉🥙

Book you table today on the Barbeque Nation website or app!
Book Now: https://www.barbequenation.com/

( Barbeque Nation, Foodie lovers, Unlimited, Buffet , grills , Flavours, Celebrate)",2025-12-12T09:49:01.000Z,27,1,0,6561,1417,https://www.facebook.com/reel/1616775669313204/,https://www.barbequenation.com/,30-07-2026 07:08
1.31922E+15,BarbequeNation,"Waiting for my gang to make a dinner plan so I can be this… 🕺

( Barbeque Nation, Meme, Trending, Fun)",2025-12-11T13:55:24.000Z,113,6,7,22130,7536,https://www.facebook.com/reel/2111462239657947/,,30-07-2026 07:08
1.31912E+15,BarbequeNation,"Every swipe, a new flavour. Every flavour, a new craving! That’s the Barbeque Nation effect we're leaving here for you...

(Barbeque Nation, Flavours, Celebrations, Trending, Fun )",2025-12-11T11:28:31.000Z,14,2,1,8095,926,https://www.facebook.com/reel/1386297242956821/,,30-07-2026 07:08
1.31855E+15,BarbequeNation,"Kenny has a confession:
He catches feelings.
Not for people.
For FOOD. 😭🔥

From the bold Chettinad Mushroom Pepper Fry
to the dramatic Fish Pollichathu,
to the flirty Prawns Veppudu Tacos…
this menu is basically a rom-com unfolding on a grill.

Then the Ragi Mudde Gnocchi with Nati Koli Saru shows up like
“hi, I’m long-term potential.”

And dessert?
Palada Payasam Shahi Tukda = the final heartbreak + true love combo. 💘

Taste Kenny’s entire emotional journey at
Dakshin: Flavours Reimagined
📅 10th–14th Dec
📍 Nexus Shantiniketan, Bengaluru

Come hungry. Leave in love. 😉🔥

Book you table today on the Barbeque Nation website or app!
Book Now: https://www.barbequenation.com/

[ South Indian Pop Up | Modern South Indian Food | Bengaluru Food Festival | Chef Kenny | Dakshin Flavours Reimagined | Bangalore Events | South Indian Fusion | Food Festival India | Barbeque Nation Bengaluru]",2025-12-10T16:59:16.000Z,14,,3,6508,1125,https://www.facebook.com/reel/1187552820021279/,https://www.barbequenation.com/,30-07-2026 07:08
1.31838E+15,BarbequeNation,"Your lesson in Odia starts with our chef… and ends with you savouring every flavour before it’s gone. So many new dishes to try, don’t miss this feast! 
Book your table now.

Book you table today on the Barbeque Nation website or app!
Book Now: https://www.barbequenation.com/

(Barbeque Nation, Odia Trails, Food Pop-up, Food fest )",2025-12-10T12:33:25.000Z,8,,0,5037,780,https://www.facebook.com/reel/1568339497523645/,https://www.barbequenation.com/,30-07-2026 07:08
1.31614E+15,BarbequeNation,"Respect the Roots, Remix the Rules ✨🔥

MasterChef India’s youngest semi-finalist, Kenneth Gopinath, is bringing progressive, fusion-driven South Indian flavours to Bengaluru… and trust us, these plates are nothing like the “idly–dosa” stereotypes.

A bold new pop-up crafted for the Gen Z palate, packed with innovation, nostalgia, and that unmistakable Kenny flair. 🌶️✨

Tables will fill fast — pre-book today to secure your spot on this flavour trail!

📍 Barbeque Nation, Forum Shantiniketan, Bengaluru
📆 10th–14th Dec 2025
📲 Book you table today on the Barbeque Nation website or app!
Book Now: https://www.barbequenation.com/

(Barbeque Nation, South Indian flavours, Food Festival)",2025-12-07T15:45:26.000Z,15,,4,8230,1259,https://www.facebook.com/reel/696760703257304/,https://www.barbequenation.com/,30-07-2026 07:08
1.31606E+15,BarbequeNation,"Meet the man bringing Odisha’s soul to Mumbai.

Chef Abinas Nayak — MasterChef India winner, storyteller of flavours, and the face behind Odia Trails — is here to show you what true regional magic tastes like.

From temple kitchens to coastal homes, from ancient rituals to everyday comfort, he’s crafted a menu that’s gentle, soulful, mustard-kissed, and rooted in centuries of tradition.

And now… he’s serving it to you, fresh off the grill at Barbeque Nation.

“I want people to taste the Odisha I grew up with — simple, seasonal, emotional.” — Chef Abinas Nayak 

The journey begins tomorrow. Are you ready to savour Odisha, one story and one dish at a time?

📍 Atria Mall, Worli, Mumbai
📅 8th–14th Dec

Book you table today on the Barbeque Nation website or app!
Book Now: https://www.barbequenation.com/

[Odia Cuisine | Chef Abinas Nayak | Odia Trails | Dalma | Macha Besara | Dahi Macha | Chhena Poda | Regional Indian Food | Barbeque Nation | Mumbai Pop-Up | Temple Cuisine | Coastal Food | Indian Chefs",2025-12-07T13:45:51.000Z,54,,0,10427,2383,https://www.facebook.com/reel/866662762480622/,https://www.barbequenation.com/,30-07-2026 07:08
1.31602E+15,BarbequeNation,"The final dinner service of Awadhi Viraasat is HERE, Lucknow!

If you’ve been waiting to taste the magic — the lost recipes, the soul of Awadh all the way from Ayodhya, Prayagraj & Lucknow — this is your moment.

Lucknow waalon… BOOK YOUR TABLE RIGHT NOW and come feast tonight! 

Let’s give Awadhi Viraasat the grand finale it deserves.

[AwadhiCuisine | AwadhiViraasat | LostRecipes | LucknowFood | BarbequeNation | AwadhiFlavours | RoyalCuisine | LucknowEats | ChefSpecial | DumCooking | AwadhiLegacy]",2025-12-07T12:46:05.000Z,34,1,0,5614,1468,https://www.facebook.com/reel/1150037370447849/,,30-07-2026 07:08
1.31596E+15,BarbequeNation,"If you were waiting for a sign… this is it.
Awadhi Viraasat by Chef @ritu_jaiswal_chef ends today.

The lost recipes of Awadh.
The forgotten flavours.
The royal richness.
All here for one last service.

Book your table.
Bring your appetite.
Make tonight count.

[AwadhiCuisine | LostRecipes | AwadhiViraasat | LucknowFood | BarbequeNation | AwadhiFlavours | RoyalCuisine | FoodPopUp | LucknowEats | ChefSpecials | DumCooking | AwadhiLegacy]",2025-12-07T11:06:07.000Z,22,3,1,5541,1721,https://www.facebook.com/reel/1547043273102269/,,30-07-2026 07:08
1.31579E+15,BarbequeNation,"Odia Trails by Chef Abinas Nayak arrives at Barbeque Nation with the soul of Odisha’s temple kitchens, coastal comforts, and seasonal flavours — and trust us, you’ll want to be there from Day 1.

Think soothing Dalma, mustard-rich Macha Besara, tangy and creamy Dahi Macha, soft and smoky Chhena Poda, and the warmth of Odisha’s festive classics.
This isn’t just food — it’s a flavour journey crafted with balance, emotion, and pure Odia authenticity.

📍 Atria Mall, Worli, Mumbai
📅 8th–14th Dec — starts tomorrow!

Seats are expected to fill fast — book now and savour Odisha, one soulful dish at a time.

[Odia Cuisine | Dalma | Macha Besara | Dahi Macha | Chhena Poda | Regional Indian Food | Chef Abinas Nayak | Odia Trails | Barbeque Nation | Mumbai Food Festival | Coastal Cuisine | Temple Food | India’s Regional Flavours]",2025-12-07T05:14:21.000Z,31,2,0,5885,1010,https://www.facebook.com/reel/2312433982531335/,,30-07-2026 07:08
1.31464E+15,BarbequeNation,"South meets wow! 🍴✨ 

Watch MasterChef India’s youngest semi-finalist, Kenneth Gopinath, reimagine classic South Indian flavours with a modern twist. 

Don’t miss this culinary journey 

📍Barbeque Nation, Forum Shantiniken, Bengaluru

📆 10th–14th Dec 2025

(Barbeque Nation, Southe Indian flavours, Food Festival )",2025-12-05T16:32:54.000Z,18,1,1,,,https://www.facebook.com/BarbequeNation/posts/pfbid02a5y6EnDeRDATp4wBW4Kuw8f9d2WdfVTAL7Kx6gxNhUn78M4NkFbQwJ332pGmiGN4l,,30-07-2026 07:08
1.31352E+15,BarbequeNation,"A new gate to great taste is here! Barbeque Nation opens its doors at Gate 3 with your favourite kebabs, flavours, and unlimited celebrations✨🍽️ 
Come indulge, Yeswanthpur! 🍛

( Barbeque Nation, Yeshwanthpur, Gate 3, BBQ Restaurant, Bangalore Food, Unlimited Buffet, Bengaluru Restaurants, New Opening )",2025-12-04T10:41:54.000Z,13,1,0,,,https://www.facebook.com/BarbequeNation/posts/pfbid0iMWZbvACKYgC3BCM2cPq5Xf1JRbeByP132v5KUurm24oYSxyZHZfoN59jfNvJdHyl,,30-07-2026 07:08
1.3134E+15,BarbequeNation,"A new gate to great taste is here! Barbeque Nation opens its doors at Gate 3 with your favourite kebabs, flavours, and unlimited celebrations✨🍽️ 
Come indulge, Yeswanthpur! 🍛

( Barbeque Nation, Yeshwanthpur, Gate 3, BBQ Restaurant, Bangalore Food, Unlimited Buffet, Bengaluru Restaurants, New Opening)",2025-12-04T06:52:52.000Z,10,1,0,,,https://www.facebook.com/BarbequeNation/posts/pfbid0gmmsUupcL36HzC3HLjkW63DrhbjvoJ4K52RRZWNYfBPhRJ1U2hoL6VxATUbQGCt3l,,30-07-2026 07:08
1.3128E+15,BarbequeNation,"Flavours, smiles, and a whole lot of Andhra soul at Andhra Utsavam.
Bengaluru showed up hungry and left absolutely delighted, thanks to Chef Meera’s masterful creations celebrating Shadruchulu, the six exquisite tastes of Andhra cuisine.
It was a true feast of flavours… and a table full of happy faces.

(Barbeque Nation, Andhra Utsavam, Flavours, Togetherness, Celebration)",2025-12-03T12:39:26.000Z,60,3,2,8694,2181,https://www.facebook.com/reel/870730465453716/,,30-07-2026 07:08
1.31195E+15,BarbequeNation,"Step into the world of Awadhi royalty where every bite tells a story. Savor the rich aromas, the royal spices, and the timeless Virasat of flavors, only at Barbeque Nation! ✨

Hurry, this royal feast is for a limited time, so book your table now. 🍽️

[ Barbeque Nation, Awadhi Viraasat, Virasat of flavours ]",2025-12-02T14:02:05.000Z,271,63,9,,,https://www.facebook.com/BarbequeNation/posts/pfbid0Mq7xU5BrvvVv5i5wxg1qG6c4Kv1uqpKrcyAUxkEADeyJfZf2xRL6C2GEDbtiqicBl,,30-07-2026 07:08
1.31109E+15,BarbequeNation,"When the internet hacks met the Awadhi kitchen… chaos toh hona hi tha. 🔥

Microwave biryani in 12 minutes?
Air-fried seekh kebab “same taste”?
Sheermal dough in a blender? 👀

Chef ka reply:
“Shortcut se reel ban jaati hai… khana nahi.” 😌✨

Experience the real deal — the forgotten flavours, the lost techniques, the timeless Awadhi Viraasat.

📅 3rd–7th December
📍 Barbeque Nation, Lulu Mall Lucknow

#AwadhiViraasat #BarbequeNation #LucknowFood #AwadhiCuisine #NoShortcuts",2025-12-01T14:37:50.000Z,63,3,5,9371,3062,https://www.facebook.com/reel/1170808921916483/,,30-07-2026 07:08
1.31102E+15,BarbequeNation,"In a world of strange things
Unlimited food feels just right 💯🔥

#barbequenation #strangerthings2 #unlimitedfood #strangeworld #allyoucaneat #buffet",2025-12-01T12:53:36.000Z,27,,3,8976,1699,https://www.facebook.com/reel/885581800871925/,,30-07-2026 07:08
1.31086E+15,BarbequeNation,"Jab swaad ho itna khaas…toh shayari toh banti hai, yaar! Come feel the flavour that gets everyone poetic ✨🔥

(Barbeque Nation, Celebration, Togetherness, Fun, Guest experience)",2025-12-01T08:51:32.000Z,41,3,1,5510,1857,https://www.facebook.com/reel/1406435214210868/,,30-07-2026 07:08
1.30952E+15,BarbequeNation,"Awadhi Lost Recipes by Chef Ritu Jaiswal is arriving at Barbeque Nation — bringing with it the finesse of centuries-old culinary heritage revived for today’s palate.

Get ready for a feast that celebrates the slow artistry of Awadhi cooking —
delicate Kebabs that melt at the slightest touch, fragrant Handi Biryanis, luscious Kormas, soulful Nihari, and festive desserts crafted with pure, traditional technique.

This is more than food — it’s nostalgia, memory, and mastery on a plate.

📍 Barbeque Nation, Lulu Mall, Lucknow
📅 Starting 3rd–7th December

Don’t miss the flavour revival — head over and be the first to experience it!

[Awadhi Food | Lost Recipes | Awadhi Biryani | Galawat Kebab | Nihari | Korma | Sheer Khurma | Chef Ritu Jaiswal | Awadhi Viraasat | Barbeque Nation | Lulu Mall Lucknow | Royal Cuisine | Heritage Food | Culinary Revival]",2025-11-29T14:46:24.000Z,77,1,4,8789,2444,https://www.facebook.com/reel/870092448821810/,,30-07-2026 07:08
1.30922E+15,BarbequeNation,"Odisha’s stories, spices, and signature dishes - all on one plate. 🍽️ Experience Chef Abinas Nayak’s Odia Trails, only at Barbeque Nation. Come hungry, leave mesmerised! ✨

Hurry and book your table now. Odia Trails is here for a limited time only!

( Barbeque Nation, Food pop up , Mumbai Odia food pop up, Odia Trials, Flavours, Taste, )",2025-11-29T06:24:49.000Z,13,,1,,,https://www.facebook.com/BarbequeNation/posts/pfbid0fLtDw5yfhLRz3BGpzmARMiLG2q5L8U1Co3mpSsTYVRxYrPY8kSTChYZLdByXXBs4l,,30-07-2026 07:08
1.30922E+15,BarbequeNation,"Odisha’s stories, spices, and signature dishes - all on one plate. 🍽️ Experience Chef Abinas Nayak’s Odia Trails, only at Barbeque Nation. Come hungry, leave mesmerised! ✨

Hurry and book your table now. Odia Trails is here for a limited time only!

( Barbeque Nation, Food pop up , Mumbai, Odia Trials, Flavours, Taste, )",2025-11-29T06:17:02.000Z,20,4,0,,,https://www.facebook.com/BarbequeNation/posts/pfbid0Y4EvUm9rugeTBhYMnhkRHWTcD3MLNmEuVqbLxzhJNhyasAgv7BayziVrCdGi52mil,,30-07-2026 07:08
1.30873E+15,BarbequeNation,"Delhi, get ready for a feast like never before! 🍢✨ Our biggest Barbeque Nation outlet in Delhi is now open at Regal building, Connaught Place. Come, grab your table, and dive into unlimited celebrations! 

[Barbeque Nation, New Store Opening, Delhi , Connaught Place, Regal Building ]",2025-11-28T14:04:22.000Z,57,,3,15290,5940,https://www.facebook.com/reel/1392531669098178/,,30-07-2026 07:08
1.30863E+15,BarbequeNation,"The smiles, the aromas, the compliments - everything at the Lucknowi Dastarkhwan says pure delight. Let Chef Gul Ali treat you to the royal flavours of Lucknow. 

2 days to go… indulge at our Lucknowi Dastarkhwan before it ends.",2025-11-28T11:50:01.000Z,30,,3,4984,1574,https://www.facebook.com/reel/1266107802006697/,,30-07-2026 07:08
1.30778E+15,BarbequeNation,"When Nepali flavours meet Indian hospitality, it’s pure delight!

We were honoured to host Dr. Shankar Sharma, Ambassador of Nepal to India, and his team, Dr. Sunedra Thapa - Deputy Ambassador, Mr. Rabindra Jung Thapa - Counsellor, and Mr. Ambika Joshi, at our Flavours of Nepal pop-up with Chef Basant Rana, celebrating authentic Nepali warmth, spice and stories at Barbeque Nation.",2025-11-27T09:30:38.000Z,59,,1,8329,2268,https://www.facebook.com/reel/790313854011025/,,30-07-2026 07:08
1.3073E+15,BarbequeNation,"Chef Ritu Jaiswal opens the doors to the forgotten kitchens of Ayodhya, Lucknow and Prayagraj with Awadhi Viraasat. From meticulously revived recipes to flavours that are nothing less than a legacy, every dish is a reminder of a culture that cooked with patience, passion and pride.
Savour classics like Sakoda, Kalpasi Tikka and Nimbu Halwa as you rediscover how beautifully history can taste.
📍 Lulu Mall, Lucknow
📅 3rd – 7th December, 2025
Curated by Chef Ritu Jaiswal

( Barbeque Nation, Food pop up , Lucknow food pop up, Awadhi Viraasat, Flavours, Taste)",2025-11-26T17:15:53.000Z,17,,3,,,https://www.facebook.com/BarbequeNation/posts/pfbid0zggxfeyY4xk8zLHg4WDn9wJRj6DnpTSjtSPwJmim3b1HcezRCMtToLNbWNMeXnbul,,30-07-2026 07:08
1.30645E+15,BarbequeNation,"A dish once begun in the quiet of the night…
left to simmer slowly as the world slept…
and unveiled at sunrise, that warmed both body and spirit.

What started as a humble, hearty meal for mazdoors
became a treasured favourite across generations —
and today, it arrives at our Dastarkhwan with the same respect and patience it was born from.

Experience Chef Gul Ali’s signature Nihari — slow-cooked, soulful, and steeped in Lucknow’s true tehzeeb.

Book your table and savour this timeless Nawabi classic.

📍 Ambience Mall, Gurugram
📅 24th–30th Nov

[Lucknowi Cuisine | Awadhi Food | Nihari | Dum Cooking | Chef Gul Ali | Dastarkhwan | Barbeque Nation | Royal Feast]",2025-11-25T16:00:28.000Z,42,,2,7597,2681,https://www.facebook.com/reel/825575116852573/,,30-07-2026 07:08
1.30607E+15,BarbequeNation,"Step into a world shaped by centuries of khansamaa's craft, where every dish carries the slow-cooked soul of Lucknow. Chef Gul Ali brings her legendary Dum Pukht artistry to Barbeque Nation — and the aromas alone are transporting guests straight to Nawabi times.

From the signature Galouti to the royal Lucknowi Dum Biryani — this is your chance to savour recipes perfected across generations.

It’s only the second day, and tables are filling already.
Book now and dine at a true Dastarkhwan of the Nawabs.

📍 Ambience Mall, Gurugram
📅 24th–30th Nov

[Lucknowi Cuisine | Awadhi Food | Galouti Kebab | Dum Biryani | Nihari | Korma | Sheer Khurma | Chef Gul Ali | Royal Feast | Nawabi Cuisine | Barbeque Nation]",2025-11-25T05:29:23.000Z,49,,1,7949,2540,https://www.facebook.com/reel/1400847418199983/,,30-07-2026 07:08
1.30549E+15,BarbequeNation,"A birthday at Barbeque Nation is that warm, happy, group-hug kind of celebration 🤗

The grills bring the food, your friends bring the love, and together it becomes the perfect party.

Share this with your gang and start planning the next birthday! 🥳

#barbequenation #birthdaycelebrations #guestexperience #togetherness #celebration #birthdaybash",2025-11-24T13:40:13.000Z,16,,0,5854,1406,https://www.facebook.com/reel/1691423475577663/,,30-07-2026 07:08
1.30534E+15,BarbequeNation,"“Spice is only one chapter,” Chef Meera explains.
“The real Andhra story is told through the Shadruchulu — six flavour pillars that guide everything from tempering to plating.”

Think acidity meeting heat, bitterness balancing richness, sweetness mellowing spice… A flavour chemistry you just can't miss!

Experience the full spectrum at Andhra Utsavam — where Chef Meera brings the traditional Andhra flavour matrix to life.
📍 Barbeque Nation Indiranagar | 26–30 Nov

Bangalore, come taste the science of Shadruchulu.

[AndhraCuisine | SouthIndianFood | BangaloreFood | BangaloreEvents | FoodPopUp | ChefSpecial | BarbequeNation | Indiranagar | IndianFoodie | FoodReels | Shadruchulu | AndhraFlavours | ExploreFood | TrendingReels]",2025-11-24T09:30:40.000Z,46,,2,8805,1993,https://www.facebook.com/reel/3846404268825118/,,30-07-2026 07:08
1.30454E+15,BarbequeNation,"Get ready to enter a world where every bite feels like a page from Lucknow’s royal kitchens. ✨

Lucknowi Dastarkhwan by Chef Gul Ali is arriving at Barbeque Nation — bringing with it the magic of Dum Pukht mastery.

Think melt-in-your-mouth Galouti Kebabs, aromatic Dum Biryani, rich and hearty Nihari, velvety Korma, and a sweet, luxurious finale with Sheer Khurma.
This isn’t just food — it’s a flavour experience crafted with patience, passion and pure Nawabi finesse.

📍 Ambience Mall, Gurugram
📅 24th–30th Nov

Come savour Lucknow, one royal dish at a time. 

[Lucknowi Cuisine | Awadhi Food | Galouti Kebab | Dum Biryani | Nihari | Korma | Sheer Khurma | Festive Desserts | Chef Gul Ali | Lucknowi Dastarkhwan | Barbeque Nation | Ambience Mall Gurugram | Royal Feast | Nawabi Cuisine]",2025-11-23T08:29:48.000Z,82,,5,12472,4938,https://www.facebook.com/reel/876675758143709/,,30-07-2026 07:08
1.30446E+15,BarbequeNation,"Get ready to experience Andhra Utsavam — a spirited culinary showcase where Chef Meera GT brings the 6 iconic Shadruchulu to your plate with unmatched authenticity.
From sweet and sour to spicy, salty, bitter and tangy — taste every note of Andhra cuisine in a menu crafted with precision, heritage and heart.

An architect-turned-chef with a deep-rooted love for Andhra flavours, Chef Meera reimagines traditional dishes while staying true to their soulful origins.

⏰ 26th–30th November 2025
📍 Barbeque Nation, Indiranagar, Bengaluru
👩‍🍳 Curated by Chef Meera — Andhra cuisine expert
☎️ 080 6902 8722 | Book now on the Barbeque Nation App

A rare 5-day culinary celebration of tradition, technique and taste — come be part of the Utsavam! 

#AndhraUtsavam #Shadruchulu #BarbequeNation #ChefMeera #AndhraCuisine #BengaluruFood #PopUpDining #LimitedEditionExperience",2025-11-23T05:58:45.000Z,10,,0,4503,585,https://www.facebook.com/reel/1177571040465289/,,30-07-2026 07:08
1.30377E+15,BarbequeNation,"Delhi, we're levelling up the buffet game!🤌🔥

Barbeque Nation's biggest outlet in Delhi is opening soon at Connaught place, and it's going to be legendary!

Bold flavours. Big space. Bigger vibes. Get ready to feast, Dillistyle.

📍Barbeque Nation, 1st Floor, Regal Building, Connaught Place, New Delhi, 110001

(New Store Opening, Dilli Style, Barbeque Nation 
Delhi, Connaught Place )",2025-11-22T09:22:06.000Z,15,2,1,,,https://www.facebook.com/BarbequeNation/posts/pfbid0WUcYJivx1AqLFWQZsAnL1TsZnPxusa1SNgXj8vJfgrmQ7GLcVQghbYWD2mEWtwdjl,,30-07-2026 07:08
1.30327E+15,BarbequeNation,"Get ready for Andhra Utsavam, a vibrant new pop-up where Chef Meera GT brings the 6 Shadruchulu of Andhra cuisine to life — in their truest, most soulful form.
Savour sweet, sour, salty, spicy, bitter and tangy notes in perfect harmony — a feast crafted by an architect-turned-chef who has dedicated her journey to showcasing Andhra food beyond just spice.

⏰ 26th–30th November 2025
📍 Barbeque Nation, Indiranagar, Bengaluru
👩‍🍳 Curated by Chef Meera — a specialist in Andhra cuisine 
☎️ 080 6902 8722 | Book via the Barbeque Nation App

A celebration of tradition, flavour and craftsmanship — this Andhra feast is here only for 5 days. Don’t miss it! 🌶️🌿✨

#AndhraUtsavam #Shadruchulu #BarbequeNation #ChefMeera #AndhraCuisine #FoodPopUp #BengaluruEats #LimitedEditionDining",2025-11-21T17:20:26.000Z,28,,1,6132,1172,https://www.facebook.com/reel/1547566139608752/,,30-07-2026 07:08
1.30275E+15,BarbequeNation,"Delhi, we’re levelling up your buffet game! 🤌🔥
Barbeque Nation is now opening at Connaught Place, and it’s gonna be legendary!
Bigger space. Bolder flavours. Better vibe. Get ready to feast, Dilli style.

(New Store Opening, Barbequenation, BBQN , Delhi, Connaught Place )",2025-11-21T06:47:07.000Z,27,4,3,,,https://www.facebook.com/BarbequeNation/posts/pfbid02omvefQnHWGeA87gJ2koy4jksU19iZknB4S1r4ZbJD5tdC52FbrY3EvF6hPhwU1mil,,30-07-2026 07:08
1.30094E+15,BarbequeNation,"Responsibilities off, grill on.
One table, one night, and suddenly the men become the boys they’ve always been. 🔥 Celebrate the gang spirit this Men’s Day!

(Barbeque Nation, BBQN, Men's Day, Celebration]",2025-11-19T04:50:15.000Z,18,,1,,,https://www.facebook.com/BarbequeNation/posts/pfbid0CVz3EcqV2JL5tQhDb8qB1BuFJJQmts25c779NWuwLFTswH1DaGaAGqNgDUiTeQ8El,,30-07-2026 07:08
1.30052E+15,BarbequeNation,"Get ready, Bengaluru! 🌶️✨

We’re bringing you an exclusive Andhra Food Pop-Up where Chef Meera GT showcases the rich tapestry of Shadruchulu - the six flavours that make Andhra cuisine so beautifully balanced. From tangy tamarind to aromatic spices, every plate tells a story of tradition, freshness, and craft. 🍛🌿
This one’s for true flavour explorers and it’s here for 5 days only.

 Don’t miss this culinary celebration!

📅 26th – 30th November ’25
 📍 Outlet: 4005, 100 Feet Rd, HAL 2nd Stage, Indiranagar, Bengaluru - 56007",2025-11-18T15:52:15.000Z,16,,2,,,https://www.facebook.com/BarbequeNation/posts/pfbid02YhZAYwuVzwbcretGPa3mCq9nCQZx3To24py4xfN6gr9kk1zN3R3ySApG8MHRiqMl,,30-07-2026 07:08
1.29958E+15,BarbequeNation,"Experience Andhra like never before as Chef Meera brings the essence of Shadruchulu to life - a balance of bold, vibrant and unforgettable flavours.👩‍🍳

Dive into an authentic spread that celebrates the heart of Andhra cuisine.🔥

Hurry, Andhra Utsavam is on for a few days only. Don’t miss the flavour journey!😋✨️

#BarbequeNation #BBQN #AndhraUtsavam #ʙᴇɴɢᴀʟᴜʀᴜ #foodfestival #foodpopup #flavours #shadruchulu🥗",2025-11-17T12:34:27.000Z,25,2,3,,,https://www.facebook.com/BarbequeNation/posts/pfbid0BQXspsLRdwjKzv4VtzkHdCL3k3xUhACk5o8D4nkeFLvrjkkxx6qauLEkUP2xLvPhl,,30-07-2026 07:08
1.29939E+15,BarbequeNation,"Faridabad, get ready to turn up the heat! 🔥
Barbeque Nation is now open at Pacific Mall, bringing unlimited grills, unlimited flavours, and unlimited good times to your city.
Your new sizzle spot is here!

#BarbequeNation #NowOpen #FaridabadEats #PacificMallFaridabad",2025-11-17T07:50:11.000Z,29,2,0,9427,3211,https://www.facebook.com/reel/4028205963989367/,,30-07-2026 07:08
1.29768E+15,BarbequeNation,"Some feasts aren’t just served, they’re experienced.

From the melt-in-your-mouth Galouti Kebab to the aromatic Dum Biryani, from the richness of Nihari and Korma to the sweetness of Sheer Khurma -  it’s a daawat that celebrates slow-cooked perfection.

📍Ambience Mall, Gurugram | 📅 24th–30th Nov

Come, taste the royal side of flavour. 👑",2025-11-15T03:08:59.000Z,94,11,4,,,https://www.facebook.com/BarbequeNation/posts/pfbid02CJqtiixJtscvHMMP2iSpzEXxvnT21tjJmE9v1jht2p4ZFZZETHD1cUBcssw7yCPpl,,30-07-2026 07:08
1.2973E+15,BarbequeNation,"Birthdays, bright faces, and memories we’ll hold close.
Thank you, Thayi Mane Government School, for letting us share this beautiful day with the kids. 💛

Happy Children’s Day! 

#KhushiyonKaPitara #SpreadJoy",2025-11-14T15:07:30.000Z,19,1,0,6537,1303,https://www.facebook.com/reel/1165645168877976/,,30-07-2026 07:08
1.29719E+15,BarbequeNation,"From the smoky warmth of the Terai to the comforting flavours of the Himalayas, Nepal’s cuisine is a journey of soul, heritage, and hidden gems.

Experience it all at ‘Flavours of Nepal’, curated by Chef Basant Rana at Barbeque Nation, Southern Park Mall, Saket. ✨

Join us till the 16th November 2025 and taste Nepal the way it’s meant to be — authentic, bold, and unforgettable. 🍛

[ Nepalese cuisine | Nepal food festival | Barbeque Nation Saket | Chef Basant Rana | Flavours of Nepal ]",2025-11-14T12:27:08.000Z,17,2,1,6379,1290,https://www.facebook.com/reel/821304910622347/,,30-07-2026 07:08
1.29688E+15,BarbequeNation,"Some joys stay the same - like  the sparkle in your eyes when you spot dessert at Barbeque Nation🍨✨

Happy Children’s Day to the kid in all of us! 🧚

(Barbeque Nation, BBQN, joy , Celebration, Children’s day )",2025-11-14T03:59:53.000Z,15,1,0,,,https://www.facebook.com/BarbequeNation/posts/pfbid02xRduGU2vS5c9865LocmWtASQfrNS2U95yXKZjhy4E3ufEN5ngvMSmowmSFtY55Vdl,,30-07-2026 07:08
1.29682E+15,BarbequeNation,"Delhi, it’s now or never — only 2 days left! ⏳🔥
Flavours of Nepal is LIVE at Barbeque Nation, Saket, serving soulful dishes from the Terai to the Himalayas. 🇳🇵

Curated by Chef Basant Rana, this is your last chance to savour authentic Nepali flavours before the festival wraps up.

📍 Barbeque Nation, Southern Park Mall, Saket
📅 Ends 16th Nov 2025

Run, don’t walk — the feast ends soon! 🍛❤️

#FlavoursOfNepal #NepaliFoodFestival #BarbequeNationSaket #AuthenticNepaliCuisine #DelhiFoodies #FoodFestivalDelhi #NepaliFoodInDelhi #ChefBasantRana #MustTryInDelhi #DelhiEats #FoodieDelhi #NepaliFlavours",2025-11-14T02:06:55.000Z,43,,4,6489,2425,https://www.facebook.com/reel/1278323380765620/,,30-07-2026 07:08
1.29555E+15,BarbequeNation,"Barbeque Nation is here with a daawat that celebrates patience, passion, and perfection. Chef Gul Ali’s Lucknowi Dastarkhwan brings you the rich legacy of slow-cooked Awadhi delicacies. 💫

📍Ambience Mall, Gurugram | 📅 24th–30th Nov
Don’t miss… come, savour the art and taste of slow cooking.🔥

(Barbeque Nation, BBQN, Food Festival, Food Pop-up, Lucknowi Dastarkhwan)",2025-11-12T14:07:11.000Z,43,6,1,,,https://www.facebook.com/BarbequeNation/posts/pfbid02nCJGVNZNbzsvP3hbttp52a52zZ9uJ3xAXiFjxLgR6i4o9gjEow3i7jBw7oetPWvkl,,30-07-2026 07:08
1.29438E+15,BarbequeNation,"The grill’s sizzling, laughter’s echoing, and everyone’s in full foodie mode, that’s how fun looks at Barbeque Nation!

( Barbeque Nation, BBQN , Celebration, Joy , Togetherness, Fun)",2025-11-11T08:17:46.000Z,65,4,10,20506,6996,https://www.facebook.com/reel/1488601249109117/,,30-07-2026 07:08
1.29245E+15,BarbequeNation,"Let the little ones turn into big-time foodies this Children’s Day! 😋 Join the fun, laughter, and unlimited grills at Barbeque Nation where every bite is a celebration! 🎉

*Avail our limited time offer: 
4 @ ₹1999 | 10th–14th Nov",2025-11-09T07:17:20.000Z,5254,78,18,,,https://www.facebook.com/BarbequeNation/posts/pfbid0m9gq4swWx916GU5KMyaHmDumvpiXrwxy8yMBUGEhrCyAvhMD9P5ZvkXbDTnn8SHKl,https://www.barbequenation.com/,30-07-2026 07:08
1.2919E+15,BarbequeNation,"Think Nepali food is all about momos? Think again. 🤔

🔥 Flavours of Nepal — an exclusive Nepali food festival in Delhi — starts this Monday, 10th Nov at Barbeque Nation, Saket! 🇳🇵✨

From the earthy flavours of the Terai plains to the bold, aromatic spices of the Himalayas, experience authentic Nepali cuisine curated by Chef Basant Rana — packed with culture, comfort, and soul. 🍛

📍 Barbeque Nation, Southern Park Mall, Saket, New Delhi
📅 10th–16th Nov 2025

Delhi food lovers — don’t miss this chef special Nepali feast! 🍴❤️

#FlavoursOfNepal #NepaliFoodFestival #BarbequeNationSaket #AuthenticNepaliCuisine #DelhiFoodies #FoodFestivalDelhi #NepaliFoodInDelhi #ChefBasantRana #MustTryInDelhi #DelhiEats #FoodieDelhi #NepaliFlavours",2025-11-08T15:50:35.000Z,141,4,11,17075,6572,https://www.facebook.com/reel/819843574176414/,,30-07-2026 07:08
1.29164E+15,BarbequeNation,"Think Nepalese food is all about momos? Think again. 🤔

From the earthy flavours of the Terai plains to the aromatic spices of the Himalayas, Nepali cuisine is a rich tapestry of culture, comfort, and celebration. Experience this soulful journey at ‘Flavours of Nepal’, a special food festival curated by Chef Basant Rana, only at Barbeque Nation, Southern Park Mall, Saket, New Delhi. ✨

Join us from 10th to 16th November 2025 and discover what most haven’t — the true, authentic taste of Nepal. 🍛",2025-11-08T10:05:51.000Z,29,2,2,,,https://www.facebook.com/BarbequeNation/posts/pfbid02vB2BzqjNGKVRCLhX9cs6hJa6Hcuxo7HwLJEjjZGhidzBmpFVw8UHS4GJrX2YgDRTl,,30-07-2026 07:08
1.2908E+15,BarbequeNation,"Warning: Missing The Coastal Feast might cause lifelong regret (and major seafood cravings). Catch the wave while it’s in Hyderabad! Join our MasterChef Shyam as he prepares amazing seafood delicacies for you to enjoy.✨️😋

#TheCoastalFeast #BarbequeNation
#BarbequeVibes #HyderabadFoodies
#SeafoodFestival #MasterChefIndiaTelugu
#BNxShyam #CoastalFlavours #HyderabadEats
#FoodPopUp #SeafoodLove",2025-11-07T11:13:07.000Z,133,8,5,19492,7914,https://www.facebook.com/reel/1364333178574950/,,30-07-2026 07:08
1.29072E+15,BarbequeNation,"THE COASTAL FEAST IS HERE! 🌊🔥

Get ready for a seafood celebration like never before! From 7th–9th November, MasterChef India Telugu 1st Runner-up Shyam Gopisetti brings the heart of coastal India to Barbeque Nation.

From the shores of Vizag to the streets of Hyderabad, Chef Shyam’s fiery passion and soulful flavours are ready to make waves. Experience signature dishes like Tandoori Octopus, Meen Lopicheddu, and Tandoori Crab, each grilled to perfection and bursting with spice, soul, and story. 🦑🐟🦀

📍 Barbeque Nation, Gachibowli, Hyderabad
📅 7th–9th November, 2025
👨‍🍳 Curated by MasterChef Shyam Gopisetti
📞 080 6902 8727 | Download Barbeque Nation app to book

Bring your seafood squad and dive into a flavour-packed weekend you won’t forget! 🌶️🍋

#TheCoastalFeast #BarbequeNation #BarbequeVibes #HyderabadFoodies #SeafoodFestival #MasterChefIndiaTelugu #BNxShyam #CoastalFlavours #HyderabadEats #FoodPopUp #SeafoodLove",2025-11-07T09:23:40.000Z,15,,2,,,https://www.facebook.com/BarbequeNation/posts/pfbid0nwezw464bbgxKuDFKoEp2y1mhZyP8aapcim3PHiCcTgDZM1fespuD8P7D1ytrXHXl,,30-07-2026 07:08
1.29066E+15,BarbequeNation,"We’d like to sincerely apologize... for making you too full, too happy, and too unwilling to stop eating. We really didn’t know it’d be this irresistible!",2025-11-07T07:49:43.000Z,187,81,5,,,https://www.facebook.com/BarbequeNation/posts/pfbid0vd87xW1faW3KMvzzyA7jdo1T8NkncvrSfUaMNU7ZQHZS56axenpPN4PQJxKhUpDTl,,30-07-2026 07:08
1.28909E+15,BarbequeNation,"Beyond momos lies a world of Nepali wonders. 🏔️✨ Discover flavours you’ve never tasted before, crafted by Chef Basant Rana, only at ‘Flavours of Nepal’.

📅 10th–16th Nov ’25 | 📍 Saket, New Delhi

🔥 Book now and taste what most haven’t, this Himalayan feast won’t be here for long!",2025-11-05T12:18:19.000Z,26,8,3,,,https://www.facebook.com/BarbequeNation/posts/pfbid035ApxURVdrRbraSfXpUKfLxXx8tzDwbJ2U9wV2aqeZ3RtAphrsAotG5c57sEocsxDl,,30-07-2026 07:08
1.28785E+15,BarbequeNation,"THE COASTAL FEAST IS HERE! 🌊🔥

Get ready for a seafood celebration like never before! From 7th–9th November, MasterChef India Telugu 1st Runner-up Shyam Gopisetti brings the heart of coastal India to Barbeque Nation.

From the shores of Vizag to the streets of Hyderabad, Chef Shyam’s fiery passion and soulful flavours are ready to make waves. Experience signature dishes like Tandoori Octopus, Meen Lopicheddu, and Tandoori Crab, each grilled to perfection and bursting with spice, soul, and story. 🦑🐟🦀

📍 Barbeque Nation, Gachibowli, Hyderabad
📅 7th–9th November, 2025
👨‍🍳 Curated by MasterChef Shyam Gopisetti
📞 080 6902 8727 | Download Barbeque Nation app to book

Bring your seafood squad and dive into a flavour-packed weekend you won’t forget! 🌶️🍋

#TheCoastalFeast #BarbequeNation #BarbequeVibes #HyderabadFoodies #SeafoodFestival #MasterChefIndiaTelugu #BNxShyam #CoastalFlavours #HyderabadEats #FoodPopUp #SeafoodLove",2025-11-04T05:48:48.000Z,8,,0,,,https://www.facebook.com/BarbequeNation/posts/pfbid0AQYRZFa6g5nMnhdCE5H8f8R3rVxBb2a6RTSoVFFpxSSt1gHkuTXnzt3dmu4MsJyZl,,30-07-2026 07:08
1.28722E+15,BarbequeNation,"They've been serving flavour for
generations. Now they're serving victory, grilled to
perfection! Congratulations, Team India. 🎊💙

(Barbeque Nation, BBQN, Women's Worldcup '25,
Proud moment, Women in Blue, Champions
Victory, Celebration, team india)",2025-11-03T12:46:12.000Z,19,,1,,,https://www.facebook.com/BarbequeNation/posts/pfbid02X8HkUBmw2CwbvwvGBvXHcrtNqKeBWxg355sTa2JzDPxeLiN7JYhohDh23rWaNvHXl,,30-07-2026 07:08
1.28713E+15,BarbequeNation,"They’ve been serving flavour for generations. Now they’re serving victory, grilled to perfection! Congratulations, Team India.

(Barbeque Nation, BBQN, Women's Worldcup '25, Proud moment, Women in Blue, Champions, Victory, Celebration)",2025-11-03T10:43:28.000Z,12,,0,,,https://www.facebook.com/BarbequeNation/posts/pfbid0H8XoYyjHt3HD6H3CQRzfzpepov7Qe4w6poouN7qzCRHdt8YqBB6391Lwwvv2uM57l,,30-07-2026 07:08
1.2862E+15,BarbequeNation,"🌊 Dive into flavour paradise! Hyderabad’s ultimate Seafood Pop-Up is here - curated by MasterChef Shyam Gopisetti!

From Tandoori Octopus to Meen Lopichedu, get to taste it all before it’s gone.

📍 Gachibowli | 🗓️ 7th–9th Nov | 

🍤 Don’t just scroll, come enjoy! Book your table now.",2025-11-02T09:45:45.000Z,22,,2,,,https://www.facebook.com/BarbequeNation/posts/pfbid0epjzH9fsU2S3ivkF8oqMoT5wgYpxRnGfBgRXXFasYmStmSQCwSLTkTVeRAboKtdzl,,30-07-2026 07:08
1.28558E+15,BarbequeNation,"Barbeque Nation has fired up its grills at Nirwana Square One, Kharar, bringing the city’s favourite unlimited dining experience closer than ever!🔥

From 60+ live grills to indulgent main courses and desserts — it’s time to experience the joy of live grilling and celebrate togetherness, one sizzle at a time.

Come join us at your new Unlimited Food Destination!

#BarbequeNation #NowOpen #KhararEats #UnlimitedFoodDestination #NirwanaSquareOne",2025-11-01T16:24:32.000Z,78,4,3,20967,9016,https://www.facebook.com/reel/1369484774624162/,,30-07-2026 07:08
1.28459E+15,BarbequeNation,"A feast for your soul awaits!
Join us for a mesmerizing Sufi Night with Mehfil-E-Nayab and let the music and flavours take over your senses.

📅 Friday, 7th November | 8 PM onwards
📍 Barbeque Nation, Electronics City Phase I, Neeladri Road
🎟️ Don’t miss the magic — book your table now!

[ Barbeque Nation, BBQN, Sufi Night]",2025-10-31T14:38:08.000Z,5,,0,,,https://www.facebook.com/BarbequeNation/posts/pfbid02ceAahoPpDSmbGfzQYct4RYfqUaY3DYsDqSNVT6Vj7Mo1drqR4xcvnDkhSBhVqQxxl,,30-07-2026 07:08
1.28414E+15,BarbequeNation,"Gather your ghouls and goblins, it’s time for a grill-tastic scare! 👻🎃

[ Barbeque Nation, Halloween, Buffet ]",2025-10-31T05:50:07.000Z,15,6,0,,,https://www.facebook.com/BarbequeNation/posts/pfbid02WphyGnuKPhr5dFrvxGpQ7etNwbt27naqp81apZtg1MqRgQU33BuJU5hPPCoJeggql,,30-07-2026 07:08
1.28065E+15,BarbequeNation,"When the grills start to glow and the pumpkins come alive 🎃
you know it’s Halloween at Barbeque Nation! 👻

Gather your Boo Crew for a night of sizzling grills, spooky vibes, and hauntingly good food. 
Because this Halloween, the only thing scary… is missing out on the fun!

[Halloween Buffet | Barbeque Nation | Halloween Dinner | Festive Dining | Spooky Food Vibes]",2025-10-27T15:34:06.000Z,28,5,0,,,https://www.facebook.com/BarbequeNation/posts/pfbid09AMXXHh52C87KaWNKLXEKg6Nh8LbmVWEwkzQhmYuWXAKdUeDmWcEeu4nRKh8xYvEl,,30-07-2026 07:08
1.27868E+15,BarbequeNation,"Oh, the joy of indulging in your favourite food without worrying about anything else... This is your sign to come and enjoy live grills and unlimited food with your friends at Barbeque Nation.

[ Barbeque Nation, BBQN, Unlimited, Grills, Togetherness ]",2025-10-25T12:18:00.000Z,21,5,1,,,https://www.facebook.com/BarbequeNation/posts/pfbid02ERGYH9emSHB5YmmV4cWt4bh7eiZsxViW9ssQt8PWBiE4nAT4QLzn5jquvdo96fNMl,,30-07-2026 07:08
1.27502E+15,BarbequeNation,"Barbeque Nation has fired up its grills at M5 Ecity Mall, bringing the city’s favourite unlimited dining experience closer than ever.

From smoky grills to indulgent desserts — get ready to celebrate togetherness, one sizzle at a time.🔥

Come join us at your new Unlimited Food Destination!

#BarbequeNation #NowOpen #BengaluruEats #UnlimitedFoodDestination #M5EcityMall",2025-10-21T12:36:51.000Z,54,5,4,16066,5509,https://www.facebook.com/reel/1499098354727508/,https://www.barbequenation.com/restaurants,30-07-2026 07:08
1.27413E+15,BarbequeNation,"We’ve got the outfits. We’ve got the vibe.
But the real showstopper? 👀 The food that walked in! 🔥

This festive season, when the hearts are full and the laughter’s louder — you know it’s an Atmosfire | Catering by Barbeque Nation kinda party! ✨

Birthdays, weddings, or just a reason to gather your people — because for many of us, the party starts when the food walks in. 💫

#AtmosfireCatering #BarbequeNation #ThePartyStartsWithFood #FestiveFeels #FoodThatBringsPeopleTogether #BarbequeNationIndia",2025-10-20T13:33:47.000Z,37,2,6,9871,2398,https://www.facebook.com/reel/673712225432543/,,30-07-2026 07:08
1.2732E+15,BarbequeNation,"The flames are burning bright — and today’s your last chance to feel the heat! 🔥

It’s the final day of FLAMES OF ASIA, where Chef Vaibhav Bhargava is turning up the fire with bold, unforgettable Pan-Asian flavours. Don’t miss the feast everyone’s been talking about! 🍜

📍 Barbeque Nation, Gaur City Mall, Sector 4, Noida
👨‍🍳 Curated by Chef Vaibhav Bhargava
📅 Last day — 19th October!
☎️ 080 6902 8727 | Book via the Barbeque Nation app

Come indulge before the flames die out!

#FlamesOfAsia #BarbequeNation #PanAsianFlavours #NoidaEats #FoodieAlert #LastDayToFeast",2025-10-19T12:25:51.000Z,74,4,4,13114,3925,https://www.facebook.com/reel/1787322238574280/,,30-07-2026 07:08
1.27318E+15,BarbequeNation,"Step out of your inbox and into the aroma of a live grill. 🥘This Diwali, press Esc on the digital chaos and log into real connections. 🤝

[Barbeque Nation, BBQN, Unlimited, Diwali , Celebration, Festive, Feast]",2025-10-19T11:47:26.000Z,5,3,0,,,https://www.facebook.com/BarbequeNation/posts/pfbid02BqYM24GeodX2foTVhjisDr77oGsbK9opy4BzGgsyY9CvnwtXx8P8hKeDLNJHgeFhl,,30-07-2026 07:08
1.27318E+15,BarbequeNation,"This season, hit Enter on moments that melt stress and desserts that melt hearts. Happy Diwali ✨

[ Barbeque Nation, BBQN, Diwali , Celebration, Festive, Feast, Unlimited]",2025-10-19T11:46:41.000Z,6,1,0,,,https://www.facebook.com/BarbequeNation/posts/pfbid022tMebouBB9HgXsv2mcWFAEFU3Jgyrc4SCw8zZEPidcPfd4mT88e6AhqjndSPaoUel,,30-07-2026 07:08
1.27318E+15,BarbequeNation,"Some flavours just feel like home. 🍛This Diwali, gather your people, share the warmth, order our UBQ box and let every bite remind you where happiness truly lives. 🤍

[ Barbeque Nation, BBQN, Celebration, Diwali, Festive , Homecoming , Comfort]",2025-10-19T11:45:42.000Z,6,2,0,,,https://www.facebook.com/BarbequeNation/posts/pfbid02rnDzBdhVLnBqFPjQVqX3QkiDViPJUQTa1yS3uBhNHHsWm58Z1uxyT5r8DYCuio99l,,30-07-2026 07:08
1.27318E+15,BarbequeNation,"This Diwali, disconnect to reconnect,  only at Barbeque Nation.

[ Barbeque Nation, BBQN, Unlimited, Festive , Celebration, Diwali ]",2025-10-19T11:44:30.000Z,12,1,0,,,https://www.facebook.com/BarbequeNation/posts/pfbid02vWa1X7q2ScToSLDX6sEpqQ1TPVBHhRM6BmkMag7eHUeVKQPUBT9YSeoY2qobUgRRl,,30-07-2026 07:08
1.27318E+15,BarbequeNation,"Make space for what matters  - laughter, togetherness, and an extra plate of kebabs. 😉🍲This Diwali, reserve your table, not your joy! 

[Barbeque Nation, BBQN, Diwali , Celebration, Unlimited, Festive ]",2025-10-19T11:44:14.000Z,8,,1,,,https://www.facebook.com/BarbequeNation/posts/pfbid02s8kp9jb7sjY9jMD2fooqZK3P6nmta1dhUenKsgJfcPAbm7qYaJ5eXayNC5MNpxCKl,,30-07-2026 07:08
1.27317E+15,BarbequeNation,"Shift your focus from screens to smiles, from deadlines to dining delights. 📲🍛 This Diwali, celebrate every shift that brings people closer. 🧑‍🧑‍🧒‍🧒

[ Barbeque Nation, BBQN, Diwali, Festive , Celebration, Feast , Unlimited]",2025-10-19T11:41:38.000Z,10,2,1,,,https://www.facebook.com/BarbequeNation/posts/pfbid029L3FBS8pwS8XrHaVPEzJ37oUdaj6veL7fpYtKCKZNZo6CFiZYD3tG2PspJhvkAHl,,30-07-2026 07:08
1.27116E+15,BarbequeNation,"The flames are already roaring — all that’s missing is you! 

FLAMES OF ASIA has kicked off, and Chef Vaibhav Bhargava is serving up a bold Pan-Asian feast that’s setting Noida ablaze! 🍜

📍 Barbeque Nation, Gaur City Mall, Sector 4, Noida
👨‍🍳 Curated by Chef Vaibhav Bhargava
📅 On till 19th October — don’t miss the heat!
☎️ 080 6902 8727 | Book via the Barbeque Nation app

Hurry — the tables are sizzling, and your spot’s waiting!

#FlamesOfAsia #BarbequeNation #NowServing #PanAsianFlavours #NoidaEats #LimitedEditionEats",2025-10-17T08:29:13.000Z,59,1,7,8898,2993,https://www.facebook.com/reel/1856075221650801/,,30-07-2026 07:08
1.27067E+15,BarbequeNation,"Get ready for FLAMES OF ASIA, a fiery new pop-up where Chef Vaibhav Bhargava takes you on a bold, Pan-Asian adventure that’s anything but ordinary.

⏰ Starts 17th October – Only for 3 Days!
📍 Barbeque Nation, Gaur City Mall, Sector 4, Noida
👨‍🍳 Curated by Chef Vaibhav Bhargava
☎️ 080 6902 8727 | Download Barbeque Nation app to book

Seats are filling up fast — this culinary storm won’t wait! 🍜🔥

#FlamesOfAsia #BarbequeNation #FoodPopUp #PanAsianFlavours #NoidaFoodies #LimitedEditionEats",2025-10-16T17:53:15.000Z,19,,0,5594,1040,https://www.facebook.com/reel/4376155346000307/,,30-07-2026 07:08
1.26849E+15,BarbequeNation,"FLAMES OF ASIA IS HERE! 
Get ready for a culinary journey like no other! From October 17th-19th, Chef Vaibhav Bhargava brings his rebellious spirit and bold flavors to Barbeque Nation.
After two decades of pushing boundaries from Delhi to Denmark, he's here to make a statement. Swipe to meet the chef who believes comfort zones never created culinary legends! 🥢✨

📍 Barbeque Nation, Gaur City Mall, Sector 4, Noida
📅 17th–19th October, 2025
👨‍🍳 Curated by Chef Vaibhav Bhargava
☎️ 080 6902 8727 | Download Barbeque Nation app to book

Bring your friends and family for a flavour-packed weekend you won’t forget! 🍜🔥
#FlamesOfAsia #BarbequeNation #FoodPopUp #PanAsianFlavours #NoidaFoodies",2025-10-14T08:13:25.000Z,13,1,0,,,https://www.facebook.com/BarbequeNation/posts/pfbid032cX7BxvbHpLrauBnSmNaRuyWgFCRydoHNT1JYYzscUZEBT2U1aKa2EQvnrgeSMMpl,,30-07-2026 07:08
1.26835E+15,BarbequeNation,"Festive feasting made effortless! All you have to do is walk in, grab a plate, and let the unlimited flavours do the magic. Your celebration, your way, only at Barbeque Nation!

[ Barbeque Nation, BBQN, Unlimited, Festive season , Celebration]",2025-10-14T04:08:53.000Z,26,5,1,6791,1073,https://www.facebook.com/reel/1016940500540895/,,30-07-2026 07:08
1.26673E+15,BarbequeNation,"Last chance to savour the hills! 

Today’s the final day to experience the authentic taste of Uttarakhand at Barbeque Nation, Saket — where the rustic flavours of the mountains meet the warmth of soulful dining. 

Join Chef Yojana Khanduri one last time as she serves up her special Himalayan Pop-Up featuring traditional recipes, earthy spices, and handpicked local ingredients 

📍 Barbeque Nation, Southern Park Mall, Saket, Delhi
📅 Today — 12th October

Don’t miss your chance to end the week with flavours straight from the heart of the hills!

#flavoursofuttarakhand #barbequenation #delhifoodies #lastday #HimalayanFlavours #popupdelhi",2025-10-12T10:36:53.000Z,90,18,5,12206,4774,https://www.facebook.com/reel/677524874970126/,,30-07-2026 07:08
1.2666E+15,BarbequeNation,"This Diwali, celebrations begin where the feast never ends at Barbeque Nation! Catch up with friends, family, and colleagues, and dive into unlimited flavours that make every moment festive. 

[Barbeque Nation, BBQN, Unlimited, Festive season , Diwali, Celebrations ]",2025-10-12T07:10:16.000Z,18,2,0,,,https://www.facebook.com/BarbequeNation/posts/pfbid0wcTbN8tSouEfzJxR9PDNsZVzuLNvbeoshmxK31cScqGbFP8Q1Uo6RYxLUhB939J8l,,30-07-2026 07:08
1.26592E+15,BarbequeNation,"From the Hills to Your Table! ⛰️

Experience the authentic taste of Uttarakhand at Barbeque Nation, Saket — where rustic flavours of the mountains meet the warmth of soulful dining. 🍲✨

Join Chef Yojana Khanduri as she brings a special Himalayan Pop-Up featuring traditional recipes, earthy spices, and dishes crafted with handpicked local ingredients 🌿

📍 Barbeque Nation, Southern Park Mall, Saket, Delhi
📅 6th – 12th October

Embark on a week-long journey of flavours from the heart of the hills, only at Barbeque Nation!

#flavoursofuttarakhand #barbequenation #delhifoodies #popups #HimalayanFlavours",2025-10-11T13:09:04.000Z,75,3,5,8335,2907,https://www.facebook.com/reel/1804168170202129/,,30-07-2026 07:08
1.2658E+15,BarbequeNation,"🔥 From the live grills of Barbeque Nation comes a new culinary adventure - FLAMES OF ASIA! 🔥

Get ready for an unforgettable fusion of Pan-Asian flavours as Chef Vaibhav Bhargava brings his rebellious spirit and bold creations to the table.

📍 Barbeque Nation, Gaur City Mall, Sector 4, Noida
📅 17th–19th October, 2025
👩‍🍳 Curated by Chef Vaibhav Bhargava
☎️ 080 6902 8727 | Download Barbeque Nation app to book

Bring your friends and family for a flavour-packed weekend you won’t forget! 🍜🔥

#FlamesOfAsia #BarbequeNation #FoodPopUp #PanAsianFlavours #NoidaFoodies",2025-10-11T10:36:09.000Z,12,,1,,,https://www.facebook.com/BarbequeNation/posts/pfbid02M8vv8GYdrq7Uj1Ne6Rm1rjqShaWc5EArd3JviJ1RYxUtcSxLyyK2DQRaEuvC2srvl,,30-07-2026 07:08
1.26446E+15,BarbequeNation,"Share laughs, stories, and unlimited bites, and make every meal a memory to cherish!

[Barbeque Nation, bbqn , World Mental Health day ]",2025-10-10T04:03:58.000Z,12,2,1,,,https://www.facebook.com/BarbequeNation/posts/pfbid02r8SMjWZU8KTrDuVEBrcqCqcNL9hUaiZtGJ4zrq4qzEukvDopQGfRtfdkviDV4oa8l,,30-07-2026 07:08
1.26271E+15,BarbequeNation,"10 non-veg starters, endless temptation! From smoky grills to spicy bites, all lined up for you, just pick a plate and dig in. Unlimited, unforgettable, all yours!

[ Barbeque Nation, BBQN, Unlimited, starters, non veg starters]",2025-10-08T13:25:21.000Z,21,3,0,10617,2661,https://www.facebook.com/reel/1557423225246907/,,30-07-2026 07:08
1.26258E+15,BarbequeNation,"Barbeque Nation, JP Nagar presents //BATTLEDRUMS// — a one-of-a-kind jugalbandi. Experience a play of traditional and modern beats, where the timeless rhythm of the Ghatam meets the raw energy of beatboxing. 

//Vinod on Ghatam// Addison Miguel Bareh Beatboxing//

📍: Barbeque Nation, Dollar Layout, 3rd Phase, J.P. Nagar, Bengaluru 
📆: Saturday, 11th October
⌚️: 8 PM onwards
🔥: Enjoy live grill with live music
📞 080 6902 8722 | Download Barbeque Nation app to book

What’s your flavor of music — Ghatam or Beatboxing? Tell us in the comments below!

#BarbequeNation #LiveMusic #LiveGrill #BengaluruEvents #JPNagar",2025-10-08T10:45:51.000Z,8,,0,5479,1365,https://www.facebook.com/reel/678797988599253/,,30-07-2026 07:08
1.26248E+15,BarbequeNation,"Everyone will be at Mehfil-E-Nayab this weekend, except the ones who wait too long to book. 👀 Limited seats available, Reserve now! 

📍: Barbeque Nation, More Mega Mall, Marathahalli,
Bengaluru
📅: Friday, 10th October
⏰: 8 PM onwards
🔥: Enjoy live grill with live music
📞 : 080 6902 8722 | Download Barbeque Nation app to book

Send this to that friend who is a Sufi music lover!",2025-10-08T08:13:44.000Z,13,1,2,4806,974,https://www.facebook.com/reel/1333827391783384/,,30-07-2026 07:08
1.26184E+15,BarbequeNation,"Barbeque Nation, JP Nagar presents BATTLEDRUMS— a one-of-a-kind jugalbandi, where the timeless rhythm of the Ghatam meets the raw energy of beatboxing. L

Experience a play of traditional and modern beats, as @avocadopazham brings alive the earthy resonance of the Ghatam, while Addison Miguel Bareh blends human voice, mouth-drums, and rhythm in ways that captivate.

Vinod on Ghatam & Addison Miguel Bareh Beatboxing

📍: Barbeque Nation, Dollar Layout, 3rd Phase, J.P. Nagar, Bengaluru 
📆: Saturday, 11th October
⌚️: 8 PM onwards
🔥: Enjoy live grill with live music
📞 080 6902 8722 | Download Barbeque Nation app to book

Bengaluru, what’s your flavor of music — Ghatam or Beatboxing? Tell us in the comments below!

#BarbequeNation #LiveMusic #BengaluruEvents #JPNagar",2025-10-07T14:50:58.000Z,6,,1,,,https://www.facebook.com/BarbequeNation/posts/pfbid02cfNHMGLSGWZhSqR64nEzwWpuwT554WFgUAk2MZn54RtvNArRS5hETUbAmSmz9jugl,,30-07-2026 07:08
1.26179E+15,BarbequeNation,"Golden, syrupy, and perfectly spiraled, this jalebi isn’t just dessert, it’s pure happiness on a plate. One bite, and you’ll be hooked. Why wait? Treat yourself today!

[Barbeque Nation, BBQN, Unlimited, Dessert]",2025-10-07T13:42:40.000Z,14,,0,,,https://www.facebook.com/BarbequeNation/posts/pfbid0mhFQhT4PFTQiqAE4THx9HXZgt638nM2sYpkGXehxMaddoMfZdxucWSki46DBza34l,,30-07-2026 07:08
1.26085E+15,BarbequeNation,"Join us for a soulful evening with Befikra Tejas Live at Barbeque Nation, Gurugram.
Good food, great music & endless vibes! ✨#8th Oct | 🕢 7:30 PM onwards #barbequenation #music #musiclover lover",2025-10-06T14:26:11.000Z,20,,0,4262,1054,https://www.facebook.com/reel/796707292977656/,,30-07-2026 07:08
1.26081E+15,BarbequeNation,"10 veg starters, zero choices to make. Just dive in, because here, it’s all about eating unlimited! Don’t wait, book your table now and feast without limits!

[Barbeque Nation, BBQN, Unlimited, Starters, 10+10 ]",2025-10-06T13:30:28.000Z,9,,0,4606,645,https://www.facebook.com/reel/841756458206982/,,30-07-2026 07:08
1.26059E+15,BarbequeNation,"From the Hills to Your Table! ⛰️

Experience the authentic taste of Uttarakhand at Barbeque Nation, Saket — where rustic flavours of the mountains meet the warmth of soulful dining. 🍲✨

Join Chef Yojana Khanduri as she brings a special Himalayan Pop-Up featuring traditional recipes, earthy spices, and dishes crafted with handpicked local ingredients 🌿

📍 Barbeque Nation, Southern Park Mall, Saket, Delhi
📅 6th – 12th October

Embark on a week-long journey of flavours from the heart of the hills, only at Barbeque Nation!

#flavoursofuttarakhand #barbequenation #delhifoodies #popups #HimalayanFlavours",2025-10-06T08:40:43.000Z,21,1,3,4784,1790,https://www.facebook.com/reel/4134036893527069/,,30-07-2026 07:08
1.26058E+15,BarbequeNation,"From the Hills to Your Table! ⛰️

Experience the authentic taste of Uttarakhand at Barbeque Nation, Saket — where rustic flavours of the mountains meet the warmth of soulful dining. 🍲✨

Join Chef Yojana Khanduri as she brings a special Himalayan Pop-Up featuring traditional recipes, earthy spices, and dishes crafted with handpicked local ingredients 🌿

📍 Barbeque Nation, Southern Park Mall, Saket, Delhi
📅 6th – 12th October

Embark on a week-long journey of flavours from the heart of the hills, only at Barbeque Nation!

#flavoursofuttarakhand #barbequenation #delhifoodies #popups #HimalayanFlavours",2025-10-06T08:23:49.000Z,18,,1,3521,831,https://www.facebook.com/reel/804496232295036/,,30-07-2026 07:08
1.25828E+15,BarbequeNation,"Join us in celebrating the music of dreams, love, and freedom with Befikra Tejas at Barbeque Nation, M3M IFC. With heartfelt melodies and electrifying beats, he’s coming to win your hearts!

📍: Barbeque Nation, M3M International Financial Center, Sector 66, Gurugram
📆: Wednesday, 8th October
⌚️: 7:30 PM onwards
🔥: Enjoy live grill with live music
📞 080 6902 8728 | Download Barbeque Nation app to book

Yaar, eh send kar dio to that friend who lives for high-energy vibes!

#BarbequeNation #LiveMusic #GurugramEvents #BringYourFriends",2025-10-03T18:41:00.000Z,8,,0,,,https://www.facebook.com/BarbequeNation/posts/pfbid0B5rjNDGxtSxMyYiNUdcPo3Vka29f5Fy9rG4rwvyEDrMteksUXaLdmsJrTjuKXjPxl,,30-07-2026 07:08
1.25823E+15,BarbequeNation,"An evening where flavours meet mystical melodies.

Barbeque Nation, Marathahalli invites you to a soul-stirring Sufi Night with Mehfil-E-Nayab. Bring your fellow music lovers and immerse yourself in a mesmerizing world of Sufi and fusion.

📍: Barbeque Nation, More Mega Mall, Marathahalli, Bengaluru
📆: Friday, 10th October
⌚️: 8 PM onwards
🔥: Enjoy live grill with live music
📞 080 6902 8722 | Download Barbeque Nation app to book

Send this to that friend who is a Sufi music lover!

#BarbequeNation #SufiNight #LiveMusic #BringYourFriends #BengaluruEvents #Marathahalli",2025-10-03T17:12:45.000Z,6,1,0,,,https://www.facebook.com/BarbequeNation/posts/pfbid0aAfXAia7mYAWQA17fpDokPxWsnG275GouLeTZD5F5zwtR8m8VmFhGwHnwCHk64aCl,,30-07-2026 07:08
1.25669E+15,BarbequeNation,"From the hills to your plate!🗻

Barbeque Nation, Saket brings you the rich, earthy Flavours of Uttarakhand in an exclusive Himalayan Pop-Up with Chef Yojana Khanduri 🍲🥘

Indulge in soulful recipes, aromatic spices, and mountain-inspired delicacies crafted with locally sourced ingredients 🌿

📍 Barbeque Nation, Southern Park Mall, Saket

📅 6th - 12th October
👩‍🍳 Curated by Chef Yojana Khanduri

A week-long culinary journey you don’t want to miss! 

#ComingSoon
#FlavoursOfUttarakhand #BarbequeNation #DelhiFoodies #PopUp #HimalayanCuisine",2025-10-02T05:25:08.000Z,25,,2,,,https://www.facebook.com/BarbequeNation/posts/pfbid02z8aeerBdhTvYNPNEomtAHq4FemzTDsCBKEk21346n2Nt2FNoiutiStQR87dK6cYCl,,30-07-2026 07:08
1.25665E+15,BarbequeNation,"Celebrating the spirit of togetherness he envisioned. At our tables, everyone feasts as one. 

Happy Gandhi Jayanti!

[Barbeque Nation, BBQN, Togetherness, Celebration, Gandhi Jayanti]",2025-10-02T04:23:21.000Z,7,,0,,,https://www.facebook.com/BarbequeNation/posts/pfbid08xtSL1SjYYnzfgsza79wajJvjDqAoQBenFZCwwfmdpZqjXz7wCQcSTKDqoR9wBp1l,,30-07-2026 07:08
1.25664E+15,BarbequeNation,"This Dussehra, let’s put down the screens and pick up the skewers. Because the real joy isn’t in scrolling feeds, but in sharing feasts.✨️

[Barbeque Nation, BBQN, Dussehra, Togetherness, Celebration]",2025-10-02T04:18:39.000Z,8,,0,3879,318,https://www.facebook.com/reel/1162044575827050/,,30-07-2026 07:08
1.25605E+15,BarbequeNation,"Who said veg means fewer choices? 🤔
At our tables, it’s starters, mains, and desserts with endless options - all unlimited, all delicious! 🥗Book your table now.

[Barbeque Nation, BBQN, Unlimited, World Vegetarian day ]",2025-10-01T12:47:31.000Z,10,,1,6223,934,https://www.facebook.com/reel/785871444247857/,,30-07-2026 07:08
1.25497E+15,BarbequeNation,"Every great feast deserves a little drama, and Paneer Tikka delivers it with flair. From the smoky char of the grill to the perfect balance of spice and tenderness, it’s bold flavors are unforgettable. 

Book your table now to indulge in this starter unlimited. 

[ Barbeque Nation, BBQN, Unlimited Starters ]",2025-09-30T10:12:04.000Z,15,,0,,,https://www.facebook.com/BarbequeNation/posts/pfbid0LyKYURPXkuwVdwhAR3maHa5w4PzgXT8FUoaBKVNfsLTkuxD7GcDiiBE611UhbRbJl,,30-07-2026 07:08
1.25218E+15,BarbequeNation,"Comfort looks different to everyone. For some, it’s a blanket and a late-night movie.
For us, it’s a steaming plate of biryani; warm, hearty, and always just right.

Are you the same? Let us know in the comments.

[Barbeque Nation, BBQN, Unlimited, Biryani lovers, Comfort food ]",2025-09-27T06:39:02.000Z,17,,0,6364,1077,https://www.facebook.com/reel/1110292727980193/,,30-07-2026 07:08
1.25026E+15,BarbequeNation,"Our spread isn’t made for ‘thinnest trend’, it’s made for full plates & fuller hearts. Come enjoy it live at Barbeque Nation! 😋

[ Barbeque Nation, BBQN, Unlimited, Thinnest trend ]",2025-09-25T03:46:58.000Z,18,,0,7139,975,https://www.facebook.com/reel/1465188837936996/,,30-07-2026 07:08
1.24945E+15,BarbequeNation,"Some joys in life are simple, small, and unforgettable. Like unlimited Gulab Jamun. 
Go on, book your table at your nearest outlet and indulge in these bites of pure bliss.

[Barbeque Nation, BBQN, Unlimited ]",2025-09-24T06:30:52.000Z,12,,0,,,https://www.facebook.com/BarbequeNation/posts/pfbid0353qZyTC4SJdkhgg6gBNwoXAmvM3AZWAL2wMeanejLGBkiJ65JVFDmkPAu2fVEUW6l,,30-07-2026 07:08
1.2459E+15,BarbequeNation,"Chaatpaglus, this is your last chance to indulge unlimited in all your favourite street-style dishes. 

From chaats to momos, pav bhaji to jalebi, today’s final day to feast on it all. 🎉

Book your table right away because Khau Galli shuts tomorrow!

[ Barbeque Nation, BBQN, Unlimited, khau Gali, Street Food Festival, chaat paglus]",2025-09-20T07:39:08.000Z,28,,1,8096,1676,https://www.facebook.com/reel/1099807325205004/,,30-07-2026 07:08
1.24494E+15,BarbequeNation,"This is your cue to meet all your Chaatpaglu friends for an unlimited street food binge. Send this to your gang and plan a catch-up instantly.

[ Barbeque Nation, BBQN, Unlimited, Street Food Festival, Chaat Paglus, khau galli]",2025-09-19T05:50:48.000Z,21,,0,7695,1514,https://www.facebook.com/reel/1316590710068600/,,30-07-2026 07:08
1.2441E+15,BarbequeNation,"From the bustling lanes to your plate; all your favourite street food dishes are here under one roof at Barbeque Nation’s Khau Galli. 

And guess what? They’re all unlimited!

Book your table to enjoy them all, before 21st September.

[Barbeque Nation, BBQN, Unlimited, Khau galli, Street Food Festival, Chaat Paglus]",2025-09-18T08:27:09.000Z,19,,0,6895,1795,https://www.facebook.com/reel/1768481090460911/,,30-07-2026 07:08
1.24325E+15,BarbequeNation,"Every Chaat Paglu has one dream,  endless plates of street food, all in one place. Momos, pav bhaji dahi bhalla, samosa chaat, jalebi–rabdi and more…Khau Galli makes that dream come true. 

Go on, make it come true.

[Barbeque Nation, BBQN, Unlimited, Khau galli, Street Food Festival, Chaat Paglus]",2025-09-17T09:39:23.000Z,13,1,0,6347,1414,https://www.facebook.com/reel/1361196842093655/,,30-07-2026 07:08
1.24225E+15,BarbequeNation,"Nothing beats the iconic Egg Benjo– fluffy eggs, soft pav, and that perfect street-style kick. And now, it’s all yours without limits at Khau Galli, Barbeque Nation’s street food festival for the Chaat Paglus. 

Book your table now and dig into unlimited egg benjo and more of your favourite street food dishes, all unlimited before 21 September.

[ Barbeque Nation, BBQN, Unlimited, Khau galli, Street food festival, Chaat paglus ]",2025-09-16T07:53:02.000Z,17,1,0,7316,2086,https://www.facebook.com/reel/1879866712939823/,,30-07-2026 07:08
1.2408E+15,BarbequeNation,"India won, and so did you. 
Raise a toast to this victory with a FREE MOCKTAIL and an unlimited feast. 

Book your table right away and enjoy. 

Offer valid only on 15 September, 2025. 

[ Barbeque Nation, BBQN, Celebration, Mocktail, Unlimited ]",2025-09-14T18:04:49.000Z,37,4,1,,,https://www.facebook.com/BarbequeNation/posts/pfbid0LfC4vn6weSLuYpAHPLu1gyRV4JZ2DFFNxq5AuCQMVU7yqd7NK3fd4f5ZMvB5KjSXl,,30-07-2026 07:08
1.2405E+15,BarbequeNation,"A special offer for the masterminds who power our world. This Engineer’s Day, step out for an unlimited celebration and enjoy our special 4+1 offer: Pay for 4 pax and the 5th eats FREE.

Offer valid on 15th & 16th September.

[Barbeque Nation, BBQN, Unlimited, Engineers day, Special offer, Celebration]",2025-09-14T12:03:33.000Z,19,,0,6918,1576,https://www.facebook.com/reel/1839595256995864/,,30-07-2026 07:08
1.23855E+15,BarbequeNation,"Can't pick between your favourite street food dishes? Enjoy them all unlimited at Khau Galli, till 21st September, 2025 at your nearest Barbeque Nation. 

[ Barbeque Nation, BBQN, Unlimited, Khau galli, Street Food Festival, Chaat ]",2025-09-12T04:53:45.000Z,29,6,2,8864,2740,https://www.facebook.com/reel/1493141098364210/,,30-07-2026 07:08
1.23695E+15,BarbequeNation,"Pav bhaji lovers, unite in the comments below.  

Whether you’re team extra butter, team spicy bhaji, or team ‘just one more pav,’ this one’s for you. 

Book your table to enjoy your favourite dish unlimited at your nearest Barbeque Nation.

[ Barbeque Nation, BBQN, Unlimited, Chaat Paglus, Khau Gali, Street Food Festival]",2025-09-10T09:39:33.000Z,37,11,0,,,https://www.facebook.com/BarbequeNation/posts/pfbid022at9v9W8oBmK531CX8xwKX2D3fE9aAsS5bA3fkLzxf8Dzhzcd86np5nq3LUCYqPil,,30-07-2026 07:08
1.23601E+15,BarbequeNation,"Chaatpaglus, this is your ultimate dream come true! All your favourite street food dishes, right from samosa chaat to pav bhaji, from tandoori momos to jalebi rabri, get everything under one roof, all unlimited.

Only at Barbeque Nation’s Khau Galli, till 21st Sep, 2025.

[ Barbeque Nation, BBQN, Unlimited, Street Food Festival, khau Gali]",2025-09-09T07:52:46.000Z,180,53,8,,,https://www.facebook.com/BarbequeNation/posts/pfbid0SoSD57gspz8gWvvmc4B18UeVWJyYqWSdZAz6nKB7fdnYVjXWaEH2TXN2D9pZp2ebl,,30-07-2026 07:08
1.23588E+15,BarbequeNation,"Chaatpaglus, this is your ultimate dream come true! All your favourite street food dishes, right from samosa chaat to pav bhaji, from tandoori momos to jalebi rabri, get everything under one roof, all unlimited.

Only at Barbeque Nation’s Khau Galli, till 21st Sep, 2025.

[ Barbeque Nation, BBQN, Khau Galli, India’s biggest street food festival, Unlimited]",2025-09-09T05:14:10.000Z,350,98,13,,,https://www.facebook.com/BarbequeNation/posts/pfbid02RZFE8hGauRfrFqGHVYXmQRTNFekZ64oJdXVsDd15Bo4KfhHVfMh77vVMLrohq5ugl,,30-07-2026 07:08
1.23502E+15,BarbequeNation,"From samosa chaat to butter chicken tikka, from pav bhaji to jalebi rabri, it’s all coming together at Barbeque Nation’s Khau Galli.
All your street food favourites, unlimited and under one roof, waiting just for you.
From 6th – 21st Sep, 2025. 

Book your tables and enjoy with your gang of foodies.

[ Barbeque Nation, BBQN, Street Food Festival, Unlimited, Khau Gali, Chaat ]",2025-09-08T05:25:11.000Z,23,,1,8639,1960,https://www.facebook.com/reel/1466339151316192/,,30-07-2026 07:08
1.23418E+15,BarbequeNation,"Grandparents made sure we always had second helpings (sometimes even third). That was their way of showing love. Now it’s our turn to spoil them

This Grandparents’ Day, let’s celebrate their endless love with endless flavours.
Bring them over for an unlimited feast they truly deserve! 

[ Barbeque Nation, BBQN, Grandparents day, Celebration ]",2025-09-07T04:02:39.000Z,12,1,0,,,https://www.facebook.com/BarbequeNation/posts/pfbid027n5qh74ZEjKwRw3rWb5tSg89AJpknpGD6UKzfkgXPxhguJcwScBBv4aMwLTKHuecl,,30-07-2026 07:08
1.23347E+15,BarbequeNation,"Street food lovers… the wait is finally over. From keema pav to pav bhaji, jalebi to chaats; the kings of street food are all coming together at Khau Galli, India’s biggest street food festival for the Chaatpaglus. 

From 6th – 21st Sep, 2025. 

Go on, book your tables and let the binge begin.

[Barbeque Nation, BBQN, Street Food, Chaat paglus, Khau Gali, Food Festival]",2025-09-06T05:48:35.000Z,15,,2,6505,1079,https://www.facebook.com/reel/24708111565480338/,,30-07-2026 07:08
1.23264E+15,BarbequeNation,"From classrooms to kitchens, teachers come in many forms.  We’re grateful to every mentor, guide, friend  and even our favourite dishes for shaping us into better versions of ourselves and and teaching us how to handle life’s flavours and twists.
Here’s to all our teachers, on and off the table.  Happy Teachers’ Day!

[ Barbeque Nation, BBQN, Teachers' day ]",2025-09-05T07:01:12.000Z,35,1,2,,,https://www.facebook.com/BarbequeNation/posts/pfbid027bvnXVWcjopM9JjTUTVv4fPs3m9GeZUrdQprp8YDcUEyEAVUa94srs77BXdnj1q1l,,30-07-2026 07:08
1.23251E+15,BarbequeNation,"This Onam, let abundance find its way to your table and your heart. Wishing you prosperity, joy, and togetherness in every moment.

[Barbeque Nation, BBQN, Onam, Festive, Celebration, Unlimited, Togetherness]",2025-09-05T03:16:49.000Z,26,,1,5331,803,https://www.facebook.com/reel/768028872592879/,,30-07-2026 07:08
1.23177E+15,BarbequeNation,"If your evenings feel incomplete without street food, and gossip… this festival’s for you.

Coming soon. 

[ Barbeque Nation, BBQN, Street Food Festival, Chaat Paglus ]",2025-09-04T05:33:28.000Z,20,,9,,,https://www.facebook.com/BarbequeNation/posts/pfbid022qxJBMJ8kTCp2dqLosDZxBMsU5r8jGbBvcoGMmvqEwJNvC1JGAVwHzeXQyN1cL6Tl,,30-07-2026 07:08
1.23012E+15,BarbequeNation,"Can't get enough of your favourite street food dishes? This food festival is made for you.
Stay tuned!

[ Barbeque Nation, BBQN, Street Food, Coming soon ]",2025-09-02T04:51:40.000Z,22,1,1,7352,1745,https://www.facebook.com/reel/1461664525035992/,,30-07-2026 07:08
1.22938E+15,BarbequeNation,"Teachers, this is your day to step out of the classroom and into a celebration. ✨
This Teachers’ Day, celebrate the 137th birth anniversary of Dr. Sarvepalli Radhakrishnan over unlimited grills. Come together with colleagues, friends, and fellow mentors and enjoy ₹137 off per person. 

Offer valid from 1 - 4 September. 

Book your table now.

[ Barbeque Nation, BBQN, Unlimited grills,  Teachers day, Celebration  ]",2025-09-01T07:03:02.000Z,9,,4,,,https://www.facebook.com/BarbequeNation/posts/pfbid031oZS242bvvYKwC4N7vJbWYPNLRRGuGzpuiLYZ7yNaDDN141CpFZQgcQ83KMTbxzLl,,30-07-2026 07:08
1.22861E+15,BarbequeNation,"This is your chance to give back to your grandparents, for all the stories, support and unlimited love. 

This Grandparents’ Day, take them out for an unlimited feast.

Senior citizens aged 60 and above dine at just ₹499 at Barbeque Nation. 

Offer valid from 1 - 7 September. 

Book your table now.

[ Barbeque Nation, BBQN, Grandparents Day, Unlimited food, Offer, Family]",2025-08-31T07:16:12.000Z,40,4,3,,,https://www.facebook.com/BarbequeNation/posts/pfbid0ZFhSWRXRWZounEpZCii1rH6Ked4pwGjt1fCZi52dfXT38DBc96sVeJ4jep9zgLM3l,,30-07-2026 07:08
1.22859E+15,BarbequeNation,"This is your chance to give back to your grandparents, for all the stories, support and unlimited love. 

This Grandparents’ Day, take them out for an unlimited feast.

Senior citizens aged 60 and above dine at just ₹499 at Barbeque Nation. 

Offer valid from 1 - 7 September. 

Book your table now.

[Barbeque Nation, BBQN, Grandparents Day, Festive]",2025-08-31T06:50:54.000Z,28,9,8,,,https://www.facebook.com/BarbequeNation/posts/pfbid02nrJYGfZqqVwJpk2cHk6JvSi4BKHe575Ct6gMoKA6WApXDyqm6aQ3GYHaJdswMDF5l,,30-07-2026 07:08
1.22687E+15,BarbequeNation,"This festive season, skip the prep and dive straight into the celebration.

With Barbeque in a Box, get your favourite smoky starters, mains and desserts— all packed fresh and delivered to your door.

[Barbeque Nation, BBQN, Celebration, Barbeque in a Box]",2025-08-29T04:49:35.000Z,36,2,0,,,https://www.facebook.com/BarbequeNation/posts/pfbid0e4BcfE6irLXN6D36LJpDpj3um1jzNZBJ1CRECHrrFZnxUB7jEBe57dQo9UK6p5Qbl,,30-07-2026 07:08
1.22501E+15,BarbequeNation,"As we welcome the beloved guest home, may Lord Ganesha bless us with joy, prosperity, and sweet moments to cherish. Happy Ganesh Chaturthi!

[ Barbeque Nation, BBQN, Ganesh Chaturthi, Festive]",2025-08-27T03:01:34.000Z,48,3,0,,,https://www.facebook.com/BarbequeNation/posts/pfbid0mZAgNTD4YuUgCVNgrdL1EHQQxiJKpSekQ2meEhXn91D2QDQNswV56dUXrVceyjC8l,,30-07-2026 07:08
1.22419E+15,BarbequeNation,"This Onam calls for a feast full of your favourite grills, with your loved ones by your side. 

Go on, book your table and make some flavourful memories this festive season. 

[ Barbeque Nation, BBQN, Onam, Festive season, Grills ]",2025-08-26T05:39:42.000Z,24,1,0,,,https://www.facebook.com/BarbequeNation/posts/pfbid0dvYDs3GVsA4dgziotvgdfxANx9iBDCQuin9smRGhW7sY59pKXZLfXJzJTokcRHRYl,,30-07-2026 07:08
1.22251E+15,BarbequeNation,"Juicy? Check.
Perfectly grilled? Check.
Totally unmissable? Absolutely.
Eat them unlimited, only at Barbeque Nation

[ Barbeque Nation, BBQN, Unlimited]",2025-08-24T06:59:05.000Z,40,13,0,,,https://www.facebook.com/BarbequeNation/posts/pfbid02gVHKmrKNschbeXV5354g12z8HtqEKxmHtxEHDZNsxsiQzo5kVRK5LWr8tRPz22LGl,,30-07-2026 07:08
1.22179E+15,BarbequeNation,"This isn’t your everyday biryani. It’s the kind that lingers in your memory, and haunts your cravings until the next visit.

Come over and enjoy it to your heart's content. Book your table and enjoy

[Barbeque Nation, BBQN, Cravings ]",2025-08-23T09:58:27.000Z,16,2,1,8910,1331,https://www.facebook.com/reel/1338336088295553/,,30-07-2026 07:08
1.22103E+15,BarbequeNation,"Introducing 10+10 Super Starters. 

From timeless classics to your all-time favourites, this spread of 10 veg + 10 non-veg starters is packed with bold flavours.

Book your table now to enjoy these unlimited. 

[Barbeque Nation, BBQN, Super Starters, Unlimited ]",2025-08-22T11:50:03.000Z,20,4,8,11056,2430,https://www.facebook.com/reel/695418650206593/,,30-07-2026 07:08
1.21917E+15,BarbequeNation,"Remember the last time you met your gang laughed till your stomach hurt? 

Maybe it’s time to make some new memories.

Tag your OG gang — it’s catch-up o’clock. The table’s waiting.

[Barbeque Nation, BBQN, Catch-up]",2025-08-20T10:55:15.000Z,25,2,0,7521,1597,https://www.facebook.com/reel/1342892977186704/,,30-07-2026 07:08
1.21825E+15,BarbequeNation,"Ragi Pani Puri has entered the chat!
Same chatpata flavour, with a guilt-free glow up. 

Binge unlimited. Regret nothing.
Only at Barbeque Nation.

[Barbeque Nation, BBQN, Ragi pani puri, Unlimited]",2025-08-19T09:18:18.000Z,22,,1,7977,1961,https://www.facebook.com/reel/774423341948913/,,30-07-2026 07:08
1.21561E+15,BarbequeNation,"Wishing you a day filled with love, laughter, and flavours as sweet as Krishna’s charm. Happy Janmashtami.

[ Barbeque Nation, BBQN, Janmashtami]",2025-08-16T05:01:48.000Z,19,,1,,,https://www.facebook.com/BarbequeNation/posts/pfbid023vXnXUkzhuHmyhHj9NgdYLUF8F3FZAGyk6omj1nCEA9yEsTRdMatkyPy7w2M6WGXl,,30-07-2026 07:08
1.21496E+15,BarbequeNation,"When everyone’s at the table, there’s only one language — the language of food. This Independence Day, let’s celebrate the flavours that unite us and the freedom to feast together.

[buffet dining, live grill, unlimited food, family dining, group celebrations, authentic Indian flavours, BBQ experience, foodie moments, flavourful dishes, dining together]",2025-08-15T10:41:33.000Z,40,,2,9752,2890,https://www.facebook.com/reel/1308681304109051/,,30-07-2026 07:08
1.21418E+15,BarbequeNation,"Freedom brought us together, but it’s the flavours from every corner of India that keep us one. They may change every few miles, yet the warmth and joy of sharing a meal never fade.

This Independence Day, we celebrate not just our unity, but these flavours that keep us united. 

Happy Independence Day.",2025-08-14T14:00:37.000Z,114,12,30,15509,4216,https://www.facebook.com/reel/1593941758676889/,,30-07-2026 07:08
1.2124E+15,BarbequeNation,"Pani Puri got a glow-up.

Say hello to Ragi Pani Puri at Barbeque Nation. Your favourite chaat with a healthy crunch. 
And yes, it’s unlimited. 😋

[ Barbeque Nation, BBQN, Ragi pani puri, unlimited ]",2025-08-12T12:46:01.000Z,26,7,1,,,https://www.facebook.com/BarbequeNation/posts/pfbid0zC5QNZEaqXqkfx3cTtY4K2y9C1E84nz4oHyZwotPu4PHkHhUkdrdX9AV29DG8WNel,,30-07-2026 07:08
1.20942E+15,BarbequeNation,"This Rakshabandhan, keep the roasting to the grill. Come over with your siblings and enjoy unlimited, at Barbeque Nation.

[ Barbeque Nation, BBQN, Raksha bandhan, Siblings, Unlimited ]",2025-08-09T02:58:27.000Z,30,12,1,,,https://www.facebook.com/BarbequeNation/posts/pfbid02jyea7Pqm9FBMCUE96xJb9wf8octr7A34RL6gaLFZhrf9oUyj3xGYEBU8KfwPioTJl,,30-07-2026 07:08
1.20689E+15,BarbequeNation,"This Rakshabandhan, call a truce. 

No nok-jhok, no fights over the remote, or what to order. Just come over,  enjoy your favourite tikkas and celebrate your bond. 

[ Barbeque Nation, BBQN, Rakshabandhan, Togetherness ]",2025-08-06T10:19:43.000Z,25,6,0,,,https://www.facebook.com/BarbequeNation/posts/pfbid09oNpHzYfjoeQTzsKtV5Agt8uBDP1ZksKsVdQs2oJU5SxnTcFNhuED9thwB3dSB5pl,,30-07-2026 07:08
1.2061E+15,BarbequeNation,"Tag that friend who says they’ll just “taste a little” and ends up enjoying everything. Bring them along for your next visit to Barbeque Nation. We’ll ensure that the food’s unlimited. 

[Barbeque Nation, BBQN, Unlimited]",2025-08-05T11:32:43.000Z,49,3,1,14025,6278,https://www.facebook.com/reel/2167225470413347/,,30-07-2026 07:08
1.2042E+15,BarbequeNation,"From the fiery drama queen to the reliable wingman, every squad is full of flavours. This Friendship Day, gather everyone on one table and enjoy unlimited drama, laughter, and food.

Btw… who’s who in your gang? Tag them all in the comments.

[Barbeque Nation, BBQN, Friendshipday]",2025-08-03T08:14:48.000Z,25,6,0,9037,1980,https://www.facebook.com/reel/1417954782754042/,,30-07-2026 07:08
1.20275E+15,BarbequeNation,"Can’t agree on one place that satisfies everyone’s cravings? Plan your catch-up at Barbeque Nation.Tag your gang, unlimited grills and unlimited fun await!",2025-08-01T13:33:57.000Z,27,6,1,9166,1488,https://www.facebook.com/reel/1520826109295019/,,30-07-2026 07:08
1.20154E+15,BarbequeNation,"From smoky grills to flavour-packed bites, this trio sets the tone for a feast to remember.
Ready for your feast? Book your table right away at ️Barbeque Nation.

[ Barbeque Nation, BBQN, Grills, Feast]",2025-07-31T06:07:04.000Z,36,2,2,,,https://www.facebook.com/BarbequeNation/posts/pfbid0BcyzuD1qK46QHwKf5y9MEJLBH7i893hX4f1pVAuCGUFKoxJzQCCExoz9VVXCNQoel,,30-07-2026 07:08
1.20002E+15,BarbequeNation,"Extra juicy, extra fiery and extra hard to resist. Our Chicken Tangdi doesn’t just show up, it steals the spotlight. Go on, book your table and enjoy it unlimited.",2025-07-29T10:07:02.000Z,34,11,2,,,https://www.facebook.com/BarbequeNation/posts/pfbid0oXWbbt4CPhr413FzWjx2SoAyR3vpQPNLGYD3oJSvaKdXdC76fsBWc1wDUnkUU6pdl,,30-07-2026 07:08
1.19914E+15,BarbequeNation,Grateful for all the love that's been coming our way! Your reviews keep us going strong. What’s do you love the most about Barbeque Nation? Let us know in the comments.,2025-07-28T09:06:18.000Z,19,6,0,,,https://www.facebook.com/BarbequeNation/posts/pfbid02GjpETbr1MEPJvybWqQEQjxNfYfKLcqH3zgAcqcLRXPn51SjBqZE1WbgcE6rH7hTRl,,30-07-2026 07:08
1.19689E+15,BarbequeNation,"They've spent their lives pampering you
with unlimited love and everything you've
wished for. This Parents' Day, treat them
to unlimited grills and a free cake on the
house.

Because nothing says love like great food
and thoughtful moments.

[Barbeque Nation, BBQN,Unlimited fest, Parents day ]",2025-07-25T13:10:37.000Z,31,2,0,,,https://www.facebook.com/BarbequeNation/posts/pfbid02YtWYmtCyyV5GZojbaZqhcMCfbyZxjkPVZxBMUhXkTv3baYdBLk7qfqPqQoHu3kn2l,,30-07-2026 07:08
1.19429E+15,BarbequeNation,"From grills to gravies, our coolers are here to keep the balance just right. Don’t forget to get these cool sips as you enjoy your next meal at Barbeque Nation

[Barbeque Nation, BBQN, Coolers]",2025-07-22T10:48:54.000Z,33,2,2,10377,1664,https://www.facebook.com/reel/1021577546853838/,,30-07-2026 07:08
1.19336E+15,BarbequeNation,"@_mp_10127
The party ended but the energy’s still high!
Your work-gang didn’t just show up, they turned our Paras One33 Mall outlet in Noida into a mini-concert. Glad we could be your hangout spot and a part of the memories. Waiting to host you again soon.",2025-07-21T07:29:15.000Z,46,,2,12577,4239,https://www.facebook.com/reel/719018001023597/,,30-07-2026 07:08
1.19127E+15,BarbequeNation,"@remysinns__ @heyitsbrizzy @kevin.clemenceau just.curtis__ @kelvin_sinje your crew brought the moves, the laughs, the love and made the night super memorable at our Greater Noida Beta 2 location! Thanks for celebrating your college graduation with us. Here’s to more fun and celebrations to come!",2025-07-18T13:58:35.000Z,31,1,2,10692,2504,https://www.facebook.com/reel/1443357036890973/,,30-07-2026 07:08
1.19035E+15,BarbequeNation,"@smrsharma @pgk_preeti We absolutely loved hosting your crew at our Vasant Kunj, Delhi restaurant. We hope every bit of your get-together was as special as you imagined. Here's to more epic moments, unfiltered fun and celebrations!",2025-07-17T10:08:44.000Z,44,2,3,13673,5703,https://www.facebook.com/reel/1381406226276602/,,30-07-2026 07:08
1.1876E+15,BarbequeNation,"Rains, grills, and good company, that's monsoon done right. Go on, book your table and make some unforgettable memories this season. 

[Barbeque Nation, BBQN, Monsoon,Grills]",2025-07-14T04:06:18.000Z,27,2,1,,,https://www.facebook.com/BarbequeNation/posts/pfbid02gKLuwQdtPiE5fU7NC6Vgm3oku17iQHka95Vp8LaC98GNef4BPd5vAtMZvjWQUuxal,,30-07-2026 07:08
1.186E+15,BarbequeNation,"Turn rainy days into sizzling memories ☔🔥 Ditch the usual coffee dates and bond over smoky grills and laughter at Barbeque Nation.

Book your table now 

 [Barbeque Nation, BBQN, MonsoonMood GrillAndChill, CoupleGoals]",2025-07-12T03:26:42.000Z,28,5,3,,,https://www.facebook.com/BarbequeNation/posts/pfbid0YJz1itQLQ2wdpb1go9Byc6j8HKa9c61YdfvoPU7toBFZwewE1LjEE7SMU7L4Jc1al,,30-07-2026 07:08
1.18471E+15,BarbequeNation,"This party was unforgettable.

It was an absolute pleasure to host your gang at our Vasant Kunj, Delhi restaurant. We hope we were able to make your get together a bit extra special. Here's to many more!",2025-07-10T16:22:15.000Z,52,1,5,16429,7341,https://www.facebook.com/reel/1748617365739263/,,30-07-2026 07:08
1.18311E+15,BarbequeNation,"Last call, chicken lovers! The Kukkad Carnival ends in just 2 days.

Feast unlimited on 16+ mouthwatering chicken dishes before it's gone.

Book your table right away.

[Barbeque Nation, BBQN, Chicken, Unlimited, Kukkad Carnival ]",2025-07-08T14:46:44.000Z,60,26,2,,,https://www.facebook.com/BarbequeNation/posts/pfbid0NwE8B3DZtHpPUmDzyj4Zyh4KoeodmUaMFdNAHqTPcbA66rwt5Ja9xB3MtrxCxS2nl,,30-07-2026 07:08
1.18227E+15,BarbequeNation,"Fresh off the stove and onto your plate, 16+ chicken dishes, with unlimited servings. Don't miss the feast!

Serving till 10 July at the Kukkad Carnival at your nearest Barbeque Nation.

Available at most outlets with some exceptions

[Barbeque Nation, BBQN, Kukkad Carnival,
Chicken, Unlimited]",2025-07-07T12:48:10.000Z,31,,1,9848,3418,https://www.facebook.com/reel/1247715133066985/,,30-07-2026 07:08
1.18141E+15,BarbequeNation,"Some dishes don’t need an introduction—just instincts. Think you know this one?
Drop your guess in the comments and tag your foodie squad.

[Barbeque Nation, BBQN,  guess the dish, Food lovers ]",2025-07-06T12:52:52.000Z,19,14,1,,,https://www.facebook.com/BarbequeNation/posts/pfbid0jZ5TtFZjXiZYxREqubJyuRuFCQQLfFAzLgi24piTcVttv25YYBAEUxPG87C1gkYnl,,30-07-2026 07:08
1.18071E+15,BarbequeNation,"Cancerians, we’re all set to make your birthday unforgettable! 

With unlimited food, fun, and celebrations, Barbeque Nation is here to turn your big day into a flavour-packed memory.

Book your table and celebrate your birthday the Barbeque Nation way.

[Barbeque Nation, BBQN, Birthday celebration, Unlimited food ]",2025-07-05T15:03:02.000Z,152,14,4,24790,11188,https://www.facebook.com/reel/1013082540904867/,,30-07-2026 07:08
1.17972E+15,BarbequeNation,"Fresh off the stove and onto your plate, 16+ chicken dishes, with unlimited servings. Don’t miss the feast! 

Serving till 10 July at the Kukkad Carnival at your nearest Barbeque Nation.

[Barbeque Nation, BBQN, Kukkad Carnival, Chicken, Unlimited]",2025-07-04T11:54:48.000Z,34,7,2,12441,2869,https://www.facebook.com/reel/1037783321866387/,,30-07-2026 07:08
1.17896E+15,BarbequeNation,"Calling all queens! It’s time to laugh louder, eat better, and host a kitty party like never before. Only at Barbeque Nation! 

Available in select few outlets

[Barbeque Nation, BBQN, Kitty party, Celebrate]",2025-07-03T13:40:18.000Z,14,1,1,,,https://www.facebook.com/BarbequeNation/posts/pfbid0yVZSnbsJFY8bpppjT3F4jCWQzbmF11D5Q8Ap8ATJTMNsV3KmNostpgMCAfr2N4eql,,30-07-2026 07:08
1.17816E+15,BarbequeNation,"Chicken lovers, don't miss out on this festival. Dive into your favourite chicken dishes at Kukkad Carnival at Barbeque Nation.

Book your table before 10 July and enjoy 16+ chicken dishes, all unlimited

Available at most outlets with some exceptions

[ Barbeque Nation, BBQN, Kukkad Carnival, Chicken, Unlimited]",2025-07-02T15:47:29.000Z,114,19,1,,,https://www.facebook.com/BarbequeNation/posts/pfbid029oGRSZtjNxFZLwiborM8srTpKss8ZrmN8U3fqwD6LwRyzKXwcNrJr3wUgs8ayttgl,,30-07-2026 07:08
1.17719E+15,BarbequeNation,"Craving chicken? Dive into endless
seryings of your favorite, chicken dishes
and more af the Big Buffet at Barbeque
Nation.

Available at most outlets with some exceptions

[Barbeque Nation, BBQN, Chicken,Big Buffet, Unlimited]",2025-07-01T12:39:00.000Z,28,2,1,,,https://www.facebook.com/BarbequeNation/posts/pfbid07uHxRhmqwkCTANfMxLd4p49Zofj3WwdBXQ3ZPzWK5mmdS7YGfo63THUfSiRySUZml,https://www.barbequenation.com/promotions,30-07-2026 07:08
1.17616E+15,BarbequeNation,"Time's running out, chicken lovers!⏰️
Kukkad Carnival at Barbeque Nation will end on 10 July, 2025. Don't miss out on this chance to feast on the juiciest,crispiest, most finger-licking chicken dishes
Book your table now to enjoy this special menu before it's gone!

Available at most outlets with some exceptions.

[Barbeque Nation, BBQN,  Chicken Celebration, Kukkad Carnival, Unlimited ]",2025-06-30T08:46:06.000Z,35,9,2,,,https://www.facebook.com/BarbequeNation/posts/pfbid0bHyPX9YSmstA4khYzA997xqzUTtDkytRZE96zDbQPdi21Rxz622S2RpCQXakBgkcl,,30-07-2026 07:08
1.1745E+15,BarbequeNation,"How many starters are too many starters?
At Kukkad Carnival, the answer's always: not enough.

Dig into 10+ chicken starters at the unlimited chicken celebration. Go on, book your table before 10 July, 2025 to enjoy.

Available at most outlets with some exceptions.

[Barbeque Nation, BBQN, Unlimited, Kukkad Carnival ]",2025-06-28T06:30:27.000Z,60,8,3,,,https://www.facebook.com/BarbequeNation/posts/pfbid02zSGp6v6Dw41rBWUWaXpT1AK95em5MoZfm8EBpX9tPxoNYR1YFeTFqTWRk4vKtJVAl,,30-07-2026 07:08
1.17385E+15,BarbequeNation,"This is your sign to book your seats to Kukkad Carnival. Where an Unlimited chicken buffet with 16 sizzling dishes
including wings, biryani, tangdis & more
await.

Go on, enjoy before 10 July.

[Barbeque Nation, BBQN, Kukkad Carnival,  Chicken Celebration, Unlimited]",2025-06-27T11:12:12.000Z,30,,2,,,https://www.facebook.com/BarbequeNation/posts/pfbid0XMPusjF3rizjoo8iSyviZtiywsX6qaJEMpWyCNdNzduYGiUfDdaW1a88xceEHTssl,,30-07-2026 07:08
1.17202E+15,BarbequeNation,"Weekday meals just got legendary with bold, unlimited prices and buffet prices so low, everyone will be racing to grab the bill. 
Book your table now at Barbeque Nation!

[Barbeque Nation, BBQN, Weekday meal, Unlimited, Buffet]",2025-06-25T09:36:31.000Z,36,5,0,12153,3057,https://www.facebook.com/reel/671143582622640/,,30-07-2026 07:08
1.17035E+15,BarbequeNation,"Tag a Chicken paglu and remind
them that to not miss out on
the unlimited chicken celebration - Kukkad
Carnival!

Feast on 16 mouthwatering chicken
dishes--unlimited,
unbeatable, and unapologetically delicious.

Book before 10 July!

Available at most outlets with some exceptions.

[Barbeque Nation, BBQN, Chickenpaglu, unlimited,
Kukkad Carnival]",2025-06-23T11:53:32.000Z,33,5,0,12088,3492,https://www.facebook.com/reel/730566449331202/,,30-07-2026 07:08
1.16767E+15,BarbequeNation,"Chicken lovers, how many of these fiery, flavour-packed drumsticks can you eat in one go?  

Go on, take the challenge at the nearest store before 10 July, 2025  and drop your answers in the comments below!

[ Barbeque Nation, BBQN, Challenge , Chicken lovers ]",2025-06-20T07:39:15.000Z,15,1,0,,,https://www.facebook.com/BarbequeNation/posts/pfbid02LAU9DVM9tfbWLE2cAU3n6aCMxf5wPU5NL17nKsQp51EXmE1iE348SVCZLY3qR4Xwl,,30-07-2026 07:08
1.16684E+15,BarbequeNation,Send this to a friend whose birthday is in June and let them know that you’re waiting for legendary celebration at Barbeque Nation.,2025-06-19T08:14:15.000Z,32,3,0,12757,3989,https://www.facebook.com/reel/723749520520064/,,30-07-2026 07:08
1.16131E+15,BarbequeNation,"From crispy Chicken Strips to smoky Tandoori Tangdi, Malai Skewers, and more — we have everything to manage your chicken cravings. 

At the Kukkad Carnival at Barbeque Nation, serving from June 10 to July 10, 2025. 

Book your table now to enjoy!

Available at most outlets with some exceptions.",2025-06-12T13:27:45.000Z,29,5,1,18071,3799,https://www.facebook.com/reel/1004362221510164/,,30-07-2026 07:08
1.1603E+15,BarbequeNation,"The grills are hot, the vibe’s fun, and the chicken? UNLIMITED! 

The Kukkad Carnival is officially LIVE — from June 10 to July 10, 2025 at your nearest Barbeque Nation. Get ready for juicy bites, grilled delights, and full-on chicken madness.

Book your table now to enjoy! 

Available at most outlets with some exceptions.",2025-06-11T10:54:17.000Z,82,8,7,27857,8428,https://www.facebook.com/reel/657520913957063/,,30-07-2026 07:08
1.15924E+15,BarbequeNation,"Chicken lovers , get ready for the Unlimited Chicken Celebration! 

Introducing Kukkad Carnival at Barbeque Nation. Indulge in unlimited crispy wings, grilled delights, tangdis, tikkas, biryani, and 16 other mouth-watering chicken dishes. 

Book your table now to enjoy! 

Available at most outlets with some exceptions.",2025-06-10T07:42:55.000Z,104,15,16,,,https://www.facebook.com/BarbequeNation/posts/pfbid0xr6o3rMVyxGXshEoNe6fAh6AXKZzcjFePArYGU3eYsceRG8UV7Bs8F5yb7iM2esDl,,30-07-2026 07:08
1.15869E+15,BarbequeNation,"No spoilers, but let’s just say your taste buds are in for a party. It’s going to be chicken like you’ve never seen. And surprises that'll have you saying ""Waaah!""
Stay tuned. The Carnival gates open soon.",2025-06-09T14:33:25.000Z,21,4,1,11055,1714,https://www.facebook.com/reel/1421474222241592/,,30-07-2026 07:08
1.15852E+15,BarbequeNation,"Your favourite Celebration Destination just earned another title!  

We’re thrilled to be crowned Best BBQ Restaurant in West India at the 8th Food Connoisseurs India Awards. 
Here’s to adding more flavours and fun to your celebrations.",2025-06-09T10:47:49.000Z,43,8,4,,,https://www.facebook.com/BarbequeNation/posts/pfbid02s8yWMNjmaFTvkkjyyUXg71hyvTm7Ybh1qgAB3fQAFz2rYqBnpr9APTy563QdJG9zl,,30-07-2026 07:08
1.15664E+15,BarbequeNation,"The grills are hot, the flavours are bold, and your seat’s waiting. This Bakri Eid, continue the celebrations with a feast and the ones who matter the most.

Book your table now!",2025-06-07T03:58:29.000Z,27,3,0,,,https://www.facebook.com/BarbequeNation/posts/pfbid0NUuZUxgnJkVvwAmoAeT2asmzYmqSXjZPVvrTcfPmEpJZNmZuF64mP1aRWq25DqDal,,30-07-2026 07:08
1.15541E+15,BarbequeNation,"Calling all the grill lovers in Hyderabad! 

Barbeque Nation is now open at Aparna Neo Mall, 3rd Floor, and the feast is waiting!

Get ready to dive into sizzling starters, smoky grills, and an all-you-can-eat spread that never ends!",2025-06-05T13:58:35.000Z,39,4,5,13633,4864,https://www.facebook.com/reel/664295206666801/,,30-07-2026 07:08
1.1552E+15,BarbequeNation,"It’s the last day to savour our special mango menu!

Don’t miss out on your favourites. Reserve your table now for the ultimate feast.",2025-06-05T08:47:13.000Z,17,,0,,,https://www.facebook.com/BarbequeNation/posts/pfbid0MqLdEUhQnc59LQdx7Q63VYSvkYg6KpnNU4Ft7mo85d5bymGLpRJy21HJkhjjppHkl,,30-07-2026 07:08
1.15471E+15,BarbequeNation,"Bengaluru, we're turning up the heat! 

Barbeque Nation has arrived at the 4th Floor, Garuda Mall, Magrath Road, serving a sizzling, unlimited experience like never before. Gather your squad and dive into a feast that promises flavourful memories at the unlimited celebration destination!",2025-06-04T16:01:20.000Z,33,1,0,11146,4203,https://www.facebook.com/reel/998171942120688/,,30-07-2026 07:08
1.1547E+15,BarbequeNation,"Bengaluru, we're turning up the heat! 

Barbeque Nation has arrived at the 4th Floor, Garuda Mall, Magrath Road, serving a sizzling, unlimited experience like never before. Gather your squad and dive into a feast that promises flavourful memories at the Ultimate Celebration Destination!",2025-06-04T15:58:58.000Z,21,,4,6655,1285,https://www.facebook.com/reel/723213790161660/,,30-07-2026 07:08
1.15307E+15,BarbequeNation,"Bangalore, the grill just got hotter! Barbeque Nation is now open at Garuda Mall, bringing you unlimited flavours, fiery grills, and the ultimate dining experience. Gather your friends, family and come indulge in a celebration of taste like never before. 

Your new favourite food spot is ready to serve, see you there! ✨",2025-06-02T15:16:05.000Z,32,1,0,10016,2193,https://www.facebook.com/reel/727407043141866/,,30-07-2026 07:08
1.14739E+15,BarbequeNation,"Looking to get some extra discounts on your next meal at Barbeque Nation? Just pay for your dine in or delivery order through our app/website and earn 5% back as Smiles Coins—each worth ₹1.

It’s that easy!",2025-05-26T14:14:11.000Z,23,1,0,17200,2201,https://www.facebook.com/reel/685476834085648/,,30-07-2026 07:08
1.14582E+15,BarbequeNation,"Phirni, chutneys, dips, and more—mango madness has officially taken over Barbeque Nation! 

Savour it all before it disappears.

*Available at select restaurants till 5th June 2025*",2025-05-24T13:37:14.000Z,23,,0,18860,2211,https://www.facebook.com/reel/569339569157774/,,30-07-2026 07:08
1.14248E+15,BarbequeNation,"Mango lovers, assemble! Barbeque Nation’s menu is bursting with golden goodness. 
Head over for the ultimate indulgence of the season.",2025-05-20T12:14:57.000Z,38,,0,27849,3435,https://www.facebook.com/reel/1029536788849243/,,30-07-2026 07:08
1.13932E+15,BarbequeNation,"It’s time to make summer vacations more fun. Let your kids discover the joy of grilling, indulge in endless treats, and create sizzling memories they’ll never forget at Barbeque Nation.",2025-05-16T12:20:48.000Z,32,,1,21491,2741,https://www.facebook.com/reel/1219559452877027/,,30-07-2026 07:08
1.13819E+15,BarbequeNation,"This Family Day, bring the entire family on one table at Barbeque Nation. Celebrate with live grills and an unlimited feast.",2025-05-15T03:38:35.000Z,389,4,3,,,https://www.facebook.com/BarbequeNation/posts/pfbid02jkSAE7A8efe6hdFipfSz3ncAWxoxSVB58BRMRj35WH2oz4wKYu5CgnFqxBmJsyz2l,https://www.barbequenation.com/,30-07-2026 07:08
1.13552E+15,BarbequeNation,"Think you know your mom? Take this fun challenge and comment with your answers below.

#HappyMothersDay #KnowTheRealHer",2025-05-11T13:19:07.000Z,18,17,2,,,https://www.facebook.com/BarbequeNation/posts/pfbid02CNmvW28CKKDsGuL58kAuNGs96G8grzVDZb8XswBVts1Txs7824NhNV7HR7JdHoebl,,30-07-2026 07:08
1.13375E+15,BarbequeNation,"She knows every little detail about us - our favourite foods, our unspoken feelings, our quiet habits. But how much do we truly know about her? 
This #MothersDay, Barbeque Nation invites you to pause and look beyond the role of “Mom” to discover the woman she has always been. Let’s take a moment to explore her world, her dreams, her quirks, her stories, and the life she lived before we ever called her mother. 

Join us and get to #KnowTheRealHer",2025-05-09T03:23:21.000Z,3073,11,62,4292125,1563512,https://www.facebook.com/reel/1391140435538016/,https://www.facebook.com/reel/1391140435538016/,30-07-2026 07:08
1.12991E+15,BarbequeNation,"Send this to your office gang and let them know that it's time to put plans into action! 
Enough of cancelling - head over to enjoy unlimited starters, live grills, mains, and more!",2025-05-04T13:58:22.000Z,30,1,2,16959,3177,https://www.facebook.com/reel/1567468221307499/,,30-07-2026 07:08
1.12707E+15,BarbequeNation,"It's time to enjoy the fruits of your labour. 
Dive into unlimited tikkas, tangdis, prawns and more of your favourites.",2025-05-01T04:44:19.000Z,26,6,0,,,https://www.facebook.com/BarbequeNation/posts/pfbid033FS61hfWvCrRRnJzk61VcH7pHGoGo67P4AwapAv6MfRMxvCm7g5JHmEgduqzxjswl,,30-07-2026 07:08
1.12342E+15,BarbequeNation,Find this fun template on our story and tick off everything that you’ve enjoyed as a kid. Don’t forget to reshare it on your profile and tag your friends and us!,2025-04-26T14:37:27.000Z,18,4,0,,,https://www.facebook.com/BarbequeNation/posts/pfbid0r2DNPBSUe6KebH9KGEQrfy5yqNojc2YZ2Gz3nuDyXe4ScuNzyAdM8dN13WxfvcB6l,,30-07-2026 07:08
1.12182E+15,BarbequeNation,"Come enjoy the smoky flavours of our perfectly grilled prawns, each bite bursting with juiciness. Trust us, you'll come back craving more.",2025-04-24T15:04:16.000Z,38,1,1,18395,3845,https://www.facebook.com/reel/1051834253473189/,,30-07-2026 07:08
1.12011E+15,BarbequeNation,"Dhanbad, Barbeque Nation is now in your town, serving up a sizzling, unlimited experience. Get ready to make some flavourful memories with your loved ones at the Unlimited Food Destination!",2025-04-22T14:39:40.000Z,72,6,10,26933,9106,https://www.facebook.com/reel/1191673752092602/,,30-07-2026 07:08
1.11813E+15,BarbequeNation,"Gather with your loved ones and celebrate the joy of Easter over a delightful feast at Barbeque Nation. Good food, great company, and festive vibes, just the way Easter should be!",2025-04-20T03:01:02.000Z,34,4,0,,,https://www.facebook.com/BarbequeNation/posts/pfbid037MWb6HM6vVuQVWXrjJqQK4cchNecR4sXLcxy5QktBzw3C4RufFk3Wzwu1eQw4Yzkl,,30-07-2026 07:08
1.11438E+15,BarbequeNation,"From classic malai to paan and more, there’s a kulfi flavour for everyone at Barbeque Nation. Come over and enjoy.",2025-04-15T13:57:46.000Z,26,1,0,15806,2224,https://www.facebook.com/reel/9857091827679829/,,30-07-2026 07:08
1.11399E+15,BarbequeNation,"Ring in the Bengali New Year with our festive special menu, crafted to bring you the authentic flavors of tradition. Make new beginnings delicious at Barbeque Nation!",2025-04-15T03:00:29.000Z,53,16,1,,,https://www.facebook.com/BarbequeNation/posts/pfbid0E1TirxNxeKdg3mVaRow3iQT7YifMd2XPzVFLK5Lt129g9yHmL8rxAjuB84uUPQX7l,,30-07-2026 07:08
1.1131E+15,BarbequeNation,"This Bihu, let the celebrations begin with a feast as grand as the festival itself! Enjoy our festive special menu at Barbeque Nation.",2025-04-14T03:00:15.000Z,26,4,0,,,https://www.facebook.com/BarbequeNation/posts/pfbid0bwegb4vh4VDzy4z6wMc12afzLVe8s8A1TiDggefsQ5ZoAwHpme64N9ogWWyY8TwEl,,30-07-2026 07:08
1.11247E+15,BarbequeNation,"This Baisakhi, savor the true flavors of Punjab with our festive special menu at Barbeque Nation. Come with your family, feast and celebrate.",2025-04-13T08:59:00.000Z,62,6,1,,,https://www.facebook.com/BarbequeNation/posts/pfbid02UxhSF7q7Q2nW8uo81tNHj53uyu48nZCq9hQcVqtZf8yQBnkSxCwW86pcwF4zX2gSl,,30-07-2026 07:08
1.11238E+15,BarbequeNation,"Find this fun template on our story and tick off everything that you’ve enjoyed as a kid. Don’t forget to reshare it 
on your profile and tag your friends and us!",2025-04-13T06:23:16.000Z,16,2,0,,,https://www.facebook.com/BarbequeNation/posts/pfbid02c8a3Q7VzU4dx1M7Z1sZp5rBhdGSwWDEv2cD76azTu1THsKPoT3icJHdTEmbcm9Xbl,,30-07-2026 07:08
1.1092E+15,BarbequeNation,Relatable? Let us know your appraisal stories in the comments.,2025-04-09T13:18:44.000Z,85,,4,29892,10556,https://www.facebook.com/reel/1044459494270980/,,30-07-2026 07:08
1.10738E+15,BarbequeNation,"What are you waiting for? Go on, click on the share button now!",2025-04-07T15:13:28.000Z,22,2,0,,,https://www.facebook.com/BarbequeNation/posts/pfbid0hTdpmefFM2uSNgDrDdWe9B9mLhfsiQbGeLVFWK7a7iq2Bo7dVPaPoNTzB6rz9vtVl,,30-07-2026 07:08
1.10543E+15,BarbequeNation,It’s been too long since you enjoyed this experience. Come over. And don’t forget to tag that friend you’re bringing along.,2025-04-05T14:50:44.000Z,46,8,4,18324,3139,https://www.facebook.com/reel/675221511635239/,,30-07-2026 07:08
1.10057E+15,BarbequeNation,"At Barbeque Nation, we don’t just serve unlimited celebrations—we create a workplace where people thrive!

Proud to be recognized as one of India’s Top 10 Best Workplaces in Retail 2025. Cheers to our incredible team who made this happen!",2025-03-31T18:48:22.000Z,25,2,0,,,https://www.facebook.com/BarbequeNation/posts/pfbid02auUTkwXcFtamjMBhRwosnnjnTrTx4enxydG3HcaXqWPfSNAtRQd7R7SLXw1topa3l,,30-07-2026 07:08
1.09987E+15,BarbequeNation,"It’s the season to reunite with your loved ones, share the joy, and celebrate the blessings. Eid Mubarak!",2025-03-31T02:00:35.000Z,27,1,0,,,https://www.facebook.com/BarbequeNation/posts/pfbid035yTdVj8JRiB53Mb5TrTfEcui9NUTs1LVo155sC2ixzduUSP47kiahYkrqaDuMKBxl,,30-07-2026 07:08
1.09952E+15,BarbequeNation,"It’s the last day to feast on legendary mutton dishes. Book your table now to enjoy Lazeez-e-Gosht at Barbeque Nation till 31st March.

*Available at most outlets with some exceptions*",2025-03-30T16:42:37.000Z,22,,0,,,https://www.facebook.com/BarbequeNation/posts/pfbid08QzrYq4YTh61YRYWRnLG56xzKK73atExmYyiyxVNci6V8VXxiC9ubvUgT3pQrDiTl,,30-07-2026 07:08
1.09563E+15,BarbequeNation,"The name speaks for itself. Indulge in the legendary flavours of Lazeez-e-Gosht and treat your taste buds.

Book your table before 31 March to enjoy.

*Available at most outlets with some exceptions.*",2025-03-26T14:49:39.000Z,25,,1,,,https://www.facebook.com/BarbequeNation/posts/pfbid02ubvxSfgkonHNHKBYMuHS5PeUctQmYuhEKCt25hBG4HACZFcfZSMPw6nxTToS9tRPl,,30-07-2026 07:08
1.09289E+15,BarbequeNation,"The plates are loaded and the spread is set. Swipe to feast your eyes on what’s waiting for you at Lazeez-e-Gosht. 

Visit your nearest Barbeque Nation outlet till 31st March to indulge!

*Available at most outlets with some exceptions*",2025-03-23T14:12:51.000Z,37,7,2,,,https://www.facebook.com/BarbequeNation/posts/pfbid02EmULfQdyM9bsLF7aFk1sM3aGyXReoa2VpWS4vpvSg6t5MJAfH4y6tAdV3jPHkjpNl,,30-07-2026 07:08
1.09114E+15,BarbequeNation,"Marinated and grilled to perfection—Mutton Shekhawati Seekh Kebab is a timeless delicacy brought to life on your plate.

Relish unlimited servings of these legendary kebabs at Lazeez-e-Gosht, till 31 March.

*Available at most outlets with some exceptions*",2025-03-21T15:40:57.000Z,63,5,4,29437,15846,https://www.facebook.com/BarbequeNation/videos/1298104681278891/,,30-07-2026 07:08
1.08755E+15,BarbequeNation,"Give this dish a name & describe it in the quirkiest way possible! The most creative answer wins a special prize. Drop your replies in the comments below!

Lazeez-E-Ghost festival available at your nearest Barbeque Nation outlet. Try today!

*Available at most outlets with some exceptions*",2025-03-17T14:43:46.000Z,62,50,7,,,https://www.facebook.com/BarbequeNation/posts/pfbid02n6qXv1BYLt4o7rSoMcejedA56RyfVzFRs2J9rXyXDTS6kcaVvzwRgQ2zhCPc851Yl,,30-07-2026 07:08
1.08591E+15,BarbequeNation,"We’re serving the finest authentic 
mutton specialities to your table at 
Barbeque Nation! 

Book a table before 31 March to 
enjoy. 

*Available at most outlets with some exceptions*",2025-03-15T13:20:45.000Z,35,3,1,14189,3192,https://www.facebook.com/BarbequeNation/videos/1220948729363467/,,30-07-2026 07:08
1.08488E+15,BarbequeNation,"Add a pinch of fun, a dash of colours, and unlimited flavours to to your Holi celebrations with Barbeque Nation.",2025-03-14T08:57:02.000Z,34,7,2,,,https://www.facebook.com/BarbequeNation/posts/pfbid0L2VnJgWfiMdsuoWEqdFrmag8KfKCwZFUDc3CYpiANAnPEY6HxCwGj1vp7rAFZheMl,,30-07-2026 07:08
1.08344E+15,BarbequeNation,"Nihari Gosht at Lazeez-e-Gosht >>>>> Comforting and rich in flavours, it’s made to evoke cherished memories with every bite. Available at your nearest Barbeque Nation outlet till March 31st.

Book your table to enjoy!

*Available at most outlets with some exceptions*",2025-03-12T14:34:31.000Z,28,,1,,,https://www.facebook.com/BarbequeNation/posts/pfbid0262X3gdA9rahjrAwhTceEi6dCWm6za7HQmFfQG73xRFsVqPxCEt5XuRmJVo9oGsmrl,,30-07-2026 07:08
1.07527E+15,BarbequeNation,"Presenting Lazeez-e-Gosht by Barbeque Nation —where the timeless flavours of succulent mutton come to life.

Come indulge in mouthwatering mutton delicacies, crafted to perfection, from 3 to 31 March, at your nearest outlets.

*Available in most outlets with some exceptions*",2025-03-03T17:04:27.000Z,60,19,9,,,https://www.facebook.com/BarbequeNation/posts/pfbid02Z8NzPd4MswkuFu77h8YmLAy5vaGwMeGfBusiwGL71kpP2JdF8iZQyd8qy4uiwG8kl,,30-07-2026 07:08
1.07419E+15,BarbequeNation,Something new and exciting is cooking in our kitchens. What do you think it is? Drop your guess in the comments.,2025-03-02T14:23:32.000Z,65,5,13,25898,5376,https://www.facebook.com/BarbequeNation/videos/647683927750853/,,30-07-2026 07:08
1.07336E+15,BarbequeNation,We’re dishing up something really exciting and flavourful for you all. Stay tuned!,2025-03-01T14:19:08.000Z,26,,2,13576,2493,https://www.facebook.com/BarbequeNation/videos/994432688713285/,,30-07-2026 07:08
1.06927E+15,BarbequeNation,Drop by and make your day better. Good times and great food await.,2025-02-24T15:34:53.000Z,26,2,1,,,https://www.facebook.com/BarbequeNation/posts/pfbid02T1faUbKUNiPm3GChnJ7ZngQQ3RDVtr9yvoqQdz1cstJFpr1A7jdLSAFAmKtThBnXl,,30-07-2026 07:08
1.06594E+15,BarbequeNation,"Taste the magic of tender and juicy chicken tangdi, seasoned with just the right amount of spices. Each bite offers a burst of flavours that will leave you craving more. Perfectly grilled and truly irresistible!",2025-02-20T15:26:05.000Z,27,4,1,,,https://www.facebook.com/BarbequeNation/posts/pfbid02Pcm3HBXpXML4Tmi6WK4aKRuVnDdMkmko4sLeNzQyCavakAVeMAaS3N5FB8igcEkml,,30-07-2026 07:08
1.06238E+15,BarbequeNation,Loving the love that's pouring in from our customers. What do you like the most at Barboque Nation? Let us know in the comments,2025-02-16T14:35:49.000Z,20,2,1,,,https://www.facebook.com/BarbequeNation/posts/pfbid035jorePnUPDhkkyS4xbPsftYVGHYGs9vfJQeuh7H5Vf8KhyCS5xk35iVwejaFk9icl,,30-07-2026 07:08
1.06078E+15,BarbequeNation,This >>>>>,2025-02-14T16:09:38.000Z,16,7,0,,,https://www.facebook.com/BarbequeNation/posts/pfbid02pWqxfpkcWiQfXKax6Vuw1MqKg6C7sJwt95Wx4X8aQHFoXdtBkT15dQm8i5rjcR7El,,30-07-2026 07:08
1.06034E+15,BarbequeNation,"This >>>>>
.
.
.
Happy Valentine's Day!",2025-02-14T05:13:19.000Z,21,4,1,,,https://www.facebook.com/BarbequeNation/posts/pfbid02Txi1QjhtGjrVntE899QPzmDkh892mEqSAMbwMuKX2pt2fL8nQXKcmoQ8AWY5oEKQl,,30-07-2026 07:08
1.05981E+15,BarbequeNation,It’s all about celebrating love the old-school way this season. Send this to the one who’ll relate to this the most.,2025-02-13T15:47:57.000Z,24,8,0,,,https://www.facebook.com/BarbequeNation/posts/pfbid0fGWrcyngZe9fL8y1AHe82cHfivHdwPaTdui44guwKq2JPySNDdnYsKZrA8ZQ7cGDl,,30-07-2026 07:08
1.05732E+15,BarbequeNation,"Here’s to the ones adding sparks and sizzles to your 
conversations and making them unforgettable since day 1! 

Come over to enjoy unlimited servings of both.

[Good food good mood, food love, bond over food, food is bae, foodie, yummy, tasty, delicious, try now, Barbeque Nation]",2025-02-10T15:34:31.000Z,58,5,1,,,https://www.facebook.com/BarbequeNation/posts/pfbid026wvTsjDwpsPsfWkBCX2NKRwQb2z1LKVTrpV6g9p3ypYTeEg4jxsUMVufdRRPuUqrl,,30-07-2026 07:08
1.05641E+15,BarbequeNation,We have the perfect solution to add flavours to your day — with our irresistible Cajun spiced potatoes and a variety of delectable starters. Drop by and let us turn your day around!,2025-02-09T13:47:03.000Z,22,1,1,,,https://www.facebook.com/BarbequeNation/posts/pfbid0m56nzNEyxcaeAV41pfDjjkDWkLgjfaZcyEbBtcfAJASuJYAHGhjHP71zatpiUq4Vl,,30-07-2026 07:08
1.05161E+15,BarbequeNation,Got them all in your group? Tag them in the comments below and tell us who's who!,2025-02-03T15:39:10.000Z,43,3,3,,,https://www.facebook.com/BarbequeNation/posts/pfbid0HLeu3UWGvtfHN648yTtZTtmqSB6svWDZpRycJcKczJmTHfabD2n6gSPybKbKbMMHl,,30-07-2026 07:08
1.05065E+15,BarbequeNation,"Turns out, it’s not just about the food – it boosts your mood and productivity too! 

Come over soon😎

[Good food good mood, grills, yummy, biryani, desserts, flavours, food love, foodie]",2025-02-02T14:27:31.000Z,52,1,5,,,https://www.facebook.com/BarbequeNation/posts/pfbid0P389QkLJBFTBFkvLypxML9Mo4416hcCNE5ST45yTAgM346Xibe1HJMQy6kDpfLu6l,,30-07-2026 07:08
1.04982E+15,BarbequeNation,"Crunchy, flavourful, and oh-so-addictive — you won’t stop at just one serving of the Crispy Corn at Barbeque Nation.

Book your table to dive into the crunch.",2025-02-01T14:07:58.000Z,15,,0,,,https://www.facebook.com/BarbequeNation/posts/pfbid027qFZEDb811pSqMhho6aiRpjw4PWat3T5TMGffjSikULcLo8nLZ3JqbshychWH7TEl,,30-07-2026 07:08
1.0475E+15,BarbequeNation,"Boondi, but make it dreamy. ✨

Baked to perfection, this creamy delight promises magic in every bite! 

Ready to indulge? Come over and treat yourself!",2025-01-29T14:45:48.000Z,21,1,1,,,https://www.facebook.com/BarbequeNation/posts/pfbid02u7D3L8YvoqcBSYbGg3BhYREw13o3RGowQfV5qPn5Njd5c23fVRda5EPo1E54WSX2l,,30-07-2026 07:08
1.0446E+15,BarbequeNation,"When people come together, it makes way for incredible things—like forming our Constitution, or making memories. 
Let’s come together and celebrate unity in every way this Republic Day!",2025-01-26T02:39:24.000Z,34,6,2,,,https://www.facebook.com/BarbequeNation/posts/pfbid0oRcYvwJNG4HKpRRj13v4LC7xYudv4TeizcJven2PFqDKtdfRBQ6CnqunBz1ybXiVl,,30-07-2026 07:08
1.0435E+15,BarbequeNation,"You’ve had ice cream, but never like this! 🍨✨ Crispy, creamy, and utterly indulgent—fried ice cream awaits you. Drop by your nearest outlet and treat yourself",2025-01-24T15:41:17.000Z,19,2,1,,,https://www.facebook.com/BarbequeNation/posts/pfbid02gU5fzrexW14mWJoubRu75bRcKNPhGxMT8BVLh6HUmQTQfE9B5VPyKEFx6LSU3ccAl,,30-07-2026 07:08
1.04246E+15,BarbequeNation,"Freshly charred, unlimited grill prawns — every bite bursting with flavourful goodness😇Tempted? Come enjoy at our nearest outlet.",2025-01-23T12:46:16.000Z,21,1,0,,,https://www.facebook.com/BarbequeNation/posts/pfbid035rFaEMKB9vdMiiZ5NBMeeMYd9BrfB6S4x4C1DBhHCGjC7kRK1aU2BkaprGZzJVuZl,,30-07-2026 07:08
1.04169E+15,BarbequeNation,"Balushahi is not just a dessert; it’s an experience – a flaky, golden crust that melts into a burst of sweet syrupy goodness.Indulge in the perfect balance of textures at our nearest outlet!",2025-01-22T13:31:48.000Z,17,1,0,,,https://www.facebook.com/BarbequeNation/posts/pfbid02jPge4N7rRJBsps1DyNVQG7x2MNhfa4fEj2deyCqg9VhXdnN75d9Du9iG86iGjXzjl,,30-07-2026 07:08
1.04083E+15,BarbequeNation,"Thank you for being part of the party – every moment was better with YOU! 
Here’s to more celebrations, feasts and unlimited happiness!🥂",2025-01-21T12:35:15.000Z,27,1,8,13190,2154,https://www.facebook.com/reel/644863754633049/,,30-07-2026 07:08
1.04015E+15,BarbequeNation,"The cake is ready, the candles are lit, and the excitement is real! 
Come join us for our birthday —  the drinks are on us! 🥳
Book your table now to enjoy ₹119 OFF PER PAX  for everyone today.",2025-01-20T14:53:20.000Z,75,5,4,20644,7636,https://www.facebook.com/BarbequeNation/videos/1009738174340014/,,30-07-2026 07:08
1.03923E+15,BarbequeNation,"It’s our birthday, but you get the gift! Come celebrate our 
birthday with us and enjoy ₹119 OFF PER PAX. 
After all, what’s a birthday without a little something special for 
you?",2025-01-19T13:27:35.000Z,74,14,7,,,https://www.facebook.com/BarbequeNation/posts/pfbid02sqGoAvbWJVqW8GtKuXktdRf9fzyHD97c781nHpJgXET7rGsAR7yJW14eacuNJB67l,,30-07-2026 07:08
1.0361E+15,BarbequeNation,"Juicy, perfectly charred with spice, lemon and everything nice. These are the kind ofprawns, foodie dreams are made of!

Come savour unlimited servings of our Grilled Prawns along with 30+ unlimitedstarters and live grills at our nearest outlet.",2025-01-15T15:35:58.000Z,41,9,1,,,https://www.facebook.com/BarbequeNation/posts/pfbid0HYn1yCvMpWT69RYmRMfM5NYUFs6DgrMBDHVFbbc2DCUUA5uahzuQSVqbm464FMSBl,,30-07-2026 07:08
1.03365E+15,BarbequeNation,"Brighten up your celebrations this festive season at Barbeque Nation. Head to your nearest outlet to enjoy Feasts of Harvest and specialities from your region. Book your spot now!

[Harvest, culture, India, feasts, festivals, delights, delicacies, food love, foodie, visit now, Barbeque Nation]",2025-01-12T12:44:28.000Z,40,1,3,,,https://www.facebook.com/BarbequeNation/posts/pfbid0jfjrEcbzANH49T7UFADA6AYuztvsmnm73p2K4YZs2WaeTBE6h3JBJ5azw3oEfZiul,,30-07-2026 07:08
1.03286E+15,BarbequeNation,"Put your thinking hats on  and comment down your answer below. A lucky few stand a chance to win special gifts.

Contest Rules:
● Comment your answers
● Tag two friends
● Follow @barbequenation

Come celebrate Feasts of Harvest with your loved ones at your nearest Barbeque Nation outlet.

[Contest, harvest fest, food, food love, foodie, good food good mood, visit today, Barbeque Nation]",2025-01-11T13:11:10.000Z,270,273,76,,,https://www.facebook.com/BarbequeNation/posts/pfbid02trnvoNvgGBH9PT1AxUYfUitB9SuDfPhAbgv4XVyrVVq9mLWi4oEHWtsBXzqKVRp5l,,30-07-2026 07:08
1.02963E+15,BarbequeNation,"From first bites to laughter-filled nights, every Barbeque Nation moment is unforgettable. What makes BBQ special for you? Share your favourite memories with us – we can’t wait to hear your stories!",2025-01-07T15:17:44.000Z,42,6,0,,,https://www.facebook.com/BarbequeNation/posts/pfbid02ZNo6vNgcRU8awVSiPqJzWcndkKBiak3cgKUchWFm3yfn7H2MCYfgK2rmA5jEoym9l,,30-07-2026 07:08
1.02886E+15,BarbequeNation,"Send this to the ones you want to make the most magical memories with this year.

[New Year, delicious food, experience, family, friends, festive, special occasion, good food, good company, Barbeque Nation, Book now, 2025, unlimited, buffet, grills]",2025-01-06T14:55:46.000Z,29,,1,10165,989,https://www.facebook.com/BarbequeNation/videos/583930397938635/,,30-07-2026 07:08
1.02838E+15,BarbequeNation,"The joy of the new year doubles when you celebrate it with your loved ones at Barbeque Nation. Bring them over for a party.

[New Year, Celebratory meal, delicious food, experience, family, friends, festive, special occasion, good food, good company, Barbeque Nation, Book now, 2025, unlimited, buffet, grills]",2025-01-05T21:34:59.000Z,46,,1,15776,3793,https://www.facebook.com/BarbequeNation/videos/466432776255629/,,30-07-2026 07:08
1.02813E+15,BarbequeNation,"This new year, make all your travel dreams come true. Wander through India with iconic dishes from every corner at Barbeque Nation!

[New Year, travel dreams, India, iconic dishes, every corner, Barbeque Nation, culinary journey, India's flavors, unforgettable feast, live grills, unlimited delights, family, celebrations, special offers, book now, celebrate with us, grand buffet, delicious desserts]",2025-01-05T13:34:15.000Z,24,4,2,,,https://www.facebook.com/BarbequeNation/posts/pfbid02M8pak4nrw6UyuJxL4cU1aYCTNpBogx18p7wLH1G77Bi9rgCxiiuwBgxij2QMK9q6l,,30-07-2026 07:08
1.02729E+15,BarbequeNation,"Let’s be honest, we don’t need a reason to eat chaat. And when it’s unlimited chaat, of course there’s nothing stopping us! 

Come enjoy unlimited chaat along with a range of starters, mains, desserts and more at your nearest outlet.",2025-01-04T13:10:38.000Z,39,1,3,,,https://www.facebook.com/BarbequeNation/posts/pfbid0C3mqMyhaDFcESyZKzDajVQGebLkdNPYeNSX4FkKihp9w6iFEQfFqvsgarhJMyT1Ul,,30-07-2026 07:08
1.02585E+15,BarbequeNation,"A great year deserves a great start—let it begin with a meal to remember. Here's to a fun and flavourful 2025!

[New Year, Celebratory meal, delicious food, experience, family, friends, festive, special occasion, good food, good company, Barbeque Nation, Book now, 2025, unlimited, buffet, grills]",2025-01-02T14:23:28.000Z,43,2,2,,,https://www.facebook.com/BarbequeNation/posts/pfbid02w2pbzVXhSS4Anrr5KNTFGuaT2LoVcnG6oAE4M3aAN6wGc5z1UDX7mxJf8Q9WivEcl,,30-07-2026 07:08
1.02507E+15,BarbequeNation,"In 2025, we’re sending unlimited servings prosperity, good luck, abundance, magical memories and much more your way! ✨🍽

Tell us—what’s making it to your plate in the coming year?

[2025 Food Goals, Flavorful Journey, Taste Buds, Food Inspiration, Food Cravings, Foodie Dreams, Food Resolutions, Food, Foodie, Food love, Barbeque Nation, Try now, order today, New Beginnings, Prosperity, Good Luck, Abundance]",2025-01-01T12:30:38.000Z,27,,1,,,https://www.facebook.com/BarbequeNation/posts/pfbid02eFyeXtiDgo6edzo1MeytiZmtjgavcWQoQvZDNEagzshuTJC4wq7s7DgSwfu2NM1zl,,30-07-2026 07:08
1.02425E+15,BarbequeNation,"Enter 2025 with your heart full of good memories and your tummy full with good food. 

Enjoy unlimited servings of your favourite dishes and end the year with a feast. 

Book your table now!

[New Year's Eve Dinner, Unlimited Buffet, Festive Feast, Family, friends, group, Book Now, Reservation, Restaurant, Barbeque Nation, Food Lovers, Foodie]",2024-12-31T12:30:48.000Z,32,4,1,10992,2023,https://www.facebook.com/BarbequeNation/videos/3888606328042214/,,30-07-2026 07:08
1.02351E+15,BarbequeNation,"Barbeque Nation has been crowned the 'Barbeque Restaurant of the Year' at the 'Restaurant Awards 2024 - Telangana & Andhra Pradesh Edition' 

A heartfelt THANK YOU to all our foodies for your loveand support. Here's to creating more memories over grills.

[Barbeque Nation, Restaurant Awards 2024 ,Telangana, Andhra Pradesh Edition, Barbeque Restaurant of the Year, Gratitude, Thank you, foodies, food love, support, memories, grills, food, award, award winning restaurant, Indian cuisine, global cuisine, buffet, dinner, lunch, family, kids friendly]",2024-12-30T12:30:09.000Z,69,7,13,,,https://www.facebook.com/BarbequeNation/posts/pfbid02LU3vQtDmXFTWNXNXEdUhwS4mkwkbXxTEZTbu1pLBKqKivTMMBdQ6ub7EbMeFLadcl,,30-07-2026 07:08
1.02269E+15,BarbequeNation,"It’s time for that one last feast before the year ends! Tag your instant party partner to make it unforgettable.

[Year end party, new year, friends, family, gang, gang of grills, barbeque nation, unlimited buffet, celebration, buffet spread, new desserts, fun, party, enjoyment, visit today, weekend]",2024-12-29T12:30:44.000Z,9,2,0,,,https://www.facebook.com/BarbequeNation/posts/pfbid0exc2QWNYUKJpAafQjVm1Xi3FsBLaSSFJpzG71uM6zhVA77Hz3BoVD65aUPCZSPZ7l,,30-07-2026 07:08
1.02185E+15,BarbequeNation,"Here’s another new addition to the dessert counter Sweet boondi soaked in condensed milk, and baked to perfection— that’s Baked Mahi. 

Don’t forget to indulge in this gooey-goodness at your year-end party

[baked mahi, boondi, condensed milk, dessert, sweet, baked, gooey, delicious, party, year-end party, indulgence, treat, food, sweet tooth, dessert lover, foodstagram, foodie, try now, visit today, barbeque nation]",2024-12-28T07:46:24.000Z,19,2,0,8004,1906,https://www.facebook.com/BarbequeNation/videos/602761472490518/,,30-07-2026 07:08
1.02183E+15,BarbequeNation,"2024 was unforgettable and we wouldn’t have it any other way. Thank you for making us your ultimate celebration destination – Barbeque Nation! 

Here’s to keeping the celebrations and flavours at max in 2025.

[2024, unforgettable, celebration destination, Barbeque Nation, celebrations, flavours, 2025, thank you, ultimate, new year, wishes, best, future, cheers]",2024-12-28T07:16:32.000Z,22,,0,6653,1340,https://www.facebook.com/BarbequeNation/videos/1293999451800082/,,30-07-2026 07:08
1.02128E+15,BarbequeNation,A fun twist on a traditional boondi our new dessert—Baked Mahi is the sweet treat you’ll crave again and again. Come savour it at your nearest outlet.,2024-12-27T12:54:32.000Z,20,1,0,,,https://www.facebook.com/BarbequeNation/posts/pfbid029SNdPBukmCCRiExmoRJ8zv93txfz8SaDUcN7SEK43ztHtgkVTnjYtJTKjQoSDfEl,,30-07-2026 07:08
1.02095E+15,BarbequeNation,"With a crispy golden shell and creamy ice cream centre, our fried ice cream is ready to steal the show in your instant parties. Come over and enjoy.",2024-12-27T03:00:53.000Z,15,2,0,9255,2424,https://www.facebook.com/BarbequeNation/videos/578782028379463/,,30-07-2026 07:08
1.02021E+15,BarbequeNation,"Soaked in a sugary glaze, our Balushahi comes with perfect balance of crunch and sweetness. Don’t forget to savour these sweet treats in your instant party.",2024-12-26T02:30:57.000Z,20,2,5,8207,1419,https://www.facebook.com/BarbequeNation/videos/451493571351852/,,30-07-2026 07:08
1.0197E+15,BarbequeNation,"Crispy on the outside, cool and creamy on the inside— we have found the ultimate way to enjoy your favourite ice cream in this chilly weather with our new dessert. 

Come devour scoopful of fried ice cream and more at our nearest outlet.",2024-12-25T13:04:16.000Z,9,,0,,,https://www.facebook.com/BarbequeNation/posts/pfbid036BFiqcdxhBdc9ag55RVTsYHNGF88xGwPkfjGLodJ4YbigzG3RVP7Gc6n2gZMUafnl,,30-07-2026 07:08
1.01954E+15,BarbequeNation,Good food and the festive cheer — the ultimate duo that make will all your problems fade. Come grill your frustrations away and indulge in celebrations at our nearest outlet.,2024-12-25T08:01:06.000Z,13,,0,7926,2014,https://www.facebook.com/BarbequeNation/videos/1126479435740323/,,30-07-2026 07:08
1.01945E+15,BarbequeNation,"Send this to your friend to make their day, and schedule your Christmas meet-up at Barbeque Nation.

[Christmas, starters, main course, desserts, food, foodie, food love, season, winters, indulge, break, love, barbeque nation, try now]",2024-12-25T05:00:30.000Z,8,,0,6926,804,https://www.facebook.com/BarbequeNation/videos/1453825146022262/,,30-07-2026 07:08
1.01914E+15,BarbequeNation,"The festive season is here, and we started it off with our fun  plum cake-mixing ceremony! 

A big shoutout to all our customers who joined us in creating sweet memories.

Stay tuned—more festive delights are coming your way!

[plum cake mixing ceremony, year-end festivities, celebrations, unforgettable, flavourful feasts, annual event, holiday season, festive spirit, culinary delight, sweet treat, tradition, anticipation]",2024-12-24T17:53:55.000Z,40,3,0,12506,6253,https://www.facebook.com/BarbequeNation/videos/9379326992112130/,,30-07-2026 07:08
1.01805E+15,BarbequeNation,"Flaky, golden, and irresistibly sweet—Balushahi is the perfect blend of crunch and indulgence in every bite. 

Come treat yourself to unlimited servings of this 
traditional Indian sweet and many other desserts at your nearest outlet.",2024-12-23T13:44:29.000Z,16,2,1,,,https://www.facebook.com/BarbequeNation/posts/pfbid0ggXofwxKvmoo66qhF6MUnmMq4p4whGdVj1wY86f8UseAvQ7g7mmyJDhjNRyYaqhXl,,30-07-2026 07:08
1.01652E+15,BarbequeNation,"Indulge in something new and delightful before the year. Head to our outlets to savour the latest delights from our dessert menu!

[New launch, desserts, sweet, indulge, menu, try now]",2024-12-21T13:31:09.000Z,12,,0,,,https://www.facebook.com/BarbequeNation/posts/pfbid02kHzjrgGzwyv1xsx38dGuqLNsU6Djebb15iomby62nnN1B42GVBcLHJMiUwQ3Azszl,,30-07-2026 07:08
1.01641E+15,BarbequeNation,Our chefs are busy whipping up something delicious to make your parties unforgettable. Watch this space for more details.,2024-12-21T11:03:34.000Z,25,,0,8628,2633,https://www.facebook.com/BarbequeNation/videos/946238883557002/,,30-07-2026 07:08
1.01421E+15,BarbequeNation,"Got a big guestlist? We’ve got a bigger feast laid. Skip the stress and walk into 
a party, where endless food and fun is guaranteed.",2024-12-18T14:11:26.000Z,13,1,0,7176,1378,https://www.facebook.com/BarbequeNation/videos/916245730614231/,,30-07-2026 07:08
1.01265E+15,BarbequeNation,"No prep, no stress, just unlimited celebrations! Stay tuned. We got something exciting to match your party spirit.",2024-12-16T15:11:53.000Z,8,2,0,,,https://www.facebook.com/BarbequeNation/posts/pfbid02e9eGL8wHqkbPk71hWuHjQU56sVX3YjKZmw7muih4F2dMXnCrEN41Unrv2zzfDH9el,,30-07-2026 07:08
1.01265E+15,BarbequeNation,"No plans for the festive season? We are making one for you. Rest assured, it’s full of bold flavours.",2024-12-16T15:10:29.000Z,17,2,1,,,https://www.facebook.com/BarbequeNation/posts/pfbid02e63G8gfq3XEDCQiPwzpbb4HUquzypeyVfN8uHQeVY6USDqYCsdxsuPXSB84fzufnl,,30-07-2026 07:08
1.01265E+15,BarbequeNation,Tag your squad and block their calendars for a get-together. Afterall it’s the season to be merry!,2024-12-16T15:10:00.000Z,6,,0,,,https://www.facebook.com/BarbequeNation/posts/pfbid0yVxnwWRGsFENpHStNvCodRxLJNFYxUi5rApqv1aruPmF7rB7eCR9bw8y12o35P1l,,30-07-2026 07:08
1.0108E+15,BarbequeNation,"Add some fizz to your weekend feasts with our range of fun mocktails. Just sip, savour and enjoy!

[Mocktails, drinks, refresh, sip, enjoy, barbeque nation, weekend, chill, vibes]",2024-12-14T06:30:29.000Z,18,6,1,9223,1313,https://www.facebook.com/BarbequeNation/videos/1087744409562769/,,30-07-2026 07:08
1.01024E+15,BarbequeNation,"Second, thirds or even fourth servings; Barbeque Nation is all about indulging in your favourite tikkas without any limits. Go on, enjoy our unlimited spread, at your nearest outlet.

[Tikkas, starters, food, foodie, food love, weekend, indulge, break, love, barbeque nation, try now]",2024-12-13T13:12:19.000Z,12,,1,,,https://www.facebook.com/BarbequeNation/posts/pfbid02GV59DUbXri1SZB1DJph3EuQcHkx2ZzVn983D5cme2YKrEwJeauzH2byF5GfWtvJLl,,30-07-2026 07:08
