id,title,description_text,channelName,channelId,viewCount,likes,commentsCount,date,url,processed_at
dVJVwy4ARiU,"Dekho sab log, Sneha aur hamare social media ke liye kya kya karna pad raha hai. #Sneha #SocialMedia",,Barbeque Nation,UCA-ACmkbdLdSePOPckbq18A,214,3,0,2026-06-26T17:23:18.000Z,https://www.youtube.com/shorts/dVJVwy4ARiU,2026-07-30 07:08:28
j2S6lBHvYSA,"Barbeque Nation is now LIVE at Phoenix Mall of the Millennium, Wakad  #barbequenation #pune","📍Phoenix Mall of the Millennium, Wakad, Pune",Barbeque Nation,UCA-ACmkbdLdSePOPckbq18A,1913,14,1,2026-05-18T12:41:42.000Z,https://www.youtube.com/shorts/j2S6lBHvYSA,2026-07-30 07:08:28
Lvet2v2fDis,Countless flavours. One unforgettable celebration of Rajasthan. ✨ #barbequenation #food #pune,"From royal recipes to heartfelt stories, Marurasa curated by Dr. Chef Saurabh Sharma brought the spirit of Rajasthan alive at Barbeque Nation, Kalyani Nagar.

📍 Barbeque Nation, Kalyani Nagar, Pune",Barbeque Nation,UCA-ACmkbdLdSePOPckbq18A,1795,20,2,2026-06-29T11:11:00.000Z,https://www.youtube.com/shorts/Lvet2v2fDis,2026-07-30 07:08:28
H4p77bNWtqY,Our kind of superpower? Never saying no to great food.💪🍢#BarbequeNation #FoodLovers #UnlimitedBuffet,,Barbeque Nation,UCA-ACmkbdLdSePOPckbq18A,1945,15,0,2026-06-27T17:07:45.000Z,https://www.youtube.com/shorts/H4p77bNWtqY,2026-07-30 07:08:28
YQvDH6cH9fQ,Some signs are just too delicious to ignore😋🔥#Grills #Cravings #BarbequeNation,,Barbeque Nation,UCA-ACmkbdLdSePOPckbq18A,200,1,0,2026-06-27T07:20:05.000Z,https://www.youtube.com/shorts/YQvDH6cH9fQ,2026-07-30 07:08:28
8L00d_iJhQQ,Punjab Beyond Borders | Chef Anshmeet Singh #barbequenation #food #chandigarh,"Barbeque Nation, Sector 26, Chandigargh
18th - 24th May, 2026",Barbeque Nation,UCA-ACmkbdLdSePOPckbq18A,1610,12,0,2026-05-15T13:57:11.000Z,https://www.youtube.com/shorts/8L00d_iJhQQ,2026-07-30 07:08:28
P72Ca509dU4,Punjab Beyond Borders | Chef Anshmeet Singh #chandigarh  #barbequenation,"Punjab Beyond Borders
📍Barbeque Nation, Sector 26 - Chandigarh
18th-24th May, 2026",Barbeque Nation,UCA-ACmkbdLdSePOPckbq18A,1621,16,0,2026-05-13T09:30:11.000Z,https://www.youtube.com/shorts/P72Ca509dU4,2026-07-30 07:08:28
a_-crU-dl_Y,Wapas kab grill karne milega? ☹️#barbequenation #BaapOfGrills #fathersday,,Barbeque Nation,UCA-ACmkbdLdSePOPckbq18A,1017,7,1,2026-06-29T17:33:53.000Z,https://www.youtube.com/shorts/a_-crU-dl_Y,2026-07-30 07:08:28
d42VCD_gYOk,Nizam-E-Dastarkhwan | Chef Kenneth Gopinath #barbequenation #food #bengaluru,,Barbeque Nation,UCA-ACmkbdLdSePOPckbq18A,958,3,0,2026-05-26T10:09:11.000Z,https://www.youtube.com/shorts/d42VCD_gYOk,2026-07-30 07:08:28
U0VdffRt0P0,We’re hiring! ₹100 per hour for service industry roles #BarbequeNation #HiringNow #ServiceIndustry,"If you’re someone who enjoys fast-paced environments, loves people-facing roles, and wants to be part of the energy that makes Barbeque Nation what it is—this could be for you 🤝✨

Kabhi kabhi great talent ke liye thoda extra effort toh banta hai 😌

Download the Saathi app & join the Barbeque Nation team!",Barbeque Nation,UCA-ACmkbdLdSePOPckbq18A,848,9,0,2026-05-13T18:30:21.000Z,https://www.youtube.com/shorts/U0VdffRt0P0,2026-07-30 07:08:28
YYZvgFNskJQ,Nizam-E-Dastarkhwan | Chef Kenneth Gopinath  #barbequenation #food #bengaluru,"📍 Phoenix Market City, Whitefield, Bengaluru
📅 20th–24th May 2026",Barbeque Nation,UCA-ACmkbdLdSePOPckbq18A,1617,24,0,2026-05-16T11:30:35.000Z,https://www.youtube.com/shorts/YYZvgFNskJQ,2026-07-30 07:08:28
H9ILi_zROzE,POV: your reaction just made the chef’s entire day #barbequenation #hospitality  #food,,Barbeque Nation,UCA-ACmkbdLdSePOPckbq18A,1181,12,0,2026-05-16T05:45:01.000Z,https://www.youtube.com/shorts/H9ILi_zROzE,2026-07-30 07:08:28
1RoCRBhn2e4,When every dish looks too good to skip... the answer is simple. Have it all! ❤️🔥,,Barbeque Nation,UCA-ACmkbdLdSePOPckbq18A,1393,14,0,2026-06-29T17:01:42.000Z,https://www.youtube.com/shorts/1RoCRBhn2e4,2026-07-30 07:08:28
cGwYbmPvTGw,"Milne Ki Bhookh, Acchi Bhookh Hai - Grilled Prawns","Kuch cheezein butter se pighalti hain, kuch sirf saath baithne se. Jaise yeh prawns 🍤 aur daadu👴🏻, aur jaise hum sab…

Toh agli baar kisika dil pighlana ho toh Barbeque Nation mein zaroor miliye kyuki ‘Milne ki bhookh acchi bhookh hai.’ 🤗

#MilneKiBhookh #BarbequeNation",Barbeque Nation,UCA-ACmkbdLdSePOPckbq18A,177,2,0,2025-12-27T11:28:59.000Z,https://www.youtube.com/shorts/cGwYbmPvTGw,2026-07-30 07:08:28
8w3mTzjVmpQ,Punjab beyond borders | Chef Anshmeet Singh  #barbequenation #food #chandigarh,"📍Barbeque Nation, Sector 26 - Chandigarh
18th - 24th May, 2026
Book your tables now on the Barbeque Nation app or website.",Barbeque Nation,UCA-ACmkbdLdSePOPckbq18A,493,5,0,2026-05-14T05:14:59.000Z,https://www.youtube.com/shorts/8w3mTzjVmpQ,2026-07-30 07:08:28
bQzczl7gq3Y,"Milne Ki Bhookh, Acchi Bhookh Hai - Kulfi (Telugu)","Perfect excuse to meet? This creamy, chilled, melt-in-your mouth kulfi. Find your reason to meet at Barbeque Nation. Kyon ki milne ki bhookh acchi bhookh hai.🤗
#MilneKiBhookh #BarbequeNation",Barbeque Nation,UCA-ACmkbdLdSePOPckbq18A,228,3,0,2026-02-10T05:52:36.000Z,https://www.youtube.com/shorts/bQzczl7gq3Y,2026-07-30 07:08:28
ltOxB9DDZAY,"Milne Ki Bhookh, Acchi Bhookh Hai - Kulfi (Kannada)","Perfect excuse to meet? This creamy, chilled, melt-in-your mouth kulfi. Find your reason to meet at Barbeque Nation. Kyon ki milne ki bhookh acchi bhookh hai.🤗

#MilneKiBhookh #BarbequeNation",Barbeque Nation,UCA-ACmkbdLdSePOPckbq18A,103,0,0,2026-02-10T05:40:21.000Z,https://www.youtube.com/shorts/ltOxB9DDZAY,2026-07-30 07:08:28
yRSnNP-g-3M,Lucknowi Dastarkhwan,"Step into a world shaped by
centuries of khansamaa's craft, where every dish carries the slow-cooked soul of Lucknow. Chef Gul Ali brings her legendary Dum Pukht artistry to Barbeque Nation - and the aromas alone are transporting guests straight to Nawabi times,

From the signature Galouti to the royal Lucknowi Dum Biryani -- this is your chance to savour recipes perfected across generations.

It's only the second day, and tables are filling
already. Book now and dine at a true Dastarkhwan of the Nawabs.


📍Ambience Mal, Gurugram
     Till : 30th Nov


[Lucknowi Cuisine| Awadhi Food |Galouti  Kebab| Dum Biryani | Nihari | Korma | Sheer Khurma | Chef Gul Ali| Royal Feast | Nawabi Cuisine | Barbeque Nation]",Barbeque Nation,UCA-ACmkbdLdSePOPckbq18A,9971,178,2,2025-11-27T09:48:12.000Z,https://www.youtube.com/shorts/yRSnNP-g-3M,2026-07-30 07:08:28
jnujOYwmmiA,"Milne Ki Bhookh, Acchi Bhookh Hai - Kulfi (Tamil)","Perfect excuse to meet? This creamy, chilled, melt-in-your mouth kulfi. Find your reason to meet at Barbeque Nation. Kyon ki milne ki bhookh acchi bhookh hai.🤗
#MilneKiBhookh #BarbequeNation",Barbeque Nation,UCA-ACmkbdLdSePOPckbq18A,204,1,0,2026-02-10T06:01:00.000Z,https://www.youtube.com/shorts/jnujOYwmmiA,2026-07-30 07:08:28
_OGYs40pZC4,The Barbeque Nation Year Wrap 2025,"From the hills to the coast, from fire-led Asian plates to heritage Indian kitchens, every chef brought a story worth savouring.
2025 was about regions meeting tables, traditions finding new admirers, and diners becoming part of the journey.

From Uttarakhand to Odisha, Nepal to Andhra, Lucknow to the South — every pop-up reminded us how limitless Indian flavours truly are.

Thank you for sharing every table with us.
We're fired up and ready for 2026!

#BarbequeNation #2025 #2026 #FlavoursOfIndia #yearwrapped",Barbeque Nation,UCA-ACmkbdLdSePOPckbq18A,152,2,0,2025-12-31T13:54:03.000Z,https://www.youtube.com/shorts/_OGYs40pZC4,2026-07-30 07:08:28
QT0kkqNwGZ4,Awadhi Viraasat,"Awadhi Lost Recipes by Chef Ritu
Jaiswal is arriving at Barbeque Nation - bringing with it the finesse of centuries-old culinary heritage revived for today's palate.


Get ready for a feast that celebrates the slow
artistry of Awadhi cooking delicate Kebabs that melt at the slightest touch, fragrant Handi Biryanis, luscious Kormas, soulful Nihari, and festive desserts crafted with pure, traditional technique.

This is more than food - it's nostalgia, memory, and mastery on a plate.

📍Barbeque Nation, Lulu Mall, Lucknow
 Starting 3rd-7th December


Don't miss the flavour revival -- head over and be the first to experience it!


[Awadhi Food | Lost Recipes | Awadhi Biryani
Galawat Kebab | Nihari| Korma | Sheer Khurma
Chef Ritu Jaiswal | Awadhi Viraasat | Barbeque
Nation | Lulu Mall Lucknow | Royal Cuisine
Heritage Food | Culinary Revival]",Barbeque Nation,UCA-ACmkbdLdSePOPckbq18A,389,7,0,2025-12-02T08:12:29.000Z,https://www.youtube.com/shorts/QT0kkqNwGZ4,2026-07-30 07:08:28
J-i53PSWGSc,Lucknowi Dastarkhwan,"A dish once begun in the quiet of
the night.. left to simmer slowly as the world slept... and unveiled at sunrise, that warmed both body and spirit.

What started as a humble, hearty meal for
mazdoors became a treasured favourite across generations and today, it arrives at our Dastarkhwan with the same respect and patience it was born from.

Experience Chef Gul Ali's signature Nihari
slow-cooked, soulful, and steeped in Lucknow's true tehzeeb.


Book your table and savour this timeless Nawabi classic.

📍 Ambience Mall, Gurugram 
till 30th Nov

[Lucknowi Cuisine | Awadhi Food | Nihari | Dum Cooking | Chef Gul Ali |Dastarkhwan|Barbeque Nation | Royal Feast]",Barbeque Nation,UCA-ACmkbdLdSePOPckbq18A,4413,64,0,2025-11-26T12:53:46.000Z,https://www.youtube.com/shorts/J-i53PSWGSc,2026-07-30 07:08:28
chbRzFDvFsw,Always a yes to a Barbeque Nation plan,"Say yes to those plans coz
friendships in your 20s are built between refills and
shared plates.


( Barbeque Nation, Foodie lovers, Unlimited, Buffet
grills, Flavours, Celebrate)",Barbeque Nation,UCA-ACmkbdLdSePOPckbq18A,493,2,0,2025-12-16T11:26:19.000Z,https://www.youtube.com/shorts/chbRzFDvFsw,2026-07-30 07:08:28
mgnaVh2TKA4,#KnowTheRealHer: Barbeque Nation celebrates the HER in every MOTHER this #MothersDay,"She knows every little detail about us - our favourite foods, our unspoken feelings, our quiet habits. But how much do we truly know about her? 
This #MothersDay, Barbeque Nation invites you to pause and look beyond the role of “Mom” to discover the woman she has always been. Let’s take a moment to explore her world, her dreams, her quirks, her stories, and the life she lived before we ever called her mother. 

Join us and get to #KnowTheRealHer",Barbeque Nation,UCA-ACmkbdLdSePOPckbq18A,3512,24,0,2025-05-08T15:50:45.000Z,https://www.youtube.com/watch?v=mgnaVh2TKA4,2026-07-30 07:08:28
PmwtLXFZ7aQ,Best Buffet in Delhi? DilSeFoodie Celebrates a Birthday Feast at Barbeque Nation!,"Looking for the best place to celebrate a birthday? 
Karan Dua has found it – Barbeque Nation! Watch as he celebrates the birthday of his friend with a feast full of grills, unlimited buffet, and celebratory vibes. He even called it one of the best buffets in Delhi! 🔥🍽

Whether it’s a birthday, special occasion, or just a cheat day done right – this is where India comes to celebrate.
🍢 Unlimited Grills
🎂 Birthday Surprises
🍧 Dessert Heaven

Celebrate big. Eat unlimited. Only at Barbeque Nation.

#BestBirthdaySpot #BarbequeNation #Buffet #FoodieCelebration",Barbeque Nation,UCA-ACmkbdLdSePOPckbq18A,538,8,0,2025-04-25T13:58:00.000Z,https://www.youtube.com/watch?v=PmwtLXFZ7aQ,2026-07-30 07:08:28
ApBkaYJjWs4,Flip the script!,"Missed opportunities are just unopened presents. You never know, they might be even better than you imagined! Instead of dwelling on what could have been, let's focus on the potential of what's yet to come. We never know what amazing things are waiting for us down the road. If we keep our hearts open and our minds curious, we'll be ready to embrace them when they arrive. That’s the beauty of life! C’mon, celebrate them with unlimited food and unlimited smiles at Barbeque Nation. #CelebrateGrillSe",Barbeque Nation,UCA-ACmkbdLdSePOPckbq18A,732805,9,1,2023-01-11T11:13:17.000Z,https://www.youtube.com/watch?v=ApBkaYJjWs4,2026-07-30 07:08:28
h7rmn40VAYQ,fall in love,"Fall in love with every bite, every
dish, every visit. That's the magic of Barbeque
Nation, it makes you fall in love again and again 


( Barbeque Nation, Fallin love, Trending, Food.,
Unlimited) l",Barbeque Nation,UCA-ACmkbdLdSePOPckbq18A,523,2,0,2025-12-16T11:18:40.000Z,https://www.youtube.com/shorts/h7rmn40VAYQ,2026-07-30 07:08:28
29lnA0BRnnI,Milne Ki Bhookh Acchi Bhookh Hai – Kulfi,"Pehle kya pighlega, friend ka dil ya faloode wali kulfi? 🍨💛
Miloge toh jaanoge.
Toh Barbeque Nation mein zaroor miliye kyunki ‘Milne ki bhookh acchi bhookh hai.’ 🤗
#MilneKiBhookh #BarbequeNation",Barbeque Nation,UCA-ACmkbdLdSePOPckbq18A,93,4,0,2026-02-06T10:05:49.000Z,https://www.youtube.com/shorts/29lnA0BRnnI,2026-07-30 07:08:28
8iF_Dq2nR7I,"Every swipe, a new flavour.","Every swipe, a new flavour. Every flavour, a new craving! That’s the Barbeque Nation effect we're leaving here for you...",Barbeque Nation,UCA-ACmkbdLdSePOPckbq18A,819,0,0,2025-12-11T12:37:06.000Z,https://www.youtube.com/shorts/8iF_Dq2nR7I,2026-07-30 07:08:28
POZvvFj1FX8,Find your reason to celebrate,"Hey, life's a journey, right? And every pitstop we make is a chance to stop and appreciate the little things. Whether you're a kid or an adult — everyone has their reasons to celebrate. From waiting for a tooth fairy to a well-deserved vacation, let's take a second to soak in the simple joys. Let's not just speed through life and miss the good stuff. Cuz, from the tiniest sparks to the biggest fireworks — every flicker of happiness is a celebration. Let’s get giggling over the yummiest grills only at Barbeque Nation. #CelebrateGrillSe",Barbeque Nation,UCA-ACmkbdLdSePOPckbq18A,810450,4,0,2023-01-11T11:10:30.000Z,https://www.youtube.com/watch?v=POZvvFj1FX8,2026-07-30 07:08:28
Ps9X7g_Wr5c,Chotti badi khushiyan,"Life is a party, and every moment is worth celebrating! Let's dance in the rain, laugh until our cheeks hurt, and cheers to the good, the bad, and the in-between. Sharing these moments with our loved ones brings the greatest happiness in the world. So, put on your party hat, and let's raise a glass to all of life's tiny, but mighty, moments at your celebration destination — Barbeque Nation. #CelebrateGrillSe",Barbeque Nation,UCA-ACmkbdLdSePOPckbq18A,668485,3,0,2023-01-11T11:07:45.000Z,https://www.youtube.com/watch?v=Ps9X7g_Wr5c,2026-07-30 07:08:28
BWO7ZBOdzDY,Add the magic to your precious moments,"Aww, losing a tooth is such a magical and exciting moment! It's like a special milestone in a child's life, don't you think? We’re not sure about the Tooth Fairy, but we think it definitely deserves a special treat! Life is made up of so many little moments that bring joy and meaning to our lives. We’ll help you cherish them forever. #CelebrateGrillSe with an unlimited buffet made with love only at Barbeque Nation.",Barbeque Nation,UCA-ACmkbdLdSePOPckbq18A,1033344,7,1,2022-12-13T11:16:04.000Z,https://www.youtube.com/watch?v=BWO7ZBOdzDY,2026-07-30 07:08:28
obNzmTvdw2g,Delhi Guest experience,"From chart-busters to chakhna, Delhi’s Bollywood Night had everything -  energy, flavour, and a crowd that owned every beat! 🎶🔥",Barbeque Nation,UCA-ACmkbdLdSePOPckbq18A,672,0,0,2025-12-18T12:45:34.000Z,https://www.youtube.com/shorts/obNzmTvdw2g,2026-07-30 07:08:28
--QKEQejuRE,Freedom never tasted so good!,"Finding out that your leave has been approved is like winning the lottery! You deserve a break. Imagine catching up on your favorite shows and some much-needed sleep. Soar into your freedom with some lip-smacking grilled chicken! We know how much this means to you. So, come over with your buddies and indulge in unlimited grills and unlimited fun. Let’s get the good times rolling! #CelebrateGrillSe",Barbeque Nation,UCA-ACmkbdLdSePOPckbq18A,1192693,9,4,2022-12-13T10:50:50.000Z,https://www.youtube.com/watch?v=--QKEQejuRE,2026-07-30 07:08:28
qzoC18n39B0,BBQN Iftar Fest - Ramadan Special,"On the occasion of Ramadan, we celebrated the Barbeque Nation Iftar Fest with underprivileged children from NGOs across five cities—Bengaluru, New Delhi, Mumbai, Kolkata, and Hyderabad—in a special initiative as part of our Ramadan Extravaganza food festival.

More than 200 children from partner NGOs like @hopeforlifefoundation403  and @buildingblocksin  Bengaluru, @RobinHoodArmy.  -Mumbai and Kolkata,  @khushiyaanfoundation9655 - Delhi, and Hope for Life Foundation- Hyderabad, were hosted to a warm Iftar in the Barbeque Nation restaurants.

It was a heartwarming experience filled with fun activities, delicious treats and lots of laughter! 

In this moment of shared joy and heartfelt connection, we rediscovered the beauty and happiness of coming together as one.",Barbeque Nation,UCA-ACmkbdLdSePOPckbq18A,478,9,1,2024-04-11T12:00:15.000Z,https://www.youtube.com/watch?v=qzoC18n39B0,2026-07-30 07:08:28
hINRKTabDLY,Awadhi Viraasat,"When the internet hacks met the Awadhi kitchen....chaos toh hona hi tha.

Microwave biryani in 12 minutes?
Air-fried seekh kebab ""same taste""?
Sheermal dough in a blender?

Chef ka reply:
""Shortcut se reel ban jaati hai.. khana nahi.""

Experience the real deal - the forgotten flavours, the lost techniques, the timeless Awadhi Viraasat,

📆3rd-7th December
📍Barbeque Nation, Lulu Mall Lucknow

#AwadhiViraasat #BarbequeNation
#LucknowFood #AwadhiCuisine #NoShortcuts",Barbeque Nation,UCA-ACmkbdLdSePOPckbq18A,1331,10,0,2025-12-02T12:28:53.000Z,https://www.youtube.com/shorts/hINRKTabDLY,2026-07-30 07:08:28
vQ_alFys1Qs,Watch Whats Hot Mumbai Relishing Shaan-daar Barbeque at Barbeque-Di-Shaan | Barbeque Nation,"Download the app to book your table now and get Rs.100 off on your first transaction: https://bit.ly/32L7128
This NYE, Whats Hot Mumbai was busy filling up their plate with mouth-watering and spicy hot barbeque at #BarbequeDiShaan!

You can still continue your New Year's celebration at Barbeque Nation. Dress up like never before for a starry night 💃 and enjoy a roller-coaster ride full of enticing cuisines 🍗
But hurry, #BarbequeDiShaan is only till 5th January 2022.

Visit our nearest outlet now!",Barbeque Nation,UCA-ACmkbdLdSePOPckbq18A,609,8,0,2022-01-04T06:47:26.000Z,https://www.youtube.com/watch?v=vQ_alFys1Qs,2026-07-30 07:08:28
-x8GMVJfjSU,What's your reason to celebrate??,"Welcome to “Grill and Chill” the biggest bash of the year only at Barbeque Nation 

It’s unlike anything you have experienced before

Watch out for unlimited grills, delicious food ,exciting games, surprises, and lots of fun

Book your tables Now!!!",Barbeque Nation,UCA-ACmkbdLdSePOPckbq18A,1621,11,0,2022-12-11T14:22:36.000Z,https://www.youtube.com/watch?v=-x8GMVJfjSU,2026-07-30 07:08:28
HNlJpNPevKQ,When nostalgia hits a sweet spot,"One thing that makes life worth celebrating is how it can surprise us. They might be big, life-changing events, or they might be small, seemingly insignificant moments. Either way, it calls for a celebration! Are you ready to relive the joy of fitting into your old jeans? Get your gals and join us at Barbeque Nation for unlimited food and fun. Not only will you get to enjoy all your favorite dishes, but you'll also get to make new memories. So don't miss out, let’s #celebrategrillse.",Barbeque Nation,UCA-ACmkbdLdSePOPckbq18A,1193546,2,0,2022-12-13T10:38:21.000Z,https://www.youtube.com/watch?v=HNlJpNPevKQ,2026-07-30 07:08:28
W0Ef89RfI8M,Family time toh banta hai,"Who doesn't love a good family game night?! There's nothing like bonding over a friendly competition and laughing with your loved ones. Not to mention, it's a great opportunity to unplug from technology. So let's make some memories and schedule a family dinner ASAP! There’s something for everyone — only at Barbeque Nation. #CelebrateGrillSe",Barbeque Nation,UCA-ACmkbdLdSePOPckbq18A,1275216,10,0,2022-12-11T14:13:07.000Z,https://www.youtube.com/watch?v=W0Ef89RfI8M,2026-07-30 07:08:28
fSPDeS3frws,Barbequedishaan,"Nonstop fun and masti happening at #BarbequeDiShaan 🥳🕺
Join our Barbeque gang and groove to the hottest tunes of the season now!!
Reserve your table today.",Barbeque Nation,UCA-ACmkbdLdSePOPckbq18A,341,10,0,2021-12-30T05:14:12.000Z,https://www.youtube.com/watch?v=fSPDeS3frws,2026-07-30 07:08:28
4mpvrE3TRlQ,Barbequedishaan,"#BarbequeDiShaan, Where Party Never Ends 🥳
Unlimited delicacies, music, and mazaa awaits you at Barbeque Nation!
Make reservations now",Barbeque Nation,UCA-ACmkbdLdSePOPckbq18A,444,10,0,2021-12-31T10:21:19.000Z,https://www.youtube.com/watch?v=4mpvrE3TRlQ,2026-07-30 07:08:28
zT8GjpBZiew,Atmosfire Catering by Barbeque Nation | Where Every Celebration Becomes an Extraordinary Experience,"Transforming ordinary events into extraordinary experiences, Atmosfire Catering brings the magic of Barbeque Nation's signature experience to your most special moments. From weddings to intimate gatherings, our expert chefs, live cooking stations, and customized menus turn every event into a spectacular feast that your guests will remember forever.
Starting price 599/ per pax.",Barbeque Nation,UCA-ACmkbdLdSePOPckbq18A,963,3,0,2024-12-12T12:55:44.000Z,https://www.youtube.com/watch?v=zT8GjpBZiew,2026-07-30 07:08:28
nWg_aDjXpJg,Barbequedishaan,"#BarbequeDiShaan, Where Party Never Ends 🥳
Unlimited delicacies, music, and mazaa awaits you at Barbeque Nation!
Make reservations now",Barbeque Nation,UCA-ACmkbdLdSePOPckbq18A,172,3,0,2021-12-31T10:18:43.000Z,https://www.youtube.com/watch?v=nWg_aDjXpJg,2026-07-30 07:08:28
CVMWl1UyweY,Barbequedishaan,"#BarbequeDiShaan, Where Party Never Ends 🥳
Unlimited delicacies, music, and mazaa awaits you at Barbeque Nation!
Make reservations now",Barbeque Nation,UCA-ACmkbdLdSePOPckbq18A,319,7,0,2021-12-31T10:21:51.000Z,https://www.youtube.com/watch?v=CVMWl1UyweY,2026-07-30 07:08:28
egFQ1zq6gGU,"Milne Ki Bhookh, Acchi Bhookh Hai - Grilled Prawns","Catching up over great food just got more rewarding. 🎁
Get ₹125 OFF per person on your next dine-in at Barbeque Nation.
Use Code: CONNECT125
Because ‘Milne ki bhookh acchi bhookh hai.’ 😋🍽️
T&C apply.
#MilneKiBhookh #BarbequeNation",Barbeque Nation,UCA-ACmkbdLdSePOPckbq18A,1483791,4,0,2026-01-21T10:18:52.000Z,https://www.youtube.com/shorts/egFQ1zq6gGU,2026-07-30 07:08:28
-1Ckqe3OxOE,Barbequedishaan,"Nonstop fun and masti happening at #BarbequeDiShaan 🥳🕺
Join our Barbeque gang and groove to the hottest tunes of the season now!!
Reserve your table today.",Barbeque Nation,UCA-ACmkbdLdSePOPckbq18A,279,10,0,2021-12-30T05:13:42.000Z,https://www.youtube.com/watch?v=-1Ckqe3OxOE,2026-07-30 07:08:28
6XlYlNVVV_E,Hrithik ka Delhi,"Hrithik ka Delhi me kya khaane ka mann kiya

‪@zomato‬",Barbeque Nation,UCA-ACmkbdLdSePOPckbq18A,386,10,2,2022-07-17T06:20:39.000Z,https://www.youtube.com/watch?v=6XlYlNVVV_E,2026-07-30 07:08:28
KeNjAq7fOco,Milne Ki Bhookh Acchi Bhookh Hai – Kulfi,"Pehle kya pighlega, friend ka dil ya faloode wali kulfi? 🍨💛
Miloge toh jaanoge.
Toh Barbeque Nation mein zaroor miliye kyunki ‘Milne ki bhookh acchi bhookh hai.’ 🤗

#Milnekibhookh #BarbequeNation",Barbeque Nation,UCA-ACmkbdLdSePOPckbq18A,50882974,17,1,2026-02-06T09:50:01.000Z,https://www.youtube.com/watch?v=KeNjAq7fOco,2026-07-30 07:08:28
Usg1GiB8QgI,A foodie Mom’s story | Barbeque Nation,"This Mother’s Day, Barbeque Nation celebrates the foodie in every Mom – her cravings, her joy of eating like nobody’s watching.

#BarbequeNation #HappyMothersDay",Barbeque Nation,UCA-ACmkbdLdSePOPckbq18A,57178735,68,9,2026-05-06T18:28:01.000Z,https://www.youtube.com/watch?v=Usg1GiB8QgI,2026-07-30 07:08:28
X0iCLNYHpp4,Little big wins matter too,"There is a special kind of joy that comes with just barely passing an exam. It might not be the most impressive feat, but the feeling of relief is hard to match. Not just that — it kinda motivates you to do better the next time! Until then, every victory no matter how big or small deserves to be celebrated. So, pat yourself on the back and #celebrategrillse with unlimited food at Barbeque Nation.",Barbeque Nation,UCA-ACmkbdLdSePOPckbq18A,1303240,9,0,2022-12-13T10:44:22.000Z,https://www.youtube.com/watch?v=X0iCLNYHpp4,2026-07-30 07:08:28
sYLF8mEezbE,"Milne Ki Bhookh, Acchi Bhookh Hai - Grilled Prawns","Kuch cheezein butter se pighalti hain, kuch sirf saath baithne se. Jaise yeh prawns 🍤 aur daadu👴🏻, aur jaise hum sab…

Toh agli baar kisika dil pighlana ho toh Barbeque Nation mein zaroor miliye kyunki ‘Milne ki bhookh acchi bhookh hai.’ 🤗

#MilneKiBhookh #BarbequeNation",Barbeque Nation,UCA-ACmkbdLdSePOPckbq18A,59101770,14,1,2025-12-27T11:20:02.000Z,https://www.youtube.com/watch?v=sYLF8mEezbE,2026-07-30 07:08:28
fZ9qJl3l5xE,AndhraUtsavam,"Get ready to experience Andhra
Utsavam - a spirited culinary showcase where
Chef Meera GT brings the 6 iconic Shadruchulu to your plate with unmatched authenticity. From sweet and sour to spicy, salty, bitter and tangy - taste every note of Andhra cuisine in a menu crafted with precision, heritage and heart.

An architect-turned-chef with a deep-rooted love for Andhra flavours, Chef Meera reimagines traditional dishes while staying true to their soulful origins.


⏰️26th-30th November 2025
📍Barbeque Nation, Indiranagar, Bengaluru
👩‍🍳Curated by Chef Meera - Andhra cuisine expert
☎️2 080 6902 8722 | Book now on the Barbeque Nation App

A rare 5-day culinary celebration of tradition,
technique and taste - come be part of the
Utsavam!


#AndhraUtsavam #Shadruchulu #BarbequeNation
#ChefMeera #AndhraCuisine #BengaluruFood
#PopUpDining #LimitedEditionExperience",Barbeque Nation,UCA-ACmkbdLdSePOPckbq18A,358,3,0,2025-11-26T11:42:54.000Z,https://www.youtube.com/shorts/fZ9qJl3l5xE,2026-07-30 07:08:28
s77z2xb0GAE,Hearing what you crave?,Did you just hear what you were craving the most? This is your sign to have a delicious meal at Barbeque Nation 🤔 Go book your table this moment.,Barbeque Nation,UCA-ACmkbdLdSePOPckbq18A,1452,9,1,2025-03-31T20:03:46.000Z,https://www.youtube.com/shorts/s77z2xb0GAE,2026-07-30 07:08:28
ARvkw-CynaE,Barbequedishaan,Glimpse of #Barbequedishaan performance across our outlets.,Barbeque Nation,UCA-ACmkbdLdSePOPckbq18A,417,21,0,2021-12-26T13:20:56.000Z,https://www.youtube.com/watch?v=ARvkw-CynaE,2026-07-30 07:08:28
AWLLPk54XzQ,Barbequedishaan,Glimpse of #Barbequedishaan performance across our outlets.,Barbeque Nation,UCA-ACmkbdLdSePOPckbq18A,174,12,0,2021-12-27T15:28:41.000Z,https://www.youtube.com/watch?v=AWLLPk54XzQ,2026-07-30 07:08:28
NvBVavyiFgM,Chirag panjwani at barbeque nation,,Barbeque Nation,UCA-ACmkbdLdSePOPckbq18A,2379,80,2,2025-06-03T16:52:41.000Z,https://www.youtube.com/shorts/NvBVavyiFgM,2026-07-30 07:08:28
rRAw-1G7AAk,Mona Lisa x Barbeque Nation,"No doubt, a Barbeque Nation feast leaves everyone smiling. What’s your favourite dish from our menu? Let us know in the comments below.

[Barbeque Nation, favorite dish, food, restaurant, Indian cuisine, grill, experience, foodie, food love, book now, try, indulge, flavours, treat, grill]",Barbeque Nation,UCA-ACmkbdLdSePOPckbq18A,831,11,0,2024-12-28T07:43:13.000Z,https://www.youtube.com/shorts/rRAw-1G7AAk,2026-07-30 07:08:28
9umGlCVRQ8c,Merry Christmas from Shaan and Barbeque Nation 🎅🎄 | Barbeque-Di-Shaan,"It's time to grill, chill, and celebrate at Barbeque-Di-Shaan 🍗
Make reservations now to enjoy endless barbeque cuisines: https://bit.ly/3my5eEq 
Feel the magic of Christmas at the #1 barbeque restaurant in your neighbourhood, #BBQNation!

#YearEndBash #BarbequeDiShaan #Restaurants #Barbeque #BBQ #Shaan #BarbequeAppDownload #FoodLovers #Foodies #FoodLove #BBQNation  #RestaurantsInIndia #ShaanFans",Barbeque Nation,UCA-ACmkbdLdSePOPckbq18A,387,16,0,2021-12-24T19:25:57.000Z,https://www.youtube.com/watch?v=9umGlCVRQ8c,2026-07-30 07:08:28
HZ2dOYpuuUw,Barbequedishaan,Glimpse of #Barbequedishaan performance across our outlets.,Barbeque Nation,UCA-ACmkbdLdSePOPckbq18A,402,29,0,2021-12-25T20:17:11.000Z,https://www.youtube.com/watch?v=HZ2dOYpuuUw,2026-07-30 07:08:28
OJMAS9XZp58,Barbequedishaan,Glimpse of #Barbequedishaan performance across our outlets.,Barbeque Nation,UCA-ACmkbdLdSePOPckbq18A,243,25,0,2021-12-25T20:17:58.000Z,https://www.youtube.com/watch?v=OJMAS9XZp58,2026-07-30 07:08:28
xLVz9232mI4,Celebrate with Barbeque Nation,"Good food makes life’s best moments extra special. So go on, host your next celebration with unlimited food, and make extra special memories.",Barbeque Nation,UCA-ACmkbdLdSePOPckbq18A,1239,8,1,2025-03-31T20:02:23.000Z,https://www.youtube.com/shorts/xLVz9232mI4,2026-07-30 07:08:28
_9RcvR0Cqv0,Yehi Toh Hai BBQ-DI-SHAAN 🔥 | Barbeque Nation | 15th Dec 2021 - 5th Jan 2022,"Enjoy your Shaan-daar grill at the hottest #YearEnd food fest, #BarbequeDiShaan
Book your table now: https://bit.ly/3yNfSMc
Groove to the hottest BBQ song of the year and enjoy an evening full of mouth-watering grills!",Barbeque Nation,UCA-ACmkbdLdSePOPckbq18A,395998,44,1,2021-12-22T07:24:26.000Z,https://www.youtube.com/watch?v=_9RcvR0Cqv0,2026-07-30 07:08:28
39UPuRp-DEw,BBQ  Indore,Opening soon our newest outlet at Indore serving the widest variety of grills and wide spread buffet. You will soon feast on unlimited grills at our new outlet.,Barbeque Nation,UCA-ACmkbdLdSePOPckbq18A,830,11,0,2020-10-03T06:49:55.000Z,https://www.youtube.com/watch?v=39UPuRp-DEw,2026-07-30 07:08:28
-rdSNOP6w-8,Head over to BBQ Nation today,"Calling out all foodies to relish some smoking grills and irresistible treats!
Head over to BBQ Nation today and book your table with us! http://bit.ly/2wpuGog
#BarbequeNation #buffet #restaurant #grill #fooddelivery #barbequeinabox #food #biryani #FoodieBeauty",Barbeque Nation,UCA-ACmkbdLdSePOPckbq18A,1597,28,0,2021-07-26T12:41:49.000Z,https://www.youtube.com/watch?v=-rdSNOP6w-8,2026-07-30 07:08:28
8m6uanPyx4E,"Grill, Chill and Thrill at Barbeque-Di-Shaan | 15th Dec 2021 - 5th Jan 2022 | Barbeque Nation","Barbeque Nation brings to you the biggest year-end barbeque bash, #BarbequeDiShaan!
Book your table now:  https://bit.ly/3mrVVpB
Get ready for neverending servings of mouth-watering grills😋, chilling music, and thrilling contests😍. Endless delicacies and unlimited mazaa awaits you! 

#YearEndBash #YearEndOffers #Restaurants #Barbeque #BBQ #Shaan #ShaanFans #Offers #Discounts #FoodLovers #Foodies #FoodLove #BBQNation #BBQDiShaan #RestaurantsInIndia",Barbeque Nation,UCA-ACmkbdLdSePOPckbq18A,414206,567,22,2021-12-15T07:55:47.000Z,https://www.youtube.com/watch?v=8m6uanPyx4E,2026-07-30 07:08:28
MMtfhYtB6r0,A pat on our back is what keeps us going!😊,"A pat on our back is what keeps us going! This means a lot. Thank You 😊

Experience the new way to dineout. Reserve your table now - http://bit.ly/2wpuGog",Barbeque Nation,UCA-ACmkbdLdSePOPckbq18A,273,7,0,2020-07-29T10:54:09.000Z,https://www.youtube.com/watch?v=MMtfhYtB6r0,2026-07-30 07:08:28
OKhkrse2nrc,Barbequedishaan,Glimpse of #Barbequedishaan performance across our outlets.,Barbeque Nation,UCA-ACmkbdLdSePOPckbq18A,305,19,0,2021-12-25T20:16:20.000Z,https://www.youtube.com/watch?v=OKhkrse2nrc,2026-07-30 07:08:28
oe3yjNG3UjU,Smoking grills and Irresistible treats!,"Calling out all foodies to relish some smoking grills and irresistible treats!
Head over to BBQ Nation today and book your table with us! http://bit.ly/2wpuGog",Barbeque Nation,UCA-ACmkbdLdSePOPckbq18A,1121,15,0,2021-07-20T09:36:12.000Z,https://www.youtube.com/watch?v=oe3yjNG3UjU,2026-07-30 07:08:28
93NkbJALBuY,It's The Time To Disco 🕺 at #BarbequeDiShaan | 15th Dec 2021 - 5th Jan 2022,"Your favourite Shaan is singing, dancing, and relishing Shaan-daar Barbeque at #BBQNation! 🤩🤤
Be like Shaan!
Book your table today: https://bit.ly/3yNfSMc",Barbeque Nation,UCA-ACmkbdLdSePOPckbq18A,23571,8,1,2021-12-22T07:32:41.000Z,https://www.youtube.com/watch?v=93NkbJALBuY,2026-07-30 07:08:28
FH6yvZnzfSY,"Grill, Chill and Thrill at Barbeque-Di-Shaan | 15th Dec 2021 - 5th Jan 2022","Barbeque Nation brings to you the biggest year-end barbeque bash, #BarbequeDiShaan!
Book your table now:  https://bit.ly/3mrVVpB

Get ready for neverending servings of mouth-watering grills😋, chilling music, and thrilling contests😍. Endless delicacies and unlimited mazaa awaits you! 

Download the BBQNationApp and get Rs.100 off on your first transaction: https://app.bnhl.in/c8Ci
#YearEndBash #YearEndOffers #Restaurants #Barbeque #BBQ #Shaan #ShaanFans #Offers #Discounts #FoodLovers #Foodies #FoodLove #BBQNation #BBQDiShaan #RestaurantsInIndia",Barbeque Nation,UCA-ACmkbdLdSePOPckbq18A,1023,49,4,2021-12-21T05:41:59.000Z,https://www.youtube.com/watch?v=FH6yvZnzfSY,2026-07-30 07:08:28
kEMtZD1cUMA,Enjoy Barbeque Nation’s new way to dine-in.,"Sights & Sounds that tranquillize your mind.Experience the new way to dine-in.
Reserve your table now - http://bit.ly/2wpuGog",Barbeque Nation,UCA-ACmkbdLdSePOPckbq18A,713,11,0,2020-07-08T10:31:23.000Z,https://www.youtube.com/watch?v=kEMtZD1cUMA,2026-07-30 07:08:28
GTeXloJ0URM,Barbequedishaan,Glimpse of #Barbequedishaan performance across our outlets.,Barbeque Nation,UCA-ACmkbdLdSePOPckbq18A,262,14,0,2021-12-27T15:29:13.000Z,https://www.youtube.com/watch?v=GTeXloJ0URM,2026-07-30 07:08:28
i_Tn2E1NuCc,Barbequedishaan,"Celebrating all day, every day!
Join in on the fun and enjoy a roller-coaster ride full of yummylicious cuisines and never-ending celebrations this year-end at #BBQNation! #barbequedishaan",Barbeque Nation,UCA-ACmkbdLdSePOPckbq18A,187,5,0,2021-12-29T03:45:25.000Z,https://www.youtube.com/watch?v=i_Tn2E1NuCc,2026-07-30 07:08:28
YvlF60lWUHw,Luscious Fish Tikka,"Enjoy Barbeque Nation’s new way to dine-in, get unlimited food served on the table. 

Reserve your table now - http://bit.ly/2wpuGog",Barbeque Nation,UCA-ACmkbdLdSePOPckbq18A,901,2,0,2020-07-07T06:21:44.000Z,https://www.youtube.com/watch?v=YvlF60lWUHw,2026-07-30 07:08:28
mDorW7w9YMs,Barbequedishaan,"Celebrating all day, every day!
Join in on the fun and enjoy a roller-coaster ride full of yummylicious cuisines and never-ending celebrations this year-end at #BBQNation! #barbequedishaan",Barbeque Nation,UCA-ACmkbdLdSePOPckbq18A,180,9,0,2021-12-29T03:44:11.000Z,https://www.youtube.com/watch?v=mDorW7w9YMs,2026-07-30 07:08:28
I7lX3u7-aY0,LET'S RECREATE SUCH MOMENTS,"Cherished moments from our memory cache...
Bookings Open @ Barbequenation. Experience the new way to dineout. 

Reserve your table now - http://bit.ly/2wpuGog
#NoCompromiseDining",Barbeque Nation,UCA-ACmkbdLdSePOPckbq18A,416,14,2,2020-06-29T13:28:04.000Z,https://www.youtube.com/watch?v=I7lX3u7-aY0,2026-07-30 07:08:28
ESd8RRSSdcI,Section 12 Cleaning and sanitization of outlet,,Barbeque Nation,UCA-ACmkbdLdSePOPckbq18A,262,4,0,2020-05-30T09:33:39.000Z,https://www.youtube.com/watch?v=ESd8RRSSdcI,2026-07-30 07:08:28
ILRe26PRWXg,Barbeque in Box,"Celebrate birthdays, anniversaries, get-together, while we deliver your favourite dishes from Barbeque Nation @ your door step with BBQ in a box.
For  Reservation / Takeaway /  Delivery  click : https://linktr.ee/BBQN


Currently live in Bangalore. Coming to your city soon",Barbeque Nation,UCA-ACmkbdLdSePOPckbq18A,3375,47,0,2020-06-30T07:02:50.000Z,https://www.youtube.com/watch?v=ILRe26PRWXg,2026-07-30 07:08:28
3KZLCkEwBi4,Section 5  Starter and beverage service,,Barbeque Nation,UCA-ACmkbdLdSePOPckbq18A,408,9,2,2020-05-30T09:02:04.000Z,https://www.youtube.com/watch?v=3KZLCkEwBi4,2026-07-30 07:08:28
fwKyladYSoI,Section 6   7  Main course service   Desert Service,,Barbeque Nation,UCA-ACmkbdLdSePOPckbq18A,562,9,0,2020-05-30T09:07:26.000Z,https://www.youtube.com/watch?v=fwKyladYSoI,2026-07-30 07:08:28
DgXjxEYCGDE,Barbequenation #NoCompromiseDining,"Bookings Open @ Barbequenation. Experience the new way to dineout. Reserve your table now - http://bit.ly/2wpuGog
#NoCompromiseDining",Barbeque Nation,UCA-ACmkbdLdSePOPckbq18A,1097,8,0,2020-06-18T11:48:53.000Z,https://www.youtube.com/watch?v=DgXjxEYCGDE,2026-07-30 07:08:28
AgEoWXfzQbU,Section 10 Main course and dessert pick up,,Barbeque Nation,UCA-ACmkbdLdSePOPckbq18A,334,4,0,2020-05-30T09:18:13.000Z,https://www.youtube.com/watch?v=AgEoWXfzQbU,2026-07-30 07:08:28
zsim6HlvQZg,Section 11 Employee grooming and sanitization process,,Barbeque Nation,UCA-ACmkbdLdSePOPckbq18A,699,27,0,2020-05-30T09:28:23.000Z,https://www.youtube.com/watch?v=zsim6HlvQZg,2026-07-30 07:08:28
vBOhAydRZjE,Section 3 Table Sanitization   Setup,,Barbeque Nation,UCA-ACmkbdLdSePOPckbq18A,694,18,1,2020-05-30T08:51:31.000Z,https://www.youtube.com/watch?v=vBOhAydRZjE,2026-07-30 07:08:28
gNnMVPbvd7I,Section 9   Billing,,Barbeque Nation,UCA-ACmkbdLdSePOPckbq18A,397,8,0,2020-05-30T09:14:58.000Z,https://www.youtube.com/watch?v=gNnMVPbvd7I,2026-07-30 07:08:28
tUZnWQ8aQJk,Main Video,,Barbeque Nation,UCA-ACmkbdLdSePOPckbq18A,2559,102,5,2020-05-30T08:06:13.000Z,https://www.youtube.com/watch?v=tUZnWQ8aQJk,2026-07-30 07:08:28
Y_YkshVoObI,Barbeque Nation's  2nd outlet at Agra,"Barbeque Nation, India's leading casual dining restaurant chain announced the launch of its 2nd Outlet in Agra. Starting with the very first outlet in 2006 at Mumbai, the restaurant has come a long way in defining the concept of casual dining, giving diners a chance to barbecue their own food on the table with unlimited starters.

Book your table to feast unlimited- https://www.barbequenation.com/

Download our Mobile App:- http://bit.ly/BNBBQN 

Follow us on-
Facebook-  / barbequenation  
Instagram-  / barbequenation  
Twitter-  / barbequenation  ",Barbeque Nation,UCA-ACmkbdLdSePOPckbq18A,1312,10,0,2020-02-06T10:52:46.000Z,https://www.youtube.com/watch?v=Y_YkshVoObI,2026-07-30 07:08:28
9JRGynLdKBE,Section 8  Birthday Celebration,,Barbeque Nation,UCA-ACmkbdLdSePOPckbq18A,387,7,1,2020-05-30T09:11:48.000Z,https://www.youtube.com/watch?v=9JRGynLdKBE,2026-07-30 07:08:28
wc99bjBTKfs,Barbeque Nation coming soon at New Friends Colony (New Delhi),"Barbeque Nation, India's leading casual dining restaurant chain announced the launch of its 10th Outlet in New Delhi. Starting with the very first outlet in the City in 2007, the restaurant has come a long way in defining the concept of casual dining, giving diners a chance to barbecue their own food on the table with unlimited starters.

Book your table to feast unlimited- https://www.barbequenation.com/

Download our Mobile App:- http://bit.ly/BNBBQN 

Follow us on-
Facebook-  / barbequenation  
Instagram-  / barbequenation  
Twitter-  / barbequenation  ",Barbeque Nation,UCA-ACmkbdLdSePOPckbq18A,976,9,0,2020-02-06T04:31:45.000Z,https://www.youtube.com/watch?v=wc99bjBTKfs,2026-07-30 07:08:28
yfFwPP5_16M,Section 1   Vallet Parking Corrected,,Barbeque Nation,UCA-ACmkbdLdSePOPckbq18A,398,9,0,2020-05-30T08:37:54.000Z,https://www.youtube.com/watch?v=yfFwPP5_16M,2026-07-30 07:08:28
0ngaDWzVx8s,Barbequedishaan,Glimpse of #Barbequedishaan performance across our outlets.,Barbeque Nation,UCA-ACmkbdLdSePOPckbq18A,275,19,0,2021-12-27T15:31:18.000Z,https://www.youtube.com/watch?v=0ngaDWzVx8s,2026-07-30 07:08:28
oAgsIHeBIIM,Professor Shanku cast at Barbeque Nation.,"Here is what Mr Dhritiman Chatterjee from the cast of Professor Shanko has to say about his recent meal at Barbeque Nation. 

Book your table- https://www.barbequenation.com/

Follow us on-
Facebook-  / barbequenation  
Instagram-  / barbequenation  
Twitter-  / barbequenation  ",Barbeque Nation,UCA-ACmkbdLdSePOPckbq18A,135,7,0,2020-01-30T10:01:18.000Z,https://www.youtube.com/watch?v=oAgsIHeBIIM,2026-07-30 07:08:28
KUwQKzZ5h4g,Barbeque Nation Smile Club,"There's nothing quite rewarding like a smile.


Join our Smile Club, earn Smile points while dining at Barbeque Nation and get amazing gift vouchers.

Download our Mobile App:- http://bit.ly/BNBBQN

To know more about our Smile Club, visit http://bit.ly/BNsmle

Follow us on-
Facebook-  / barbequenation  
Instagram-  / barbequenation  
Twitter-  / barbequenation  ",Barbeque Nation,UCA-ACmkbdLdSePOPckbq18A,212747,15,0,2020-02-04T09:54:24.000Z,https://www.youtube.com/watch?v=KUwQKzZ5h4g,2026-07-30 07:08:28
oB-BWK2uYtM,Professor Shanko movie cast at Barbeque Nation,"Here is what Mr Subhasish Mukherjee from the cast of movie Professor Shanko has to say about his recent meal at Barbeque Nation-    • Professor Shanku cast at Barbeque Nation.  
Book your table- https://www.barbequenation.com/

Follow us on-
Facebook-  / barbequenation  
Instagram-  / barbequenation  
Twitter-  / barbequenation  ",Barbeque Nation,UCA-ACmkbdLdSePOPckbq18A,332,16,0,2020-01-31T11:02:53.000Z,https://www.youtube.com/watch?v=oB-BWK2uYtM,2026-07-30 07:08:28
N8wtvs_DiY4,Babeque Nation Ambala launch with Dr. Kirti Gupta.,"About “Pukar Waqt Ki”

Having a dream of serving the society, Our Founder, Dr. Kirti Gupta, started
a social firm by the name “Pukar Apno Ke Sapno Ki” in the year 2014, which
worked on the upliftment of Social, Educational and Health status of the
underserved section of society for around 120+ nedy children.

The same was registered as an NGO in the year 2016 by the name “Pukar Waqt
Ki”.

”Pukar Waqt Ki” Team of 50+ volunteer Teachers has touched the lives of
150+ needy children of Karnal city.

The NGO provides Free of cost Coachings to 120+ students and also takes
care of the Monetary Help, Stationary needs, Medical needs, food and every
other sort of help which is possible.

FREE Complete Schooling and Professional Coachings has been sponsored
for 45+ students so far.

Students are also enrolled in various co-curricular activities including
sports, dance, music and craft.

NGO has also organised-

• Cloth Donation Drive for the Slums of Karnal

• Dental Screening and First ever Free of cost Dental Treatment Camp for
the Residents of Karnal.

• *Pukar Hunar Haat*, Handicraft Exhibition at Hotel Jewels, Karnal during
Diwali Fest organiser by AIVBC Trust, Karnal.

And various other major projects.

To connect with us, you can contact

Dr. Kirti Gupta (Founder, President)
Ph- 9355890002
Karnal, Haryana

Facebook- Pukar Waqt Ki
Instagram- pukarwawtki",Barbeque Nation,UCA-ACmkbdLdSePOPckbq18A,263,8,0,2020-01-30T05:54:05.000Z,https://www.youtube.com/watch?v=N8wtvs_DiY4,2026-07-30 07:08:28
UlYYc9txAaw,Succulent Paneer Tikka,"Sights & Sounds that tranquillize your mind.Experience the new way to dine-in.
Reserve your table now - http://bit.ly/2wpuGog",Barbeque Nation,UCA-ACmkbdLdSePOPckbq18A,481,3,0,2020-07-07T06:31:56.000Z,https://www.youtube.com/watch?v=UlYYc9txAaw,2026-07-30 07:08:28
dHlJBGulcLk,Barbeque Nation Sea Food Festival (For Andhra Pradesh and Gujarat).,"A culinary delight is coming your way.What do you think is cooking?
Head to a BBQ Nation outlet near you between 31st Jan to 16th Feb. (For our Andhra Pradesh and Gujarat outlets)

Book your table now - https://buff.ly/2NXcYP5

Follow us on-
Facebook-  / barbequenation  
Instagram-  / barbequenation  
Twitter-  / barbequenation  ",Barbeque Nation,UCA-ACmkbdLdSePOPckbq18A,313,9,0,2020-01-29T06:48:26.000Z,https://www.youtube.com/watch?v=dHlJBGulcLk,2026-07-30 07:08:28
1B-cAV5Z718,Barbeque Nation coming soon at Dwarka(New Delhi).,"New Delhi, We are here yet again. Opening soon our newest outlet at Dwarka serving the widest variety of grills and wide spread buffet. You will soon feast on unlimited grills at our new outlet.
Follow us on-
Facebook-  / barbequenation  
Instagram-  / barbequenation  
Twitter-  / barbequenation  ",Barbeque Nation,UCA-ACmkbdLdSePOPckbq18A,838,18,0,2020-01-08T10:32:12.000Z,https://www.youtube.com/watch?v=1B-cAV5Z718,2026-07-30 07:08:28
AmSUYZt0-0o,Barbeque Nation coming soon at Bathinda.,"Punjab, We are here yet again. Opening soon our newest outlet at Bathinda serving the widest variety of grills and wide spread buffet. You will soon feast on unlimited grills at our new outlet.

Book your table to feast unlimited- https://www.barbequenation.com/

Download our Mobile App:- http://bit.ly/BNBBQN 

Follow us on-
Facebook-  / barbequenation  
Instagram-  / barbequenation  
Twitter-  / barbequenation  ",Barbeque Nation,UCA-ACmkbdLdSePOPckbq18A,951,19,0,2020-02-05T11:17:40.000Z,https://www.youtube.com/watch?v=AmSUYZt0-0o,2026-07-30 07:08:28
Fe9p6zeWrok,"Barbeque Nation now in Gopalan Mall, Bangalore","Barbeque Nation, India's leading casual dining restaurant chain announced the launch of its 13th Outlet in Bengaluru. Starting with the very first outlet in the City in 2007, the restaurant has come a long way in defining the concept of casual dining, giving diners a chance to barbecue their own food on the table with unlimited starers.",Barbeque Nation,UCA-ACmkbdLdSePOPckbq18A,1028,20,0,2019-12-30T09:59:34.000Z,https://www.youtube.com/watch?v=Fe9p6zeWrok,2026-07-30 07:08:28
GNLvumI2RcA,Barbeque Nation X Usha Uthup_Hari Om Hari,"Here's why you need to hurry up to your nearest Barbeque Nation straight from the queen of Indi-pop, Usha Uthup.
Stay tuned for more.

Book your table to feast unlimited- https://bookings.barbequenation.com/

Follow us on-
Facebook-  / barbequenation  
Instagram-  / barbequenation  
Twitter-  / barbequenation  ",Barbeque Nation,UCA-ACmkbdLdSePOPckbq18A,548,14,0,2019-12-16T12:31:33.000Z,https://www.youtube.com/watch?v=GNLvumI2RcA,2026-07-30 07:08:28
6fUBEThqekA,NoCompromiseDining,"A new dine out experience coming soon to your nearest Barbeque Nation outlet.
#NoCompromiseDining #NoCompromiseSafety #NoCompromiseSanitization
#NoCompromiseExperience #NoCompromiseOffering",Barbeque Nation,UCA-ACmkbdLdSePOPckbq18A,215,8,0,2020-06-03T12:54:43.000Z,https://www.youtube.com/watch?v=6fUBEThqekA,2026-07-30 07:08:28
M4j4w-W3eQY,BBQ Nation Jhoom BBQ Jhoom New Year,"We're kicking off the New Year with some pop music and amazing grills.
Join us and be a part of a celebration like no other.",Barbeque Nation,UCA-ACmkbdLdSePOPckbq18A,1071,22,0,2020-01-01T17:03:39.000Z,https://www.youtube.com/watch?v=M4j4w-W3eQY,2026-07-30 07:08:28
W5fT66mcCwU,Barbequenation -  #NoCompromiseDining,"Bookings Open @ Barbequenation. Experience the new way to dineout.
#NoCompromiseDining",Barbeque Nation,UCA-ACmkbdLdSePOPckbq18A,659,22,1,2020-06-06T13:48:30.000Z,https://www.youtube.com/watch?v=W5fT66mcCwU,2026-07-30 07:08:28
9B1GjbYjK9E,Section 14   Rest Room,,Barbeque Nation,UCA-ACmkbdLdSePOPckbq18A,647,22,0,2020-05-30T09:43:34.000Z,https://www.youtube.com/watch?v=9B1GjbYjK9E,2026-07-30 07:08:28
TqhNhsIuH1s,Happy Monday Tuesday,"Happy Monday Tuesday for a perfect start to your week. Lunch and Dinner at special prices, across all our outlets. City-specific prices are applicable. 

Book your table to feast unlimited- https://bookings.barbequenation.com/

Follow us on-
Facebook-  / barbequenation  
Instagram-  / barbequenation  
Twitter-  / barbequenation  ",Barbeque Nation,UCA-ACmkbdLdSePOPckbq18A,8812,6,0,2019-11-08T12:53:29.000Z,https://www.youtube.com/watch?v=TqhNhsIuH1s,2026-07-30 07:08:28
I5dqVQCljL8,Barbeque Nation - NoCompromiseDining,"Barbeque Nation is ready to serve you again
We are now open in 56 locations. While we tailor the food to your taste, our commitment to safety & sanitization remains unwavering.
Explore the new way to dine @Barbequenation

Reserve your table now - http://bit.ly/2wpuGog
#NoCompromiseSafety
#NoCompromiseSanitization
#NoCompromiseExperience
#NoCompromiseOffering
#NoCompromiseDining",Barbeque Nation,UCA-ACmkbdLdSePOPckbq18A,1468,50,3,2020-06-17T07:37:52.000Z,https://www.youtube.com/watch?v=I5dqVQCljL8,2026-07-30 07:08:28
tXfn0oYukU0,KOTHAPET launch...!!,"Barbeque Nation has finally open its new outlet at Kothapet.


Book your table to feast unlimited- https://bookings.barbequenation.com/

Follow us on-
Facebook-  / barbequenation  
Instagram-  / barbequenation  
Twitter-  / barbequenation  ",Barbeque Nation,UCA-ACmkbdLdSePOPckbq18A,2303,20,3,2019-11-11T12:44:41.000Z,https://www.youtube.com/watch?v=tXfn0oYukU0,2026-07-30 07:08:28
RPg--X2r55M,Barbeque Nation #JBJ,"The Indi-Pop music queen Usha Uthup is back. And this time she’s all set to give your favourites at BBQ Nation a musical twist with JBJ.
Stay tuned to know more.

Book your table to feast unlimited- https://bookings.barbequenation.com/

Follow us on-
Facebook-  / barbequenation  
Instagram-  / barbequenation  
Twitter-  / barbequenation  ",Barbeque Nation,UCA-ACmkbdLdSePOPckbq18A,3426,14,0,2019-12-14T06:50:06.000Z,https://www.youtube.com/watch?v=RPg--X2r55M,2026-07-30 07:08:28
oFo5CO8jZ14,Coming soon at Haryana.,"Namaste Haryana, we are adding another gem to our crown. Barbeque Nation is opening its new outlet at  Ambala very soon. 
You will soon feast on unlimited grills at our new outlet.
Follow us on-

Facebook-  / barbequenation  

Instagram-  / barbequenation  

Twitter-  / barbequenation  ",Barbeque Nation,UCA-ACmkbdLdSePOPckbq18A,1098,17,0,2019-11-29T10:48:53.000Z,https://www.youtube.com/watch?v=oFo5CO8jZ14,2026-07-30 07:08:28
FXm9LnXoDq8,RJ Simran at Barbeque Nation,"RJ Simran from 92.7 BIG FM at Barbeque Nation for Masterchef competition.

Follow us on-
Facebook-  / barbequenation  
Instagram-  / barbequenation  
Twitter-  / barbequenation  ",Barbeque Nation,UCA-ACmkbdLdSePOPckbq18A,792,20,1,2019-11-20T11:41:09.000Z,https://www.youtube.com/watch?v=FXm9LnXoDq8,2026-07-30 07:08:28
-5RxXqUYk5A,Barbeque Nation coming soon at Gopalan mall(Bengaluru),"Bengaluru, we are here yet again. Opening soon our newest outlet at Gopalan mall serving the widest variety of grills and wide spread buffet. You will soon feast on unlimited grills at our new outlet.
Follow us on-
Facebook-  / barbequenation  
Instagram-  / barbequenation  
Twitter-  / barbequenation  ",Barbeque Nation,UCA-ACmkbdLdSePOPckbq18A,792,11,0,2019-11-07T11:53:12.000Z,https://www.youtube.com/watch?v=-5RxXqUYk5A,2026-07-30 07:08:28
XYjp_nJ6d8I,Bhopal Launch,"Barbeque Nation has finally open its new outlet at Bhopal.


Book your table to feast unlimited- https://bookings.barbequenation.com/

Follow us on-
Facebook-  / barbequenation  
Instagram-  / barbequenation  
Twitter-  / barbequenation  ",Barbeque Nation,UCA-ACmkbdLdSePOPckbq18A,575,7,0,2019-11-12T12:01:57.000Z,https://www.youtube.com/watch?v=XYjp_nJ6d8I,2026-07-30 07:08:28
YUPEFQvZuzA,Barbeque Nation X Usha Uthup_Rambha Ho Ho,"The queen of Indian pop music Usha Uthup has a special message just for you this party season.
Stay tuned to know more.

Book your table to feast unlimited- https://bookings.barbequenation.com/

Follow us on-
Facebook-  / barbequenation  
Instagram-  / barbequenation  
Twitter-  / barbequenation  ",Barbeque Nation,UCA-ACmkbdLdSePOPckbq18A,2124,21,0,2019-12-15T02:50:38.000Z,https://www.youtube.com/watch?v=YUPEFQvZuzA,2026-07-30 07:08:28
2Q-xA08iENg,Barbeque Nation | Diwali Ke Baad - #KyuNahiBarbeque,"#Diwali Khatam toh #Celebrations Khatam? 
Tag your friends and find the craziest reasons to keep the celebrations on and we will make it happen ... Because, It's not Kyu? It's Barbeque! 
Book your celebration now: http://bit.ly/2iNY1lf
#KyuNahiBarbeque",Barbeque Nation,UCA-ACmkbdLdSePOPckbq18A,518,6,0,2017-10-21T10:58:16.000Z,https://www.youtube.com/watch?v=2Q-xA08iENg,2026-07-30 07:08:28
UJIzgAKZvjQ,A Euro Trip with Barbeque Nation,"This December #BarbequeNation is serving delicacies from across Europe with a desi twist! 
Get ready to be welcomed by Queen’s Guards. Pose for a picture with the Eiffel Tower, Gondola or the Leaning Tower of Pisa! Music curated specially to get your mood up, for the #EuroTrip! 
That’s not all!
Lucky few get to fly to Europe! Here’s how:
· Take up the challenges on our social pages to win stars. 
· Rush to your nearest Barbeque Nation outlet from 20th December onwards & claim your stars. Fun challenges await you at the outlet as well. 
The more stars you win, the better are your chances of winning a trip to Europe! 

T&C apply",Barbeque Nation,UCA-ACmkbdLdSePOPckbq18A,735,5,0,2017-12-19T11:45:40.000Z,https://www.youtube.com/watch?v=UJIzgAKZvjQ,2026-07-30 07:08:28
CJ2q1B6k64k,December at Barbeque Nation | #YourTripOurWay,"Armando comes from a beautiful place! So guess where his hometown is and we'll bring it to your city, this December!

Barbeque Nation was founded in 2006 with a simple vision – offering a complete dining experience to customers at affordable prices.
One of the most successful casual dining chains in India, Barbeque Nation pioneered the concept of live grills embedded under dining tables – allowing customers to grill their own barbecue’s right at their tables.
 
Barbeque Nation has the widest Buffet with more than 100 dishes being served in the menu. This operation has started at Lokhandwala outlet & has spread to major outlets in the country.",Barbeque Nation,UCA-ACmkbdLdSePOPckbq18A,258,2,0,2017-12-10T16:37:57.000Z,https://www.youtube.com/watch?v=CJ2q1B6k64k,2026-07-30 07:08:28
2481VUzRd6U,The Last Blast at Barbeque Nation,"There's a lot of difference between Party and BLAST. Nahi samjhe? Let's catch up for The Last Blast, starting 20th December.
Tag your gang with whom you want to have a blast.
More details - https://bit.ly/2NUrVPA
#TheLastBlast #TimeforaBlast #YearEndParty #GoodTimes #PartyLife

Barbeque Nation was founded in 2006 with a simple vision – offering a complete dining experience to customers at affordable prices.
One of the most successful casual dining chains in India, Barbeque Nation pioneered the concept of live grills embedded under dining tables – allowing customers to grill their own barbecue’s right at their tables.
 
Barbeque Nation has the widest Buffet with more than 100 dishes being served in the menu. This operation has started at Lokhandwala outlet & has spread to major outlets in the country.",Barbeque Nation,UCA-ACmkbdLdSePOPckbq18A,722,3,0,2018-12-20T06:18:13.000Z,https://www.youtube.com/watch?v=2481VUzRd6U,2026-07-30 07:08:28
mEI83M3rceU,Barbeque Nation | Celebrating both Seafood and MA Road food festival.,"This February, we're solving the national issue amicably by bringing both Seafood and MA Road festivals to #BarbequeNation.

Call us on 1800 108 60 60 and find out the festival happening at your nearest outlet!

Barbeque Nation was founded in 2006 with a simple vision – offering a complete dining experience to customers at affordable prices.
One of the most successful casual dining chains in India, Barbeque Nation pioneered the concept of live grills embedded under dining tables – allowing customers to grill their own barbecue’s right at their tables.
 
Barbeque Nation has the widest Buffet with more than 100 dishes being served in the menu. This operation has started at Lokhandwala outlet & has spread to major outlets in the country.",Barbeque Nation,UCA-ACmkbdLdSePOPckbq18A,979,9,0,2018-01-31T13:55:36.000Z,https://www.youtube.com/watch?v=mEI83M3rceU,2026-07-30 07:08:28
-K2mjz4MnT0,CENTURY OF THE CENTURY!,"We’re celebrating our 100 outlets and want to do something that counts, that matters.
If you find the grills tasty at Barbeque Nation, you’re going to love the Malpuas we’re cooking with Dadaji!
Welcome to the party! Lets all join hands & #GrillForACause.

Barbeque Nation was founded in 2006 with a simple vision – offering a complete dining experience to customers at affordable prices.
One of the most successful casual dining chains in India, Barbeque Nation pioneered the concept of live grills embedded under dining tables – allowing customers to grill their own barbecue’s right at their tables.
 
Barbeque Nation has the widest Buffet with more than 100 dishes being served in the menu. This operation has started at Lokhandwala outlet & has spread to major outlets in the country.",Barbeque Nation,UCA-ACmkbdLdSePOPckbq18A,442,9,1,2018-03-26T11:40:36.000Z,https://www.youtube.com/watch?v=-K2mjz4MnT0,2026-07-30 07:08:28
fCWm6Dh-w94,Barbeque Nation transforms itself for better,"Barbeque Nation transforms for itself for a better customer experience on food, to ambience, to service & more

Barbeque Nation was founded in 2006 with a simple vision – offering a complete dining experience to customers at affordable prices.
One of the most successful casual dining chains in India, Barbeque Nation pioneered the concept of live grills embedded under dining tables – allowing customers to grill their own barbecue’s right at their tables.
 
Barbeque Nation has the widest Buffet with more than 100 dishes being served in the menu. This operation has started at Lokhandwala outlet & has spread to major outlets in the country.",Barbeque Nation,UCA-ACmkbdLdSePOPckbq18A,862,7,0,2017-08-23T06:05:33.000Z,https://www.youtube.com/watch?v=fCWm6Dh-w94,2026-07-30 07:08:28
FtKCRx37TMA,Celebrate this Diwali with family @Barbeque Nation,Festive season is on. Barbeque Nation will help you in making these days more memorable one. Celebrate this Diwali with Barbeque Nation. Book a table now to reserve your seats during festivals. Book your table - http://bit.ly/2kW7qsv,Barbeque Nation,UCA-ACmkbdLdSePOPckbq18A,3629,54,0,2017-10-12T09:27:47.000Z,https://www.youtube.com/watch?v=FtKCRx37TMA,2026-07-30 07:08:28
_DP81hGYJVc,Barbeque Nation - #1 buffet grill barbeque restaurant near you. Exciting Offers on lunch dinner,"Established in the year 2006, Barbeque Nation in HAL 2nd Stage Indiranagar, Bangalore is a top player in the category Barbeque Restaurants in the Bangalore. This well-known establishment acts as a one-stop destination servicing customers both local and from other parts of Bangalore. Over the course of its journey, this business has established a firm foothold in it’s industry. The belief that customer satisfaction is as important as their products and services, have helped this establishment garner a vast base of customers, which continues to grow by the day. This business employs individuals that are dedicated towards their respective roles and put in a lot of effort to achieve the common vision and larger goals of the company. In the near future, this business aims to expand its line of products and services and cater to a larger client base. In Bangalore, this establishment occupies a prominent location in HAL 2nd Stage Indiranagar. It is an effortless task in commuting to this establishment as there are various modes of transport readily available. It is at 100 Feet Road, Opposite Nandhini Hotel, which makes it easy for first-time visitors in locating this establishment. The popularity of this business is evident from the 18500+ reviews it has received from Justdial users. It is known to provide top service in the following categories: Barbeque Restaurants, Restaurants, Buffet Restaurants, Tandoori Restaurants, Mughlai Restaurants, Barbeque Nation Restaurants.",Barbeque Nation,UCA-ACmkbdLdSePOPckbq18A,700,3,0,2019-05-24T06:27:54.000Z,https://www.youtube.com/watch?v=_DP81hGYJVc,2026-07-30 07:08:28
nP2Zx840JHI,Barbeque Nation - Amritsar,"We’re now at the Golden City of grills to present you with lip-smacking barbeque dishes. #comefeastwithus to taste the best tandoors at the newest outlet of Barbeque Nation. #letscelebrate
Address - Plot no. 77, SGK Tower, Mall Road, Near Income Tax Office, Amritsar, Punjab 143001. For reservation call – 0183 6940202

Barbeque Nation was founded in 2006 with a simple vision – offering a complete dining experience to customers at affordable prices.
One of the most successful casual dining chains in India, Barbeque Nation pioneered the concept of live grills embedded under dining tables – allowing customers to grill their own barbecue’s right at their tables.
 
Barbeque Nation has the widest Buffet with more than 100 dishes being served in the menu. This operation has started at Lokhandwala outlet & has spread to major outlets in the country.",Barbeque Nation,UCA-ACmkbdLdSePOPckbq18A,3715,7,0,2016-03-30T08:32:37.000Z,https://www.youtube.com/watch?v=nP2Zx840JHI,2026-07-30 07:08:28
EeFP3p8ASpY,Mother's Day 2017 - #MoMe,"Life doesn't come with a manual, it comes with a #Mother!
We at Barbeque Nation have a small clip re-framing some of the beautiful memories we have had with our Mom. #MoMe

Barbeque Nation was founded in 2006 with a simple vision – offering a complete dining experience to customers at affordable prices.
One of the most successful casual dining chains in India, Barbeque Nation pioneered the concept of live grills embedded under dining tables – allowing customers to grill their own barbecue’s right at their tables.
 
Barbeque Nation has the widest Buffet with more than 100 dishes being served in the menu. This operation has started at Lokhandwala outlet & has spread to major outlets in the country.",Barbeque Nation,UCA-ACmkbdLdSePOPckbq18A,211,2,0,2017-05-03T09:56:34.000Z,https://www.youtube.com/watch?v=EeFP3p8ASpY,2026-07-30 07:08:28
cHR9kk62exA,Barbeque Nation Innovations,"Barbeque Nation was founded in 2006 with a simple vision – offering a complete dining experience to customers at affordable prices.
One of the most successful casual dining chains in India, Barbeque Nation pioneered the concept of live grills embedded under dining tables – allowing customers to grill their own barbecue’s right at their tables.
 
Barbeque Nation has the widest Buffet with more than 100 dishes being served in the menu. This operation has started at Lokhandwala outlet & has spread to major outlets in the country.",Barbeque Nation,UCA-ACmkbdLdSePOPckbq18A,930,10,2,2017-06-08T11:35:06.000Z,https://www.youtube.com/watch?v=cHR9kk62exA,2026-07-30 07:08:28
rE4N5KJkwwo,Dilli Wali Khau Galli - 2016,"Dilli dished out at Barbeque Nation. Presenting Dilli Khau Galli. Dilli Street Food Festival.
Mumbai, Pune, Goa, Nashik, Nagpur - 15th July to 31st July 2016
Bangalore, Mangalore, Mysore, Hyderabad, Visakhapatnam, Vijayawada, Chennai, Coimbatore, Kolkata, Raipur, Guwahati, Ahmedabad, Surat & Boarda - 20th July to 7th Aug 2016
Delhi, NCR - 22nd July to 7th Aug 2016
Jaipur, Lucknow, Chandigarh, Mohali, Udaipur & Amritsar - 19th Aug to 6th Sept",Barbeque Nation,UCA-ACmkbdLdSePOPckbq18A,1708,3,0,2016-07-14T05:53:34.000Z,https://www.youtube.com/watch?v=rE4N5KJkwwo,2026-07-30 07:08:28
2EJ4QcftWJU,Barbeque Nation - Udaipur,"Hello Rajasthan. Udaipur is serving fiery grills & spicy tandoors. ‪#‎comefeastwithus‬ at our newest outlet of Barbeque Nation. ‪#‎letscelebrate‬

Barbeque Nation was founded in 2006 with a simple vision – offering a complete dining experience to customers at affordable prices.
One of the most successful casual dining chains in India, Barbeque Nation pioneered the concept of live grills embedded under dining tables – allowing customers to grill their own barbecue’s right at their tables.
 
Barbeque Nation has the widest Buffet with more than 100 dishes being served in the menu. This operation has started at Lokhandwala outlet & has spread to major outlets in the country.",Barbeque Nation,UCA-ACmkbdLdSePOPckbq18A,3853,7,1,2016-04-11T07:11:02.000Z,https://www.youtube.com/watch?v=2EJ4QcftWJU,2026-07-30 07:08:28
y62h1-LJkR4,History of Barbeque Nation,"The history of Barbeque Nation growing across the 11 years.

Barbeque Nation was founded in 2006 with a simple vision – offering a complete dining experience to customers at affordable prices.
One of the most successful casual dining chains in India, Barbeque Nation pioneered the concept of live grills embedded under dining tables – allowing customers to grill their own barbecue’s right at their tables.
 
Barbeque Nation has the widest Buffet with more than 100 dishes being served in the menu. This operation has started at Lokhandwala outlet & has spread to major outlets in the country.",Barbeque Nation,UCA-ACmkbdLdSePOPckbq18A,9092,118,3,2017-06-06T10:22:03.000Z,https://www.youtube.com/watch?v=y62h1-LJkR4,2026-07-30 07:08:28
YZrj6S8rUec,BN - GPTW 2017,"Barbeque Nation stood 36th Place in Great Place to Work 2017

Barbeque Nation was founded in 2006 with a simple vision – offering a complete dining experience to customers at affordable prices.
One of the most successful casual dining chains in India, Barbeque Nation pioneered the concept of live grills embedded under dining tables – allowing customers to grill their own barbecue’s right at their tables.
 
Barbeque Nation has the widest Buffet with more than 100 dishes being served in the menu. This operation has started at Lokhandwala outlet & has spread to major outlets in the country.
Barbequenation restaurants",Barbeque Nation,UCA-ACmkbdLdSePOPckbq18A,234,7,1,2017-07-03T13:55:35.000Z,https://www.youtube.com/watch?v=YZrj6S8rUec,2026-07-30 07:08:28
1Jaj38dYTdw,10 Year Anniversary Celebrations,"Marking the celebrations of the 10 Year Anniversary of Barbeque Nation, the team wishes you all 'A Happy Decade Anniversary' and 'All the Best' to all the employees.

Barbeque Nation was founded in 2006 with a simple vision – offering a complete dining experience to customers at affordable prices.
One of the most successful casual dining chains in India, Barbeque Nation pioneered the concept of live grills embedded under dining tables – allowing customers to grill their own barbecue’s right at their tables.
 
Barbeque Nation has the widest Buffet with more than 100 dishes being served in the menu. This operation has started at Lokhandwala outlet & has spread to major outlets in the country.",Barbeque Nation,UCA-ACmkbdLdSePOPckbq18A,3791,39,1,2016-01-20T05:30:40.000Z,https://www.youtube.com/watch?v=1Jaj38dYTdw,2026-07-30 07:08:28
VXCdH6kPZJM,"Barbeque Nation - KNK Road, Chennai","If trying good food is your new year’s resolution, we have a reason so you stick to it! Barbeque Nation is now at KNK Road, Chennai too.

Barbeque Nation was founded in 2006 with a simple vision – offering a complete dining experience to customers at affordable prices.
One of the most successful casual dining chains in India, Barbeque Nation pioneered the concept of live grills embedded under dining tables – allowing customers to grill their own barbecue’s right at their tables.
 
Barbeque Nation has the widest Buffet with more than 100 dishes being served in the menu. This operation has started at Lokhandwala outlet & has spread to major outlets in the country.",Barbeque Nation,UCA-ACmkbdLdSePOPckbq18A,2341,6,0,2016-01-18T05:04:42.000Z,https://www.youtube.com/watch?v=VXCdH6kPZJM,2026-07-30 07:08:28
USAp2dO5gLY,Blue Nation With Barbeque Nation - Get ready to Fire Up The Game!,"#BlueNationWithBBQNation is now LIVE. Play & Win #BarbequeNation coupons every time you play.

Head over to https://www.barbequenation.com/bluenation/

Its time to #TurnYourBlueSideOn!

Barbeque Nation was founded in 2006 with a simple vision – offering a complete dining experience to customers at affordable prices.
One of the most successful casual dining chains in India, Barbeque Nation pioneered the concept of live grills embedded under dining tables – allowing customers to grill their own barbecue’s right at their tables.
 
Barbeque Nation has the widest Buffet with more than 100 dishes being served in the menu. This operation has started at Lokhandwala outlet & has spread to major outlets in the country.",Barbeque Nation,UCA-ACmkbdLdSePOPckbq18A,176,1,0,2019-07-04T12:39:22.000Z,https://www.youtube.com/watch?v=USAp2dO5gLY,2026-07-30 07:08:28
OpuXSvuIF9w,Blue Nation With Barbeque Nation - Get ready to Fire Up The Game!,"Get ready to play, earn and win this cricket season

Barbeque Nation was founded in 2006 with a simple vision – offering a complete dining experience to customers at affordable prices.
One of the most successful casual dining chains in India, Barbeque Nation pioneered the concept of live grills embedded under dining tables – allowing customers to grill their own barbecue’s right at their tables.
 
Barbeque Nation has the widest Buffet with more than 100 dishes being served in the menu. This operation has started at Lokhandwala outlet & has spread to major outlets in the country.",Barbeque Nation,UCA-ACmkbdLdSePOPckbq18A,104,1,1,2019-06-03T15:28:21.000Z,https://www.youtube.com/watch?v=OpuXSvuIF9w,2026-07-30 07:08:28
UefQYincWH0,Bollywood Loves Bappi Da & Bappi Da Loves Barbeque Nation - Short Clip 2,"Presenting the official Bollywood Disco Carnival anthem by the King of Disco 'Bappi Da'.

Barbeque Nation was founded in 2006 with a simple vision – offering a complete dining experience to customers at affordable prices.
One of the most successful casual dining chains in India, Barbeque Nation pioneered the concept of live grills embedded under dining tables – allowing customers to grill their own barbecue’s right at their tables.
 
Barbeque Nation has the widest Buffet with more than 100 dishes being served in the menu. This operation has started at Lokhandwala outlet & has spread to major outlets in the country.",Barbeque Nation,UCA-ACmkbdLdSePOPckbq18A,1071,6,0,2015-12-18T07:13:40.000Z,https://www.youtube.com/watch?v=UefQYincWH0,2026-07-30 07:08:28
5WsUL5Jsp28,Barbeque Nation now @ Siliguri,"Come to Barbeque Nation and savour the best of grills and a large buffet spread, where you can feast unlimited. Siliguri we have opened our door to you.

Barbeque Nation was founded in 2006 with a simple vision – offering a complete dining experience to customers at affordable prices.
One of the most successful casual dining chains in India, Barbeque Nation pioneered the concept of live grills embedded under dining tables – allowing customers to grill their own barbecue’s right at their tables.
 
Barbeque Nation has the widest Buffet with more than 100 dishes being served in the menu. This operation has started at Lokhandwala outlet & has spread to major outlets in the country.",Barbeque Nation,UCA-ACmkbdLdSePOPckbq18A,1683,27,4,2019-06-26T04:08:52.000Z,https://www.youtube.com/watch?v=5WsUL5Jsp28,2026-07-30 07:08:28
Fl_Wlg4EjwA,Bollywood Loves Bappi Da & Bappi Da Loves Barbeque Nation - Short Clip 1,"Disco Barbeque song by Bappi Da.

Barbeque Nation's tribute to the golden era of 'Bollywood Disco' & the 'King of Disco' Bappi Da. Short film.

Barbeque Nation was founded in 2006 with a simple vision – offering a complete dining experience to customers at affordable prices.
One of the most successful casual dining chains in India, Barbeque Nation pioneered the concept of live grills embedded under dining tables – allowing customers to grill their own barbecue’s right at their tables.
 
Barbeque Nation has the widest Buffet with more than 100 dishes being served in the menu. This operation has started at Lokhandwala outlet & has spread to major outlets in the country.",Barbeque Nation,UCA-ACmkbdLdSePOPckbq18A,1258,5,0,2015-12-17T02:27:33.000Z,https://www.youtube.com/watch?v=Fl_Wlg4EjwA,2026-07-30 07:08:28
sVOGJnKzqSU,Delicious Mutton Seekh kebab and Yummy Chicken drumsticks,"A perfect blend of spices that will tingle your taste buds. Try out Mutton seekh kebab cooked to perfection and tender chicken drumsticks char-grilled with our secret spices.

 Book your table to feast unlimited- https://bookings.barbequenation.com/

Follow us on-
Facebook-  / barbequenation  
Instagram-  / barbequenation  
Twitter-  / barbequenation  ",Barbeque Nation,UCA-ACmkbdLdSePOPckbq18A,138,0,0,2019-11-04T11:45:26.000Z,https://www.youtube.com/watch?v=sVOGJnKzqSU,2026-07-30 07:08:28
ZDnZ9fJC3vE,Barbeque Nation coming soon at Ampa mall(Chennai),"Vanakkam Chennai, we are adding another gem to our crown. Barbeque Nation is opening soon  its 8th outlet in Chennai. You will soon feast on unlimited grills at our new outlet.
Follow us on-
Facebook-  / barbequenation  
Instagram-  / barbequenation  
Twitter-  / barbequenation  ",Barbeque Nation,UCA-ACmkbdLdSePOPckbq18A,549,4,0,2019-11-07T11:45:36.000Z,https://www.youtube.com/watch?v=ZDnZ9fJC3vE,2026-07-30 07:08:28
b30m114j1T0,Barbeque Nation - Nashik,"Take all your senses on a delicious tour at Barbeque Nation’s new outlet in Nashik ‪

Address – 2nd Floor, City Centre Mall, Sambaji Chowk, Lawate Nagar, Banyan Square, Untwadi, Nashik, Maharashtra 422009
For Reservations - 0253-6060008

Barbeque Nation was founded in 2006 with a simple vision – offering a complete dining experience to customers at affordable prices.
One of the most successful casual dining chains in India, Barbeque Nation pioneered the concept of live grills embedded under dining tables – allowing customers to grill their own barbecue’s right at their tables.
 
Barbeque Nation has the widest Buffet with more than 100 dishes being served in the menu. This operation has started at Lokhandwala outlet & has spread to major outlets in the country.",Barbeque Nation,UCA-ACmkbdLdSePOPckbq18A,8025,32,0,2015-11-20T10:46:35.000Z,https://www.youtube.com/watch?v=b30m114j1T0,2026-07-30 07:08:28
zO0M7OIa92o,Barbeque Nation - Velachery,"Chennai get ready to add another address for your favourite restaurant. Barbeque Nation is now also at Velechery. 

Address - 1st Floor, The Grand Mall, 137, Dr. Seetharam Nagar, 1st Cross Street, Velachery - Tambaram High Road, Velachery, Chennai – 600042

For reservations - 044-60600000

Barbeque Nation was founded in 2006 with a simple vision – offering a complete dining experience to customers at affordable prices.
One of the most successful casual dining chains in India, Barbeque Nation pioneered the concept of live grills embedded under dining tables – allowing customers to grill their own barbecue’s right at their tables.
 
Barbeque Nation has the widest Buffet with more than 100 dishes being served in the menu. This operation has started at Lokhandwala outlet & has spread to major outlets in the country.",Barbeque Nation,UCA-ACmkbdLdSePOPckbq18A,7222,13,2,2015-11-24T05:28:44.000Z,https://www.youtube.com/watch?v=zO0M7OIa92o,2026-07-30 07:08:28
m1yuTsfGhdU,Barbeque Nation - Bandra,"The queen of all suburbs now has the king of all grills. Barbeque Nation is now serving Bandra too.

Barbeque Nation was founded in 2006 with a simple vision – offering a complete dining experience to customers at affordable prices.
One of the most successful casual dining chains in India, Barbeque Nation pioneered the concept of live grills embedded under dining tables – allowing customers to grill their own barbecue’s right at their tables.
 
Barbeque Nation has the widest Buffet with more than 100 dishes being served in the menu. This operation has started at Lokhandwala outlet & has spread to major outlets in the country.",Barbeque Nation,UCA-ACmkbdLdSePOPckbq18A,4035,14,1,2015-11-23T06:22:01.000Z,https://www.youtube.com/watch?v=m1yuTsfGhdU,2026-07-30 07:08:28
Xbbzr7L1o-I,Barbeque Nation Opening Soon @ Gajuwaka,"Tender, succulent chicken and melting away in your mouth. Need more reasons to visit Barbeque Nation?

Barbeque Nation was founded in 2006 with a simple vision – offering a complete dining experience to customers at affordable prices.
One of the most successful casual dining chains in India, Barbeque Nation pioneered the concept of live grills embedded under dining tables – allowing customers to grill their own barbecue’s right at their tables.
 
Barbeque Nation has the widest Buffet with more than 100 dishes being served in the menu. This operation has started at Lokhandwala outlet & has spread to major outlets in the country.",Barbeque Nation,UCA-ACmkbdLdSePOPckbq18A,943,10,5,2019-06-26T04:29:02.000Z,https://www.youtube.com/watch?v=Xbbzr7L1o-I,2026-07-30 07:08:28
W79GmFBnn9s,Now in Vijayawada! #‎comefeastwithus,"The magic of grills is all set to mesmerise Vijayawada. Don’t you think it’s the perfect time to ‪#‎comefeastwithus‬?

Barbeque Nation was founded in 2006 with a simple vision – offering a complete dining experience to customers at affordable prices.
One of the most successful casual dining chains in India, Barbeque Nation pioneered the concept of live grills embedded under dining tables – allowing customers to grill their own barbecue’s right at their tables.
 
Barbeque Nation has the widest Buffet with more than 100 dishes being served in the menu. This operation has started at Lokhandwala outlet & has spread to major outlets in the country.",Barbeque Nation,UCA-ACmkbdLdSePOPckbq18A,1063,5,0,2015-07-09T10:54:37.000Z,https://www.youtube.com/watch?v=W79GmFBnn9s,2026-07-30 07:08:28
xRSrgeBx34E,Barbeque Nation - Mulund,"Mumbai, keep some extra space in your tummy ready to gorge on our delicious grills! Barbeque Nation is now serving Mulund. 

Address - 2nd Floor, R Mall, L.B.S. Marg, opposite to Richardson and Cruddas, Mulund West, Mumbai, Maharashtra 400080
For Reservation - 022-60600000
Barbeque Nation was founded in 2006 with a simple vision – offering a complete dining experience to customers at affordable prices.
One of the most successful casual dining chains in India, Barbeque Nation pioneered the concept of live grills embedded under dining tables – allowing customers to grill their own barbecue’s right at their tables.
 
Barbeque Nation has the widest Buffet with more than 100 dishes being served in the menu. This operation has started at Lokhandwala outlet & has spread to major outlets in the country.",Barbeque Nation,UCA-ACmkbdLdSePOPckbq18A,6051,12,1,2015-11-20T10:41:54.000Z,https://www.youtube.com/watch?v=xRSrgeBx34E,2026-07-30 07:08:28
Z9sV6dXhEmE,Barbeque Nations Spl 15 20151030184319 News9,"Barbeque Nation was founded in 2006 with a simple vision – offering a complete dining experience to customers at affordable prices.
One of the most successful casual dining chains in India, Barbeque Nation pioneered the concept of live grills embedded under dining tables – allowing customers to grill their own barbecue’s right at their tables.
 
Barbeque Nation has the widest Buffet with more than 100 dishes being served in the menu. This operation has started at Lokhandwala outlet & has spread to major outlets in the country.",Barbeque Nation,UCA-ACmkbdLdSePOPckbq18A,640,1,0,2015-11-16T10:42:23.000Z,https://www.youtube.com/watch?v=Z9sV6dXhEmE,2026-07-30 07:08:28
7zBxkqsZ6q0,Bappi Lahiri – Disco Barbeque,"Barbeque Nation presents “Bollywood Disco Carnival” a tribute to the golden era of Bollywood disco. #DiscoBarbeque

Singer & Composer - Bappi Da
Lyricist - PlanB Team
Producer - Barbeque Nation

Barbeque Nation was founded in 2006 with a simple vision – offering a complete dining experience to customers at affordable prices.
One of the most successful casual dining chains in India, Barbeque Nation pioneered the concept of live grills embedded under dining tables – allowing customers to grill their own barbecue’s right at their tables.
 
Barbeque Nation has the widest Buffet with more than 100 dishes being served in the menu. This operation has started at Lokhandwala outlet & has spread to major outlets in the country.",Barbeque Nation,UCA-ACmkbdLdSePOPckbq18A,392102,976,41,2015-12-16T15:45:52.000Z,https://www.youtube.com/watch?v=7zBxkqsZ6q0,2026-07-30 07:08:28
wv2ouc46t2o,"#Kolkata, here we meet again!","‪Barbeque Nation opens its second store in the cultural capital of India. #‎comefeastwithus now!
New Outlet - #24, 1st Floor, Park Center Building, Park Street, Kolkata 700016. Phone Number: 033 6060 000

Barbeque Nation was founded in 2006 with a simple vision – offering a complete dining experience to customers at affordable prices.
One of the most successful casual dining chains in India, Barbeque Nation pioneered the concept of live grills embedded under dining tables – allowing customers to grill their own barbecue’s right at their tables.
 
Barbeque Nation has the widest Buffet with more than 100 dishes being served in the menu. This operation has started at Lokhandwala outlet & has spread to major outlets in the country.",Barbeque Nation,UCA-ACmkbdLdSePOPckbq18A,345,0,0,2015-07-08T13:00:17.000Z,https://www.youtube.com/watch?v=wv2ouc46t2o,2026-07-30 07:08:28
duJL-WybgMY,A very Happy Diwali from Barbeque Nation,"When was the last time your entire family got together for a celebration? 
This Diwali, book your table for unlimited food, festivities and family time at Barbeque Nation!

Follow us on-
Facebook-  / barbequenation  
Instagram-  / barbequenation  
Twitter-  / barbequenation  

Book your table to feast unlimited-https://bookings.barbequenation.com/",Barbeque Nation,UCA-ACmkbdLdSePOPckbq18A,23185,10,0,2019-10-25T10:06:53.000Z,https://www.youtube.com/watch?v=duJL-WybgMY,2026-07-30 07:08:28
nWSWNNulnYo,Barbeque Nation Food Fest 20151029224630 Suvarna TV,"Barbeque Nation was founded in 2006 with a simple vision – offering a complete dining experience to customers at affordable prices.
One of the most successful casual dining chains in India, Barbeque Nation pioneered the concept of live grills embedded under dining tables – allowing customers to grill their own barbecue’s right at their tables.
 
Barbeque Nation has the widest Buffet with more than 100 dishes being served in the menu. This operation has started at Lokhandwala outlet & has spread to major outlets in the country.",Barbeque Nation,UCA-ACmkbdLdSePOPckbq18A,536,0,0,2015-11-14T11:25:17.000Z,https://www.youtube.com/watch?v=nWSWNNulnYo,2026-07-30 07:08:28
8_EgRPhMVEU,Different festivals same destination @Barbequenation,"Festive season is on. Barbeque Nation will help you in making these days more memorable by spreading happiness. Come and feast unlimited with your family and friends.

Follow us on-
Facebook-  / barbequenation  
Instagram-  / barbequenation  
Twitter-  / barbequenation   

Book your table to feast unlimited-https://bookings.barbequenation.com/",Barbeque Nation,UCA-ACmkbdLdSePOPckbq18A,32164,8,1,2019-10-29T07:06:02.000Z,https://www.youtube.com/watch?v=8_EgRPhMVEU,2026-07-30 07:08:28
EMwEvoisCfw,Kurla Barbeque Nation,"Kurla gets a new landmark. What can stop you from getting to ‪#‎comefeastwithus‬?

Barbeque Nation was founded in 2006 with a simple vision – offering a complete dining experience to customers at affordable prices.
One of the most successful casual dining chains in India, Barbeque Nation pioneered the concept of live grills embedded under dining tables – allowing customers to grill their own barbecue’s right at their tables.
 
Barbeque Nation has the widest Buffet with more than 100 dishes being served in the menu. This operation has started at Lokhandwala outlet & has spread to major outlets in the country.",Barbeque Nation,UCA-ACmkbdLdSePOPckbq18A,15706,17,0,2015-04-15T07:01:56.000Z,https://www.youtube.com/watch?v=EMwEvoisCfw,2026-07-30 07:08:28
LNwTNwM844k,Vizag - Celebrate with Barbeque Nation,"Vizag is on our foodie map too! ‪#‎comefeastwithus‬

Barbeque Nation was founded in 2006 with a simple vision – offering a complete dining experience to customers at affordable prices.
One of the most successful casual dining chains in India, Barbeque Nation pioneered the concept of live grills embedded under dining tables – allowing customers to grill their own barbecue’s right at their tables.
 
Barbeque Nation has the widest Buffet with more than 100 dishes being served in the menu. This operation has started at Lokhandwala outlet & has spread to major outlets in the country.",Barbeque Nation,UCA-ACmkbdLdSePOPckbq18A,12352,8,0,2015-04-15T07:08:37.000Z,https://www.youtube.com/watch?v=LNwTNwM844k,2026-07-30 07:08:28
qq3TPjZ3WbQ,Barbeque Nation Food Fest 20151029191115 Praja TV,"Barbeque Nation was founded in 2006 with a simple vision – offering a complete dining experience to customers at affordable prices.
One of the most successful casual dining chains in India, Barbeque Nation pioneered the concept of live grills embedded under dining tables – allowing customers to grill their own barbecue’s right at their tables.
 
Barbeque Nation has the widest Buffet with more than 100 dishes being served in the menu. This operation has started at Lokhandwala outlet & has spread to major outlets in the country.",Barbeque Nation,UCA-ACmkbdLdSePOPckbq18A,585,1,0,2015-11-14T11:22:05.000Z,https://www.youtube.com/watch?v=qq3TPjZ3WbQ,2026-07-30 07:08:28
_Rp-iqUPV-k,"Barbeque Nation - Rajajinagar, Bangalore","Bangaloreans, it’s time you greet the best grill expert in town! Barbeque Nation is now open at Rajajinagar too.

Barbeque Nation was founded in 2006 with a simple vision – offering a complete dining experience to customers at affordable prices.
One of the most successful casual dining chains in India, Barbeque Nation pioneered the concept of live grills embedded under dining tables – allowing customers to grill their own barbecue’s right at their tables.
 
Barbeque Nation has the widest Buffet with more than 100 dishes being served in the menu. This operation has started at Lokhandwala outlet & has spread to major outlets in the country.",Barbeque Nation,UCA-ACmkbdLdSePOPckbq18A,11424,23,2,2016-01-04T07:44:38.000Z,https://www.youtube.com/watch?v=_Rp-iqUPV-k,2026-07-30 07:08:28
pw7bJlx8CwY,Raipur Barbeque Nation,"Yo foodies in Raipur! It’s time you guys ‪#‎comefeastwithus‬ on and on…

Barbeque Nation was founded in 2006 with a simple vision – offering a complete dining experience to customers at affordable prices.
One of the most successful casual dining chains in India, Barbeque Nation pioneered the concept of live grills embedded under dining tables – allowing customers to grill their own barbecue’s right at their tables.
 
Barbeque Nation has the widest Buffet with more than 100 dishes being served in the menu. This operation has started at Lokhandwala outlet & has spread to major outlets in the country.",Barbeque Nation,UCA-ACmkbdLdSePOPckbq18A,6985,10,0,2015-04-15T07:08:12.000Z,https://www.youtube.com/watch?v=pw7bJlx8CwY,2026-07-30 07:08:28
LI0Rp3kuqv0,Spice up your palate at Barbeque Nation,Barbeque Nation is serving your favourite Chicken drumstick with a perfect blend of spices to make your Sunday sorted. Book your table now to feast unlimited- http://bit.ly/2kW7qsv,Barbeque Nation,UCA-ACmkbdLdSePOPckbq18A,131,1,0,2019-10-11T11:58:38.000Z,https://www.youtube.com/watch?v=LI0Rp3kuqv0,2026-07-30 07:08:28
FeJ5Uq0CUFM,Whats your Pick ?,There are some who love prawns and some who love chicken. What’s your pick between the two? You can savour both of them at Barbeque Nation. Come feast unlimited.,Barbeque Nation,UCA-ACmkbdLdSePOPckbq18A,41,2,1,2019-10-23T10:44:19.000Z,https://www.youtube.com/watch?v=FeJ5Uq0CUFM,2026-07-30 07:08:28
oO_XLZN11GE,Barbeque Nation Kitchen Carnival Express,"The Kitchen Carnival Express is here! Hop aboard at your nearest Barbeque Nation in Delhi between July 31st to August 11th. Experience a unique pan-Indian culinary journey featuring 32 dishes from across the country.
Coming soon to other cities.
Follow us at   / barbequenation   for more information.",Barbeque Nation,UCA-ACmkbdLdSePOPckbq18A,10648,47,1,2013-08-06T08:32:09.000Z,https://www.youtube.com/watch?v=oO_XLZN11GE,2026-07-30 07:08:28
ignFhZLtIfk,"Barbeque Nation at Fun mall, Coimbatore","Come to Barbeque Nation and savour the best of grills and a wide buffet spread, where you can feast unlimited. Coimbatore we have opened our second outlet at fun mall for our patrons.",Barbeque Nation,UCA-ACmkbdLdSePOPckbq18A,2226,23,3,2019-10-09T13:12:21.000Z,https://www.youtube.com/watch?v=ignFhZLtIfk,2026-07-30 07:08:28
7n85cpgRCGo,Barsha Rani Bishaya @ Barbeque Nation Guwahati,"Celebrated and famous bihu dancer Barsha Rani Bishaya at Barbeque Nation Guwahati.

Barbeque Nation was founded in 2006 with a simple vision – offering a complete dining experience to customers at affordable prices.
One of the most successful casual dining chains in India, Barbeque Nation pioneered the concept of live grills embedded under dining tables – allowing customers to grill their own barbecue’s right at their tables.
 
Barbeque Nation has the widest Buffet with more than 100 dishes being served in the menu. This operation has started at Lokhandwala outlet & has spread to major outlets in the country.",Barbeque Nation,UCA-ACmkbdLdSePOPckbq18A,2439,14,0,2014-03-12T06:12:27.000Z,https://www.youtube.com/watch?v=7n85cpgRCGo,2026-07-30 07:08:28
FW81__4kRrk,Juicy Gulab Jamun and Crispy Jalebi,"Make your Sunday get better.
Indulge into the choicest of juicy Gulab jamun & crispy Jalebi only at Barbeque Nation.

Follow us on-
Facebook-  / barbequenation  
Instagram-  / barbequenation  
Twitter-  / barbequenation  

Book your table to feast unlimited-https://bookings.barbequenation.com/",Barbeque Nation,UCA-ACmkbdLdSePOPckbq18A,559,8,0,2019-10-23T10:51:40.000Z,https://www.youtube.com/watch?v=FW81__4kRrk,2026-07-30 07:08:28
0ENdbCvNFng,Barbeque Nation Feisty Prawns,"Prawns so good and grilled to perfection, they would surly tingle your taste buds. Come feast unlimited at Barbeque Nation. Book your table now - http://bit.ly/2Km5fJ0

Barbeque Nation was founded in 2006 with a simple vision – offering a complete dining experience to customers at affordable prices.
One of the most successful casual dining chains in India, Barbeque Nation pioneered the concept of live grills embedded under dining tables – allowing customers to grill their own barbecue’s right at their tables.
 
Barbeque Nation has the widest Buffet with more than 100 dishes being served in the menu. This operation has started at Lokhandwala outlet & has spread to major outlets in the country.
Barbequenation restaurants",Barbeque Nation,UCA-ACmkbdLdSePOPckbq18A,1850,9,0,2019-09-30T06:53:16.000Z,https://www.youtube.com/watch?v=0ENdbCvNFng,2026-07-30 07:08:28
5rBXqU4ZNBk,Barbeque Nation now open at Panipat,"Come to Barbeque Nation and savour the best of grills and a wide buffet spread, where you can feast unlimited. Panipat we have opened our door for our patrons.

Barbeque Nation was founded in 2006 with a simple vision – offering a complete dining experience to customers at affordable prices.
One of the most successful casual dining chains in India, Barbeque Nation pioneered the concept of live grills embedded under dining tables – allowing customers to grill their own barbecue’s right at their tables.
 
Barbeque Nation has the widest Buffet with more than 100 dishes being served in the menu. This operation has started at Lokhandwala outlet & has spread to major outlets in the country.",Barbeque Nation,UCA-ACmkbdLdSePOPckbq18A,415,7,1,2019-09-13T13:37:40.000Z,https://www.youtube.com/watch?v=5rBXqU4ZNBk,2026-07-30 07:08:28
gJSqq3xbGdc,Barbeque Nation coming soon at Kondapur,"In Hyderabad, we are adding another gem to our crown. Barbeque Nation is soon opening its 6th outlet in Hyderabad. You will soon feast on unlimited grills at our new outlet.

Barbeque Nation was founded in 2006 with a simple vision – offering a complete dining experience to customers at affordable prices.
One of the most successful casual dining chains in India, Barbeque Nation pioneered the concept of live grills embedded under dining tables – allowing customers to grill their own barbecue’s right at their tables.
 
Barbeque Nation has the widest Buffet with more than 100 dishes being served in the menu. This operation has started at Lokhandwala outlet & has spread to major outlets in the country.",Barbeque Nation,UCA-ACmkbdLdSePOPckbq18A,131,2,0,2019-09-13T13:30:26.000Z,https://www.youtube.com/watch?v=gJSqq3xbGdc,2026-07-30 07:08:28
vJtEEUUx4Oc,Barbeque Nation coming soon in Coimbatore,"Vanakkam Coimbatore, we are adding another gem to our crown. Barbeque Nation is soon opening its 2nd outlet in Coimbatore. You will soon feast on unlimited grills at our new outlet .

Barbeque Nation was founded in 2006 with a simple vision – offering a complete dining experience to customers at affordable prices.
One of the most successful casual dining chains in India, Barbeque Nation pioneered the concept of live grills embedded under dining tables – allowing customers to grill their own barbecue’s right at their tables.
 
Barbeque Nation has the widest Buffet with more than 100 dishes being served in the menu. This operation has started at Lokhandwala outlet & has spread to major outlets in the country.",Barbeque Nation,UCA-ACmkbdLdSePOPckbq18A,201,4,0,2019-09-17T10:02:25.000Z,https://www.youtube.com/watch?v=vJtEEUUx4Oc,2026-07-30 07:08:28
FQ2mztASKb0,Usha Uthup X Barbeque Nation_ One Two Cha Cha,"is the season to groove to some Indi-pop and savour unlimited grills.
Stay tuned as we bring the best of both worlds to the BBQ Nation outlet near you.

Book your table to feast unlimited- https://bookings.barbequenation.com/

Follow us on-
Facebook-  / barbequenation  
Instagram-  / barbequenation  
Twitter-  / barbequenation  ",Barbeque Nation,UCA-ACmkbdLdSePOPckbq18A,1171,19,0,2019-12-19T17:48:25.000Z,https://www.youtube.com/watch?v=FQ2mztASKb0,2026-07-30 07:08:28
IOfbtwA5iDM,New Dessert Launch: Balushahi,"Now serving at Barbeque Nation, Balushahi soaked in a sugary glaze, and with the perfect balance of crunch and sweetness. Don’t forget to savour this new offering in your next Barbeque Nation party.

[Balushahi, Indian sweet, traditional, flaky, golden, crunchy, Indian cuisine, Try, visit now, Foodie, food love, sweet, delicious dessert, party food, sweet treat, indulge]",Barbeque Nation,UCA-ACmkbdLdSePOPckbq18A,514,6,1,2024-12-28T07:28:56.000Z,https://www.youtube.com/shorts/IOfbtwA5iDM,2026-07-30 07:08:28
0VX-8Zp9v08,Jhoom BBQ Jhoom Kebabi,"The party anthem of the season is out! And it’s filled with grooves, grills and much more.
Head to the BBQ Nation outlet near you to be a part of our Jhoom BBQ Jhoom celebrations.

Book your table to feast unlimited- https://bookings.barbequenation.com/

Follow us on-
Facebook-  / barbequenation  
Instagram-  / barbequenation  
Twitter-  / barbequenation  ",Barbeque Nation,UCA-ACmkbdLdSePOPckbq18A,184566,0,16,2019-12-20T05:53:50.000Z,https://www.youtube.com/watch?v=0VX-8Zp9v08,2026-07-30 07:08:28
DiUouVtRcT0,Barbeque Nation X JBJ _ Nache Nache,"Wondering how to kick-start this Sunday? Usha Uthup has the perfect answer for you.
Head to a Barbeque Nation outlet near you for a day filled with grooves and grills.

Book your table to feast unlimited- https://bookings.barbequenation.com/

Follow us on-
Facebook-  / barbequenation  
Instagram-  / barbequenation  
Twitter-  / barbequenation  ",Barbeque Nation,UCA-ACmkbdLdSePOPckbq18A,628,7,0,2019-12-23T08:20:05.000Z,https://www.youtube.com/watch?v=DiUouVtRcT0,2026-07-30 07:08:28
6VXwKEYyAyA,Barbeque Nation X Usha Uthup _Jhoom BBQ Jhoom,"What's a Sunday without some good fun?​

Head to a BBQ Nation outlet near you to jhoom and binge like no one's watching.",Barbeque Nation,UCA-ACmkbdLdSePOPckbq18A,1862,18,0,2019-12-29T03:26:43.000Z,https://www.youtube.com/watch?v=6VXwKEYyAyA,2026-07-30 07:08:28
6VGXoBkb5rw,100 Dishes at Barbeque Nation,"There is so much to eat at Barbeque Nation, that we are sure you would come back again to eat some more. We are serving almost 100 dishes at Barbeque Nation.

Barbeque Nation was founded in 2006 with a simple vision – offering a complete dining experience to customers at affordable prices.
One of the most successful casual dining chains in India, Barbeque Nation pioneered the concept of live grills embedded under dining tables – allowing customers to grill their own barbecue’s right at their tables.

Barbeque Nation has the widest Buffet with more than 100 dishes being served in the menu. This operation has started at Lokhandwala outlet & has spread to major outlets in the country.",Barbeque Nation,UCA-ACmkbdLdSePOPckbq18A,2319,5,0,2019-07-17T12:47:21.000Z,https://www.youtube.com/watch?v=6VGXoBkb5rw,2026-07-30 07:08:28
NddUu5f_K50,New Desserts Launch: Baked Mahi,"Here’s another new addition to the dessert counter Sweet boondi soaked in condensed milk, and baked to perfection— that’s Baked Mahi. 

Don’t forget to indulge in this gooey-goodness at your year-end party

[baked mahi, boondi, condensed milk, dessert, sweet, baked, gooey, delicious, party, year-end party, indulgence, treat, food, sweet tooth, dessert lover, foodstagram, foodie, try now, visit today, barbeque nation]",Barbeque Nation,UCA-ACmkbdLdSePOPckbq18A,2708,36,4,2024-12-28T07:34:14.000Z,https://www.youtube.com/shorts/NddUu5f_K50,2026-07-30 07:08:28
icPYWdu3zwU,BBQ Nation X Jhoom BBQ Jhoom New Year Celebrations,"It’s time to grab your party hat and ring in 2020 in style.
Head to a BBQ Nation outlet near you and join the Jhoom BBQ Jhoom celebrations.",Barbeque Nation,UCA-ACmkbdLdSePOPckbq18A,502,14,0,2019-12-27T04:25:55.000Z,https://www.youtube.com/watch?v=icPYWdu3zwU,2026-07-30 07:08:28
xcsynOMCh-0,Barbeque Nation Year End Wrapped,"2024 was unforgettable and we wouldn’t have it any other way. Thank you for making us your ultimate celebration destination – Barbeque Nation! 

Here’s to keeping the celebrations and flavours at max in 2025.

[2024, unforgettable, celebration destination, Barbeque Nation, celebrations, flavours, 2025, thank you, ultimate, new year, wishes, best, future, cheers]",Barbeque Nation,UCA-ACmkbdLdSePOPckbq18A,449,4,0,2024-12-28T07:20:55.000Z,https://www.youtube.com/shorts/xcsynOMCh-0,2026-07-30 07:08:28
hL2iMjO04Q8,Special message from us!,"Send this to your friend to make their day, and schedule your Christmas meet-up at Barbeque Nation.

[Christmas, starters, main course, desserts, food, foodie, food love, season, winters, indulge, break, love, barbeque nation, try now]",Barbeque Nation,UCA-ACmkbdLdSePOPckbq18A,262,1,0,2024-12-24T18:14:11.000Z,https://www.youtube.com/shorts/hL2iMjO04Q8,2026-07-30 07:08:28
PW0XirJUakY,New Desserts Launch: Fried Icecream,"Have you tried our newest fried ice cream yet? With a crispy golden shell and creamy ice cream centre, it is ready to steal the show in your parties. Come over and enjoy.

[fried ice cream, crispy, creamy, ice cream, foodie, food love, sweet, delicious dessert, party food, sweet treat, indulge]",Barbeque Nation,UCA-ACmkbdLdSePOPckbq18A,874,7,1,2024-12-28T07:31:45.000Z,https://www.youtube.com/shorts/PW0XirJUakY,2026-07-30 07:08:28
RRLV_OjkVdk,Something New Coming Up!,Our chefs are busy whipping up something delicious to make your parties unforgettable. Watch this space for more details.,Barbeque Nation,UCA-ACmkbdLdSePOPckbq18A,784,16,1,2024-12-24T18:07:02.000Z,https://www.youtube.com/shorts/RRLV_OjkVdk,2026-07-30 07:08:28
MJF8wm6nS7s,Weekend Calling,"Don’t forget to pair these vibrant drinks with your buffet for an unforgettable feast!

[bubbly drinks, sparkling drinks, fizzy drinks, festive drinks, celebratory drinks, refreshing drinks, party drinks, occasion drinks, Barbeque Nation drinks, food pairing drinks, weekend, weekend binge]",Barbeque Nation,UCA-ACmkbdLdSePOPckbq18A,1262,9,0,2024-11-20T15:18:46.000Z,https://www.youtube.com/shorts/MJF8wm6nS7s,2026-07-30 07:08:28
WeJ5v4qwK8Y,Cake Mixing @barbequenation,"The festive season is here, and we started it off with our fun  plum cake-mixing ceremony! 

A big shoutout to all our customers who joined us in creating sweet memories.

Stay tuned—more festive delights are coming your way!

[plum cake mixing ceremony, year-end festivities, celebrations, unforgettable, flavourful feasts, annual event, holiday season, festive spirit, culinary delight, sweet treat, tradition, anticipation]",Barbeque Nation,UCA-ACmkbdLdSePOPckbq18A,951,9,0,2024-12-24T18:09:31.000Z,https://www.youtube.com/shorts/WeJ5v4qwK8Y,2026-07-30 07:08:28
2ugbA2gJqoY,Diwali Feast with Barbeque Nation,"May this Diwali be full of happy feasts and sweet memories. 

Here's to celebrating with love, laughter, and deliciousness.

[Diwali, festival of lights, happy Diwali, sweet memories, love, laughter, deliciousness, celebration, festive season, family, friends, togetherness, joy, happiness, light, hope, prosperity, new beginnings, food love, food, desserts, Barbeque Nation]",Barbeque Nation,UCA-ACmkbdLdSePOPckbq18A,434,6,0,2024-10-31T02:58:33.000Z,https://www.youtube.com/shorts/2ugbA2gJqoY,2026-07-30 07:08:28
4RhucWVbkP0,Royal Rajasthani Rasoi - Menu Reveal,"A royal invitation, to savour regal flavours and delicacies, straight from the land of the Maharajas. Presenting Royal Rajasthani Rasoi at Barbeque Nation. From 16 October to 10 November. 

Come treat your taste buds to a royal experience.

Available at most locations with some exceptions

[Rajasthan, cuisine, food, Royal Rajasthani Rasoi, Barbeque Nation, book now, book now, indulge, foodlove, foodies, royal, regal, flavours of India, tasty, delicious, savour, indulge]",Barbeque Nation,UCA-ACmkbdLdSePOPckbq18A,978,20,0,2024-10-17T20:10:51.000Z,https://www.youtube.com/shorts/4RhucWVbkP0,2026-07-30 07:08:28
ad-xGcHeJNU,Menu Reveal - Chettinad Food Festival,"A treasure trove of cherished recipes, perfected over time and passed down through generations. From the fiery Chicken 65 to the classic Podi Idlis, enjoy it all at The Great Chettinad Kitchen - The Heritage and Flavours from Tamil Nadu at Barbeque Nation.Valid till 2 October, 2024. 

Available at most locations with some exceptions

#chettinad #foodfestival #food #foodlove #foodies #visitus #trynow #culture #heritage #flavoursofindia #barbequenation #culinaryexperience #delicious #soulfood #rich #spices",Barbeque Nation,UCA-ACmkbdLdSePOPckbq18A,748,17,0,2024-09-15T05:59:45.000Z,https://www.youtube.com/shorts/ad-xGcHeJNU,2026-07-30 07:08:28
RGOviaErbuc,Get a taste of Bengal in your city!,"Flavours as rich as the land’s culture… are here in your city! Experience Bengal food festival at your nearest Barbeque Nation outlet today!

[Food festival, flavours, culture, heritage, rich, food, food lover, foodie, coming soon, experience, book now, guess]",Barbeque Nation,UCA-ACmkbdLdSePOPckbq18A,276,2,0,2024-11-20T15:24:50.000Z,https://www.youtube.com/shorts/RGOviaErbuc,2026-07-30 07:08:28
7qseCyeKgjI,Corporate Lunches @barbequenation,"Logout of work, and login to have fun with your teammates. Let’s be honest, there’s no better way to bond with your colleagues, than around a Barbeque Nation feast.

[Team meal, Barbeque Nation, food, fun, bonding, colleagues, socializing, barbeque party, grilling, feast, delicious food, good company, after-work activities, relaxing, enjoyable, celebration, success.]",Barbeque Nation,UCA-ACmkbdLdSePOPckbq18A,700,6,0,2024-10-03T15:19:28.000Z,https://www.youtube.com/shorts/7qseCyeKgjI,2026-07-30 07:08:28
anUoqWUCT0c,Mango Tango Fest,"From fresh mangoes to mouth-watering dishes, watch the Aam Ka Aam Anokha Twist in action.

Visit us today to dive into our delicious mango creations and savour the magical flavours in every bite!

Our Mango Tango Fest is live only till 30 June! Book your table now!

**Available at most locations, with some exclusions.**

#MangoTangoFest #BarbequeNation #AamKaAnokhaTwist #Mangolicious #MangoLovers #NewMenuAlert #Foodie #CGIMangoMagic",Barbeque Nation,UCA-ACmkbdLdSePOPckbq18A,763,11,0,2024-06-25T12:12:50.000Z,https://www.youtube.com/shorts/anUoqWUCT0c,2026-07-30 07:08:28
tlZe0Ke18k8,Gang of Grills Challenge,"The Gang of Grills Friendship Day Challenge is on! Come try it out with your gang and stand a chance to win 12 free meals!

Rules:

1) Complete the challenge with your group of friends at a Barbeque Nation outlet
2) Upload your video doing the challenge on your Instagram story.
3) Tag us and follow us.
4) Use #GangOfGrills and #BarbequeNation
5) And stand a chance to win 1 Free Meal every month for a year at Barbeque Nation.

#friendshipday #challenge #visitnow #excitingprize #freefood #foodlove #foodie #barbequenation #fun #new #try #GangOfGrills #FoodChallenge #WinFreeMeals  #ContestAlert #Giveaway #Yummy #InstaFood",Barbeque Nation,UCA-ACmkbdLdSePOPckbq18A,816,10,0,2024-08-12T19:00:56.000Z,https://www.youtube.com/shorts/tlZe0Ke18k8,2026-07-30 07:08:28
yOgMyLlIr-A,Festivities & Food with Barbeque Nation,Good food and the festive cheer — the ultimate duo that make will all your problems fade. Come grill your frustrations away and indulge in celebrations at our nearest outlet.,Barbeque Nation,UCA-ACmkbdLdSePOPckbq18A,892,8,0,2024-12-24T18:12:16.000Z,https://www.youtube.com/shorts/yOgMyLlIr-A,2026-07-30 07:08:28
4oVyxcU1OII,Celebrating The Spirit Of India,"Here's to the spirit of India, standing tall and moving rapidly towards a future where we never have our fill of its greatness. Happy Independence Day to all.

#independenceday #India #barbequenation #brightfuture #spiritofIndia #proud #independence #78years #glory",Barbeque Nation,UCA-ACmkbdLdSePOPckbq18A,2320,33,0,2024-08-15T06:35:31.000Z,https://www.youtube.com/shorts/4oVyxcU1OII,2026-07-30 07:08:28
BFehU5NbF54,Senior Legends Offer,"We have the best seats set aside for our senior guests at Barbeque Nation as we celebrate them. So come, enjoy a flavourful ride with your grandparents and make new memories Head to your nearest outlet with your grandparents and indulge in a special menu at a discounted price. Offer valid till 8 September, and for people aged 60 and above.

available at most locations with some exceptions

#barbequenation #foodlove #visitus #offer #seniorcitizens #food #mood #new #seniorcitizens #specialprice #specialmenu",Barbeque Nation,UCA-ACmkbdLdSePOPckbq18A,808,14,0,2024-09-04T19:57:32.000Z,https://www.youtube.com/shorts/BFehU5NbF54,2026-07-30 07:08:28
uQb_Apxy3H4,A mother’s love story with food. Watch till the end. #BarbequeNation #HappyMothersDay,,Barbeque Nation,UCA-ACmkbdLdSePOPckbq18A,395,5,0,2026-05-06T13:41:56.000Z,https://www.youtube.com/shorts/uQb_Apxy3H4,2026-07-30 07:08:28
lNrw8hB3tDc,GANG OF GRILLS Friendships day Challenge,"Are you part of a foodie gang too?

Gather them and take our Gang of Grills Friendship Day challenge for a chance to win 12 free meals for a year!

It's live till 15th August only.

Rules:

Complete the challenge with your group of friends at a Barbeque Nation outlet
Upload your video doing the challenge on your Instagram story.
Tag us and follow us.
Use #GangOfGrills and #BarbequeNation
And stand a chance to win 1 Free Meal every month for a year at Barbeque Nation.

#friendship #foodie #foodlove #challenge #visitus #food #new #friends #barbequenation #try",Barbeque Nation,UCA-ACmkbdLdSePOPckbq18A,935,11,0,2024-08-03T21:19:55.000Z,https://www.youtube.com/shorts/lNrw8hB3tDc,2026-07-30 07:08:28
PBT51nU1mw8,Chettinad Food Festival,"The Great Chettinad Kitchen - The Heritage and Flavours from Tamil Nadu is now live at Barbeque Nation. Come embark on an aromatic journey that delights your tastebuds with rich flavours. Visit your nearest Barbeque Nation, from 10 Sept. - 2 Oct. 2024 to enjoy this fest.

Available at most locations with some exceptions

#Chettinad #foodfestival #barbequenation #foodlove #foodie #visitus #food #flavours #heritage #culture",Barbeque Nation,UCA-ACmkbdLdSePOPckbq18A,959,16,0,2024-09-12T13:41:53.000Z,https://www.youtube.com/shorts/PBT51nU1mw8,2026-07-30 07:08:28
dKFjf1z-3WM,The Konkan Spice Table | Chef Shraddha Palande #konkan #barbequenation #pune #food #gharkakhana,"📍 Westend Mall, Aundh, Pune 📅 24th – 28th April Pune, तुमचं जेवण तयार आहे ❤️ 
Book your table on the Barbeque Nation app or website!
https://www.barbequenation.com/",Barbeque Nation,UCA-ACmkbdLdSePOPckbq18A,1608,11,0,2026-04-24T05:30:16.000Z,https://www.youtube.com/shorts/dKFjf1z-3WM,2026-07-30 07:08:28
REFvdPN1QA8,May is about to taste different🔥 #barbequenation #chandigarh #bengaluru,,Barbeque Nation,UCA-ACmkbdLdSePOPckbq18A,1018,0,0,2026-05-13T07:49:18.000Z,https://www.youtube.com/shorts/REFvdPN1QA8,2026-07-30 07:08:28
35wvkIdu5qY,Feast at Barbeque Nation,"Serving a feast of flavours in every town! Go on, indulge in it at your nearest Barbeque Nation. 😋

#barbequenation #feast #royal #visitus #flavours #indulge #foodlove #foodie #mood #weekend #starters #maincourse #dessert #unlimited #buffet #grill #yummy #delicious #goodfoodgoodmood",Barbeque Nation,UCA-ACmkbdLdSePOPckbq18A,347,8,0,2024-09-04T20:04:40.000Z,https://www.youtube.com/shorts/35wvkIdu5qY,2026-07-30 07:08:28
RlNqwGqYEoM,Four Flavours of Dakshin,"Step into a world Of southern flavors with The Southern Sangam, an exclusive pop-up curated by MasterChef India's own Chef Suvarna Vijay Bagul.

Witness the mastery behind the ""Four Flavours of Dakshin"" as Chef Suvarna brings her signature flair and soulful recipes to your table. It's a limited-time celebration of South Indian heritage you won't want to miss.",Barbeque Nation,UCA-ACmkbdLdSePOPckbq18A,1282,14,1,2026-03-16T06:15:02.000Z,https://www.youtube.com/shorts/RlNqwGqYEoM,2026-07-30 07:08:28
L8huShy75SA,Shahi Zaika | Chef Yashita Aggarwal,,Barbeque Nation,UCA-ACmkbdLdSePOPckbq18A,283,5,0,2026-04-08T06:08:14.000Z,https://www.youtube.com/shorts/L8huShy75SA,2026-07-30 07:08:28
iiaZe2eWFeY,Hospitality training: 10/10. Responding to pspsps: 11/10💅  #barbequenation #food #hospitality,,Barbeque Nation,UCA-ACmkbdLdSePOPckbq18A,3431,9,0,2026-04-23T07:04:03.000Z,https://www.youtube.com/shorts/iiaZe2eWFeY,2026-07-30 07:08:28
9CzrkTsEv08,Marabu Manam | Chef Selva Sunitha #barbequenation #chennai #srilankan #food,"📍Marina Mall, Chennai
📅22nd - 26th April, 2026
Come hungry, leave with memories❤️
Book you table on the Barbeque Nation app or website
https://www.barbequenation.com/",Barbeque Nation,UCA-ACmkbdLdSePOPckbq18A,232,2,0,2026-04-23T11:00:12.000Z,https://www.youtube.com/shorts/9CzrkTsEv08,2026-07-30 07:08:28
mU4B7kvdjlw,"Milne Ki Bhookh, Acchi Bhookh Hai - Chicken Tikka(Hindi)","Smoky, juicy, straight-off-the-grill Chicken Tikka that sparks endless conversations.🔥

Now that’s the perfect plan for team bonding! 

Find your reason to meet at Barbeque Nation. Kyon ki milne ki bhookh, acchi bhookh hai.🤗     
                    
#MilneKiBhookh #BarbequeNation",Barbeque Nation,UCA-ACmkbdLdSePOPckbq18A,10474411,19000,28,2026-03-11T13:28:56.000Z,https://www.youtube.com/shorts/mU4B7kvdjlw,2026-07-30 07:08:28
YBQbLbI8DD4,Malabar & beyond | MasterChef Mohammed Ashiq #masterchefindia #coastalfood  #barbequenation,"📍 Lulu Global Mall, Bengaluru 
📅 25th – 29th April 
Come hungry. Leave with sand-in-your-soul kinda satisfaction. 😉
 Book your table now on the Barbeque Nation app or website.
https://www.barbequenation.com/",Barbeque Nation,UCA-ACmkbdLdSePOPckbq18A,276,4,0,2026-04-23T09:37:30.000Z,https://www.youtube.com/shorts/YBQbLbI8DD4,2026-07-30 07:08:28
FYEupflujeQ,"Just delivering what ""best hospitality looks like""🔥😌 #food #barbequenation #hospitality",,Barbeque Nation,UCA-ACmkbdLdSePOPckbq18A,2131,7,2,2026-04-23T06:53:21.000Z,https://www.youtube.com/shorts/FYEupflujeQ,2026-07-30 07:08:28
ceNA-lZUDnI,"Milne Ki Bhookh, Acchi Bhookh Hai - Chicken Tikka(Telugu)","Smoky, juicy, straight-off-the-grill Chicken Tikka that sparks endless conversations.🔥

Now that’s the perfect plan for team bonding! 

Find your reason to meet at Barbeque Nation. Kyon ki milne ki bhookh, acchi bhookh hai.🤗     
                    
#MilneKiBhookh #BarbequeNation",Barbeque Nation,UCA-ACmkbdLdSePOPckbq18A,334250,663,0,2026-03-11T13:22:04.000Z,https://www.youtube.com/shorts/ceNA-lZUDnI,2026-07-30 07:08:28
PAEBvcLFGbA,The Southern Sangam | Food Pop Up | Chef Survana Vijay Bagul,,Barbeque Nation,UCA-ACmkbdLdSePOPckbq18A,1122,20,0,2026-03-10T05:35:25.000Z,https://www.youtube.com/shorts/PAEBvcLFGbA,2026-07-30 07:08:28
HfZIidPWrp8,"Milne Ki Bhookh, Acchi Bhookh Hai - Chicken Tikka(Kannada)","Smoky, juicy, straight-off-the-grill Chicken Tikka that sparks endless conversations.🔥

Now that’s the perfect plan for team bonding! 

Find your reason to meet at Barbeque Nation. Kyon ki milne ki bhookh, acchi bhookh hai.🤗     
                    
#MilneKiBhookh #BarbequeNation",Barbeque Nation,UCA-ACmkbdLdSePOPckbq18A,656856,1900,0,2026-03-11T13:13:17.000Z,https://www.youtube.com/shorts/HfZIidPWrp8,2026-07-30 07:08:28
LJs1LZq_hlY,"Milne Ki Bhookh, Acchi Bhookh Hai - Kulfi (Tamil)","Smoky, juicy, straight-off-the-grill Chicken Tikka that sparks endless conversations.🔥

Now that’s the perfect plan for team bonding! 

Find your reason to meet at Barbeque Nation. Kyon ki milne ki bhookh, acchi bhookh hai.🤗     
                    
#MilneKiBhookh #BarbequeNation",Barbeque Nation,UCA-ACmkbdLdSePOPckbq18A,884013,2300,3,2026-03-11T13:05:17.000Z,https://www.youtube.com/shorts/LJs1LZq_hlY,2026-07-30 07:08:28
T95qkJ_CACg,Chef Suvarna Vijay Bagul | The Southern Sangam Food PopUp,,Barbeque Nation,UCA-ACmkbdLdSePOPckbq18A,1305,23,0,2026-03-07T07:30:29.000Z,https://www.youtube.com/shorts/T95qkJ_CACg,2026-07-30 07:08:28
2THTYf4yJ6s,The Southern Sangam | Food Pop Up,,Barbeque Nation,UCA-ACmkbdLdSePOPckbq18A,1743,14,0,2026-03-09T14:45:47.000Z,https://www.youtube.com/shorts/2THTYf4yJ6s,2026-07-30 07:08:28
2PaJOUi2WQA,Konkan to Kolhapur | Maharashtrain Feast | Food Pop Up,,Barbeque Nation,UCA-ACmkbdLdSePOPckbq18A,1400,14,0,2026-03-11T06:15:00.000Z,https://www.youtube.com/shorts/2PaJOUi2WQA,2026-07-30 07:08:28
lHkNb_hBKBU,The only ritual you need....,"Come prepared for long conversations, full plates, and a table that refuses to empty🍴💬

Book you table today on the Barbeque Nation website or app!

( Barbeque Nation, Togetherness, Celebration, Unlimited, Laughter, Fun, Happiness )",Barbeque Nation,UCA-ACmkbdLdSePOPckbq18A,74,2,0,2026-02-25T06:15:04.000Z,https://www.youtube.com/shorts/lHkNb_hBKBU,2026-07-30 07:08:28
lxVSJDTK_Tc,Chef Survana Vijay Bagul | The Southern Sangam Food Popup,,Barbeque Nation,UCA-ACmkbdLdSePOPckbq18A,1633,10,0,2026-03-07T07:30:23.000Z,https://www.youtube.com/shorts/lxVSJDTK_Tc,2026-07-30 07:08:28
1w1ITYeFg5k,Dakshin Express.,"All aboard the Dakshin Express.

Chef Rohit Ghosh presents a travelling pop-up that moves through the soul of South India—one bold stop at a time.

From Tamil Nadu’s fire 🔥
to Kerala’s coastal calm 🌴
Andhra’s spice rush 🌶️
and Karnataka’s comfort 🍛

This is Travelling to Dakshin Express — a limited-edition South Indian fusion experience, reimagined on the grill.

📅 13th – 17th February, 2026
📍 Barbeque Nation Ghodbunder Road

Book now on the Barbeque Nation app or website.

#TravellingToDakshinExpress #ChefRohitGhosh #SouthIndianFusion #BarbequeNation",Barbeque Nation,UCA-ACmkbdLdSePOPckbq18A,387,5,0,2026-02-16T05:56:57.000Z,https://www.youtube.com/shorts/1w1ITYeFg5k,2026-07-30 07:08:28
_FjXA4DCVBw,The Dakshin Express,"Chef Rohit Ghosh brings his signature flair to your plate — and trust us, you’ll want front-row seats. 🔥

From bold South Indian fusion to indulgent comfort classics, every dish is crafted to surprise, spice, and satisfy. This isn’t just a menu — it’s a flavour-packed experience designed for food lovers who crave something unforgettable.

✨ 13th - 17th February, 2026
📍 Only at Barbeque Nation, Ghodbunder Road",Barbeque Nation,UCA-ACmkbdLdSePOPckbq18A,2434,198,3,2026-02-18T06:00:25.000Z,https://www.youtube.com/shorts/_FjXA4DCVBw,2026-07-30 07:08:28
BD8Tsk7HDUQ,Dakshin Express,The Dakshin Express: Journey between Rasam & Roast. 🔥,Barbeque Nation,UCA-ACmkbdLdSePOPckbq18A,85,5,0,2026-02-23T06:00:12.000Z,https://www.youtube.com/shorts/BD8Tsk7HDUQ,2026-07-30 07:08:28
NSWlmC8QTMU,NSO Bangalore,"Unlimited barbecue, live grills, and all your favourite flavours.🍢🔥♨️
Barbecue Nation is now open!
Your next family dinner, birthday bash or date night starts here. See you soon!✨

(Orion Mall, Barbeque Nation, Now Open, New Launch, Buffet, Grills, Kebabs, Dine, Foodie, Experience, Explore)",Barbeque Nation,UCA-ACmkbdLdSePOPckbq18A,161,0,0,2026-02-19T06:00:18.000Z,https://www.youtube.com/shorts/NSWlmC8QTMU,2026-07-30 07:08:28
N7g9g2eV704,Riwaayat-e-Kashmir,"Experience the authentic flavours of Kashmiri Pandit cuisine with Chef Rajni Jinsi
From the crisp, spice-kissed richness of Mutton Kabargah, to the delicate saffron notes of Chaman Kaliya, and the comforting, home-style warmth of Bandh Patra - every dish is rooted in tradition and crafted with care.

Join us at Riwaayat-e-Kashmir at Crown Interiorz Mall

23rd -27th February

📍Crown Interiorz Mall, Faridabad

Come savour recipes that celebrate heritage, balance, and the true essence of Kashmiri Pandit cuisine.

#RiwaayateKashmir #ChefRajniJinsi #KashmiriCuisine #BarbequeNation #FaridabadEvents l",Barbeque Nation,UCA-ACmkbdLdSePOPckbq18A,1145,18,0,2026-02-26T12:28:11.000Z,https://www.youtube.com/shorts/N7g9g2eV704,2026-07-30 07:08:28
QYXmeygXt_g,From Haat to Thaali,"From the first fold of a Momo to the final garnish on a steaming bowl of Thukpa, witness the artistry behind our ‘From Haat to Thaali’ pop-up. Authentic flavors and nostalgic recipes, served with love at Barbeque Nation Kolkata.

Signature Dishes: Sadheko Momo, Jhol Momo, Sel Roti, and Spicy Aloo Dum.

📍 Park Center Building, Kolkata
🗓️ 9th - 15th Feb",Barbeque Nation,UCA-ACmkbdLdSePOPckbq18A,247,3,0,2026-02-13T06:00:23.000Z,https://www.youtube.com/shorts/QYXmeygXt_g,2026-07-30 07:08:28
cbZ8xDWR3MU,Manurasa | Dr. Chef Saurabh Sharma #barbequenation #food #pune,"The flavours of Rajasthan came alive through recipes that have journeyed through generations, carrying stories of tradition, pride, and hospitality.

Marurasa was a celebration of Rajasthan's rich culinary heritage, thoughtfully curated by Dr. Chef Saurabh Sharma.

📍 Barbeque Nation, Kalyani Nagar, Pune",Barbeque Nation,UCA-ACmkbdLdSePOPckbq18A,875,1,0,2026-06-29T11:03:42.000Z,https://www.youtube.com/shorts/cbZ8xDWR3MU,2026-07-30 07:08:28
agiwJrUXVU0,The Dakshin Express,"Zero Civic Sense? We're SORRY but, we just couldn't hold back on this fusion south indian curated by @_rohit_ghosh

The journey from Rasam to Roast is soon going to be over so all aboard on the Dakshin Express!

🗓️ 13th - 17th February, 2026
📍 Ghodbunder Road, Mumbai

Book your seat today on the barbeque nation app or website!

#BarbequeNation #FusionSouthIndian",Barbeque Nation,UCA-ACmkbdLdSePOPckbq18A,1784,49,1,2026-02-20T06:00:02.000Z,https://www.youtube.com/shorts/agiwJrUXVU0,2026-07-30 07:08:28
L44-9i4yH78,The Dakshin Express,"When Chef Rohit Ghosh walks into the kitchen,
you don’t just cook… you compete 👀

From spice level debates 🌶️
to “yeh asli Chettinad hai?” arguments 😆
this EGC banter got a little too real.

Catch the madness, the masala & the magic at our South Indian Fusion Pop-Up.

📍 Barbeque Nation, Ghodbunder Road
📅 13th – 17th Feb 2026
🎟️ Book your table now before the chefs finish it all.

Tag the friend who argues about “authentic” food.",Barbeque Nation,UCA-ACmkbdLdSePOPckbq18A,19107,1700,4,2026-02-17T10:49:55.000Z,https://www.youtube.com/shorts/L44-9i4yH78,2026-07-30 07:08:28
U6_E68Uyaz4,June Chef Pop Up | Barbeque Nation #barbequenation #food #lucknow #bangalore #chennai #pune,"👩‍🍳 Chef Rachnaa Prasad — Lucknow
👨‍🍳 Chef ManiKandan — Chennai
👩‍🍳 Chef Nambie Jessica Marak — Bengaluru
👨‍🍳 Dr. Saurabh Sharma — Pune",Barbeque Nation,UCA-ACmkbdLdSePOPckbq18A,630,6,0,2026-05-29T08:34:01.000Z,https://www.youtube.com/shorts/U6_E68Uyaz4,2026-07-30 07:08:28
EfslA0bLgxY,Ek shayari aisi bhi,"ab swaad ho itna khaas…toh shayari toh banti hai, yaar! Come feel the flavour that gets everyone poetic ✨🔥

(Barbeque Nation, Celebration, Togetherness, Fun, Guest experience)",Barbeque Nation,UCA-ACmkbdLdSePOPckbq18A,597,12,0,2026-02-24T06:00:12.000Z,https://www.youtube.com/shorts/EfslA0bLgxY,2026-07-30 07:08:28
vp3GFfjkOSU,"Milne Ki Bhookh, Acchi Bhookh Hai - Grilled Prawns","Catching up over great food just got more rewarding. 🎁
Get ₹125 OFF per person on your next dine-in at Barbeque Nation.
Use Code: CONNECT125
Because ‘Milne ki bhookh acchi bhookh hai.’ 😋🍽️
T&C apply.
#MilneKiBhookh #barbequenation",Barbeque Nation,UCA-ACmkbdLdSePOPckbq18A,2721765,0,0,2026-01-21T10:18:01.000Z,https://www.youtube.com/watch?v=vp3GFfjkOSU,2026-07-30 07:08:28
xl109J6RtDs,Barbequedishaan,Glimpse of #Barbequedishaan performance across our outlets.,Barbeque Nation,UCA-ACmkbdLdSePOPckbq18A,279,17,0,2021-12-26T13:21:29.000Z,https://www.youtube.com/watch?v=xl109J6RtDs,2026-07-30 07:08:28
vJrOqGJZc7c,Barbequedishaan,Glimpse of #Barbequedishaan performance across our outlets.,Barbeque Nation,UCA-ACmkbdLdSePOPckbq18A,304,22,0,2021-12-26T13:20:11.000Z,https://www.youtube.com/watch?v=vJrOqGJZc7c,2026-07-30 07:08:28
3G03ig48IeQ,"Milne Ki Bhookh, Acchi Bhookh Hai - Chicken Tikka (Hindi)","Smoky, juicy, straight-off-the-grill Chicken Tikka that sparks endless conversations.🔥

Now that’s the perfect plan for team bonding! 

Find your reason to meet at Barbeque Nation. Kyon ki milne ki bhookh, acchi bhookh hai.🤗     
                    
#MilneKiBhookh #BarbequeNation",Barbeque Nation,UCA-ACmkbdLdSePOPckbq18A,42337132,22,2,2026-03-11T12:30:17.000Z,https://www.youtube.com/watch?v=3G03ig48IeQ,2026-07-30 07:08:28
d28QsSsc_ro,Weekend Vibe with Barbeque Nation,"Add some fizz to your weekend feasts with our range of fun mocktails. Just sip, savour and enjoy!

[Mocktails, drinks, refresh, sip, enjoy, barbeque nation, weekend, chill, vibes]",Barbeque Nation,UCA-ACmkbdLdSePOPckbq18A,620,9,1,2024-12-28T07:38:50.000Z,https://www.youtube.com/shorts/d28QsSsc_ro,2026-07-30 07:08:28
6JtZDjMmdwA,The Original Buffet Maker | Mother's Day Special with Barbeque Nation,"For 18 delightful years, Barbeque Nation has been perfecting the art of buffet, but it's the moms around the world who, unknowingly, have been preparing a feast for their families, day in and day out. 
This Mother's Day, we're tipping our hats to the OG Buffet Maker—our inspiration, Mothers!
🎉 Join us as we celebrate her for her unmatched culinary intuition and endless love. 
#MothersDay #OGBuffetMaker#BarbequeNation",Barbeque Nation,UCA-ACmkbdLdSePOPckbq18A,398155,126,4,2024-05-10T13:28:35.000Z,https://www.youtube.com/watch?v=6JtZDjMmdwA,2026-07-30 07:08:28
ICqH6CKC37k,Which one are you?,Know them all? Tag them in the comments and plan your next outing at Barbeque Nation.,Barbeque Nation,UCA-ACmkbdLdSePOPckbq18A,2545,9,1,2025-03-31T19:33:16.000Z,https://www.youtube.com/shorts/ICqH6CKC37k,2026-07-30 07:08:28
7FXCnlK6q_E,Nawabo ke shehar mein Bihar Kitchen ka swaad lekar aaye the! ✨#barbequenation #food #lucknow,"BHANSA was a culinary tribute to Bihar's timeless flavours, curated by the award-winning Chef Rachnaa Prasad. 🍲🤎

From authentic rustic recipes to soul-satisfying regional delicacies, our beloved guests experienced the rich culinary heritage of Bihar like never before.

📍 Phoenix United Mall, Alambagh, Lucknow",Barbeque Nation,UCA-ACmkbdLdSePOPckbq18A,1565,12,0,2026-06-29T10:19:02.000Z,https://www.youtube.com/shorts/7FXCnlK6q_E,2026-07-30 07:08:28
OMdOnWjdQUw,Barbequedishaan,"Celebrating all day, every day!
Join in on the fun and enjoy a roller-coaster ride full of yummylicious cuisines and never-ending celebrations this year-end at #BBQNation! #barbequedishaan",Barbeque Nation,UCA-ACmkbdLdSePOPckbq18A,210,8,0,2021-12-29T03:45:55.000Z,https://www.youtube.com/watch?v=OMdOnWjdQUw,2026-07-30 07:08:28
jRc2cUNiUfc,Section 2   Welcoming Guest Corrected,,Barbeque Nation,UCA-ACmkbdLdSePOPckbq18A,628,22,2,2020-05-30T08:44:40.000Z,https://www.youtube.com/watch?v=jRc2cUNiUfc,2026-07-30 07:08:28
NhZBgteUUUY,Caribbean Paradise Food Festival,"Binge on Caribbean favourites at the BBQ Nation Caribbean Paradise Food Festival. To enjoy authentic flavours of the Caribbean, head to a BBQ Nation outlet near you. 

Book your table to feast unlimited- https://www.barbequenation.com/

Download our Mobile App:- http://bit.ly/BNBBQN 

Follow us on-
Facebook-  / barbequenation  
Instagram-  / barbequenation  
Twitter-  / barbequenation  ",Barbeque Nation,UCA-ACmkbdLdSePOPckbq18A,548,14,0,2020-02-17T13:08:35.000Z,https://www.youtube.com/watch?v=NhZBgteUUUY,2026-07-30 07:08:28
J5EXSVmG1-Y,Section 4  Concept explanation and order taking,,Barbeque Nation,UCA-ACmkbdLdSePOPckbq18A,497,7,1,2020-05-30T08:55:15.000Z,https://www.youtube.com/watch?v=J5EXSVmG1-Y,2026-07-30 07:08:28
vM5Mknl0qj8,This means a lot. Thank You 😊,"A pat on our back is what keeps us going! This means a lot. Thank You 😊

Experience the new way to dineout. Reserve your table now - http://bit.ly/2wpuGog",Barbeque Nation,UCA-ACmkbdLdSePOPckbq18A,233,9,0,2020-07-20T11:02:12.000Z,https://www.youtube.com/watch?v=vM5Mknl0qj8,2026-07-30 07:08:28
NQdLaslH1to,Golgappa Girl and SugarSpiceNice enjoying the widest buffet at Barbeque Nation,"A huge shoutout to team Barbeque Nation for arranging this meal for us and making sure everything was seamless. If you're from Mumbai and you hear the word ""Buffet"" Barbeque Nation comes first to the mind, isn't it?

What I love the most about this place is you get so many options to choose from yet there is no compromise on their quality.
You can find the prices, location and other details here: https://www.barbequenation.com/



Download our Mobile App:- http://bit.ly/BNBBQN 

Follow us on-
Facebook-  / barbequenation  
Instagram-  / barbequenation  
Twitter-  / barbequenation  ",Barbeque Nation,UCA-ACmkbdLdSePOPckbq18A,1043,36,4,2020-03-05T06:47:31.000Z,https://www.youtube.com/watch?v=NQdLaslH1to,2026-07-30 07:08:28
Tb8xX9r739g,Taste of India and widest buffet under one roof @Barbeque Nation,"We have brought the taste of India under one roof so why you wanna go out when the widest buffet is available at Barbeque Nation, Starting from live grills to mouth watering main course and sumptuous desserts. Book your table - http://bit.ly/2kW7qsv",Barbeque Nation,UCA-ACmkbdLdSePOPckbq18A,571,6,0,2017-11-01T11:12:07.000Z,https://www.youtube.com/watch?v=Tb8xX9r739g,2026-07-30 07:08:28
lWrd6GIkMkw,Love for Chicken Tikka,"Sights & Sounds that tranquillize your mind.Experience the new way to dine-in.
Reserve your table now - http://bit.ly/2wpuGog",Barbeque Nation,UCA-ACmkbdLdSePOPckbq18A,154,2,0,2020-06-30T10:31:56.000Z,https://www.youtube.com/watch?v=lWrd6GIkMkw,2026-07-30 07:08:28
A956sYiFvvI,Delicious Desserts @Barbeque Nation,"The best way to end your meal is nothing better than Citrusy Kiwi Pastry at your nearest Barbeque Nation outlet. Celebrate your Sunday with your family, friends and feast unlimited.

Book your table to feast unlimited- https://bookings.barbequenation.com/

Follow us on-
Facebook-  / barbequenation  
Instagram-  / barbequenation  
Twitter-  / barbequenation  ",Barbeque Nation,UCA-ACmkbdLdSePOPckbq18A,388,3,1,2019-11-25T06:58:55.000Z,https://www.youtube.com/watch?v=A956sYiFvvI,2026-07-30 07:08:28
QNpD_sCyeeE,BHANSA – The Bihar Kitchen | Chef Rachnaa Prasad #barbequenation  #food  #lucknow,"Dilwalo ka dil ka karar lootne...
Barbeque Nation brought the authentic flavours of Bihar to your plate! ❤️

BHANSA – The Bihar Kitchen, curated by Chef Rachnaa Prasad, celebrated Bihar's most loved recipes and unforgettable culinary traditions.

📍 Barbeque Nation, Phoenix United Mall, Alambagh,Lucknow",Barbeque Nation,UCA-ACmkbdLdSePOPckbq18A,1338,16,0,2026-06-29T09:49:35.000Z,https://www.youtube.com/shorts/QNpD_sCyeeE,2026-07-30 07:08:28
CJiLAYNAxBk,Happy Friday,Friyay!! Yay this just got even more exciting with a special 1+1 offer on all your favorite drinks. Head to your nearest Barbeque Nation today. #celebrategrillse,Barbeque Nation,UCA-ACmkbdLdSePOPckbq18A,391871,27,0,2022-07-14T09:04:58.000Z,https://www.youtube.com/watch?v=CJiLAYNAxBk,2026-07-30 07:08:28
FZqMA9CicOQ,Barbeque Nation - Nagpur,"When it’s about food, love at first sight is true indeed! Fall in love with our scrumptious grills at the new outlet in Nagpur.

Barbeque Nation was founded in 2006 with a simple vision – offering a complete dining experience to customers at affordable prices.
One of the most successful casual dining chains in India, Barbeque Nation pioneered the concept of live grills embedded under dining tables – allowing customers to grill their own barbecue’s right at their tables.
 
Barbeque Nation has the widest Buffet with more than 100 dishes being served in the menu. This operation has started at Lokhandwala outlet & has spread to major outlets in the country.",Barbeque Nation,UCA-ACmkbdLdSePOPckbq18A,6024,11,1,2016-01-18T05:04:13.000Z,https://www.youtube.com/watch?v=FZqMA9CicOQ,2026-07-30 07:08:28
8RHPcYDdHOM,Barbeque Nation - Ludhiana,"Punjabis just got another reason to chill. Barbeque Nation is now at Ludhiana. #comefeastwithus #letscelebrate #BBQNLudhiana

One of the most successful casual dining chains in India, Barbeque Nation pioneered the concept of live grills embedded under dining tables – allowing customers to grill their own barbecue’s right at their tables.
 
Barbeque Nation has the widest Buffet with more than 100 dishes being served in the menu. This operation has started at Lokhandwala outlet & has spread to major outlets in the country.",Barbeque Nation,UCA-ACmkbdLdSePOPckbq18A,5694,19,1,2016-02-04T06:09:16.000Z,https://www.youtube.com/watch?v=8RHPcYDdHOM,2026-07-30 07:08:28
DP3IRxTKdF0,Jett Set Go!,"Biwi ko manana hai? Ya boss se chhutti maangni hai?
Batayiye Makkhan Singh, makkhan expert ko!
Woh na sirf aapke khaane pe makkhan maarega, balki aapko makkhan maarne ke tareeke bhi bataega!
Ask Makkhan your questions below and escape from sticky situations!
Visit http://bit.ly/2MEx1mu to know when Makkhan Singh is in your city & see what's happening in your nearest outlet!
Book your tables at http://bit.ly/2ND0jP3 and enjoy Makkhan's PIND DA KHAANA and lets #JattSetGo!
#AskMakkhan #Punjabi #FoodFest #Dhaba #BalleBalle #MakkhanSingh#Makkhan #Foodie #ButterChicken #Lassi",Barbeque Nation,UCA-ACmkbdLdSePOPckbq18A,61504,39,0,2018-09-05T11:36:21.000Z,https://www.youtube.com/watch?v=DP3IRxTKdF0,2026-07-30 07:08:28
h9XZsQWx2C8,Different festivals but same destination @Barbeque Nation,"Mehta’s, Menon’s, Mathur’s and so on. But one common thread that brings us together is our connection with food. Come and indulge in the  incredible flavours and feast unlimited at Barbeque Nation.Book your table - http://bit.ly/2kW7qsv",Barbeque Nation,UCA-ACmkbdLdSePOPckbq18A,30396,30,2,2017-09-23T06:09:40.000Z,https://www.youtube.com/watch?v=h9XZsQWx2C8,2026-07-30 07:08:28
YXWwt60o1L0,Experience @Barbeque Nation,"If visiting Barbeque Nation was a movie, it’d be a blockbuster feast—packed with spicy twists, and a finale that’s pure foodie bliss!

[relatable, experience, foodie, food love, barbeque nation, book now, try, waiting, indulge, flavours, treat, grill]",Barbeque Nation,UCA-ACmkbdLdSePOPckbq18A,1438,20,0,2024-11-20T15:10:19.000Z,https://www.youtube.com/shorts/YXWwt60o1L0,2026-07-30 07:08:28
XOFaQuBcgHM,Mysore Barbeque Nation,"Foodies in Mysore now have one more reason to ‪#‎comefeastwithus‬.

Barbeque Nation was founded in 2006 with a simple vision – offering a complete dining experience to customers at affordable prices.
One of the most successful casual dining chains in India, Barbeque Nation pioneered the concept of live grills embedded under dining tables – allowing customers to grill their own barbecue’s right at their tables.
 
Barbeque Nation has the widest Buffet with more than 100 dishes being served in the menu. This operation has started at Lokhandwala outlet & has spread to major outlets in the country.",Barbeque Nation,UCA-ACmkbdLdSePOPckbq18A,6705,6,0,2015-04-15T07:08:54.000Z,https://www.youtube.com/watch?v=XOFaQuBcgHM,2026-07-30 07:08:28
1tLvSBGSK4c,Barbeque Nation - #1 buffet grill barbeque restaurant near you.,"Established in the year 2006, Barbeque Nation in HAL 2nd Stage Indiranagar, Bangalore is a top player in the category Barbeque Restaurants in the Bangalore. This well-known establishment acts as a one-stop destination servicing customers both local and from other parts of Bangalore. Over the course of its journey, this business has established a firm foothold in it’s industry. The belief that customer satisfaction is as important as their products and services, have helped this establishment garner a vast base of customers, which continues to grow by the day. This business employs individuals that are dedicated towards their respective roles and put in a lot of effort to achieve the common vision and larger goals of the company. In the near future, this business aims to expand its line of products and services and cater to a larger client base. In Bangalore, this establishment occupies a prominent location in HAL 2nd Stage Indiranagar. It is an effortless task in commuting to this establishment as there are various modes of transport readily available. It is at 100 Feet Road, Opposite Nandhini Hotel, which makes it easy for first-time visitors in locating this establishment. The popularity of this business is evident from the 18500+ reviews it has received from Justdial users. It is known to provide top service in the following categories: Barbeque Restaurants, Restaurants, Buffet Restaurants, Tandoori Restaurants, Mughlai Restaurants, Barbeque Nation Restaurants.",Barbeque Nation,UCA-ACmkbdLdSePOPckbq18A,6457,5,2,2019-08-08T09:20:59.000Z,https://www.youtube.com/watch?v=1tLvSBGSK4c,2026-07-30 07:08:28
pbwNJQzPGlU,Bengal Food Festival,"Presenting a feast like no other… Shonar Bangla Feast - where every dish is a celebration of Bengali culinary magic. 

Come indulge in the experience from 18 November to 10 December.

Available in most outlets with some exceptions

[Food festival, good food good mood, heritage, culture, Bengal, food love, foodie, feast]",Barbeque Nation,UCA-ACmkbdLdSePOPckbq18A,1120,17,1,2024-11-20T15:04:21.000Z,https://www.youtube.com/shorts/pbwNJQzPGlU,2026-07-30 07:08:28
uNupQHzacqk,Rajasthan Food Festival,"The news is out! Embark on a journey through Rajasthan’s majestic flavours, famed dishes and rich hospitality. Presenting Royal Rajasthani Rasoi at Barbeque Nation. From 16 October to 10 November.

Available at most locations with some exceptions

[Rajasthan, cuisine, food, Royal Rajasthani Rasoi, Barbeque Nation, book now, book now, indulge, foodlove, foodies]",Barbeque Nation,UCA-ACmkbdLdSePOPckbq18A,1072,8,1,2024-10-17T20:04:42.000Z,https://www.youtube.com/shorts/uNupQHzacqk,2026-07-30 07:08:28
jm9yY4dAHuU,Shahi Zaika | Chef Yashita Aggarwal,,Barbeque Nation,UCA-ACmkbdLdSePOPckbq18A,361,1,0,2026-04-08T06:09:51.000Z,https://www.youtube.com/shorts/jm9yY4dAHuU,2026-07-30 07:08:28
ZzDjNuS3KRQ,Barbeque Nation - Mangalore,"Mangaloreans, it’s your time to sit back and fall in love with the most mouth-watering delicacies. #comefeastwithus

Barbeque Nation was founded in 2006 with a simple vision – offering a complete dining experience to customers at affordable prices.
One of the most successful casual dining chains in India, Barbeque Nation pioneered the concept of live grills embedded under dining tables – allowing customers to grill their own barbecue’s right at their tables.
 
Barbeque Nation has the widest Buffet with more than 100 dishes being served in the menu. This operation has started at Lokhandwala outlet & has spread to major outlets in the country.",Barbeque Nation,UCA-ACmkbdLdSePOPckbq18A,1009,4,0,2015-08-10T11:12:31.000Z,https://www.youtube.com/watch?v=ZzDjNuS3KRQ,2026-07-30 07:08:28
DHaQ_YPbtJw,Barbequedishaan,"Nonstop fun and masti happening at #BarbequeDiShaan 🥳🕺
Join our Barbeque gang and groove to the hottest tunes of the season now!!
Reserve your table today.",Barbeque Nation,UCA-ACmkbdLdSePOPckbq18A,254,7,0,2021-12-30T05:13:02.000Z,https://www.youtube.com/watch?v=DHaQ_YPbtJw,2026-07-30 07:08:28
6TbFO5Vrjqo,Barbeque Nation special Mutton Seekh Kebab,A perfect blend of spices that will tingle your taste buds. Try out Mutton seekh kebab cooked to perfection at Barbeque Nation.,Barbeque Nation,UCA-ACmkbdLdSePOPckbq18A,1380,5,0,2019-10-11T11:02:49.000Z,https://www.youtube.com/watch?v=6TbFO5Vrjqo,2026-07-30 07:08:28
GI_pgswmjy0,"Watch Whats Hot Bangalore Grilling, Chilling, and Thrilling at Barbeque-Di-Shaan | Barbeque Nation","Download the app to book your table now and get Rs.100 off on your first transaction: https://bit.ly/32L7128
Whats Hot Bangalore celebrated a perfect New Year's with mouth-watering barbeque at #BarbequeDiShaan!
You can still continue your New Year's celebration at Barbeque Nation. Enjoy a roller-coaster ride full of enticing cuisines 🍗
Hurry up! #BarbequeDiShaan is only till 5th January 2022.
Visit our nearest outlet now!
#YearEndBash #BarbequeDiShaan #Restaurants #Barbeque #BBQ #Shaan #ShaanFans #FoodLovers #Foodies #FoodLove #BarbequeAppDownload #RestaurantsInIndia",Barbeque Nation,UCA-ACmkbdLdSePOPckbq18A,1578,23,1,2022-01-05T08:55:39.000Z,https://www.youtube.com/watch?v=GI_pgswmjy0,2026-07-30 07:08:28
ExnqdjCwMyY,Section 13  Cutlery crockery and skewers sanatization,,Barbeque Nation,UCA-ACmkbdLdSePOPckbq18A,354,9,0,2020-05-30T09:38:50.000Z,https://www.youtube.com/watch?v=ExnqdjCwMyY,2026-07-30 07:08:28
PzEJuRrjQpY,BBQ Di Shaan Year End Food Festival at Barbeque Nation,"Get ready for endless delicacies and unlimited mazaa! #BarbequeDiShaan brings to you the most mouth-watering grills with an extra tadka of entertaining music and exciting contests! Grill, Chill and Celebrate the year-end with your loved ones at Barbeque Nation. 

#BarbequeDiShaan, #shaan, #BarbequeNation, #BBQNation

1. Book your table now: https://www.barbequenation.com/
2. Download the BBQNationApp and get Rs.100 off on your first transaction: https://app.bnhl.in/c8Ci",Barbeque Nation,UCA-ACmkbdLdSePOPckbq18A,180891,55,3,2021-12-10T16:40:47.000Z,https://www.youtube.com/watch?v=PzEJuRrjQpY,2026-07-30 07:08:28
ngoKC_NPB3k,Date night with a twist,"Ladies, take charge! Who needs a man when you can giggle and chat away all night with your girls. Throw some sassy cocktails and spicy grills into the mix — the best date ever. So, next time hubby-bubby misses dinner, get the kitty party rolling at Barbeque Nation. #CelebrateGrillSe",Barbeque Nation,UCA-ACmkbdLdSePOPckbq18A,1090323,8,0,2022-12-11T14:13:12.000Z,https://www.youtube.com/watch?v=ngoKC_NPB3k,2026-07-30 07:08:28
P4NIbv9zlDw,Blue Nation - Barbeque Nation,"The WAIT IS OVER!

#BlueNationWithBBQNation is now LIVE. Play & Win #BarbequeNation coupons every time you play.

Head over to https://www.barbequenation.com/bluenation/

Barbeque Nation was founded in 2006 with a simple vision – offering a complete dining experience to customers at affordable prices.
One of the most successful casual dining chains in India, Barbeque Nation pioneered the concept of live grills embedded under dining tables – allowing customers to grill their own barbecue’s right at their tables.
 
Barbeque Nation has the widest Buffet with more than 100 dishes being served in the menu. This operation has started at Lokhandwala outlet & has spread to major outlets in the country.


Its time to #TurnYourBlueSideOn!",Barbeque Nation,UCA-ACmkbdLdSePOPckbq18A,184,2,0,2019-06-05T07:50:55.000Z,https://www.youtube.com/watch?v=P4NIbv9zlDw,2026-07-30 07:08:28
9Ct9o2wXQKA,Barbeque Nation Trivandrum Launch Video,"91st Outlet of Barbeque Nation launched at Trivandrum @ Panchamoottil Square.

Barbeque Nation was founded in 2006 with a simple vision – offering a complete dining experience to customers at affordable prices.
One of the most successful casual dining chains in India, Barbeque Nation pioneered the concept of live grills embedded under dining tables – allowing customers to grill their own barbecue’s right at their tables.
 
Barbeque Nation has the widest Buffet with more than 100 dishes being served in the menu. This operation has started at Lokhandwala outlet & has spread to major outlets in the country.",Barbeque Nation,UCA-ACmkbdLdSePOPckbq18A,4007,18,2,2018-03-09T05:29:28.000Z,https://www.youtube.com/watch?v=9Ct9o2wXQKA,2026-07-30 07:08:28
vAwBznehjIU,Year-End Party with Barbeque Nation,"Got a big guestlist? We’ve got a bigger feast laid. Skip the stress and walk into a party, where endless food and fun is guaranteed.",Barbeque Nation,UCA-ACmkbdLdSePOPckbq18A,331,3,0,2024-12-24T18:17:44.000Z,https://www.youtube.com/shorts/vAwBznehjIU,2026-07-30 07:08:28
-M9HwRp5opQ,"""Ghar ki yaad nhi aayi tujhe, Jassi?"" #barbequenation #dhurandhar2 #gharkakhana #pune #marathi","📍Westend Mall, Aundh, Pune
📅24th-28th April
Book now on the Barbeque Nation app or website
https://www.barbequenation.com/",Barbeque Nation,UCA-ACmkbdLdSePOPckbq18A,1628,16,0,2026-04-23T08:30:00.000Z,https://www.youtube.com/shorts/-M9HwRp5opQ,2026-07-30 07:08:28
2HqAe0Qvslw,Barbeque Nation - Kalyan,"The old port of Maharashtra now has a new grill house. Barbeque Nation is now serving your favourite sizzling barbecues at Kalyan too.‪

Address - 2nd Floor, Metro Junction Mall, Netivali, Kalyan Shil Road, Kalyan East, Near Metro Residency Complex, Kalyan, Maharashtra 421306
For Reservation - 022-60600000

Barbeque Nation was founded in 2006 with a simple vision – offering a complete dining experience to customers at affordable prices.
One of the most successful casual dining chains in India, Barbeque Nation pioneered the concept of live grills embedded under dining tables – allowing customers to grill their own barbecue’s right at their tables.
 
Barbeque Nation has the widest Buffet with more than 100 dishes being served in the menu. This operation has started at Lokhandwala outlet & has spread to major outlets in the country.",Barbeque Nation,UCA-ACmkbdLdSePOPckbq18A,13307,48,3,2015-11-20T12:39:17.000Z,https://www.youtube.com/watch?v=2HqAe0Qvslw,2026-07-30 07:08:28
vP7SWkAROrI,Barbeque in a Box,"Pre-schedule your BBQ delivery and get ready to binge watch your favourite game. Hurry order now - https://linktr.ee/bbqn
#BarbequeNation #HappyMondayTuesday #buffet #restaurant #grill #fooddelivery #barbequeinabox #food #biryani #foodie #ydyt",Barbeque Nation,UCA-ACmkbdLdSePOPckbq18A,456,6,0,2021-10-01T12:37:19.000Z,https://www.youtube.com/shorts/vP7SWkAROrI,2026-07-30 07:08:28
XuvQ-sGWFSM,Barbeque Nation - Online ordering,"We all love ordering delicious food online right ?
Online ordering can be more exciting on Barbeque Nation App. Download now and get Rs 100 off on 1st Transactions+ 5%smiles cashback on every transaction. Download now - https://linktr.ee/bbqn
#BarbequeNation #HappyMondayTuesday #buffet #restaurant #grill #fooddelivery #barbequeinabox #food #biryani #foodie #ydyt",Barbeque Nation,UCA-ACmkbdLdSePOPckbq18A,2207,27,0,2021-09-03T06:42:33.000Z,https://www.youtube.com/shorts/XuvQ-sGWFSM,2026-07-30 07:08:28
bVkzlhC5BnQ,Endless Delicacies and Endless Mazaa Awaits You | Barbeque-Di-Shaan | 15th Dec 2021 - 5th Jan 2022,"Barbeque Nation presents to you a spread of finest delicacies 😋 with the double tadka of music and exciting contests!😍
Book your table now: https://bit.ly/3oXqWDj
Let's grill this year-end 🍗

#YearEndBash #YearEndOffers #Restaurants #Barbeque #BBQ #Shaan #ShaanFans #Offers #Discounts #FoodLovers #Foodies #FoodLove #BBQNation #BBQDiShaan #RestaurantsInIndia",Barbeque Nation,UCA-ACmkbdLdSePOPckbq18A,3691,57,0,2021-12-15T13:52:22.000Z,https://www.youtube.com/shorts/bVkzlhC5BnQ,2026-07-30 07:08:28
u-AR41vD0sk,Mango Tango Food Fest,"Spotted all across Bangalore… now it’s finally at its destination- Indiranagar! The mango truck is here to deliver aam ka anokha twist in all your favourite dishes at Barbeque Nation.

Come, discover the delicious surprises it brings at our Mango Tango Fest valid till 30th June.

**Available at most locations, with some exclusions**

#MangoTangoFest #BarbequeNation #Foodie #foodlove",Barbeque Nation,UCA-ACmkbdLdSePOPckbq18A,449,10,0,2024-06-14T13:25:45.000Z,https://www.youtube.com/shorts/u-AR41vD0sk,2026-07-30 07:08:28
PjIeYAjR6oI,Watch Vishal Prajapati Ace The #BarbequeDiShaan Challenge | Share your version & win exciting prizes,"Here is another Shaan-daar version of The #BarbequeDiShaan challenge. What is your version of this exciting challenge?   🤩😋
Hurry up! Book your table now:  https://bit.ly/3FxoJnY

Upload your video on Facebook or Instagram, tag @barbequenation with the hashtag #BarbequeDiShaan, and stand a chance to get featured on our page.",Barbeque Nation,UCA-ACmkbdLdSePOPckbq18A,1894,47,0,2021-12-28T11:14:58.000Z,https://www.youtube.com/shorts/PjIeYAjR6oI,2026-07-30 07:08:28
QCrBP0rVU0Y,Dance and Win at The Biggest 2021 Barbeque Bash | Barbeque-Di-Shaan,"Grill N Groove Soniye 🎶🕺
Recreate the hook step, tag us in your video, and stand a chance to win exciting prizes 🎁
Make reservations now at Barbeque Nation: https://bit.ly/3q6YG0i

#YearEndBash #Barbeque #BBQ #Shaan #ShaanFans #FoodLovers #Foodies #FoodLove #BBQNation #BBQDiShaan #RestaurantsInIndia #ShaanFans",Barbeque Nation,UCA-ACmkbdLdSePOPckbq18A,2802,105,0,2021-12-17T10:54:02.000Z,https://www.youtube.com/shorts/QCrBP0rVU0Y,2026-07-30 07:08:28
MCvKbkZ3DSo,Watch Shreya Chadda Groove To The #BarbequeDiShaan Challenge | Share yours & win exciting prizes,"Grill, chill, and thrill at Barbeque Nation! 🤩😋
Book your table now: https://bit.ly/3FxoJnY
Here’s a fun dance challenge for you to try. Recreate these exact steps in your own Shaan-daar way.
Upload your video on Facebook or Instagram, tag @barbequenation with the hashtag #BarbequeDiShaan, and stand a chance to get featured on our page!",Barbeque Nation,UCA-ACmkbdLdSePOPckbq18A,3321,39,0,2021-12-29T12:51:55.000Z,https://www.youtube.com/shorts/MCvKbkZ3DSo,2026-07-30 07:08:28
grAs1mA2StQ,Watch Rohit Agrawal Sway To The Rhythm Of The #BarbequeDiShaan Song | Share your version now,"#BarbequeDiShaan Challenge is still on and we are awaiting your version of the challenge in your own Shaan-Daar style!
Book your table now: https://bit.ly/3FxoJnY

Record it, upload it, and tag @barbequenation with the hashtag #BarbequeDiShaan Challenge to be featured on our page
Hurry! Share your video now and win exciting prizes 🎁",Barbeque Nation,UCA-ACmkbdLdSePOPckbq18A,1288,22,0,2022-01-03T11:51:06.000Z,https://www.youtube.com/shorts/grAs1mA2StQ,2026-07-30 07:08:28
SX82rZu0o7M,Mango Mania,"Treat your taste buds to some of the most aam-azaing mango-based dishes. We welcome you to Mawesome Mango Mania @Barbequenation, a place where you can celebrate the king of fruits. Visit us today!",Barbeque Nation,UCA-ACmkbdLdSePOPckbq18A,143355,56,1,2022-06-15T05:23:29.000Z,https://www.youtube.com/shorts/SX82rZu0o7M,2026-07-30 07:08:28
3-dTdJ3zDuY,Watch Rohit Mavle Rock The #BarbequeDiShaan Challenge | Share yours now & win exciting prizes,"Shake a leg to the #BarbequeDiShaan Challenge in your own Shaan-daar style, and share your video with us now! 🤩😋
We are waiting! Book your table now: https://bit.ly/3FxoJnY

Upload your video on Facebook or Instagram, tag @barbequenation with the hashtag #BarbequeDiShaan, and stand a chance to get featured on our page.",Barbeque Nation,UCA-ACmkbdLdSePOPckbq18A,523,15,0,2021-12-28T11:15:03.000Z,https://www.youtube.com/shorts/3-dTdJ3zDuY,2026-07-30 07:08:28
LC6iJq_fs34,The Biggest BBQ Year End Party Coming Soon,"Get set for a roller-coaster ride full of enticing #cuisines and never-ending #celebrations this year end at #BBQNation! 

#barbequedishaan, #ComingSoon, #BarbequeNation, #FoodFestival, #FoodLovers, #Foodies.

1. Book your table now: https://www.barbequenation.com/
2. Download the BBQNationApp and get Rs.100 off on your first transaction: https://app.bnhl.in/c8Ci",Barbeque Nation,UCA-ACmkbdLdSePOPckbq18A,1794,34,0,2021-12-10T10:31:16.000Z,https://www.youtube.com/shorts/LC6iJq_fs34,2026-07-30 07:08:28
F7AQneWsXfo,There's nothing quite rewarding like a smile.,"Join our Smile Club, earn Smile points while dining at Barbeque Nation

Download our Mobile App:- http://bit.ly/BNBBQN

To know more about our Smile Club, visit- http://bit.ly/BNsmle",Barbeque Nation,UCA-ACmkbdLdSePOPckbq18A,476,4,0,2020-08-24T05:35:56.000Z,https://www.youtube.com/shorts/F7AQneWsXfo,2026-07-30 07:08:28
d5ncbF_Atk0,Barbeque Nation :  Year-end surprise,"HI,
Sshhhh! Year-end surprise is on the way. Get ready to unwind & celebrate at Barbeque Nation with food & entertainment overloaded. Book now to make best memories of 2020- http://bit.ly/2wpuGog",Barbeque Nation,UCA-ACmkbdLdSePOPckbq18A,564,10,0,2020-12-17T05:08:37.000Z,https://www.youtube.com/shorts/d5ncbF_Atk0,2026-07-30 07:08:28
JpKj-41Awww,grilling soon,"Barbeque Nation is now grilling closer to you! We are coming soon with the newest and safest outlet in Bilaspur.
Stay tuned till we open for bookings",Barbeque Nation,UCA-ACmkbdLdSePOPckbq18A,600,13,0,2021-08-31T11:35:15.000Z,https://www.youtube.com/shorts/JpKj-41Awww,2026-07-30 07:08:28
JpUNMQklvxs,A pat on our back is what keeps us going! This means a lot. Thank You 😊,Experience the new way to dineout. Reserve your table now - http://bit.ly/2wpuGog,Barbeque Nation,UCA-ACmkbdLdSePOPckbq18A,647,11,0,2020-09-02T07:01:41.000Z,https://www.youtube.com/shorts/JpUNMQklvxs,2026-07-30 07:08:28
rLOSz5OR09I,Barbeque Nation Monsoon Flavours,"Calling out all foodies to relish some smoking grills and irresistible treats!
Head over to BBQ Nation today and book your table with us! http://bit.ly/2wpuGog
#BarbequeNation #buffet #restaurant #grill #fooddelivery #barbequeinabox #food #biryani #FoodieBeauty",Barbeque Nation,UCA-ACmkbdLdSePOPckbq18A,632,11,0,2021-08-11T04:43:25.000Z,https://www.youtube.com/shorts/rLOSz5OR09I,2026-07-30 07:08:28
0tnXGU_5po4,FILMY BBQ BASH,"Barbeque Nation presents FILMY BBQ BASH. The best way to end the year with lavish 7 course buffet in a filmy twist. Starting from 18 Dec - 3 Jan. 

Book your table now- http://bit.ly/2wpuGog",Barbeque Nation,UCA-ACmkbdLdSePOPckbq18A,1355,31,0,2020-12-17T11:36:02.000Z,https://www.youtube.com/shorts/0tnXGU_5po4,2026-07-30 07:08:28
z_P1uRPR-M0,A pat on our back is what keeps us going! This means a lot. Thank You 😊,Experience the new way to dineout. Reserve your table now - http://bit.ly/2wpuGog,Barbeque Nation,UCA-ACmkbdLdSePOPckbq18A,366,4,0,2020-08-21T07:30:32.000Z,https://www.youtube.com/shorts/z_P1uRPR-M0,2026-07-30 07:08:28
lp3mWGr_NKo,Barbeque In Box,"Celebrate birthdays, anniversaries, get-together, while we deliver your favourite dishes from Barbeque Nation @ your door step with BBQ in a box. For Delivery / Takeaway : https://bit.ly/2VqE5p8",Barbeque Nation,UCA-ACmkbdLdSePOPckbq18A,949,10,0,2020-08-20T08:35:08.000Z,https://www.youtube.com/shorts/lp3mWGr_NKo,2026-07-30 07:08:28
13EctPPlcgM,Seafood Festival,"Ye be settin' Sail to the Treasure cove of pirates from today. Mateys! We sail to seek hidden gems of sea & delicious bounty. Get on board with us to cruise through the high flavorsome tide. 
Reserve your table now- http://bit.ly/2wpuGog
Applicable only in Hyderabad, Vizag, Guntur, Kakinada, Vijayawada, Ahmedabad, Vadodara, Rajkot,Surat",Barbeque Nation,UCA-ACmkbdLdSePOPckbq18A,757,10,0,2021-02-05T06:02:49.000Z,https://www.youtube.com/shorts/13EctPPlcgM,2026-07-30 07:08:28
Ju2DXNCWqaU,Barbeque Nation wishes you a very happy & prosperous Diwali,"Barbeque Nation wishes you a very happy & prosperous Diwali. Bring home the box of joy & celebrate this day with your loved ones with lip-smacking grills & meal. 

Order now: https://linktr.ee/BBQN",Barbeque Nation,UCA-ACmkbdLdSePOPckbq18A,366,10,0,2020-11-16T12:21:04.000Z,https://www.youtube.com/shorts/Ju2DXNCWqaU,2026-07-30 07:08:28
LySYUTdl5aw,Happy Monday Tuesday,"Head to a BBQ Nation outlet near you this Monday & Tuesday and enjoy lunch and dinner at special price.

Book your table now- http://bit.ly/2wpuGog",Barbeque Nation,UCA-ACmkbdLdSePOPckbq18A,466,8,0,2020-11-03T06:45:13.000Z,https://www.youtube.com/shorts/LySYUTdl5aw,2026-07-30 07:08:28
iy0_-fs9yAI,We have something for every taste bud.,"Savour on your favourite grills and a widespread buffet. We have something for every taste bud. Come feast unlimited at Barbeque Nation. 


Book your table - http://bit.ly/2wpuGog",Barbeque Nation,UCA-ACmkbdLdSePOPckbq18A,449,9,1,2021-01-11T06:11:34.000Z,https://www.youtube.com/shorts/iy0_-fs9yAI,2026-07-30 07:08:28
Y3qRbFfc6gA,Everyone wants it!!,,Barbeque Nation,UCA-ACmkbdLdSePOPckbq18A,573,29,2,2021-08-10T05:51:52.000Z,https://www.youtube.com/shorts/Y3qRbFfc6gA,2026-07-30 07:08:28
tVs7IVue4jE,This means a lot. Thank You 😊,A pat on our back is what keeps us going! This means a lot. Thank You 😊 Bring home the box of joy & celebrate this day with your loved ones with lip-smacking grills & meal. Order now: https://linktr.ee/BBQN,Barbeque Nation,UCA-ACmkbdLdSePOPckbq18A,373,11,0,2020-11-18T06:36:25.000Z,https://www.youtube.com/shorts/tVs7IVue4jE,2026-07-30 07:08:28
d5BgISG8KxE,A pat on our back is what keeps us going! 😊,"A pat on our back is what keeps us going! This means a lot. Thank You 😊

Experience the new way to dineout. Reserve your table now - http://bit.ly/2wpuGo",Barbeque Nation,UCA-ACmkbdLdSePOPckbq18A,253,9,0,2020-08-04T08:16:16.000Z,https://www.youtube.com/shorts/d5BgISG8KxE,2026-07-30 07:08:28
5Xkn1AwXRIE,Grill Gobble,"Sights & Sounds that tranquillize your mind.Experience the new way to dine-in.

Reserve your table now - http://bit.ly/2wpuGog",Barbeque Nation,UCA-ACmkbdLdSePOPckbq18A,131,3,0,2020-06-29T13:18:49.000Z,https://www.youtube.com/shorts/5Xkn1AwXRIE,2026-07-30 07:08:28
hKJau0YLxzs,SPICY !! CRISPY !! JUICY !!,"Enjoy Barbeque Nation’s new way to dine-in, get unlimited food served on the table. 
Reserve your table now - http://bit.ly/2TECkTCND",Barbeque Nation,UCA-ACmkbdLdSePOPckbq18A,179,5,0,2020-08-07T06:33:57.000Z,https://www.youtube.com/shorts/hKJau0YLxzs,2026-07-30 07:08:28
_LCNgnnCNq8,"India's largest local restaurant brand, Built on customer’s vocal support","Enjoy Barbeque Nation’s new way to dine-in, get unlimited food served on the table. Reserve your table now - http://bit.ly/2wpuGog
India's largest local restaurant brand, Built on customer’s vocal support",Barbeque Nation,UCA-ACmkbdLdSePOPckbq18A,107,1,0,2020-07-24T12:32:25.000Z,https://www.youtube.com/shorts/_LCNgnnCNq8,2026-07-30 07:08:28
YvoqhJYCJs4,Moods @barbequenation,"Bookings Open @ Barbequenation. Experience the new way to dineout. Reserve your table now - http://bit.ly/2wpuGog
#NoCompromiseDining",Barbeque Nation,UCA-ACmkbdLdSePOPckbq18A,181,1,0,2020-07-14T05:05:42.000Z,https://www.youtube.com/shorts/YvoqhJYCJs4,2026-07-30 07:08:28
-IOdnMUxAa8,Happy Raksha Bandhan,"Happy Raksha Bandhan

Enjoy Barbeque Nation’s new way to dine-in, get unlimited food served on the table. Reserve your table now - http://bit.ly/2wpuGog",Barbeque Nation,UCA-ACmkbdLdSePOPckbq18A,127,2,0,2020-08-03T07:36:21.000Z,https://www.youtube.com/shorts/-IOdnMUxAa8,2026-07-30 07:08:28
LQFpEOjyQoE,Surprise your friends and family with the happiness card..!!,"Surprise your friends and family with the happiness card. Gift card with unlimited food, unlimited fun & unlimited celebrations only @ Barbequenation.
Buy now : http://bit.ly/2wpuGog",Barbeque Nation,UCA-ACmkbdLdSePOPckbq18A,6639,57,0,2020-08-10T06:44:06.000Z,https://www.youtube.com/shorts/LQFpEOjyQoE,2026-07-30 07:08:28
5Q7Ll3ZH14M,India's largest local restaurant brand,"Enjoy Barbeque Nation’s new way to dine-in, get unlimited food served on the table. Reserve your table now - http://bit.ly/2wpuGog
India's largest local restaurant brand, Built on customer’s vocal support
#NoCompromiseDining",Barbeque Nation,UCA-ACmkbdLdSePOPckbq18A,157,3,0,2020-08-06T06:40:31.000Z,https://www.youtube.com/shorts/5Q7Ll3ZH14M,2026-07-30 07:08:28
CZZvGcafVE4,Agree?? Tag a friend who thinks the same as you.,"Agree?? Tag a friend who thinks the same as you.

Enjoy Barbeque Nation’s new way to dine-in, get unlimited food served on the table. Reserve your table now - http://bit.ly/2wpuGog",Barbeque Nation,UCA-ACmkbdLdSePOPckbq18A,93,2,1,2020-07-30T06:26:20.000Z,https://www.youtube.com/shorts/CZZvGcafVE4,2026-07-30 07:08:28
wYjGOYZ86s8,WE ARE COMPANIONS !!!,"Enjoy Barbeque Nation’s new way to dine-in, get unlimited food served on the table. 
Reserve your table now - http://bit.ly/2wpuGog",Barbeque Nation,UCA-ACmkbdLdSePOPckbq18A,187,7,0,2020-08-06T07:16:25.000Z,https://www.youtube.com/shorts/wYjGOYZ86s8,2026-07-30 07:08:28
VSaH0ofn3P0,Experience the new way to dineout.,"Bookings Open @ Barbequenation. Experience the new way to dineout. Reserve your table now - http://bit.ly/2wpuGog
#NoCompromiseDining",Barbeque Nation,UCA-ACmkbdLdSePOPckbq18A,126,0,0,2020-07-20T10:54:12.000Z,https://www.youtube.com/shorts/VSaH0ofn3P0,2026-07-30 07:08:28
QGyZE5SrW70,We wonder what's cooking?,Stay tuned as we've something sizzling just in store for you.,Barbeque Nation,UCA-ACmkbdLdSePOPckbq18A,137,6,0,2019-12-10T09:54:00.000Z,https://www.youtube.com/shorts/QGyZE5SrW70,2026-07-30 07:08:28
wxnNksZDjJg,Unlimited grills @Barbeque Nation,"Where there’s smoke, there’s good food they say. And we couldn’t agree more.
Head to your nearest BBQ Nation outlet and enjoy the goodness of grills, today!

Book your table to feast unlimited- https://bookings.barbequenation.com/



Follow us on-

Facebook-  / barbequenation  

Instagram-  / barbequenation  

Twitter-  / barbequenation  ",Barbeque Nation,UCA-ACmkbdLdSePOPckbq18A,295,6,0,2019-12-03T10:49:43.000Z,https://www.youtube.com/shorts/wxnNksZDjJg,2026-07-30 07:08:28
ObgvvC485CA,Barbeque Nation Wishes You a Happy New Year,"May you be blessed with food, food and more food this year!",Barbeque Nation,UCA-ACmkbdLdSePOPckbq18A,245,7,0,2020-01-02T10:34:22.000Z,https://www.youtube.com/shorts/ObgvvC485CA,2026-07-30 07:08:28
87TGOA0DVBE,Barbeque Nation  #NoCompromiseDining,"Bookings Open @ Barbequenation. Experience the new way to dineout. Reserve your table now - http://bit.ly/2wpuGog
#NoCompromiseDining",Barbeque Nation,UCA-ACmkbdLdSePOPckbq18A,457,10,3,2020-06-09T08:04:52.000Z,https://www.youtube.com/shorts/87TGOA0DVBE,2026-07-30 07:08:28
HhCMUIDYUHs,BBQ Nation brings to you Smile Club,"It's our birthday and we can't keep calm! Presenting to you the BBQ Nation Smiles Program! 😁
You can now earn loyalty points on every meal and get amazing BBQ Nation vouchers.

For information on Smile Club visit : http://bit.ly/BNsmle",Barbeque Nation,UCA-ACmkbdLdSePOPckbq18A,779,12,0,2020-01-23T09:13:08.000Z,https://www.youtube.com/shorts/HhCMUIDYUHs,2026-07-30 07:08:28
iTYBmldZk0c,Unplug your kitchen,Unplug your kitchen and enjoy family time with great food in the company of your loved ones at Barbeque Nation. There is so much to do and eat at Barbeque Nation. Come feast unlimited.,Barbeque Nation,UCA-ACmkbdLdSePOPckbq18A,97,2,1,2019-11-22T06:09:38.000Z,https://www.youtube.com/shorts/iTYBmldZk0c,2026-07-30 07:08:28
g9dmiSvviDw,Weekend plans at Barbeque Nation,"No plans for the weekend yet? We’ve got you covered! Round up your squad and book your table now.

#weekendplans #weekend #barbequenation #foodlove #foodies #visitus #mood #dessertdelights #starters #grill #unlimited #buffet #delicious #tasty #yummy #goodtimes #memories #maincourse",Barbeque Nation,UCA-ACmkbdLdSePOPckbq18A,537,12,0,2024-08-24T13:15:47.000Z,https://www.youtube.com/shorts/g9dmiSvviDw,2026-07-30 07:08:28
dAqQw3zB_Mw,Mango Tango Fest,"A grand entrance for a grand dessert with an anokha twist.
Indulge in Mango Cheesecake and 10 other grand mango creations at the Mango Tango Fest.

Available only till 30 June. Book a table today.

**Available at most locations, with some exclusions.**

#MangoTangoFest #BarbequeNation #AamKaAnkholTwist #Mangolicious #FoodieDelight #UnexpectedDelights #LimitedTimeOnly",Barbeque Nation,UCA-ACmkbdLdSePOPckbq18A,379,3,0,2024-06-25T12:10:08.000Z,https://www.youtube.com/shorts/dAqQw3zB_Mw,2026-07-30 07:08:28
mFtgWq7Mv_w,What's your Pick?,"There are some who love Crispy corn and some who love Cajun Potato. What’s your pick between the two? You can savour both of them at Barbeque Nation. Come feast unlimited.

Follow us on-
Facebook-  / barbequenation  
Instagram-  / barbequenation  
Twitter-  / barbequenation  

Book your table to feast unlimited-https://bookings.barbequenation.com/",Barbeque Nation,UCA-ACmkbdLdSePOPckbq18A,96,1,1,2019-10-23T11:37:09.000Z,https://www.youtube.com/shorts/mFtgWq7Mv_w,2026-07-30 07:08:28
vfFUY61kiNI,Coming soon-Kothapet,Delish!!Relish!!Cherish!! We are coming soon at Kothapet.,Barbeque Nation,UCA-ACmkbdLdSePOPckbq18A,4626,35,1,2019-10-11T11:22:36.000Z,https://www.youtube.com/shorts/vfFUY61kiNI,2026-07-30 07:08:28
VsRyZv6IU_U,Happy Children's Day.,"Happy Children's Day.

We try to bring smile on the face of every Child.



Book your table to feast unlimited- https://bookings.barbequenation.com/

Follow us on-
Facebook-  / barbequenation  
Instagram-  / barbequenation  
Twitter-  / barbequenation  ",Barbeque Nation,UCA-ACmkbdLdSePOPckbq18A,185,3,0,2019-11-14T06:07:29.000Z,https://www.youtube.com/shorts/VsRyZv6IU_U,2026-07-30 07:08:28
jJStbFqGsaQ,Beat the hunger at Barbeque Nation.,"Beat the hunger and treat your taste buds with unlimited grills and widest buffet spread at your favourite Barbeque Nation outlet.

Follow us on-
Facebook-  / barbequenation  
Instagram-  / barbequenation  
Twitter-  / barbequenation  

Book your table to feast unlimited-https://bookings.barbequenation.com/",Barbeque Nation,UCA-ACmkbdLdSePOPckbq18A,162,0,0,2019-10-23T11:00:03.000Z,https://www.youtube.com/shorts/jJStbFqGsaQ,2026-07-30 07:08:28
dYXLmipOqME,"What""s your Pick?","There are some who love Chicken Tangdi and some who love Seekh Kebab. What's your pick between the two? You can savour both of them at Barbeque Nation. Come feast unlimited.

Book your table to feast unlimited- https://bookings.barbequenation.com/

Follow us on-
Facebook-  / barbequenation  
Instagram-  / barbequenation  
Twitter-  / barbequenation  ",Barbeque Nation,UCA-ACmkbdLdSePOPckbq18A,121,2,0,2019-11-21T11:12:39.000Z,https://www.youtube.com/shorts/dYXLmipOqME,2026-07-30 07:08:28
PbDwZ1Q4P0A,Happy Bhai Dooj,"Let the bond of love grow stronger with each passing year.

Happy Bhai Dooj
Follow us on-
Facebook-  / barbequenation  
Instagram-  / barbequenat.  .
Twitter-  / barbequenation   

Book your table to feast unlimited-https://bookings.barbequenation.com/",Barbeque Nation,UCA-ACmkbdLdSePOPckbq18A,2299,37,2,2019-10-29T09:48:20.000Z,https://www.youtube.com/shorts/PbDwZ1Q4P0A,2026-07-30 07:08:28
ps-xbcUMsts,What's your pick at Barbeque Nation?,There are some who love Crispy corn and some who love Cajun Potato. What’s your pick between the two? You can savour both of them at Barbeque Nation. Come feast unlimited. Book your table now- http://bit.ly/2kW7qsv,Barbeque Nation,UCA-ACmkbdLdSePOPckbq18A,349,2,3,2019-10-03T06:26:15.000Z,https://www.youtube.com/shorts/ps-xbcUMsts,2026-07-30 07:08:28
E38-r92MOu8,Punjabi Food Festival,"Makkhan Singh takes you on an experiantial tour of the most happening Panjabi Food Festival! , Have you booked your seats yet?  

Let’s #JattSetGo at #BarbequeNation!

To know more: bit.ly/2Q60ynn 

Barbeque Nation was founded in 2006 with a simple vision – offering a complete dining experience to customers at affordable prices.
One of the most successful casual dining chains in India, Barbeque Nation pioneered the concept of live grills embedded under dining tables – allowing customers to grill their own barbecue’s right at their tables.
 
Barbeque Nation has the widest Buffet with more than 100 dishes being served in the menu. This operation has started at Lokhandwala outlet & has spread to major outlets in the country.


#KyuNahiBarbeque",Barbeque Nation,UCA-ACmkbdLdSePOPckbq18A,924,16,1,2018-09-15T13:34:45.000Z,https://www.youtube.com/shorts/E38-r92MOu8,2026-07-30 07:08:28
Ut0FAaf8w68,Barbeque Nation coming soon at Vashi(Mumbai).,"Mumbai, we are here yet again. Opening soon our newest outlet at Vashi, serving the widest variety of grills and wide spread buffet. Come soon to feast unlimited at Barbeque Nation.",Barbeque Nation,UCA-ACmkbdLdSePOPckbq18A,753,5,2,2019-09-26T11:41:11.000Z,https://www.youtube.com/shorts/Ut0FAaf8w68,2026-07-30 07:08:28
IH-cvxDaFes,Eat Street Food Festival,"Look out for something delicious, scrumptious, flavoursome, mouthwatering and finger licking to satisfy your cravings this season at Barbeque Nation! Stay Tuned

Follow us on-
Facebook-  / barbequenation  
Instagram-  / barbequenation  
Twitter-  / barbequenation  

Book your table to feast unlimited-https://bookings.barbequenation.com/",Barbeque Nation,UCA-ACmkbdLdSePOPckbq18A,221,1,0,2019-10-23T11:18:26.000Z,https://www.youtube.com/shorts/IH-cvxDaFes,2026-07-30 07:08:28
JXAFrH0f8A8,Food Festival -  Dawat  E  Ramadan,"The country is celebrating Ramadan month, we are serving dishes relating to Iftaar which will bring a lot of excitement to the guest.
visit : https://www.barbequenation.com/whatson/

Barbeque Nation was founded in 2006 with a simple vision – offering a complete dining experience to customers at affordable prices.
One of the most successful casual dining chains in India, Barbeque Nation pioneered the concept of live grills embedded under dining tables – allowing customers to grill their own barbecue’s right at their tables.
 
Barbeque Nation has the widest Buffet with more than 100 dishes being served in the menu. This operation has started at Lokhandwala outlet & has spread to major outlets in the country.",Barbeque Nation,UCA-ACmkbdLdSePOPckbq18A,854,4,0,2019-05-24T05:02:10.000Z,https://www.youtube.com/shorts/JXAFrH0f8A8,2026-07-30 07:08:28
l9zx68zpV_k,Coming soon- Cuttack,"Delish!!Relish!!Cherish!! We are coming soon at Cuttack.


Follow us on-
Facebook-  / barbequenation  
Instagram-  / barbequenation  
Twitter-  / barbequenation  

Book your table to feast unlimited-https://bookings.barbequenation.com/",Barbeque Nation,UCA-ACmkbdLdSePOPckbq18A,2923,58,8,2019-10-11T12:43:36.000Z,https://www.youtube.com/shorts/l9zx68zpV_k,2026-07-30 07:08:28
D6MivtZ304A,We're Serving Now..!,"Bookings Open @ Barbequenation. Experience the new way to dineout. 
Reserve your table now - http://bit.ly/2wpuGog
#NoCompromiseDining",Barbeque Nation,UCA-ACmkbdLdSePOPckbq18A,110,2,0,2020-07-07T06:27:36.000Z,https://www.youtube.com/shorts/D6MivtZ304A,2026-07-30 07:08:28
msuHf82Pdao,Barbeque Nation - Sights & Sounds,Sights & Sounds that tranquillize your mind.Experience the new way to dine-in.Reserve your table now - http://bit.ly/2wpuGog,Barbeque Nation,UCA-ACmkbdLdSePOPckbq18A,288,10,0,2020-06-24T05:45:46.000Z,https://www.youtube.com/shorts/msuHf82Pdao,2026-07-30 07:08:28
Suw6YN_AQrE,Whats your pick ?,"There are some who love Curried fish and some who love Curried prawns. What’s your pick between the two? You can savour both of them at Barbeque Nation. 
 Book your table to feast unlimited- https://bookings.barbequenation.com/

Follow us on-
Facebook-  / barbequenation  
Instagram-  / barbequenation  
Twitter-  / barbequenation  ",Barbeque Nation,UCA-ACmkbdLdSePOPckbq18A,149,2,0,2019-11-05T10:15:24.000Z,https://www.youtube.com/shorts/Suw6YN_AQrE,2026-07-30 07:08:28
8hiEayzs7Vs,Lights Camera Action!,"Lights Camera Action! Join us for the most happening event of the year in 2020 @ Barbeque Nation. Experience the bliss of flavoursome BBQs in a filmy style from 18 Dec – 3 Jan. 


Book now http://bit.ly/2wpuGog",Barbeque Nation,UCA-ACmkbdLdSePOPckbq18A,404,12,0,2020-12-29T07:30:12.000Z,https://www.youtube.com/shorts/8hiEayzs7Vs,2026-07-30 07:08:28
0SW3kdxWN4c,Unplug your kitchen,"Unplug your kitchen and enjoy family time with great food in the company of your loved ones at Barbeque Nation. There is so much to do and eat at Barbeque Nation. Come feast unlimited.

Follow us on-
Facebook-  / barbequenation  
Instagram-  / barbequenation  
Twitter-  / barbequenation  

Book your table to feast unlimited-https://bookings.barbequenation.com/",Barbeque Nation,UCA-ACmkbdLdSePOPckbq18A,43,0,0,2019-10-23T10:55:36.000Z,https://www.youtube.com/shorts/0SW3kdxWN4c,2026-07-30 07:08:28
6FFV3Mt7DDo,Grand Inauguration  by Amruta Khanvilkar.,"We are truly glad to announce the Grand Inauguration of our new Barbeque Nation Restaurant in Kandivali (E), Mumbai by Amruta Khanvilkar on 26th Feb, Wednesday at 6 pm. Our 16th outlet in Mumbai is ready to take you through a roller-coaster of flavours.",Barbeque Nation,UCA-ACmkbdLdSePOPckbq18A,648,20,0,2020-02-26T05:42:44.000Z,https://www.youtube.com/shorts/6FFV3Mt7DDo,2026-07-30 07:08:28
4qGxwdCvNZg,BARBEQUE IN A BOX..!!!  Have you ordered yet ??,"Celebrate birthdays, anniversaries, get-together, while we deliver your favourite dishes from Barbeque Nation @ your door step with BBQ in a box.

 For Delivery / Takeaway : https://bit.ly/2VqE5p8",Barbeque Nation,UCA-ACmkbdLdSePOPckbq18A,548,12,0,2020-08-12T08:20:25.000Z,https://www.youtube.com/shorts/4qGxwdCvNZg,2026-07-30 07:08:28
hs4gFOYJAA0,MA Road - Food Festival,"The sun sets at Mohammed Ali road in South Mumbai, food lanes are abuzz with gastronomic activities inviting you to feast on a sumptuous spread to break the day-long fast in the Holy month of Ramadan. 

visit : https://www.barbequenation.com/Festiv...

Barbeque Nation was founded in 2006 with a simple vision – offering a complete dining experience to customers at affordable prices.
One of the most successful casual dining chains in India, Barbeque Nation pioneered the concept of live grills embedded under dining tables – allowing customers to grill their own barbecue’s right at their tables.
 
Barbeque Nation has the widest Buffet with more than 100 dishes being served in the menu. This operation has started at Lokhandwala outlet & has spread to major outlets in the country.",Barbeque Nation,UCA-ACmkbdLdSePOPckbq18A,147,0,0,2019-05-24T05:33:53.000Z,https://www.youtube.com/shorts/hs4gFOYJAA0,2026-07-30 07:08:28
L_9lf39fj2g,Corporate packages at Barbeque Nation,"Getting bored of your daily lunch! Enjoy Barbeque meal with your colleagues as we have exciting packages for Corporate. Book your table now to enjoy your favourite grills and widest buffet. Mail: teambbq@barbequenation.com Call : 08067414151.

Follow us on-
Facebook-  / barbequenation  
Instagram-  / barbequenation  
Twitter-  / barbequenation  

Book your table to feast unlimited-https://bookings.barbequenation.com/",Barbeque Nation,UCA-ACmkbdLdSePOPckbq18A,1820,18,1,2019-10-14T11:08:13.000Z,https://www.youtube.com/shorts/L_9lf39fj2g,2026-07-30 07:08:28
