title,channelName,viewCount,likes,date,duration,type,url,commentsCount
We Tried Barbeque Nation in 2024 — is it still the Buffet King? 🤯🍖🍗🔥,SocialRuffian,122817,2800,2025-07-20T04:36:43.000Z,0:01:11,shorts,https://www.youtube.com/shorts/B5AngBexTOE,12
Trying to be a first Person at BBQ Nation!!!,The Indian Mukbanger,9914089,430000,2026-04-23T06:30:28.000Z,0:01:50,shorts,https://www.youtube.com/shorts/RtpW8MWjCuc,790
What I eat in a day ft. Barbecue Nation😋😍🙈,Diaries by Palak,675,18,2026-07-22T08:28:17.000Z,0:01:06,shorts,https://www.youtube.com/shorts/0SJ0pYPFPSM,0
Eating EVERYTHING at BBQ Nation🍱 #tretree #shorts,Advika Singh,2397446,103000,2024-10-01T08:33:04.000Z,0:01:00,shorts,https://www.youtube.com/shorts/ZEwls1cYqPk,395
Unlimited Food! 🍔,Aakash Pillay,6288818,335000,2025-09-15T13:04:00.000Z,0:01:29,shorts,https://www.youtube.com/shorts/Zpms0Ee39dc,1867
Can we beat ₹800 buffet at BBQ Nation🍗 | What I ate at Barbeque Nation #shorts #barbeque #viral,Foodbook_ by_aditi,7581519,239000,2024-07-24T07:30:06.000Z,0:00:57,shorts,https://www.youtube.com/shorts/OdMUt_frJ1I,824
The Sad 😔 Reality Of Barbeque Nation. Check The First Comment! #shorts #barbequenation,Swad Safar Official,4725262,27000,2024-09-26T06:44:37.000Z,0:00:08,shorts,https://www.youtube.com/shorts/F9A3Tj3azjM,438
Unlimited buffet at Barbeque nation 😋 #anniversary #barbequenation #nonvegbuffet #buffet #food #bbq,Nirkabya-নীড়কাব্য🏡,20,0,2026-07-22T14:30:23.000Z,0:00:50,shorts,https://www.youtube.com/shorts/ZDisNp5BPlA,1
Barbecue nation ne loot Lia 😭😭#shorts,So Saute,7664164,266000,2022-02-19T11:00:00.000Z,0:00:19,shorts,https://www.youtube.com/shorts/-EgEx4aqd9I,698
Veg Barbecue Starters 🍢 #barbecue #buffet #shorts,Delectable__crunch,502714,3500,2024-01-08T16:09:13.000Z,0:00:17,shorts,https://www.youtube.com/shorts/_Jzke0aGMnQ,19
Barbecue Nation Electronic City #barbeque #foodie #electroniccity #bangalore,Scintillating Vagabonds,7104,49,2023-11-01T10:43:17.000Z,0:00:15,shorts,https://www.youtube.com/shorts/UODtaulD0E8,3
Sizzling Alert for Bangalore Foodies! At just ₹777/- At BARBEQUE NATION #bengaluru #unlimited,Nimra Tabassum,1657,30,2025-09-01T14:22:53.000Z,0:00:50,shorts,https://www.youtube.com/shorts/nVxVcrD2_1M,1
Bangalore Stranger Recommendation pt.3 | 100+ Items BBQ Buffet in Rajajinagar | House of Barbeque,GOURMAND JUNCTION || HRITHIK PURWAR,84903,2400,2025-03-17T11:48:24.000Z,0:00:52,shorts,https://www.youtube.com/shorts/tyWFoYebti0,11
Barbeque in a box🔥🥳 Non-veg buffet #barbeque #barbequenation #foodie #biriyani,ManoDaffz,14482,212,2023-12-26T17:45:22.000Z,0:00:51,shorts,https://www.youtube.com/shorts/Z8xF3VM_zOg,3
Unlimited Buffet at ₹599 in Bangalore 😍🔥 | 30+ Items at Barbeque Nation,ATastylovestory,5399,80,2026-04-23T02:25:00.000Z,0:00:36,shorts,https://www.youtube.com/shorts/Xkiq7AbB4Qc,2
"Barbeque nation, Bangalore near Sarjapur social #bangalore #foodie #barbecue #sarjapur #wipro",D’s routine ,3812,63,2022-12-24T13:52:16.000Z,0:00:59,shorts,https://www.youtube.com/shorts/dQJZ0l_O908,0
"📍 BARBEQUE NATION ( Atria Mall , Worli )",Foodies on Scooties,13812,187,2024-06-16T05:55:28.000Z,0:00:43,shorts,https://www.youtube.com/shorts/dsJkWYkrcPM,3
Unlimited Barbeque Nation Lunch Buffet😋🍗 #barbequenation #unlimited #food,Foodie Of Mumbai,12225,521,2026-06-14T11:53:56.000Z,0:01:06,shorts,https://www.youtube.com/shorts/xVNvqPcodU4,4
"Fiesta By Barbecue Nation at Vega City Mall at JP nagar , Bangalore 😊",Subo's Diaries,15761,163,2024-08-31T23:28:48.000Z,0:00:57,shorts,https://www.youtube.com/shorts/alYKL4oeqO4,0
"📍The Big Barbeque, Bannerghatta road. #food #banaglore #foodie #bbq #buffet #mustvisit #unlimited",Savor_stories,6272,51,2025-02-02T07:34:41.000Z,0:00:39,shorts,https://www.youtube.com/shorts/9IygEVa_7lw,2
Magical cloche at Fiesta by Barbeque Nation at Vega City Mall in Bengaluru,Khao Pio Khisko,8308,38,2024-09-14T07:30:17.000Z,0:00:13,shorts,https://www.youtube.com/shorts/_yKrjhkn2nk,2
Barbeque Nation's Royal Nawab's Table Buffet from ₹599 | Andheri Lokhandwala | Unlimited Feast 👑🔥,Kranti Gaikwad Vlogs,2175,36,2026-07-16T04:49:48.000Z,0:00:48,shorts,https://www.youtube.com/shorts/gOL4gvYRpE4,0
Barbeque nation cbd belapur 🍗🍖,G k Vlogs🔥😎,2721,21,2023-10-18T12:40:10.000Z,0:00:12,shorts,https://www.youtube.com/shorts/EvWH5mZ3GiI,0
Barbeque nation virar 📍,Gems of Maharashtra,3074,22,2026-05-22T05:16:02.000Z,0:00:30,shorts,https://www.youtube.com/shorts/jM_nY5BusRc,2
Barbeque Nation BKC | Time for wonderful memories,Vagabond - Travel with a Purpose,1270,19,2023-06-18T11:50:09.000Z,0:00:58,shorts,https://www.youtube.com/shorts/P25JA3xBD3E,0
"Barbeque Nation, Park Street, Kolkata. Best buffet in town?",The Rumbling Tummies,4762,42,2024-09-21T11:30:11.000Z,0:00:34,shorts,https://www.youtube.com/shorts/I5Hhe7Pohh4,0
Barbeque Nation Jomjomat Buffet 🍛😍,Sub boi Nation,6510,130,2026-06-10T07:09:48.000Z,0:01:01,shorts,https://www.youtube.com/shorts/N3ogCmX-y9s,3
Barbecue Nation Worli Mumbai  #food #foodlover #love #funny,Rashmi,1746886,37000,2021-11-14T09:52:53.000Z,0:00:14,shorts,https://www.youtube.com/shorts/OTKtzAVYCyg,23
🚨Barbeque Nation🤤 Do Subscribe us for more such content❤️ #viral #buffet #mumbaifoodie #trending,dine_and_discover_,1257,21,2026-07-03T11:30:09.000Z,0:00:59,shorts,https://www.youtube.com/shorts/AQu2ioXtVzQ,3
"barbeque nation, Thane",WheelsAndSpoons,12305,121,2023-01-14T12:30:23.000Z,0:00:22,shorts,https://www.youtube.com/shorts/vrB6muN64iA,1
biggest buffet in Nerul | navi mumbai ka biggest buffet #nerul #barbequenation #buffet,foodiesfam,7513,106,2026-03-18T12:01:15.000Z,0:00:44,shorts,https://www.youtube.com/shorts/eF3o7dVJc48,14
Birthday celebration at Barbeque nation #bbq #barbequenation,Anurag,66769,293,2025-03-13T03:19:15.000Z,0:00:15,shorts,https://www.youtube.com/shorts/0tKMsNrUoZg,7
Barbeque Nation Mumbai Kurla | Phoenix Marketcity Kurla | Buffet Dining | Places to eat in Mumbai,Wanderlust Coders,10134,68,2025-03-06T17:26:20.000Z,0:00:33,shorts,https://www.youtube.com/shorts/2amKANgfQIQ,0
Best Unlimited Buffet Barbeque Nation at Kolkata Sodepur 😋#food #kolkata #shorts #buffet,LeT'S Eat Folks,52488,2400,2026-01-18T10:41:50.000Z,0:01:00,shorts,https://www.youtube.com/shorts/sKdB2KEwmxw,16
Try this thali at Barbeque Nation -Kolkata-Lake Mall #food # restaurant,Somar Paakshala,6345,119,2023-07-12T18:04:44.000Z,0:00:25,shorts,https://www.youtube.com/shorts/8mamp8Fp6T4,1
Babeque Nation At CC2|Unlimited Buffet In Kolkata|Barbeque Nation Kolkata Mini Vlog|Full paisa Wasul,Madly Rockers - Vlog,6109,113,2023-04-12T14:40:00.000Z,0:00:59,shorts,https://www.youtube.com/shorts/V9eQ9ylOHcE,6
BARBEQUE NATION. Acropolis Mall. Kolkata. Food & Restaurant,Colors of life,1418,26,2024-11-16T05:14:38.000Z,0:00:58,shorts,https://www.youtube.com/shorts/jE6OYjKBnxI,0
Barbeque Nation  Salt Lake Sector 5 II Unlimited Buffet II Barbeque Nation #barbequenation #bbq,RituJena,4670,42,2024-10-26T13:50:15.000Z,0:00:53,shorts,https://www.youtube.com/shorts/kRsa19Uo4q4,0
Barbeque Nation - Kolkata - Lake Mall birthday decoration 🎂🎇,Birthday store Kolkata (bapi),4810,37,2023-09-30T10:17:32.000Z,0:00:44,shorts,https://www.youtube.com/shorts/GPslx0ZXb-I,4
Barbeque nation buffet at Park Street Kolkata #barbecuetime #foodie #buffet,Vegabond Explorer,31712,748,2024-07-13T13:07:29.000Z,0:00:48,shorts,https://www.youtube.com/shorts/zuKG5nnqYy4,13
"Barbeque Nation,  Park Street, Kolkata | Kebabs",Saswati Sinha's Cuisines,7241,47,2023-01-23T08:06:58.000Z,0:00:15,shorts,https://www.youtube.com/shorts/JoGOeX93z-0,1
Best Buffet In Kolkata | Cheapest Buffet under ₹1000 | Barbeque Nation,Flavors of Kolkata,2616,56,2025-10-15T17:21:32.000Z,0:01:01,shorts,https://www.youtube.com/shorts/_UY8N0pQM_4,1
Barbeque Nation from Salt lake sector 5 | restaurant | Buffet @ ₹850/- per head #viral #kolkata,Mr.SiD'z vLoGGeR,14901,121,2024-02-15T10:18:27.000Z,0:00:13,shorts,https://www.youtube.com/shorts/4g0v5PM4IIM,0
Fiesta by Barbeque Nation / #bestbuffet #buffet #kolkata #unlimited,Beingmom Sana,5378,87,2025-05-30T14:47:31.000Z,0:01:03,shorts,https://www.youtube.com/shorts/WOy1_dxmtJ0,6
Fake Birthday Celebration At Barbeque Nation🤪🤪|| Barasat,Sumeghar Sathe,94135,452,2023-09-10T10:27:17.000Z,0:00:10,shorts,https://www.youtube.com/shorts/jZSAds2Fxc4,19
Is Barbeque Nation Worth it ? 🤔✨ | Peppa Foodie #shorts #streetfood #chennaifood,Peppa Foodie,1574024,66000,2021-05-17T09:49:30.000Z,0:00:25,shorts,https://www.youtube.com/shorts/Q58OSOFS4lA,202
Rs.599 KU BARBEQUE NATION LA BUFFET AH 🤩🤩🤩 | #food #foodie #shorts,Naakin Kadhai,481737,15000,2025-12-06T11:24:45.000Z,0:00:30,shorts,https://www.youtube.com/shorts/2bDuOuZX2Ko,33
💢💥CHENNAI’S BEST UNLIMITED BUFFET? 😍 | 60+ DISHES @ BARBEQUE NATION | WEEKDAY LUNCH SPECIAL 🔥🍢,The Chennai Foodie (Nisha Nivedha),26402,540,2026-07-09T07:52:44.000Z,0:00:57,shorts,https://www.youtube.com/shorts/wFLeWvmIU4k,10
😱 Barbequ Nation in T Nagar Don't Go on week days  #food #buffet #viral,Chandru V,6850,379,2026-06-02T13:02:05.000Z,0:01:00,shorts,https://www.youtube.com/shorts/ak5f9C4beEs,2
Unlimited buffet at ₹599 only😍 #fiesta #barbequenation #kolkata #esplanade #kolkatavlog #foodlover,Sneha Chowdhury,1499,26,2026-07-12T12:46:58.000Z,0:01:03,shorts,https://www.youtube.com/shorts/iM-Zs0VkR4w,1
Barbeque Nation  || Best buffet in kolkata || not so cheap II #barbequenation #streetfood #minivlog,Hobbies dane,12986,289,2025-02-09T06:30:19.000Z,0:01:00,shorts,https://www.youtube.com/shorts/tfF87DK8vBY,9
Barbeque Nation | Lake Mall | 1k subs celebration 🎉 | Kolkata | Post NEET things,Trisha Kundu,15002,571,2023-07-22T21:38:23.000Z,0:00:57,shorts,https://www.youtube.com/shorts/P0oWX424oQc,28
New Market e khule galo Fiesta By Barbeque Nation buffet 599/- #kolkata #streetfood #food #viral,Coconut Quinoa,166046,5100,2023-08-20T06:09:17.000Z,0:01:00,shorts,https://www.youtube.com/shorts/tkxj5iQbIsI,118
UNLIMITED BBQ BUFFET AT JUST 599₹ BARBECUE NATION VADAPALANI #madrasfoodie #bbq,Madras foodie,309246,3700,2025-11-15T18:05:12.000Z,0:00:56,shorts,https://www.youtube.com/shorts/cnj-JzhklBg,19
AT THE BBQ NATION MARINA MALL CHENNAI #bbqnation #barbequenation #bbq #bbqlovers #marinamall,Ibti's Beauty Tips And Recipes,7239,64,2024-04-28T09:35:28.000Z,0:00:32,shorts,https://www.youtube.com/shorts/JFzElU2Mm64,2
barbeque nation tnagar branch #barbequenation #tnager #nonveg  #chennaifoodchannel,Madras Street Vlogs,4903,55,2022-04-15T15:21:51.000Z,0:00:11,shorts,https://www.youtube.com/shorts/UhdRHJzzl0Y,0
barbeque nation #tnagar,Marumagal illam ,12170,155,2025-06-18T12:36:49.000Z,0:01:00,shorts,https://www.youtube.com/shorts/rZLB24gOImY,0
Team Lunch at Chennai Vadapalani Barbecue Nation | #barbecuenation #foodie #chennaifoodie #foodlover,Murali's Vlog,21177,334,2023-06-30T03:43:12.000Z,0:01:00,shorts,https://www.youtube.com/shorts/AW_BigpQylk,12
"Bbq nation , vadapalani #food #foodie #bbqnation #bbq #icecream #friends #lunch #family #love #peace",reshmiar lifestyle,5463,33,2025-10-05T17:46:59.000Z,0:00:55,shorts,https://www.youtube.com/shorts/rCWm3ZYB_Qc,1
Coal bbq T-Nagar#food #foodvlog #vlog #foodie #chennai #viral #trending #shortvideo best starters,MADRAS-OG,38084,0,2024-01-12T01:49:26.000Z,0:00:36,shorts,https://www.youtube.com/shorts/rtfMkk5i0Yc,6
"Barbeque""s at Barbeque Nation- Nungambakkam - Chennai",Explorer Raju,2806,11,2025-03-29T15:12:00.000Z,0:00:25,shorts,https://www.youtube.com/shorts/EMUl05aI4n4,0
Barbeque Nation on vadapalani chennai 🥘 😆 #chennaifood #barbeque #yt #chennaifoodie #food,Jay Sankar,3715,43,2025-10-09T03:19:41.000Z,0:01:01,shorts,https://www.youtube.com/shorts/CpN8AXAuLPw,2
Barbeque Nation| unlimited buffet| Buffet under 1000| buffet in Mumbai #chicken #fish #buffet #food,The Review House,88935,2000,2022-09-08T12:49:09.000Z,0:00:50,shorts,https://www.youtube.com/shorts/Iz77Gk892XM,12
Barbeque Nation Unlimited Food At ₹599 | Unlimited Food At ₹599 | #barbequenation #lucknow #twl,Tafri Wale Laundey,38551,503,2026-03-15T06:23:17.000Z,0:00:40,shorts,https://www.youtube.com/shorts/KNfBQ5YX2y8,10
Barbeque Nation at KNK Road is a good buffet option in Nungambakkam. Good food and hospitality 💛,Pooja Yohana,1468,20,2022-06-11T15:02:56.000Z,0:00:55,shorts,https://www.youtube.com/shorts/mzYK1Kjhd_g,0
unlimited buffet & unlimited drinks just1399 @fiesta barbeque nation #unlimitedfood #unlimiteddrinks,Shrestha,1978,12,2025-10-21T12:46:08.000Z,0:00:30,shorts,https://www.youtube.com/shorts/O3QDp6hHw5A,1
₹499 UNLIMITED BBQ Buffet at Barbeque Nation Kolkata – Worth It or Not? 🤯🔥 | #kolkata #food,The Bong Duet,102023,2700,2025-03-30T12:25:10.000Z,0:01:06,shorts,https://www.youtube.com/shorts/V-VjS7G3UcM,71
Barbecue Nation Strategy #shorts,PavanDeee,438031,6900,2023-07-17T09:30:14.000Z,0:00:31,shorts,https://www.youtube.com/shorts/ts4xnYhiFbM,43
399 Veg Unlimited Buffet 30+ Dishes at BBQ Nation Agra  #food #agracouple_official,agracouple_official,5968,92,2025-09-06T08:19:21.000Z,0:01:22,shorts,https://www.youtube.com/shorts/s5aNwdvQ81s,12
"Unlimited Buffet @ Rs.799/- at Barbeque Nation, Rajouri Garden, Delhi",Life is Awesome TV,13610,145,2025-08-18T14:28:20.000Z,0:00:52,shorts,https://www.youtube.com/shorts/AWDaa3HhN_I,10
₹469/- Unlimited Buffet 😍 at Barbeque Nation Vizag ❤️,Vizag Bachelor,384815,4700,2025-09-21T14:00:10.000Z,0:00:28,shorts,https://www.youtube.com/shorts/ZHvquRozMaA,19
Barbeque Nation Unlimited Buffet,Ginus Passion,1006,33,2023-05-02T07:00:20.000Z,0:00:59,shorts,https://www.youtube.com/shorts/zsPSkKzy0VQ,2
our *experience*🥺at BARBEQUE NATION | #shortsvideo #barbequenation,Dr. Aparna Naik,73573,2100,2024-11-20T12:21:32.000Z,0:00:36,shorts,https://www.youtube.com/shorts/-fOpcirQZPY,19
Barbeque Nation Fun Republic Andheri | Unlimited BBQ Feast in Mumbai | Veg & Non-Veg Buffet,Awara Bache,5638,40,2024-09-01T13:15:03.000Z,0:00:14,shorts,https://www.youtube.com/shorts/NIwuCzIFKT4,0
"Barbeque Nation Unlimited Buffet in Jaipur | Unlimited Veg Food, Grill & Kebab  | Veg Special |",Jiyo Jindagi with NEHAKASH,108721,1800,2021-08-29T16:37:50.000Z,0:00:15,shorts,https://www.youtube.com/shorts/pWH4FRojh4M,11
Barbeque Nation walo ne loot lia 😭🥹 #bbq #barbeque #review #vlog #ytshort #adayinmylife #vlog,Sanghmitra mishra,287721,10000,2025-07-23T12:51:51.000Z,0:00:51,shorts,https://www.youtube.com/shorts/AnN-VTQcx-U,46
Review | Barbeque Nation | Veg | Non Veg | Starters | Main Course | Desserts | Unlimited @1099+gst,Thats for you..,1902,58,2023-02-20T17:43:40.000Z,0:01:00,shorts,https://www.youtube.com/shorts/Oj8PwNMzVMs,0
Barbeque Nation- Overhyped or Underrated? || Food review #ytshorts #foodreview #barbequenation,Kiaraa Chand ,2232,48,2025-03-26T05:29:34.000Z,0:00:59,shorts,https://www.youtube.com/shorts/1HPa1PmibVg,21
₹499 కి Barbeque Nation Unlimited Non-Veg Buffet 🤯 Worth It? Full Food Review | #food #shorts,Kd tho vlogs ,2499,62,2026-07-20T13:59:37.000Z,0:01:13,shorts,https://www.youtube.com/shorts/y7wHXQdDVQo,3
Barbecue Nation Premium Non-Veg Thali  @419 🍗🐓🧆 #shorts #short #barbecue #barbecuenation,Back 2 Zindagi ,37053,320,2023-03-02T09:30:06.000Z,0:00:22,shorts,https://www.youtube.com/shorts/Spg5dTXm3SM,4
"📍 Barbeque Nation – Kothapet, LB Nagar, Hyderabad",todo inhyd,28412,332,2025-08-19T12:51:28.000Z,0:01:04,shorts,https://www.youtube.com/shorts/zVuMmvOpwFE,3
BARBEQUE  NATION (MUST TRY NOT AT HOME),DONT STOP FOLKS,3348,56,2021-04-16T18:39:53.000Z,0:00:58,shorts,https://www.youtube.com/shorts/VD_9pQwvBcA,0
Why Barbeque Nation is the BEST? 🔥 Unlimited Food Worth Every Rupee! 🤤,TasteKiKasam,43,3,2026-07-22T09:44:55.000Z,0:01:38,shorts,https://www.youtube.com/shorts/bFbTgYAlmd0,0
Barbeque nation| Kothapet| Hyderabad| buffet | restaurant|,Vinay mothuku,34018,332,2024-09-28T19:44:27.000Z,0:00:23,shorts,https://www.youtube.com/shorts/POUDedTF9Tk,10
Must Watch Before Going to Barbeque Nation | Tips & Tricks | The Stained Tooth,The Stained Tooth,1334699,30000,2022-08-09T04:57:57.000Z,0:00:27,shorts,https://www.youtube.com/shorts/FITRQ2EV5NI,147
barbeque Nation #food 📍 knowledge City  Hyderabad,Indian Girls Travel,1718,18,2025-09-15T06:07:35.000Z,0:00:58,shorts,https://www.youtube.com/shorts/Qhj_PKfuZF4,0
Barbeque Nation @ AS RAO Nagar,HYDERABADI FOODS,2491,28,2024-07-01T17:08:15.000Z,0:00:21,shorts,https://www.youtube.com/shorts/Uk_AFJkfuHc,0
Barbeque in a Box | Barbeque Nation Non-Veg Overlaod box at 1129/-|@harikabhanuvlogs,Harika Bhanu Vlogs,122314,1500,2023-07-04T06:23:50.000Z,0:01:00,shorts,https://www.youtube.com/shorts/eJKIcoKF1-0,9
Barbecue nation Honest review| Wipro circle branch| Hyderabad 😊,Sweety lifestyle,1499,13,2025-07-07T12:02:24.000Z,0:00:55,shorts,https://www.youtube.com/shorts/9KKBNFHnDWM,0
"Barbecue nation 📍Abids, Hyderabad. #youtubeshorts #youtube #hyderabad #shorts #shortsvideo #shorts",tayyaba naaz,4257,50,2023-07-20T04:50:27.000Z,0:00:30,shorts,https://www.youtube.com/shorts/kEFW9dRvAZM,0
Barbeque Nation Attapur Buffet Review | Unlimited Food Just ₹399 | Hyderabad Food Vlog,Hyderabadi influencer,42857,977,2025-12-04T11:12:34.000Z,0:00:42,shorts,https://www.youtube.com/shorts/6bYd0_GR74E,9
Barbeque Nation #banjarahills #hyderabad, Crazy Guy,6447,237,2022-04-15T14:37:09.000Z,0:00:11,shorts,https://www.youtube.com/shorts/aEJpWK1aLHI,6
barbeque nation Hyderabad #barbeque #hyderabad #hyderabadfood #hyderabadfoodreview,Meetho Siri Vlogs ,20977,321,2024-08-06T04:40:00.000Z,0:00:59,shorts,https://www.youtube.com/shorts/cl1AGyQ-obY,13
Barbeque Nation 🆚 Absolute Barbecue! One is Overrated! 🤔#shorts,Swad Safar Official,765023,3100,2025-02-07T10:51:58.000Z,0:00:15,shorts,https://www.youtube.com/shorts/YCtlnkdEJRs,37
"📍 Barbeque Nation , Gachibowli",Chidvitha Peddi,79705,4300,2022-11-16T13:06:05.000Z,0:00:38,shorts,https://www.youtube.com/shorts/wG9gEvKMQAQ,5
barbeque nation offers | best Unlimited Buffet In hyderabad,A2Z RAJEEV VLOGS,20700,510,2025-07-27T12:28:41.000Z,0:00:44,shorts,https://www.youtube.com/shorts/k6a_qPYirbc,4
"Barbeque Nation - Unity Mall,Janakpuri,Delhi || Lunch Buffet at Rs.830/-|| Unlimited Buffet in Delhi",Life is Awesome TV,19067,184,2025-07-28T13:57:58.000Z,0:00:59,shorts,https://www.youtube.com/shorts/GQjfWuS7nl8,35
Barbeque Nation lucknow || unlimited food,Shabeeh Food World,35491,734,2024-12-23T12:15:00.000Z,0:01:00,shorts,https://www.youtube.com/shorts/3nCvDj-SzhU,9
🥘Day5/ Barbeque nation in Amritsar mall nexus #foodie #indiancuisine #buffet #foodblogger,ABHI.asrexplorer,10007,66,2025-07-13T05:54:06.000Z,0:00:28,shorts,https://www.youtube.com/shorts/4pVj_reoPpc,0
Barbeque Nation Jubilee Hills – ₹3083 Buffet Flop? 😐,Nenu Mee Bakasura,76231,1400,2025-06-18T03:33:57.000Z,0:00:48,shorts,https://www.youtube.com/shorts/D-8d1dqUtmM,52
Barbeque nation Jammu | Food Vlogger | Jammu food vlogger | Megha Chandan | Megha Sharma | #fashion,Megha chandan,11611,129,2023-04-30T07:03:34.000Z,0:00:11,shorts,https://www.youtube.com/shorts/6akDhDjnFsg,2
My First Time In Barbeque Nation 😍❤️ #shorts,RajDeep’sLife,7406694,0,2023-12-22T10:30:20.000Z,0:00:52,shorts,https://www.youtube.com/shorts/kJrzU6sYnEU,221
Fiesta by barbeque nation food review at Vega city mall,Arnicadqueen,8654,47,2025-04-23T11:40:57.000Z,0:00:38,shorts,https://www.youtube.com/shorts/06U-CWAoXUY,1
TRICHY BBQ NATION FOOD REVIEW | DELECIOUS FOOD | 99 VERITY OF DELECIOUS FOODS,YoYo Foodies Time,3797,83,2022-08-20T13:56:23.000Z,0:00:25,shorts,https://www.youtube.com/shorts/t8so3W3F3U0,0
Craving a feast? Dive into Express Lunch at just ₹399!  Barbeque Nation Agra 🤩🤩🤩🤩,agracouple_official,14315,227,2024-10-16T17:44:30.000Z,0:01:00,shorts,https://www.youtube.com/shorts/8W_xkX-SujQ,16
Unlimited Food for ₹399 in Barbeque Nation Coimbatore,Coimbatore Vagayara,24182,569,2024-06-16T12:50:39.000Z,0:01:00,shorts,https://www.youtube.com/shorts/jnKa_MYftis,1
"Barbecue nation , indore , best unlimited food ,  Treasure island mall indore",Ajay khakha,25624,218,2022-03-06T12:38:40.000Z,0:00:10,shorts,https://www.youtube.com/shorts/fnXul6MpsEE,9
barbeque nation coimbatore fun mall | xpress lunch barbeque nation coimbatore| bbq nation coimbatore,Mr Families ,52905,933,2024-11-08T03:55:34.000Z,0:00:58,shorts,https://www.youtube.com/shorts/JhARNgAHi6I,6
Unlimited BBQ @ 900!🔥 Barbeque Nation Vizag – Promo Series Ep1 🍽️ #VizagFood #BBQNation,Padandi Veldam,68903,1300,2025-08-02T16:52:00.000Z,0:00:54,shorts,https://www.youtube.com/shorts/0_taj9JF2Ag,8
"Unlimited Lunch Buffet at Barbeque Nation Thrissur, for just ₹399+tax #foodblogger #food #unlimited",Foodaholic Deepak,106256,7700,2024-07-27T11:30:11.000Z,0:01:00,shorts,https://www.youtube.com/shorts/MOz7d5Uqja8,49
Rs 700 me Buffet Better than Barbecue Nation 😍 | @sosaute,So Saute,6801363,381000,2023-02-09T13:15:00.000Z,0:00:43,shorts,https://www.youtube.com/shorts/01wOaPjy84s,311
30+ Unlimited Food items in Buffet at Barbeque Nation Abids #viralshort #foodie #food #streetfood,mkna vlogs,5432,69,2025-04-21T03:30:39.000Z,0:00:59,shorts,https://www.youtube.com/shorts/uJcz6vyIUPQ,0
Barbecue Nation Latest Discount Coupon Codes | Eating Full Box Biryani #shorts #foodie,Telugu Foodie Wife,6469937,118000,2025-06-28T06:20:00.000Z,0:00:36,shorts,https://www.youtube.com/shorts/AayP2-k1KNI,118
Barbeque Nation # miyapur #enjoy,WonderLiyana,7599,84,2023-07-26T15:49:17.000Z,0:00:11,shorts,https://www.youtube.com/shorts/yNgRi23TSGs,2
Barbeque Nation lo 399 ke Unlimited food anta 😱 #barbequenation #tirupati #tirumala #ytshorts #fun,Sunny YT,35814,880,2024-10-23T14:04:44.000Z,0:00:55,shorts,https://www.youtube.com/shorts/Q-XRKl8dL8k,8
"Barbeque Nation ,kondapur 📍#hyderabadfood #kondapur #birthdaycelebration #unlimitedbuffet",Hyderabad_lo nenu,5694,55,2025-04-29T07:06:45.000Z,0:00:44,shorts,https://www.youtube.com/shorts/AMX6kDyKyDw,0
One of the best buffet in Hyderabad @sahibsbarbequebyohris #ohris #food #barbeque,OHRIS,35960,227,2023-03-01T06:08:12.000Z,0:00:24,shorts,https://www.youtube.com/shorts/0CvxrdFwv5s,6
Must watch before Barbeque Nation visit|My First Experience in Trivandrum lulu BarbequeNation Part-2,Sahis Signature,4866,56,2025-10-23T12:36:04.000Z,0:01:01,shorts,https://www.youtube.com/shorts/WJeeTyKEoQA,4
Barbeque Nation Waale Darr Gaye #barbequenation #bareilly #shorts,Adnan Ahmed,29273,524,2024-09-24T11:17:08.000Z,0:00:36,shorts,https://www.youtube.com/shorts/T_X0nX1pPrc,12
"Barbeque Nation|Most Expensive, Meal Box|Premium Buffet|barbeque nation veg box|barbeque nation box",Soch Ka Aaina ,3144,51,2023-10-10T10:07:49.000Z,0:00:58,shorts,https://www.youtube.com/shorts/E9oIUrcWWFw,8
barbeque nation Review#Barbeque nation#review#viral #ytshorts #tastyrecipe,Anam Saifi Official ,3091,102,2021-10-26T13:04:27.000Z,0:00:17,shorts,https://www.youtube.com/shorts/Aa-HHo4Cx3c,1
Barbeque Nation Premium veg thali😋weekend special dinner😋#vegthali  #barbequenation #foodreview,Healthy and Fit Kitchen,10326,70,2024-01-27T13:58:47.000Z,0:00:24,shorts,https://www.youtube.com/shorts/HXo9eFrHgcs,2
₹449/- e Bar-B-Q nation e buffet?😱😱 #buffet #unlimitedfood #affordablebuffet,Bongo Cook,903346,19000,2024-10-26T09:51:48.000Z,0:00:43,shorts,https://www.youtube.com/shorts/0Sj4EA3MrnE,47
A very Honest Barbeque Nation Review 😂😂 #barbequenation #mumbaibuffet #absolutebarbecues,Smitesh Gavande,134,0,2023-03-03T14:43:50.000Z,0:00:59,shorts,https://www.youtube.com/shorts/fdWr9_ECbBU,0
₹399 Express Lunch at Barbeque Nation Tirupur #tirupurexplorer #tiruppurfoodie #food,Tirupur Explorer,26971,806,2024-06-03T12:51:37.000Z,0:00:58,shorts,https://www.youtube.com/shorts/cD1NMU9Rz6s,7
"Smoky Grills & Endless Feasts — Barbeque Nation at Pacific Mall, Faridabad! 😋✨",Pacific Mall,92778,63,2025-10-27T11:06:46.000Z,0:00:25,shorts,https://www.youtube.com/shorts/uN5VOtcuQXA,1
"Jomjomat Buffet Barbeque Nation, Lake Mall, Kolkata #barbequenation #food #buffet",Tutul,5053,70,2026-04-11T16:04:41.000Z,0:00:56,shorts,https://www.youtube.com/shorts/Pvr6L8_ImRs,4
Barbeque Nation|Acropolis Mall #shorts #ytshorts #thebohobongpriyanka #barbequenation #trending,Priyanka De Vlogs ,8461,91,2023-06-19T07:43:29.000Z,0:00:11,shorts,https://www.youtube.com/shorts/7y3psDaACgE,0
বেহালার নতুন Barbeque Nation🔥 #viral #kolkata #shorts #buffetinkolkata,Coconut Quinoa,32974,1000,2025-07-02T17:10:56.000Z,0:00:49,shorts,https://www.youtube.com/shorts/srq2MoZPjCM,26
Sizzling 7@777 🔥 Babeque Nation ❤️ #barbequenation #buffet #barbeque #kolkata #thefoodiesthikana,The Foodies Thikana,4620,58,2025-06-11T07:43:36.000Z,0:00:58,shorts,https://www.youtube.com/shorts/Ld51yk7fXwU,2
💥 599₹ Unlimited Buffet ⁉️ #shorts Barbecue Nation,1 Million Views Tamil,82213,3600,2025-11-26T09:15:50.000Z,0:00:43,shorts,https://www.youtube.com/shorts/kSzMSHS593o,5
Barbeque nation | Unlimited Buffet | birthday Special,Ooru Suthalaama,5340,88,2022-03-22T13:13:00.000Z,0:00:15,shorts,https://www.youtube.com/shorts/qTNj9xNflqo,4
Make this Barbeque Nation Style Crispy Cajun today for an indulgent treat 🤩 #shorts,Cookd,1616007,72000,2023-06-02T14:57:59.000Z,0:00:36,shorts,https://www.youtube.com/shorts/T4HBoJ9V1mI,171
Barbeque Nation Diamond Plaza Kolkata | Unlimited Buffet Lunch & Dinner #shorts #viral #youtube #yt,Gleeful Memories,1678,9,2026-06-05T08:30:27.000Z,0:02:51,shorts,https://www.youtube.com/shorts/cMNYAx0SGfo,6
"🔅💥Unlimited Buffet at ₹699 in Absolute Barbecues, Velachery🤩 #shorts",Cheers With Kannammaa,89142,1100,2022-09-05T12:25:51.000Z,0:00:23,shorts,https://www.youtube.com/shorts/RCwADi-ByVk,10
Unlimited Buffet in Guntur || Barbeque Nation #foodiegirldiya,FoodieGirl Diya,18852,387,2023-10-14T12:47:16.000Z,0:00:31,shorts,https://www.youtube.com/shorts/5GfGmKLltjI,7
Tharamana Nonveg plate - BBQ nation vadapalani #shorts #chennaifood,Food tasting mission,27619,296,2025-09-27T05:30:14.000Z,0:00:15,shorts,https://www.youtube.com/shorts/WlL-SUHRkZs,6
Unlimited Lunch Buffet at Barbeque Nation only for  ₹399 🤩 @AtrangiSwaad,Atrangi Swaad ,10536,141,2024-07-02T09:09:06.000Z,0:00:42,shorts,https://www.youtube.com/shorts/pi91zwmbtTc,12
Barbeque Nation ka Unlimited Food 🤤Best Non veg Buffet 😋#shorts #unlimitedfood #foodvideo,Motu Foodiee,3337779,237000,2022-12-24T08:16:00.000Z,0:00:52,shorts,https://www.youtube.com/shorts/ku_4nP4tow0,585
Barbeque Nation Unlimited Buffet! 😱 | Worth The Money?,VibeVoy,1767,19,2026-05-27T17:58:21.000Z,0:00:13,shorts,https://www.youtube.com/shorts/GtHGc-XwK14,0
"Fiesta by Barbeque Nation, Vega City mall Bangalore, best buffet restaurant in bangalore #shorts",Short Clips,10917,49,2025-05-11T06:17:13.000Z,0:00:16,shorts,https://www.youtube.com/shorts/LfywUv9xmH8,0
Barbeque Nation Guwahati's Special Offer 📍🎉 Buffet starts at Rupees 599 Only.,Highlanders_hub,41676,475,2024-06-07T05:43:01.000Z,0:00:22,shorts,https://www.youtube.com/shorts/iDMBkPLGOos,8
Birthday party lunch in Barbecue Nation #barbeque #bangalore #electroniccity #foodlover,Scintillating Vagabonds,10735,73,2023-11-02T13:45:40.000Z,0:00:16,shorts,https://www.youtube.com/shorts/i6Jm5gJzUqY,1
Fiesta By Barbeque Nation Bengaluru 😀 yummy buffet at just 799rs 😋 #shorts #youtubeshorts #food,Ruhi Goswami,1618,19,2025-09-15T19:45:38.000Z,0:00:58,shorts,https://www.youtube.com/shorts/RhQs4U4t0Uw,0
Barbeque Nation @M5 Mall #Electronic City#Bengaluru#BBQN,Aahara - Vihara ಆಹಾರ - ವಿಹಾರ,5900,35,2025-10-29T13:27:38.000Z,0:00:17,shorts,https://www.youtube.com/shorts/p86xKW1Hzxw,1
Barbeque Nation at Phoenix Mall Bangalore closed at 3pm,Prapancha Kosha,1224,10,2023-08-20T10:00:10.000Z,0:00:13,shorts,https://www.youtube.com/shorts/uMXeRqfL-mk,0
Mini vlog | Prettiest Bbq Nation|37th marriage anniversary 🩷,Time Travel With Tanya,1260,18,2024-03-23T04:45:54.000Z,0:01:00,shorts,https://www.youtube.com/shorts/Yv1G32A6nm0,4
Barbeque Nation - Nexus Centre City Mall🍖✨️🤎 #mysore #bbq,𝑅𝑜𝑠ℎ𝑛𝑖 𝑁𝑖𝑚𝑟𝑎ℎ~,11385,97,2023-03-24T07:09:36.000Z,0:00:15,shorts,https://www.youtube.com/shorts/uFi1H-cwbd8,2
Unlimited Buffet at Just ₹399 Barbeque Nation Bhopal Veg & Non-Veg Lunch Buffet  #lavishbuffet,Blissful Bhopali,28210,589,2025-10-13T09:28:52.000Z,0:00:57,shorts,https://www.youtube.com/shorts/P2daFBGy6hY,3
Barbeque Nation ko lootne ka Ninja Tarika 😳 #shorts #barbequenation #unlimitedfood #buffetfood,Foodbook_ by_aditi,2093913,47000,2025-05-28T07:30:24.000Z,0:00:50,shorts,https://www.youtube.com/shorts/qfQ1An4YOAw,82
Barbecue Nation may khane ka Technique 😋 #shorts #barbecue #food,Harsh Mishra,2481929,112000,2023-09-13T06:33:00.000Z,0:01:00,shorts,https://www.youtube.com/shorts/lsQ9EIjgJK4,752
🔥 BARBEQUE NATION TRICHY 70+ UNLIMITED BUFFET 👌😋 #shorts #shortsfeed #grill #food #bbq #aaliyasvlog,Aaliyas Vlog,8420,96,2025-05-10T12:52:43.000Z,0:02:59,shorts,https://www.youtube.com/shorts/er_wpTEFxfY,5
Big Barbeque Nation Marathahalli Bangalore| Buffet food Bangalore,Janardhan Kukudala,1644,16,2023-09-24T08:46:36.000Z,0:00:34,shorts,https://www.youtube.com/shorts/yx-LK_iAOMI,0
Barbeque Nation In a Box Buffet at home Only in 1400rs #shorts,Hrithik Vibes,136277,1000,2023-05-27T05:53:22.000Z,0:00:15,shorts,https://www.youtube.com/shorts/-WniZVX5rOk,10
Day 53/100 | Dinner at Pirates of Grill ❤️ #foodvlog #minivlog #minivlogshorts #foodlover #trending,Sanghmitra mishra,1093437,32000,2025-09-18T13:38:59.000Z,0:00:55,shorts,https://www.youtube.com/shorts/1Kb-H5GsNyw,75
"Things to remember before going to the Barbeque Nation, CP , Delhi | Dos and don'ts | #bbq nation",Walk&Dine with Sonam,93549,2400,2023-04-04T15:20:16.000Z,0:00:57,shorts,https://www.youtube.com/shorts/Os1AYgZRIIQ,39
‼️Unlimited buffet for ₹399+  #coimbatorefood #barbequenation #coimbatorefoodblogger,Veronicaa_lifestyle_,47534,819,2024-06-26T18:49:39.000Z,0:00:44,shorts,https://www.youtube.com/shorts/iFnwUL4cU2A,9
unlimited food 😍 only at rs 599 at barbeque nation,foodophile_23,2080967,45000,2023-04-24T06:13:02.000Z,0:01:00,shorts,https://www.youtube.com/shorts/JRntvP2EyD4,454
Barbeque nation | Barbeque nation buffet| Bhartiya mall || Bangalore  #shorts #viralshorts,Bangalore Ki Bacchi,3363,0,2023-03-29T16:10:58.000Z,0:00:13,shorts,https://www.youtube.com/shorts/Eq4od_7Tho0,0
#barbequenation #rajourigarden #Unlimited Food Best place for Eating unlimited Non Veg Delhi,Rahul sharma,30517,445,2023-08-13T15:33:03.000Z,0:00:55,shorts,https://www.youtube.com/shorts/1JhZp86qM-k,3
Barbeque Nation now return in madurai 🔥 madurai message,Madurai Makkaley,26940,663,2025-10-28T16:31:15.000Z,0:00:51,shorts,https://www.youtube.com/shorts/5lUICjcgxao,1
Unlimited Buffet 399/- Barbeque Nation 🤩 #shorts #youtubeshorts #food #buffet #viralvideo,Rock On Road,485185,2800,2024-07-27T06:45:20.000Z,0:00:21,shorts,https://www.youtube.com/shorts/gdbtOxS_hAQ,57
Unlimited Buffet 399 Only#barbequenation#mumbaifoodies#nonvegbuffet#vegbuffet#unlimitedbuffet#viral,Amir ansari vlogs ,27161,457,2025-09-28T06:01:26.000Z,0:01:00,shorts,https://www.youtube.com/shorts/qWp7BzWndA0,30
| Barbeque Nation Navi Mumbai Nerul Sec 6 | unlimited food |  #barbequenation #navimumbai #food,RiyaPrabhuVlogs,4411,105,2024-10-23T07:26:02.000Z,0:00:58,shorts,https://www.youtube.com/shorts/jQVvjyPtcxE,4
BBQ Nation Dombivali East Lodha Xperia Mall #bbqchicken #dombivli #shorts #shortvideo #funny #viral,Sunny Bane vlogs,13248,187,2025-07-26T13:56:38.000Z,0:01:00,shorts,https://www.youtube.com/shorts/oFpU3gQ0qUk,14
Barbeque Nation Phoenix Mall Kurla Buffet Lunch,EF24,3239,6,2025-04-07T07:49:22.000Z,0:00:20,shorts,https://www.youtube.com/shorts/U5KJibYf9mM,0
must follow these 3 rules when you visit barbeque nation😍,Dimple Nanda,51135,567,2022-06-06T10:25:44.000Z,0:00:08,shorts,https://www.youtube.com/shorts/GOh1LYGUc4g,5
Barbeque Nation | ORION Mall | Panvel | Birthday Celebration | @amritmanhas6556,amrit manhas,25169,0,2024-08-11T11:09:41.000Z,0:00:21,shorts,https://www.youtube.com/shorts/J7ACEm3Kg1c,0
"Barbeque Nation, Metro Mall, Kalyan #barbeque #barbequenationbuffet #shorts",Jitu Bagul Vlogs,9547,163,2025-09-15T15:25:54.000Z,0:02:05,shorts,https://www.youtube.com/shorts/e3HCZtSPW7w,8
Barbeque Nation Coimbatore Ratings | Unlimited Buffett | #shorts,Sandhya Eats ,3861,31,2025-10-24T06:59:15.000Z,0:00:19,shorts,https://www.youtube.com/shorts/UMa3fyqSTI0,1
Let's try Barbeque Nation | Lulu Mall Kochi | Unlimited food !!!,ASHOKAN JUNIOR,19928,156,2023-01-17T15:21:32.000Z,0:00:15,shorts,https://www.youtube.com/shorts/I6ASdvVHcQE,3
Barbeque Nation Unlimited Food 🇮🇳,Volpe Drunk and Hungry,2818,85,2023-06-01T06:34:55.000Z,0:00:58,shorts,https://www.youtube.com/shorts/8ywjWKi5eY8,2
₹399 Unlimited Buffet at BBQ Nation Prayagraj 🤯🍽️ | The Big Buffet,Deena Yadav,6113,61,2026-01-09T18:06:13.000Z,0:00:31,shorts,https://www.youtube.com/shorts/tvGWSj8qThM,4
Unlimited Buffet Barbeque Nation @469/-,Lalit Bisht Travel & Foods,7886,191,2024-11-30T05:15:40.000Z,0:00:52,shorts,https://www.youtube.com/shorts/qUsLvMl09ZY,5
399/- Only 35+ items available at barbeque nation 😃 #shorts #reels #kolkata #howrah #barbiquenation,sakir vines,199145,2600,2024-05-02T19:05:07.000Z,0:00:27,shorts,https://www.youtube.com/shorts/P_8E-dPqkpo,33
Barbeque Nation Prayagraj | Unlimited Buffet @ ₹399 Veg & ₹449 Non-Veg 🍴🔥,Deena Yadav,9185,107,2025-09-24T14:49:47.000Z,0:00:40,shorts,https://www.youtube.com/shorts/TJhlo5AEh2c,8
Barbeque nation Park Street | how to eat more at buffet | unlimited buffet foods #barbequenation,Gita Balmiki Vlogs,10480,234,2023-02-07T12:45:01.000Z,0:01:00,shorts,https://www.youtube.com/shorts/UKMjQ5rgCtc,2
Bbq Nation Unlimited Buffet Eating Challenge 😎 #trending #youtubeshorts #unlimited,Tasty Kaburlu,1597884,70000,2026-02-27T05:46:02.000Z,0:01:50,shorts,https://www.youtube.com/shorts/5mDs77Bsjl4,893
Barbecue Nation Veg Starters | Navi Mumbai | Soya Chaap | Panner Tikka #shorts #vegstarters #foodie,Two Foodie Engineers,12367,209,2022-10-14T05:23:52.000Z,0:00:06,shorts,https://www.youtube.com/shorts/loqyjU_hvo0,0
The Big Buffet for just ₹399! 😋,Bhukkad Ballak,41082,2900,2025-10-12T15:21:41.000Z,0:00:36,shorts,https://www.youtube.com/shorts/hh3OfYeRfrc,6
90+ items at just ₹599/- 😍 | Barbecue Nation | Buffet | Jubilee Hills branch | Hyderabad Vlogger,Sneha Panda | The Glutton Journal,107921,1000,2025-10-08T07:29:21.000Z,0:00:37,shorts,https://www.youtube.com/shorts/quLi33xaM7A,12
If Sumit Can Pass this Challenge at BBQ Nation wins 5000rs Cash😳🤯,Sourav Das,28836050,1100000,2025-06-05T06:51:23.000Z,0:02:12,shorts,https://www.youtube.com/shorts/jtLhmlbpnXc,818
499 Unlimited Buffet In Barbeque Nation Tirupati|#unlimitedfood #buffet #harinallani#tirupati ￼￼,EatwithHari ,129251,2400,2024-10-23T12:50:04.000Z,0:00:53,shorts,https://www.youtube.com/shorts/lU8uD5hAsVw,16
Barbeque Nation Express Lunch Buffet Sodepur🍽️ Unlimited Buffet @449/- #vlog #shorts,Reya And Smit,7865,168,2024-05-30T04:30:16.000Z,0:00:59,shorts,https://www.youtube.com/shorts/Sl7DlRkj-as,4
Barbeque Nation Unlimited Buffet - Desserts,Thatlucknowfoodie,6612,131,2022-01-23T07:22:28.000Z,0:00:26,shorts,https://www.youtube.com/shorts/lBI6VdzpaaE,1
Barbeque Nation 399 lunch buffet full details / #food review @Gayusathiyalifestyle,Gayu & Sathiya's Lifestyle,77252,1200,2025-09-18T11:05:42.000Z,0:01:43,shorts,https://www.youtube.com/shorts/UHMuZJEIy84,27
Unlimited Buffet at just ₹399 30+item @Barbeque Nation,Food Shopping & More,21751,132,2024-09-06T13:44:35.000Z,0:00:14,shorts,https://www.youtube.com/shorts/ryxIOutUgGc,3
barbeque nation - kondapur. Price each one 840: #unlimitedfood #explore #food #fathersday #birthday,Family food view,30364,572,2023-06-17T13:26:31.000Z,0:01:00,shorts,https://www.youtube.com/shorts/7ndmLTqcPwQ,5
unlimited buffet #bbqnation #trivandrum #trending #shortsfeed #shorts #short #buffet #viral #youtube,The Lady Foodie,9427,157,2025-10-12T05:15:02.000Z,0:01:18,shorts,https://www.youtube.com/shorts/PWDO7YMiN_w,1
Unlimited Buffet Lunch @ Rs.899/-. @barbequenation Lulu Mall Edappally #food #youtube #viralvideo,foodieernakulam,8476,112,2024-11-19T12:34:56.000Z,0:01:00,shorts,https://www.youtube.com/shorts/15j9lcSLh1s,8
Tasty Unlimited Buffet for 899/- 🤑😋❤️ Barbeque Spice 😍 #youtubeshorts #trending #shorts,MouLiving Life,3587890,242000,2023-06-26T11:09:48.000Z,0:01:00,shorts,https://www.youtube.com/shorts/FokJa0xpNT8,482
For Prawns 🦐 Lovers @ BBQ Nation 😅 #prawns #barbecue #food #shorts #short #youtubeshorts,Virtual Cravings,397340,2400,2024-05-17T09:52:55.000Z,0:00:09,shorts,https://www.youtube.com/shorts/0zo01xCiwbg,12
Barbeque Nation Kompally Hyderabad  #Shorts #shortsvideo #barbequenation,Diya Basu,3081,0,2022-07-05T06:49:47.000Z,0:00:35,shorts,https://www.youtube.com/shorts/ZEpvCaVApaA,0
Reviewing Barbeque Nation ka buffet,Aayush Sapra,744677,37000,2025-09-27T11:30:20.000Z,0:02:29,shorts,https://www.youtube.com/shorts/LohIB7yJL8I,120
"Barbeque Nation | Big Buffet Lunch | Veg ₹399, N-Veg ₹469",Curveinyourface,15538,99,2025-02-22T05:02:24.000Z,0:00:15,shorts,https://www.youtube.com/shorts/F-Q8cVZeegU,2
Barbeque in a box veg || Barbeque Nation Veg Box🥦🥗 #ytshorts #barbequenation,Vlogify Muskan,104360,1100,2024-04-28T13:20:57.000Z,0:00:57,shorts,https://www.youtube.com/shorts/g3Slr74LCA0,19
"Free BBQ Nation Buffet with 65%+ Marks – Delhi, Jaipur, Lucknow + 649 student deal in Bengaluru",GoSnatch,22358,349,2025-06-28T12:30:34.000Z,0:00:38,shorts,https://www.youtube.com/shorts/MNOEgjSS7aI,6
₹500 Buffet BBQ Lulu Mall,Munches Stories,715768,32000,2023-10-20T10:40:21.000Z,0:00:34,shorts,https://www.youtube.com/shorts/GTzXNJutwKc,76
🍖 Barbeque Nation Unlimited Buffet – Just ₹699! 🔥,mohammed shabeer,4656,62,2026-07-04T07:09:39.000Z,0:00:31,shorts,https://www.youtube.com/shorts/UKYRjXjI56w,6
The big buffet by Barbeque nation Prayagraj at just Rs 399 #buffet #bbqnation #lunch,Sadaf ki bakbak,8454,61,2025-10-14T15:44:05.000Z,0:00:41,shorts,https://www.youtube.com/shorts/L8m3X2sxcws,5
Barbeque Nation - Al Karama Dubai,GlowGoFoodie by Meenu,6687,67,2024-08-06T19:45:13.000Z,0:00:21,shorts,https://www.youtube.com/shorts/9YsZIzq-wa4,6
Barbeque Nation Premium Veg Buffet at Home for 2-3 People at Low Price #food #buffet #trendingshort,Vinayak Tangri,14653,145,2024-08-09T13:25:16.000Z,0:00:46,shorts,https://www.youtube.com/shorts/Z1G4TrtJY2s,5
North-India’s Biggest Buffet with 150+ Dishes😍 #buffet #buffetrestaurant #unlimitedfood #explorefood,The Barbeque Times,77466,2200,2024-11-16T07:07:47.000Z,0:00:32,shorts,https://www.youtube.com/shorts/0qp983_rXi0,14
Barbecue Nation | CC2 | Kolkata #barbequenation #restaurant,We are DIHAN,14370,120,2024-11-27T11:45:47.000Z,0:00:14,shorts,https://www.youtube.com/shorts/qxkV5YhGRZM,1
Trying Barbecue Nation’s Unlimited Buffet in Dhanbad😍 #shorts,Apurv Singh,112559,2700,2025-09-13T10:28:48.000Z,0:00:51,shorts,https://www.youtube.com/shorts/oKWTI6tMd1w,11
We Tried a BBQ Nation Birthday Celebration,Dixit Abhi,523244,9100,2024-08-29T15:00:51.000Z,0:00:38,shorts,https://www.youtube.com/shorts/kbNgEmtc6ls,61
60+ Items Unlimited for Rs.599 ku 🥳😱😍 #buffet #unlimitedfood #chennaifood #chennai #shorts #viral,Chennaiyum Unavum ,316353,7200,2025-10-20T15:25:16.000Z,0:00:57,shorts,https://www.youtube.com/shorts/872NMfu7sMY,52
Barbeque Nation Mein Pet Thus ke Khane ki Ninja Technic Ho toh Batao 😅 #Shorts #Viral #Food,The Thoughtful Girl,3801061,174000,2023-10-29T04:30:02.000Z,0:00:59,shorts,https://www.youtube.com/shorts/7TBdC8wemGc,330
Try this Barbeque Nation-style Crispy Corn at Home! 🌽☔#shorts #rainymood #viral #food #foodie,Logged Out Hungry,400,7,2026-07-22T14:22:28.000Z,0:00:14,shorts,https://www.youtube.com/shorts/Gn2Ysp5pELI,6
70+ items at 599/- only Unlimited Buffet at Barbeque Nation | Barbeque Dilli ka Dil wala Offer 😨😱,FOODIE DEVESH,144526,1600,2025-12-14T16:07:36.000Z,0:00:35,shorts,https://www.youtube.com/shorts/8xP4rxzHdok,17
Barbeque Nation - Lulu Global Mall,Ranjeetha & Sunil Dairies,21299,84,2025-03-08T07:19:31.000Z,0:00:12,shorts,https://www.youtube.com/shorts/SwZMpN_GEzs,1
Unlimited food at just 850/-😋😍 #unlimitedfood #shortsvideo #barbequenation,Taste Of Travellers,218130,5500,2024-09-08T09:41:24.000Z,0:01:00,shorts,https://www.youtube.com/shorts/vSR93nast2k,23
Barbeque Nation Unlimited Buffet In Vizag ❤️,Vizag Bachelor,65035,477,2025-04-29T13:18:00.000Z,0:15:20,video,https://www.youtube.com/watch?v=MLtwMWYzI4o,39
UNLIMITED FOOD/BARBEQUE NATION /Honestly review 😱/Mini vlog/Daily vlog #barbeque @barbequenation,Shweta lifestyle ,866781,8800,2024-10-16T14:40:49.000Z,0:00:38,shorts,https://www.youtube.com/shorts/97ed86Zvcoc,53
BBQ Nation Unlimited Buffet | Full Menu Review | 2025,Food Ka Zaika And Stories,2916,52,2025-12-13T14:30:06.000Z,0:15:09,video,https://www.youtube.com/watch?v=uPSx26EZtnk,12
BARBEQUE NATION VEG BUFFET VS NON VEG BUFFET BATTLE WITH MY VIDEO EDITOR,The Indian Mukbanger,1543462,30000,2024-12-26T07:30:25.000Z,0:23:36,video,https://www.youtube.com/watch?v=w14zADK27FY,344
Barbeque Nation Xpress Lunch @Rs. 399 | Unlimited Non Veg Buffet In Hyderabad | 30+ Dishes,Luv4FoodNTravel,126883,708,2024-08-16T12:53:17.000Z,0:09:10,video,https://www.youtube.com/watch?v=4__UVL2lifE,94
|Barbeque Nation Unlimited‼️Veg And Nonveg  Paisa Vasool|Genuine Detailed Review|#bbq #unlimitedfood,VedFlix,226303,1500,2025-01-25T05:30:03.000Z,1:04:03,video,https://www.youtube.com/watch?v=At8NVjkrYJI,354
BARBEQUE NATION UNLIMITED BUFFET at XPERIA MALL 😍 | Arya Jagtap Vlog,Arya Jagtap,9196,141,2025-04-28T08:49:36.000Z,0:16:00,video,https://www.youtube.com/watch?v=lOMN68aGUKY,37
"BBQ Nation Buffet in Box Honest Review, Is It Worth?🤔",Sinful Foodie,791858,31000,2021-07-21T06:30:12.000Z,0:20:39,video,https://www.youtube.com/watch?v=kvxqqaZ0l7Y,1053
I Tried the ₹1000 Barbeque Nation Buffet😱🔥 Is It Worth the Price? 😳🔥,Taste The World With Jay,40667,994,2026-03-10T12:30:33.000Z,0:51:10,video,https://www.youtube.com/watch?v=L0wLPYntv7E,285
Trying Full Non-Veg Menu of BBQ Nation Buffet - Part 2,Aayush Sapra Daily,433494,14000,2025-01-23T13:30:21.000Z,0:10:40,video,https://www.youtube.com/watch?v=eKGnTs8xdOU,1010
Madurai Barbeque Nation - Worst Experience‼️ | Non Veg Buffet in Barbeque Nation | Madurai Food Tour,Lets Vibe,25797,302,2023-06-02T12:45:25.000Z,0:07:15,video,https://www.youtube.com/watch?v=89-nwhU37ms,19
Barbeque Nation Buffet In A Box | Both Veg & Non Veg Home Delivery,Golgappa Girl,678253,20000,2021-05-28T08:30:03.000Z,0:14:56,video,https://www.youtube.com/watch?v=W_RfVsZfC8M,615
Barbeque Nation Unlimited Buffet in just ₹649 || Unlimited Veg Food & Kebab || Veg Special ||,MOinsideHIT,1514039,34000,2020-01-22T15:10:32.000Z,0:17:02,video,https://www.youtube.com/watch?v=NtTc9UqQcdI,730
Eat Unlimited Dinner Buffet 🍽️ I BARBEQUE NATION I Gaur City Mall Noida I 4K,Saurabh and Ekta,4984,35,2025-10-10T06:30:07.000Z,0:14:01,video,https://www.youtube.com/watch?v=TnCY9_rCO7o,24
Barbeque Nation 2024 Unlimited Food New Menu with @praveensalal | INDIAN BARBEQUE NATION,Akshanshu Aswal,993106,21000,2024-01-08T16:30:08.000Z,0:27:14,video,https://www.youtube.com/watch?v=ukwk_rGldXg,440
UNLIMITED FOOD BUFFET 😱 WITH PRAVEEN SALAL @praveensalal AT BARBEQUE NATION @barbequenation,Akshanshu Aswal,277589,8800,2025-09-11T16:30:12.000Z,0:38:26,video,https://www.youtube.com/watch?v=TkdCukqyc-Q,179
A Dinner at Barbeque nation Gachibowli | Detailed Explaination of full cuisine | veg & Non veg,Travel and life vlogs,2660,19,2022-02-13T06:30:10.000Z,0:12:07,video,https://www.youtube.com/watch?v=QYC1JKRAyhM,0
Barbeque Nation paina Chimtu Pratapam #telugu #hyderabad #telangana #andhrapradesh #barbequenation,ChimtuVlogs,2346,36,2026-04-26T08:05:48.000Z,0:37:10,video,https://www.youtube.com/watch?v=efBu4lD4l2g,5
BARBEQUE NATION -UNLIMITED FOOD || TRIVANDRUM || LULU MALL | VARIETY | NON VEG BBQ,DOCTOR'S JOURNEY,8770,99,2024-08-24T06:34:58.000Z,0:11:31,video,https://www.youtube.com/watch?v=swAdbmPAs8k,8
30+ items BARBEQUE NATION Buffet for just 399 Rs | Xpress Lunch,Banana Leaf Unlimited,93289,1100,2024-07-24T06:30:11.000Z,0:12:20,video,https://www.youtube.com/watch?v=P2qPgjs6_ms,68
"Dinner at Fiesta by Barbeque Nation  | Buffet Review, Price & Food Experience #punerestaurants #pune",My Happy Corner by Shrikant ,706,12,2026-01-16T21:29:24.000Z,0:07:16,video,https://www.youtube.com/watch?v=BXTaOX20pXk,4
Trying BBQ Nation Veg vs Non-Veg Buffet Full Menu,Aayush Sapra Daily,444329,14000,2025-06-07T13:30:42.000Z,0:16:03,video,https://www.youtube.com/watch?v=njMBRt92nhY,431
Barbeque Nation Lifestyle Vijayawada | Veg and Non Veg Restaurant | Vijayawada BBQ | S Cube Hungama,S Cube - Hungama,27998,240,2022-05-30T13:02:02.000Z,0:07:25,video,https://www.youtube.com/watch?v=HgZxhYPlDas,13
Barbeque nation kakinada | Food review vlog |@the hunger handlers,The hunger handlers,10880,124,2023-08-30T09:53:06.000Z,0:06:46,video,https://www.youtube.com/watch?v=wZWcGJhOQR0,19
A Euro Trip with Barbeque Nation,Barbeque Nation,734,5,2017-12-19T11:45:40.000Z,0:01:10,video,https://www.youtube.com/watch?v=UJIzgAKZvjQ,0
Barbeque Nation Malda Buffet Review | ₹499 Unlimited Food | Is It Worth It? 🔥,Lizza Ameen,101,6,2026-07-01T12:30:03.000Z,0:03:29,video,https://www.youtube.com/watch?v=yVo42zDNi1U,0
BBQ Nation Connaught Place/ BBQ Nation CP/ BBQ Nation Delhi/ Barbeque Nation CP review & full info,Tarun Krishna,21838,207,2025-08-23T05:46:37.000Z,0:16:52,video,https://www.youtube.com/watch?v=I4p152y5NjE,32
BARBEQUE NATION Bhubaneswar Unlimited‼️Scam 😱❌Honest Review ✅ #youtube   #sam_and_abi,SamAbi vlogs,12177,203,2025-08-19T05:54:16.000Z,0:11:58,video,https://www.youtube.com/watch?v=w-xt6T1aJpk,34
Barbeque nation/ Barbeque nation delhi/ Bbq nation/ Barbeque nation buffet - Unlimited Luxury Food,Tarun Krishna,30375,229,2025-10-07T05:45:06.000Z,0:15:50,video,https://www.youtube.com/watch?v=LGKPSCHZW-U,39
UNLIMITED BUFFET @699 ONLY| FEISTA BY BARBEQUE NATION| Food Review Vlog| VEGA CITY MALL| BANGALORE,Zayka & Zindagi,1992,30,2025-11-19T07:53:11.000Z,0:06:42,video,https://www.youtube.com/watch?v=939RoQST8E8,26
"Vlog: Unlimited Food at Barbeque Nation @ ElectronicCity, Bangalore |  Honest Review  |",Padma's FoodCourt,7927,88,2020-11-27T09:57:09.000Z,0:07:55,video,https://www.youtube.com/watch?v=7XrUaxQw4tI,173
Barbeque Nation Mangalore | Unlimited Buffets | Veg & Nonveg Barbeque at Barbeque Nation,Prajna Shivaraj & family,8362,0,2023-07-22T05:56:23.000Z,0:08:29,video,https://www.youtube.com/watch?v=7bdcDdC9wb8,9
Trying Full Menu of BBQ Nation Buffet,Aayush Sapra Daily,531220,16000,2025-01-05T13:30:03.000Z,0:08:52,video,https://www.youtube.com/watch?v=3CSnbNjRuMM,855
Barbeque Nation Unlimited Buffet @ 399/- Unlimited Buffet experience budget-friendly @sassyShristi,sassyShristi,5700,51,2026-05-04T10:40:28.000Z,0:07:58,video,https://www.youtube.com/watch?v=8DYKNXS0_xU,31
₹399 Unlimited Food 😱 | Barbeque Nation Patna Full Menu Eating (Veg + Non Veg),TRAVEL WITH BABA ,29774,423,2026-06-27T05:46:39.000Z,0:23:33,video,https://www.youtube.com/watch?v=PFzUk4W-NiA,137
I Tried Delhi’s Largest BBQ Buffet! 🍽️🔥 | BBQ Nation Vasant Kunj Review,Travel With Samay,2724,21,2025-11-21T15:30:45.000Z,0:09:03,video,https://www.youtube.com/watch?v=wWT_6V7P7f8,5
Fiesta by Barbeque Nation | Unlimited Veg Non-Veg Buffet | Unlimited BBQ | Barbeque Pune,Neha Panganti,9904,73,2025-06-04T05:49:06.000Z,0:07:01,video,https://www.youtube.com/watch?v=Gx1qzQIumbA,28
Barbeque Nation Lake Mall || Booking Details || Buffet Lunch Menu || Timings ||,Chaityz World,25781,294,2023-10-20T03:30:03.000Z,0:06:58,video,https://www.youtube.com/watch?v=E6nSznOSvoQ,72
"Unlimited Lunch Buffet @ Rs.450/- in Barbeque Nation,Mall of Dehradun",Life is Awesome TV,3533,47,2026-05-02T09:18:22.000Z,0:05:17,video,https://www.youtube.com/watch?v=hlyHhkaDi-U,18
Best Buffet Restaurants in Hyderabad | Unlimited Buffet in Hyderabad | BBQ Nation | Unlimited Food,SocialPost Foodie,2865,20,2025-11-28T14:08:25.000Z,0:05:52,video,https://www.youtube.com/watch?v=sKVK3k5Ki0w,1
Best Review of Behala Barbeque Nation। #maani #amiliya #love #myself #barbequenation #foodsofbehala,MAANI,311,6,2026-03-01T18:42:47.000Z,0:04:43,video,https://www.youtube.com/watch?v=qp3eK1MVB8s,2
"2026 BBQ Nation @440 only Abids branch Hyderabad , Unlimited Non vegetarian buffet Unlimited buffet",Asia Lo Tinku Telugu Travel,4197,33,2026-02-20T15:30:09.000Z,0:06:20,video,https://www.youtube.com/watch?v=IdJhAr_TZfk,6
Barbeque Nation Hyderabad ₹399 Unlimited Buffet 😱 | Best Affordable Food in Hyderabad 2025,Mobasir Khan,34227,286,2025-10-31T12:25:47.000Z,0:17:29,video,https://www.youtube.com/watch?v=ts6TWjwJWgU,123
Unlimited food Barbeque Nation at Just Rs 399 | Complete Review of BBQ Nation Bhopal | Worth or Not,Blissful Bhopali,2005,26,2026-01-08T18:25:41.000Z,0:04:44,video,https://www.youtube.com/watch?v=Nrfhh8vJhaw,7
Barbeque Nation Unlimited Non Veg Buffet Hyderabad - Aparna Neo Mall | Best Buffet In Hyderabad,Luv4FoodNTravel,16045,148,2025-07-20T04:30:12.000Z,0:09:48,video,https://www.youtube.com/watch?v=KB1KOWMUDw8,10
Barbeque Nation Unlimited Buffet🔥| Best Buffet at ₹469❤️ | 35+ items| BBQ nation Howrah Platina Mall,Life Extraordinary,7959,73,2026-01-30T03:30:17.000Z,0:06:12,video,https://www.youtube.com/watch?v=D_90HYLT684,21
Patna's Hidden Budget Buffet @599 Only Unlimited NonVeg & Veg Fiesta By Barbeque Nation Foodie Robin,Foodie Robin,68557,1100,2025-10-09T08:21:36.000Z,0:17:14,video,https://www.youtube.com/watch?v=NXppssbKTM4,127
Barbeque Nation CP Regal Building Review | Is It Worth the Price? | Full Buffet Experience 🙌,Hey! Kirtii here 🌻,1759,19,2026-02-25T08:30:01.000Z,0:05:22,video,https://www.youtube.com/watch?v=-EHBKha6zbU,9
My Grandpa's First Time at Barbeque Nation | Birthday Celebration Gone Special,SaiVerse Telugu,476,7,2026-05-29T12:30:06.000Z,0:29:34,video,https://www.youtube.com/watch?v=ebxre58Q1iw,7
Barbeque Nation Vizag Review & Price | Best Buffet Restaurants in Visakhapatnam | Best Places To Eat,JBS - Branded Sai,1516,14,2026-04-02T16:13:12.000Z,0:07:14,video,https://www.youtube.com/watch?v=4cDDqOWf2R8,3
Barbeque Nation Durgapur || Best Unlimited Buffet at ₹950 || Durgapurer Barbeque nation🔥🔥,Bong Elife,8311,86,2025-04-25T12:30:28.000Z,0:04:48,video,https://www.youtube.com/watch?v=BdyL2GQTZG4,14
"Fiesta by Barbeque Nation Hatibagan Review🍴At ₹599 Unlimited Mutton, Biryani, Kebabs Buffet BUT…",Sujoy Chronicles,18884,370,2026-05-20T16:00:30.000Z,0:18:50,video,https://www.youtube.com/watch?v=9rdVsWjA5H4,66
Barbeque Nation in Hyderabad 🔥🍗 Live Grill Madness 🔥BBQ Lovers Paradise 😍 | SambaVibes|,SambaVibes ,900,26,2026-05-29T04:30:09.000Z,0:13:30,video,https://www.youtube.com/watch?v=L03c5qPPXoQ,4
Unlimited BBQ Feast at BBQ Nation Jubilee Hills🔥 | Food Vlog Hyderabad 🍖 #vlog #bbqnation #viral,Ramu Tube,891,19,2026-06-03T14:11:19.000Z,0:15:38,video,https://www.youtube.com/watch?v=_XH1OfxeXQI,2
"Barbeque Nation,Sarjapur Bangalore ￼|| Food Review 🤮 || Per Person 850 ||Bengali Staff || Bangalore",Barsanjit and his vlogs 😎,793,7,2023-07-20T13:31:08.000Z,0:15:44,video,https://www.youtube.com/watch?v=nUJMnrr7zsw,0
Buffet Ninja Technique ft Barbeque nation | Bhukkad Guide,Sahil Khanna Vlogs,2765619,43000,2018-11-27T14:16:24.000Z,0:25:08,video,https://www.youtube.com/watch?v=GkX5rRi-zhM,4090
Barbecue Nation Hyderabad || UNLIMITED Veg & Non-Veg Foods 😁😁#barbeque #hyderabad #2025,itsTimeToFit,3809,42,2025-10-11T03:30:30.000Z,0:20:59,video,https://www.youtube.com/watch?v=R2Z6qbkpakY,7
"Unlimited Lunch Buffet @ Rs.700/- in Barbeque Nation,N Block,Connaught Place,Delhi",Life is Awesome TV,3930,72,2026-06-04T10:51:16.000Z,0:08:01,video,https://www.youtube.com/watch?v=TGtupdlLrDc,66
₹599 में Unlimited Barbeque Nation Buffet 😍 | Full Food Review | Noida Sector 16,Biswas Ayurveda,3365,0,2026-07-05T08:06:08.000Z,0:09:28,video,https://www.youtube.com/watch?v=VyZ5UZ52mmM,7
BARBECUE NATION BANJARA HILL😍||UNLIMITED BUFFET AT JUST ₹1000 KABABS GRILL..🍔#barbequenation#vlog,HYDERABADI SUMMI & FAMILY VLOGS,565,11,2025-07-27T16:22:12.000Z,0:12:03,video,https://www.youtube.com/watch?v=5fqkDKp-Rhg,4
"Unlimited Lunch Buffet @ Rs.599/- in Barbeque Nation,Sector 47,Gurugram",Life is Awesome TV,5504,86,2026-04-02T12:44:48.000Z,0:11:17,video,https://www.youtube.com/watch?v=3a3rCox3WWg,32
"Unlimited Buffet(Veg & Non Veg)@ Rs.599/- at Barbeque Nation - Vegas Mall,Sector 14,Dwarka,Delhi",Life is Awesome TV,16665,209,2026-02-28T05:47:54.000Z,0:10:27,video,https://www.youtube.com/watch?v=eh_R1xhg5XY,84
"Unlimited Lunch Buffet @ Rs.599/- in Barbeque Nation,Ambience Mall,Gurugram",Life is Awesome TV,10163,128,2026-03-07T04:57:08.000Z,0:10:15,video,https://www.youtube.com/watch?v=NHRB1xXb-ok,70
Barbeque Nation Vlog,PrasadLifeStyle,585876,43000,2020-12-06T11:29:04.000Z,0:12:06,video,https://www.youtube.com/watch?v=kb_bfsGMA_M,2279
"Barbeque Nation Unlimited Buffet @ Rs.599/- in Sector 10,Rohini,Delhi",Life is Awesome TV,4603,81,2026-06-11T06:19:26.000Z,0:09:34,video,https://www.youtube.com/watch?v=YWCdSGcMhI8,44
Barbeque Nation Nexus mall | Full vlog | Fun vlogs,Biryani bootham,14069,90,2025-05-28T08:03:26.000Z,0:09:32,video,https://www.youtube.com/watch?v=5B0VcCd2CmM,18
Unlimited Buffet ₹599 only | Barbecue Nation 😍 Limited offer,Amir ansari vlogs ,14772,258,2026-06-27T05:51:58.000Z,0:16:07,video,https://www.youtube.com/watch?v=ij3w31cQh8E,44
Barbeque Nation Unlimited Buffet| Paisa Vasool Veg & Non Veg Food,Dil Dosti Food,5896,79,2025-07-31T12:30:45.000Z,0:11:52,video,https://www.youtube.com/watch?v=Yih8K0qr0z8,20
Unlimited Buffet In Mumbai For Rs.599  || Barbeque Nation Food For All,Lalit Bisht Travel & Foods,19504,332,2025-10-22T03:29:04.000Z,0:26:45,video,https://www.youtube.com/watch?v=SdX1J0pSmfg,38
INSIDE India's WILDEST All You Can Eat BBQ Buffet in Mumbai India,Mike Chen Clips & BEST Eats,178282,3900,2026-04-16T19:00:05.000Z,0:19:50,video,https://www.youtube.com/watch?v=3IvAJaSmSFo,171
Barbeque Nation Vlog 🎉 🥳 | Unlimited Buffet at Barbeques Nation in Mumbai 😋 | Unlimited Non Veg Food,Ruqaiya Diaries,1122,46,2022-11-18T10:48:02.000Z,0:12:40,video,https://www.youtube.com/watch?v=WB3NT7yewjI,17
Unlimited Buffet Restaurant in Belapur | Barbeque Nation | Live Grill & Unlimited Buffet Mumbai,Anushri Amol Vlogs,4731,0,2025-11-14T14:30:04.000Z,0:14:03,video,https://www.youtube.com/watch?v=7wMoDtK5jWs,3
Barbeque Nation BKC | Unlimited Buffet at 600 /- @sassyShristi,sassyShristi,3795,64,2026-02-18T07:46:44.000Z,0:12:26,video,https://www.youtube.com/watch?v=9J8FkXyixZQ,11
"Grill, Chill & Unlimited Thrill 🔥 | Barbeque Nation Park Street Kolkata Buffet Experience 🍗",Rehan Rek Official,6502,70,2025-11-02T04:13:53.000Z,0:07:54,video,https://www.youtube.com/watch?v=FMOZSZC8BMw,13
Barbecue nation new menu|Unlimited buffet|Best Buffet in town|Unlimited 599|Kolkata buffet,The Routine Breaker😎,4683,35,2026-05-30T05:21:40.000Z,0:12:43,video,https://www.youtube.com/watch?v=pTQYrmU34_Y,23
₹799 Unlimited Buffet in Kolkata 😱 70+ Items Kolkata’s BEST Unlimited Buffet | Barbeque Nation,LeT'S Eat Folks,17522,296,2026-01-16T12:30:24.000Z,0:11:49,video,https://www.youtube.com/watch?v=vnSEAVCN4jM,55
​50+ ITEMS FOR JUST ₹599?! 😱 Barbeque Nation Student Offer Challenge 🔥,Liju,4091,73,2026-06-27T04:07:21.000Z,0:17:57,video,https://www.youtube.com/watch?v=IJ3J0uMdt_w,27
Barbeque Nation Buffet Kolkata 2022 | BBQ Nation Buffet at ₹799 | Best Buffet After Lockdown,Eat Like A Bong,175675,4300,2022-04-22T08:26:11.000Z,0:18:06,video,https://www.youtube.com/watch?v=l7owZDxw-uk,235
Kolkata Buffet Restaurant | Fiesta By Barbeque Nation | Unlimited Non-veg Buffet | Esplanade Outlet,Payel Tales,4928,74,2026-05-14T04:30:33.000Z,0:04:24,video,https://www.youtube.com/watch?v=tmz1OZGLqbs,39
মাত্র ₹599 টাকায় Fiesta By Barbeque Nation Buffet এখন Hatibagan এও😍| BBQ Nation buffet in Kolkata,Coconut Quinoa,19392,421,2026-04-06T17:35:04.000Z,0:17:14,video,https://www.youtube.com/watch?v=-JOzJAwpHRE,85
Unlimited Buffet At Barbeque Nation | Veg & Non-Veg | Mumbai,Eat Around The City,28968,397,2023-10-23T06:30:40.000Z,0:14:37,video,https://www.youtube.com/watch?v=o9sA9zcE3ts,44
"All You Can Eat INDIAN BBQ BUFFET at Barbecue Nation in Kolkata | West Bengal, India",Davidsbeenhere,270812,7900,2020-05-03T07:00:12.000Z,0:16:44,video,https://www.youtube.com/watch?v=lEQ79LQKGuY,271
Behala Barbeque Nation খুলে গেছে😍| Best buffet in Kolkata ? | Unlimited buffet at BBQ Nation,Coconut Quinoa,50272,1100,2025-06-27T15:55:54.000Z,0:20:09,video,https://www.youtube.com/watch?v=QNJNRQG_D-Q,193
"Kolkata’r Best Buffet? 😱🔥|Barbeque Nation এ ₹1200 তে Unlimited Buffet 😱 | Mutton,Chicken,Fish,Prawn",ARNAVVV,672,62,2026-05-19T12:25:01.000Z,0:06:39,video,https://www.youtube.com/watch?v=oZ44wioi2SE,70
"Rs. 599/- টাকায় এখন BBQ Nation UNLIMITED Buffet 🔥 MUTTON, Fish, Chicken",Ride N Bite,363922,6200,2023-04-26T08:40:07.000Z,0:16:32,video,https://www.youtube.com/watch?v=ULXfCNdEhEw,400
"Unlimited Food Buffet At Barbeque Nation Acropolis mall || Unlimited Mutton, Chicken, Fish",Mita's Diary,1784,23,2026-06-05T09:00:26.000Z,0:11:42,video,https://www.youtube.com/watch?v=wXw92IwrHpo,3
"Barbeque Nation Atria Mall Worli | Unlimited Buffet|Honest Review|Price, Menu & Experience#food#vlog",FRIS:Food And Travel,2078,14,2026-01-23T05:38:26.000Z,0:03:31,video,https://www.youtube.com/watch?v=9WpR5A0kqoM,2
Cheapest Barbeque Nation in Kolkata 🔥? 30+ Unlimited Items | Worth It or Waste?,Adventure With R,1837,15,2026-07-03T16:00:00.000Z,0:17:28,video,https://www.youtube.com/watch?v=VpmECS7XXjU,2
Barbeque Nation এর Main Course এতো বাজে কেন ? Unlimited buffet | Barbeque Nation Barasat,Bedwin Foodie,3957,62,2026-05-27T16:00:10.000Z,0:19:55,video,https://www.youtube.com/watch?v=bGYe2enbOLg,33
BarBeQue Nation | Unlimited Buffet 🤯 | Chennai - Ben’s view,Ben's view,13136,80,2025-01-22T05:30:30.000Z,0:13:49,video,https://www.youtube.com/watch?v=pONqJwlnr_o,19
"Relishing a Wonderful Lunch Buffet at Barbeque Nation - T.Nagar, Chennai @vjvlogsbyjeba !!",V.J. Vlogs ,8828,54,2025-09-20T15:13:11.000Z,0:11:43,video,https://www.youtube.com/watch?v=naxypYpPZa0,19
பட்டையை கிளப்பும் BARBEQUE NATION🔥🤯 | Unlimited Buffet at Just ₹599😋 | Akila kannan Vlogs,Akila Kannan Vlogs,91743,615,2024-07-01T07:30:18.000Z,0:09:34,video,https://www.youtube.com/watch?v=mbhYuH1fk5Y,58
🔥₹449க்கு UNLIMITED Buffet 😳| Barbeque Nation Budget Buffet Review Tamil 😳,LoveoLoveForFood,34575,199,2026-05-08T08:30:19.000Z,0:05:11,video,https://www.youtube.com/watch?v=Y4Qw-3T7O9c,25
Visit to Barbeque nation 🍗🧆🍧🧁ThoraiPakkam OMR CHENNAI,Sathish Buldo,502,5,2026-02-23T11:25:02.000Z,0:03:05,video,https://www.youtube.com/watch?v=bc-1Ep7B-nQ,2
"Special Deal at Barbeque Nation, Kolkata | Kolkata's Best Buffet Restaurant 2026",Awesome বাঙালি,248,0,2026-05-15T13:21:44.000Z,0:02:21,video,https://www.youtube.com/watch?v=3kzYPJKiw0Y,0
Barbeque Nation Attapur | Unlimited Food in Just 850₹ |  BBQ Buffet Food Hyderabad,Hrithik Vibes,12322,130,2023-01-15T17:35:09.000Z,0:20:58,video,https://www.youtube.com/watch?v=DNMwHlrCLuY,14
Barbeque nation vlog | DSL Virtue Mall | unlimited buffet | Vlog-6 #Hyderabad #telugu #vlog #bbq,Sohan's lyf,2437,44,2026-04-14T08:15:52.000Z,0:10:12,video,https://www.youtube.com/watch?v=Xc0CjU7nDVQ,6
Barbeque Nation/Thoraipakkam / Chennai,AROMA FROM ANGELS KITCHEN - ENGLISH,2179,0,2022-10-04T14:30:03.000Z,0:07:24,video,https://www.youtube.com/watch?v=FFWL2nAAhps,2
BARBEQUE NATION || Unlimited Food || Banjara Hills || #food #viral #bbq || Subscribe,Hyderabadi Foodies,3678,37,2023-11-01T11:28:27.000Z,0:07:02,video,https://www.youtube.com/watch?v=mBrDcsVxA3U,9
"Barbeque Nation @399 & @449 Only Abids Hyderabad, Unlimited Non-Veg Buffet 😱 Review!!!",SAYEED SALAHI ,1765,89,2026-01-26T06:03:58.000Z,0:06:39,video,https://www.youtube.com/watch?v=cXfT8sBgIVw,14
Barbeque Nation Kothapet Hyderabad | Unlimited Food Buffet | Telugu Vlog,Sai Suhas Guttula,408384,3900,2020-12-27T12:50:32.000Z,0:13:42,video,https://www.youtube.com/watch?v=GHZIroNMSEs,439
Barbeque Nation Gsm mall Chandanagar  Restaurants in Hyderabad Vlog11 ll Best buffet in Hyderabad ll,PTG Creations,885,14,2023-03-29T13:00:24.000Z,0:02:01,video,https://www.youtube.com/watch?v=b_C5clVd1Io,1
Barbeque Nation @DSL Virtue Mall Uppal | Unlimited Veg & Non-Veg Buffet | Hyderabad #BBQ,SAYEED SALAHI ,7726,284,2024-07-06T17:52:36.000Z,0:05:29,video,https://www.youtube.com/watch?v=rR2PNc-iG18,57
Barbeque Nation Banjarahills Hyderabad,Food Aura India,3004,32,2021-03-24T04:12:40.000Z,0:06:55,video,https://www.youtube.com/watch?v=V8oR-ReGcMI,5
Barbecue nation unlimited non-veg items at just ₹399 in Hyderabad😱 full detailed video @Masexplorer,MAS EXPLORER,19767,205,2025-09-19T03:52:57.000Z,0:09:00,video,https://www.youtube.com/watch?v=Ed8jXfYOi64,41
Barbeque Nation Uppal Price Shock 😮 | 725 non-veg 😳 Worth It?,Jay Neeru Diaries,349,2,2026-02-15T13:30:37.000Z,0:03:06,video,https://www.youtube.com/watch?v=d9cCzMkl7TQ,0
Barbeque nation || As Rao nagar barbeque nation,mana podarillu,1871,16,2022-07-09T08:10:06.000Z,0:01:00,video,https://www.youtube.com/watch?v=gr3yWWyoIzs,4
Barbeque Nation | unlimited food | unlimited buffet #bbq  #unlimitedfood @VBRSIVA696,Village Boy Rider Siva,9456,45,2026-02-02T01:25:00.000Z,0:10:16,video,https://www.youtube.com/watch?v=PqCSjW2bGLc,10
₹399 Unlimited Barbeque Nation Hyderabad 😱 Full Buffet Review,Rinku Vlogs,679,12,2025-12-26T13:30:23.000Z,0:09:01,video,https://www.youtube.com/watch?v=SH_L03CFoTQ,7
Barbeque nation/Nexus mall / Kukatpally,Lucky asha travel world,2457,30,2025-07-14T04:31:11.000Z,0:07:54,video,https://www.youtube.com/watch?v=LjbDtY8Vq5U,0
"Barbeque Nation, Nungambakkam | Chennai | A Short Clip From The Trip",KD's Journey,1737,13,2021-02-21T14:32:03.000Z,0:01:14,video,https://www.youtube.com/watch?v=wHnroqRiZHA,4
Why Barbeque Nation is Dying ? | Case Study in Tamil,Mr.Tamilan Case Study,384174,2600,2026-04-06T14:01:04.000Z,0:16:06,video,https://www.youtube.com/watch?v=gnlSEKzzlJw,179
Barbeque Nation Restaurant Launch At A . S Rao Nagar | Hyderabad | V6 News,V6 News Telugu,4572,23,2019-02-13T02:11:08.000Z,0:02:00,video,https://www.youtube.com/watch?v=sK0wfrlQmAI,0
Barbeque nation | kothapet | Hyderabad | unlimited buffet |  Vlog | 2024 | Restuarant |,Vinay mothuku,3920,93,2024-09-28T02:00:22.000Z,0:06:32,video,https://www.youtube.com/watch?v=hnC6ABGEau4,17
"Barbeque Nation Tour (Latest 2021) || Banjara Hills, Hyderabad || GrabTheCravings",GrabTheCravings,5849,75,2021-09-06T15:30:47.000Z,0:11:09,video,https://www.youtube.com/watch?v=1IwVjUs4E8E,12
Unlimited Barbeque & Buffet at Just ₹599 | Barbeque Nation Alcazar Mall Jubilee Hills,Sillogical Vlogs,7207,76,2025-12-17T02:00:34.000Z,0:16:11,video,https://www.youtube.com/watch?v=QuC4qC4MHC0,21
BARBEQUE NATION ATTAPUR HYDERABAD | UNLIMITED FOOD | BBQ Buffet 🍢🍗🥘🍝,Travel & Share,3037,18,2023-08-11T13:30:31.000Z,0:02:57,video,https://www.youtube.com/watch?v=f_x4Nu1_UY8,0
Barbeque nation restaurant 🤴 👑 🦁 in kondapur Hyderabad telangana.,Tonik,1474,21,2023-06-11T17:20:29.000Z,0:14:01,video,https://www.youtube.com/watch?v=l_3WNTsMq2s,0
Barbeque Nation Kondapur(Hyd) | Unlimited Buffet | Crowd Rush - Avoid on Sunday | NO welcome drink,Explore With Pritam,2832,13,2022-02-20T15:04:49.000Z,0:19:08,video,https://www.youtube.com/watch?v=y3yX3t8W6Ug,0
Barbeque Nation Hyderabad 2026 | Jitna Marzi Utna Khao | Hyderabad Barbeque|Barbeque Nation |,One Stop SP,224,6,2026-01-08T18:42:15.000Z,0:05:24,video,https://www.youtube.com/watch?v=B2KWTHSW8cg,0
"This video You’ve never seen before,My experience @barbequenation  UnlimitedFood Veg & Non-veg @899",TJ talks,33341,389,2022-06-25T13:00:13.000Z,0:15:28,video,https://www.youtube.com/watch?v=xQiiPH5d-Oo,36
BARBEQUE NATION HYDERABAD| Unlimited Veg and Non veg Buffet | #foodie  #keertanayvlogs #food #video,keer tanay vlogs,3487,0,2024-08-05T07:44:03.000Z,0:08:24,video,https://www.youtube.com/watch?v=infyzGtLkkM,0
Sameer Bhasin CEO Barbeque Nation Hospitality - hybiz,HYBIZTV HD,1609,12,2016-08-23T13:53:53.000Z,0:01:18,video,https://www.youtube.com/watch?v=LRoPCEGIjmY,2
H Fast Food Safety Raids On BBQ Nation Restaurant In Rajendra Nagar  V6 News,V6 News Telugu,16857,146,2026-07-02T17:25:09.000Z,0:01:58,video,https://www.youtube.com/watch?v=j1tDK-GzybE,28
Barbeq Nation | Barbeque Nation Hyderabad | Restaurant Review | Top Restaurants in Hyderabad,Pet Puja - Food and Travel,807,6,2019-04-24T15:48:36.000Z,0:02:19,video,https://www.youtube.com/watch?v=fvSO5sZGgm8,0
Barbeque nation Attapur 2025 Nov Must watch #Barbeque nation #Hyderabad #India,Hidden Gem,2003,31,2025-11-06T17:48:02.000Z,0:11:07,video,https://www.youtube.com/watch?v=pEad3UGpaAU,9
Barbeque Nation 11th Outlet Launch At Abids Hyderabad | Unlimited BBQ | Hybiz tv,HYBIZTV HD,3094,29,2022-08-08T11:00:13.000Z,0:03:33,video,https://www.youtube.com/watch?v=CXoeXOOCrVk,0
Buffet Food | Barbeque Nation Unlimited 😋 | Buffet in Chennai | @JebaTravelVideos,Jeba Food & Travel,871,4,2026-02-15T15:39:48.000Z,0:05:18,video,https://www.youtube.com/watch?v=Y6zQWPyvuE0,3
Buffet Food  in Chennai | Barbeque Nation | Buffet Lunch | @JebaTravelVideos,Jeba Food & Travel,687,1,2026-02-16T14:41:05.000Z,0:06:46,video,https://www.youtube.com/watch?v=m4d7_dFsfHc,0
🔥UNLIMITED Buffet at Just ₹449? 😳 | Barbeque Nation Budget Buffet Review | Chennai & Vellore Offers🔥,LoveoLoveForFood,2447,12,2026-05-08T08:30:07.000Z,0:05:05,video,https://www.youtube.com/watch?v=GeyyehhFCTw,6
Barbeque Nation Abids Hyderabad || Once Visit and Enjoy Yummy and Tasty Food || @SasmitaPatnaik,Sasmita Patnaik,6799,36,2023-02-16T07:52:25.000Z,0:14:37,video,https://www.youtube.com/watch?v=E7m1pQISq6U,5
Barbeque Nation Buffet | Restaurant in T.nagar,Shawathun ,244,0,2023-06-15T13:10:41.000Z,0:03:11,video,https://www.youtube.com/watch?v=S5eeLnXeWJQ,0
"Barbeque Nation Birthday Celebration vlog | Grill, Buffet Dinner Night🎉 Unlimited Buffet Experience",Bommi Papa Shanvi,2915,27,2025-12-12T03:30:40.000Z,0:08:28,video,https://www.youtube.com/watch?v=mrKi7liwjYY,6
UNLIMITED Buffet| 699Rs 🍗 Barbeque Nation | Nungambakkam Bergamo Mall | Tamil Vlog | All4Food,All4Food - Jobs for Indians in Germany,7703,63,2022-10-06T11:00:09.000Z,0:12:27,video,https://www.youtube.com/watch?v=HOMDObdLrgo,8
🔥 Barbeque Nation Full Review 2025-2026 | How to Eat at BBQN | Complete Buffet Guide & Vlog 🔥,Nomadic Monkies,28125,269,2025-05-03T10:45:07.000Z,0:37:58,video,https://www.youtube.com/watch?v=pGWWusO1Czs,41
Barbeque nation Vadapalani /unlimited buffet in chennai #trendingshorts #family #lunch #familyvlog,Anitha Sarathy,4577,31,2025-10-26T13:11:25.000Z,0:10:09,video,https://www.youtube.com/watch?v=HAoSDO3C_vo,2
BARBEQUE NATION UNLIMITED INDIAN FOOD FOREIGNER REACTION | TRAVEL VLOG IV,Ivana Perkovic ,768575,11000,2019-05-08T15:30:02.000Z,0:14:37,video,https://www.youtube.com/watch?v=kbhUxAvQEWc,1052
Barbeque Nation T Nagar ₹599 Offer Review 😡 | Full Truth About The Buffet | Worst Experience Ever!,namma ooru sappadu,29956,194,2025-11-13T13:13:15.000Z,0:07:10,video,https://www.youtube.com/watch?v=RnO_zRbxzPc,52
Is Barbeque Nation’s Unlimited Buffet Worth It? Full Review‼️,Get Set GenZ,55224,0,2025-08-16T13:14:25.000Z,0:16:54,video,https://www.youtube.com/watch?v=0kPkJAWjTcE,60
I Visited Barbeque Nation After 4 Years! | Full Buffet Review | Must-Try Items | Honest Food Vlog,MAYANK KARRA ,17369,144,2025-10-29T07:42:29.000Z,0:24:27,video,https://www.youtube.com/watch?v=2fAmsDbS4tc,19
Unlimited Buffet BBQ Nation @ 599 | Most Reasonable Price Buffet ? | BBQ Nation Buffet Review 2026,Family Paradise,1850,22,2026-01-19T19:03:48.000Z,0:18:28,video,https://www.youtube.com/watch?v=095GUIh-doI,8
Barbeque Biggest Non Veg Meal in a Box | My Worst Experience Of Barbeque Nation Mukbang!!!!,The Indian Mukbanger,1097830,22000,2024-01-12T14:30:12.000Z,0:17:27,video,https://www.youtube.com/watch?v=dIT4fexvAE0,691
Barbeque Biggest Veg Meal in a Box | Our Experience Of Barbeque Nation Mukbang!!!!,The Indian Mukbanger,313046,7800,2024-04-21T14:30:20.000Z,0:20:25,video,https://www.youtube.com/watch?v=b40cuTyVgEk,190
Barbeque Nation buffet ✨#marinamall ✨ | My Honest Review 💕,Hey Shaluma 💕,3837,0,2024-10-04T12:00:55.000Z,0:10:02,video,https://www.youtube.com/watch?v=_jj50s49SVA,3
Barbeque Nation Bangalore 2026 | Jitna Marzi Utna Khao😋| Unlimited Buffet 😱,kaif explorer's,18074,196,2026-01-05T12:16:40.000Z,0:17:15,video,https://www.youtube.com/watch?v=HNjazvsXfsI,67
Barbeque Nation | unlimited Veg and Non Veg Buffet Restaurant in Bangalore | Buffet Restaurant,Shevlogs,4683,23,2025-08-06T10:30:13.000Z,0:03:39,video,https://www.youtube.com/watch?v=DfHH-5JRNis,5
Barbeque nation unlimited food in phoenix 🐦‍🔥 mall || Phoenix 🐦‍🔥 mall Bangalore || Aparna vlogs,Aparna Vlogs,637,17,2025-10-11T04:30:00.000Z,0:12:17,video,https://www.youtube.com/watch?v=-sA0fSEW-tk,0
Barbeque Nation Bangalore Vlog | Unlimited BBQ Buffet with Friends 🍗🔥,travelwithsid,119,6,2026-05-17T17:21:35.000Z,0:03:32,video,https://www.youtube.com/watch?v=4OP2yNYVTHQ,0
Bangalore Barbeque Nation | Unlimited Non veg buffet | Food Vlog & Review | ASMR | BBQ | Grill prawn,Shanthosh VG,13035,122,2023-01-27T14:37:53.000Z,0:16:45,video,https://www.youtube.com/watch?v=PviPElHRTs8,12
BARBEQUE NATION || Everything U need to know about BBQ Nation Bengaluru 🍗 || Best Buffet Restaurant,Little Things Daily,692,5,2026-02-09T12:53:07.000Z,0:11:36,video,https://www.youtube.com/watch?v=eOh0Zx1GUIU,3
4th anniversary celebration @ bbq Nation bangalore/barbeque Nation bangalore/anniversary celebration,Keerthisanthoshvlogs,178,5,2026-04-08T12:58:29.000Z,0:08:12,video,https://www.youtube.com/watch?v=clqp9ItNVVc,1
Barbeque Nation Indiranagar Bengaluru – Paisa Vasool Buffet Ya Overhyped?🤯,kaif explorer's,8746,110,2026-01-28T03:44:32.000Z,0:18:46,video,https://www.youtube.com/watch?v=xhljMgsQBn0,38
Barbeque Nation Koramangala 7th Block | UNLIMITED Buffet | Barbeque Nation Bangalore | RT & Food,roadstravelledandfood,6850,86,2022-07-27T13:53:06.000Z,0:07:42,video,https://www.youtube.com/watch?v=_oZGj4-eqh8,27
"Barbeque Nation | Unlimited Buffet for Rs 999 in Hebbal, Bengaluru",MONI'S CLIPS (ಕನ್ನಡ) ,3843,31,2023-08-06T17:52:04.000Z,0:04:22,video,https://www.youtube.com/watch?v=JxqK3S_4icE,3
Barbeque Nation Kalyan Nagar Bangalore | Top Buffet Restaurants | Best Unlimited Dining Spots! #bbq,Paramaguru Kandasamy,1747,7,2025-02-17T12:30:50.000Z,0:05:38,video,https://www.youtube.com/watch?v=stBPGT1WVl8,4
Unlimited Veg and Non-Veg buffet Starting from just 599Rs/- in Bangalore Koramangala BBQ Nation❤️,ROCKING RASHEED,15748,212,2026-04-16T10:30:05.000Z,0:16:52,video,https://www.youtube.com/watch?v=1rrfp0T-9_0,32
Insane Value! 60+ Items at Fiesta by Barbeque Nation for Just ₹399,TRAVEL LOVERS TV,2082,14,2025-10-19T05:49:16.000Z,0:01:57,video,https://www.youtube.com/watch?v=mI8njXmax0E,4
Best Buffet in Bangalore Barbeque Nation UNLIMITED Buffet in Koramangala| Food review vlog,ANJUDEV Vlogs,72365,614,2021-04-24T10:39:31.000Z,0:11:08,video,https://www.youtube.com/watch?v=AEYd6aQBWak,107
Unlimited Mutton Buffet Under 599/- l Fiesta by Barbeque Nation Buffet l Fiesta Esplanade @FoodZpah,The Travelling Flavors,2015,62,2026-07-12T05:32:45.000Z,0:16:07,video,https://www.youtube.com/watch?v=8qHLJL_FSRc,16
BBQ Nation Unlimited Buffet Restaurant-Indiranagar Bangalore-prices & Dishes Available with a Review,Roam with John,14928,83,2023-07-30T18:12:59.000Z,0:09:47,video,https://www.youtube.com/watch?v=aF0JsGcq__g,7
BARBEQUE NATION BHUBANESWAR 2025 TOUR // UNLIMITED BUFFET ₹699 ONLY,THE FUNNY Blogger,81275,1900,2025-05-18T04:31:26.000Z,0:20:15,video,https://www.youtube.com/watch?v=-XrbloO1gqQ,78
Barbecue Nation Hyderabad | Barbeque Nation Banjarahills Hyderabad @worldtraveler9453,World Traveler,7434,29,2025-11-26T13:30:03.000Z,0:04:32,video,https://www.youtube.com/watch?v=31Xk2tcFh4Q,9
BBQ nation |Unlimited buffet veg & non veg| Hyderabad buffet #BBQ,LOW & NO OIL COOKING,90506,568,2023-07-24T08:00:02.000Z,0:11:54,video,https://www.youtube.com/watch?v=2tsYFTtILk4,24
මෙච්චර සුපිරි Buffet එකක් මිස් උනේ කොහොමද මට? Barbeque Nation buffet | unlimited budget buffet,Day to day life ,9130,175,2025-12-27T02:00:14.000Z,0:34:37,video,https://www.youtube.com/watch?v=GEuBaJPfvGI,69
Unlimited Veg Buffet at Barbeque Nation 🍽️ | Lulu Mall Bangalore | Full Food Review | SI Vlogs,SI Vlogs ಕನ್ನಡ,1213,11,2026-03-02T09:40:09.000Z,0:08:01,video,https://www.youtube.com/watch?v=Rjimwvd8xmk,2
Barbeque Nation Non Veg Buffet review #food #resturent  #buffet #unlimitedfood  #foodvlog,Foodie PM,869,7,2026-06-06T11:30:01.000Z,0:06:30,video,https://www.youtube.com/watch?v=RzVmBSLPE7Q,8
"Barbeque Nation Unlimited Buffet 🔥Best Non-Veg Buffet at ₹650 ❤️। BBQ nation Lake Mall, Kolkata",Bong Passionate Traveller,16257,194,2024-11-15T15:30:23.000Z,0:12:56,video,https://www.youtube.com/watch?v=bnqrWiCSG1k,49
Is this Kolkata's Best Budget Unlimited Buffet? Barbeque Nation Lake Mall,Explore with Banerjees,1132,13,2026-06-08T13:00:15.000Z,0:18:20,video,https://www.youtube.com/watch?v=mMsc5aZTlxs,4
45+ items দিয়ে Unlimited Buffet তাও আবার মাত্র ৫৯৯ টাকায় | Barbeque Nation Unlimited Buffet Kolkata,Baby Mom Lifestyle,6756,53,2026-01-08T08:30:32.000Z,0:15:14,video,https://www.youtube.com/watch?v=dqVPgondsiI,40
Acropolis Mall BARBEQUE NATION Buffet 2024 Review & Price | Is It Still The Best Buffet In Kolkata🤔,Sujoy Chronicles,11522,349,2024-09-25T11:30:01.000Z,0:16:40,video,https://www.youtube.com/watch?v=1TIGvSEvzlw,61
₹599 Unlimited buffet in Kolkata😍70+ Item😱New market esplanade area food tour🔥best buffet 2026💥,Bong Zaikaaa ,10842,167,2026-06-15T14:00:31.000Z,0:16:12,video,https://www.youtube.com/watch?v=H4V7OnLvwiU,47
BBQ Nationa Behala Buffet 599/- Only | Cheap and Best Restaurant Kolkata | Barbeque Nation,Adventure With R,3793,25,2026-02-12T15:45:09.000Z,0:17:17,video,https://www.youtube.com/watch?v=iT8aTqcRcrc,11
Sunday Lunch || Unlimited food at Barbeque Nation Vadodara || A Beautiful Life by Madhuri,A Beautiful Life,10078,60,2022-11-21T16:01:16.000Z,0:03:09,video,https://www.youtube.com/watch?v=bmgMa26O5c8,8
Barbeque Nation Unlimited Buffet Under ₹650?! 🤯,Explore Enigma ,2336,22,2026-01-02T09:39:07.000Z,0:09:10,video,https://www.youtube.com/watch?v=PKwS2DCzO7M,6
Barbeque Nation Unlimited Buffet Kolkata 😍 Best Mutton Buffet with 60+ Items,Suchana Sarkar,2008,23,2026-03-18T12:36:38.000Z,0:06:30,video,https://www.youtube.com/watch?v=HF1-MqWZEdc,14
Garia New Barbeque Nation খুলে গেছে।❤️Best Buffet in Kolkata|Unlimited 599 Buffet in Kolkata|,The Routine Breaker😎,6077,67,2026-01-20T15:11:31.000Z,0:10:51,video,https://www.youtube.com/watch?v=3zur8gfcBP4,11
Barbeque Nation Unlimited Buffet🔥| Best Mutton Unlimited Buffet in Kolkata | 83+Items at Rs 945,Anirban Priyam,21517,348,2025-01-26T14:30:15.000Z,0:17:02,video,https://www.youtube.com/watch?v=TE8sfJXzCmk,92
UNLIMITED FLAVOURS AT BARBEQUE NATION | LAKE MALL KOLKATA @SATYABRATA'S VLOG,SATYABRATA'S  VLOG,417,4,2025-10-12T12:00:59.000Z,0:04:32,video,https://www.youtube.com/watch?v=Z2Ki8eqAIyU,2
Barbeque Nation Barasat | Unlimited Buffet at just Rs.499 only | Best Barbeque Nation in Kolkata,Delight Arc,3775,82,2026-03-01T16:15:02.000Z,0:16:54,video,https://www.youtube.com/watch?v=REc-1Yd4lRw,62
Barbeque Nation Buffet | Barbeque Nation Barasat | Best Buffet in Kolkata | Unlimited Buffet Kolkata,Dr. AVIK PAUL,7138,67,2025-08-18T15:51:48.000Z,0:12:32,video,https://www.youtube.com/watch?v=5P-bgY1RttQ,20
BARBEQUE NATION UNLIMITED BUFFET जाने कितना और कैसे खाना है अन्लिमटेड FOOD AT BARBEQUE NATION,Indian Food Talk,244685,2500,2022-08-07T04:35:07.000Z,0:17:40,video,https://www.youtube.com/watch?v=DD-jQc9flpY,178
Durga Pujo Special Buffet at Barbeque Nation Buffet 😍 | BBQ Nation Buffet | Best Buffet in kolkata,Coconut Quinoa,19995,427,2025-09-18T17:41:23.000Z,0:20:52,video,https://www.youtube.com/watch?v=WQ5Ub4-gR-c,120
Barbeque Nation Lake Mall | Unlimited Buffet,AF Vlogs,2400,19,2025-05-25T10:48:18.000Z,0:08:31,video,https://www.youtube.com/watch?v=ceU0Dt2UEd0,0
Unlimited Food||Barbeque Nation|| തിന്നൂ തിന്നൂ തിന്നുകൊണ്ടേയിരിക്കൂ#foodvlog Truly Trivian,Truly Trivian 🦋,7435,104,2025-06-15T11:35:02.000Z,0:13:46,video,https://www.youtube.com/watch?v=1bdmIopy8vs,17
Barbeque Nation Unlimited Buffet🔥| BBQ Nation Acropolis Mall | Best Buffet In Kolkata,Prinks Lifestyle,15350,142,2024-10-26T08:55:36.000Z,0:13:07,video,https://www.youtube.com/watch?v=gw6FyT-yk4M,34
Unlimited Nonveg Buffet at BBQ NATION| 45+ item |Best Buffet @ Rs 599/-|BBQ NATION Buffet Review|, Life And Leisure by Arundhati  & Arijit,2263,61,2026-02-02T08:36:23.000Z,0:23:10,video,https://www.youtube.com/watch?v=-GI_mFLweO8,25
Newly Open Barbeque Nation At Garia❤️Best Unlimited Buffet In Kolkata🔥Barbeque Nation Buffet Kolkata,Uncut Suja,17024,274,2025-09-28T10:58:43.000Z,0:21:36,video,https://www.youtube.com/watch?v=9wO21OX6h-g,77
Barbeque Nation Kalyani | ₹479 UNLIMITED BUFFET 😱 | Anniversary Surprise 🎉 | Worth It or Waste? 🤯🔥,Moments With Amit Sangita,3426,0,2026-04-27T09:10:17.000Z,0:16:34,video,https://www.youtube.com/watch?v=gyhM7sQ5_LY,129
মাত্র ₹599 টাকায় Fiesta By Barbeque Nation Buffet 😍| New Menu | BBQ Nation Buffet in Kolkata,Coconut Quinoa,37191,786,2024-11-05T15:57:26.000Z,0:19:34,video,https://www.youtube.com/watch?v=eS0PhED5zrM,207
Acropolis Mall Kolkata | Barbeque Nation Acropolis Mall | BBQ Nation,polu n ani,604,11,2023-03-25T04:50:00.000Z,0:14:42,video,https://www.youtube.com/watch?v=U_hvMdwr0fs,5
We Celebrated her Birthday 🎂 | Kolkata (Park Street) barbecue nation❤️,Kashish Ali,658,16,2025-12-19T13:30:55.000Z,0:23:07,video,https://www.youtube.com/watch?v=e7VDITLLcAk,19
"Anniversary Celebration at Fiesta by Barbeque Nation Kolkata || Unlimited Mutton , Biriyani Buffet😋😍",Suchana Sarkar,1445,15,2025-12-15T12:33:49.000Z,0:08:00,video,https://www.youtube.com/watch?v=GgJGN8C6FL4,12
Fiesta By Barbeque Nation//Kolkata Buffet Restaurant//Budget Friendly₹..👍🥰❤️👌,Soumya's vlog,947,46,2026-07-05T15:34:00.000Z,0:05:55,video,https://www.youtube.com/watch?v=bM2c7IiY_UE,54
Unlimited Buffet At Barbeque Nation 👌 | Andheri West📍| Veg And Non Veg Buffet Full Paisa Vasool😱,Sana Vlogs 786,3095,31,2025-11-16T14:01:47.000Z,0:07:49,video,https://www.youtube.com/watch?v=y9yPhm8GjKU,4
"🔥₹799 UNLIMITED Buffet with Live Grill Barbeque Nation,Vile Parle East#food#viral #trending #foryou",Bharat Marathi Life,4692,195,2026-01-07T03:50:00.000Z,0:08:35,video,https://www.youtube.com/watch?v=M29Nk9xXbLc,55
Unlimited Nonveg +Veg 60+ veraity ₹516 only | Barbeque Nation Letest offer 😍😍,Amir ansari vlogs ,9713,185,2026-01-17T15:14:19.000Z,0:29:49,video,https://www.youtube.com/watch?v=ib_VfjwDgtM,41
Barbecue Nation Unlimited Buffet🔥| Veg And Nonveg | BBQ Nation Siliguri | MountainGirl Subarna |,MountainGirl Subarna,4669,95,2025-07-13T05:07:11.000Z,0:16:32,video,https://www.youtube.com/watch?v=H9Qo33SaXps,13
BARBEQUE NATION SODEPUR II UNLIMITED BUFFET IN KOLKATA,BENGAL DIARIES WITH MANOJIT,5079,29,2025-03-25T06:25:22.000Z,0:04:46,video,https://www.youtube.com/watch?v=DwkEN-EvmeQ,14
Barbeque Nation Unlimited Buffet in just 599₹ || Unlimited food & kebab ||,MOinsideHIT,2529254,47000,2019-08-23T10:51:20.000Z,0:10:29,video,https://www.youtube.com/watch?v=zgvk0ZwJF5E,1493
Barbeque Nation Unlimited Buffet in just ₹599 Offer | Unlimited Buffet Barbeque Nation | Unlimited,Foodie Rajat,417233,2100,2023-07-16T11:16:48.000Z,0:23:36,video,https://www.youtube.com/watch?v=kW4eiDUXTwU,192
Part-1 Unlimited Buffet Dinner at Barbeque Nation🎉Celebrating My Birthday 23🎂🎉🎈Acropolis Mall 🍾,Kolkata Feature Aviips,326,7,2023-05-02T17:12:22.000Z,0:09:54,video,https://www.youtube.com/watch?v=NU6mSkyLV3I,4
Ep:-1 Best unlimited veg & Nonveg buffet in patna,Kabir Raj Vlogs,119,4,2026-07-22T12:30:25.000Z,0:14:44,video,https://www.youtube.com/watch?v=qA68sqzK-go,2
I ATE EVERYTHING! 🍗 Barbeque Nation Unlimited Food Under ₹500 | Best Unlimited Buffet in Guwahati,Explorer Sourav,3380,41,2026-01-19T13:31:38.000Z,0:13:52,video,https://www.youtube.com/watch?v=VjoNIIsHPec,18
UNLIMITED BBQ BUFFET || BARBEQUE NATION || #BBQ || Guntur Buffet || UNLIMITED BUFFET IN GUNTUR,Kiran Connects,5252,0,2026-06-14T10:12:18.000Z,0:04:48,video,https://www.youtube.com/watch?v=2n1A2cov1JA,0
Barbeque Nation honest review | Unlimited Veg & NonVeg Buffet Restaurant | Barbeque Nation Prayagraj,Zaikaa Khaas Hai,12021,128,2023-09-20T13:28:47.000Z,0:04:12,video,https://www.youtube.com/watch?v=7bYZ8rr9kTg,13
Barbeque Nation Howrah Maidan | Best Pocket-Friendly buffet | BBQ Nation Kolkata | InCanvas,InCanvas,6085,53,2025-10-19T10:30:46.000Z,0:03:33,video,https://www.youtube.com/watch?v=HjHOXMB_tqw,13
Barbeque Nation Sodepur !! Unlimited buffet @barbeque nation sodepur kolkata!!,Ghumakkad Family,543,2,2026-01-12T10:15:13.000Z,0:08:36,video,https://www.youtube.com/watch?v=rtUKxBKFlbw,2
UNLIMITED Sizzlers & Buffet at Barbeque Nation! 🔥 Sizzler Fest Review 🍗,adinexgen vlog,1818,30,2026-01-30T13:30:06.000Z,0:13:36,video,https://www.youtube.com/watch?v=DX52_gLDdn0,10
Barbeque Nation Buffet ! Unlimited Lunch Dinner in Delhi ! Unlimited Food in Delhi Indian Food Vlogs,Chatora Point,101114,2500,2022-06-09T12:30:16.000Z,0:14:47,video,https://www.youtube.com/watch?v=WAa83TVNZ7g,135
Barbeque Nation Unlimited Buffet | Best Barbeque Restaurant in India,Tanay Singh,124314,1500,2021-06-25T12:30:07.000Z,0:22:24,video,https://www.youtube.com/watch?v=EIO98gJIDiA,112
120+ Dishes UNLIMITED Buffet 😱 BBQ Nation Dubai Full Experience | Worth It?,Kash butt food vlogs ,180,0,2026-04-25T14:01:23.000Z,0:09:47,video,https://www.youtube.com/watch?v=ts4Do64wxp8,10
Lakemall Barbeque nation unlimited buffet at just Rs 799/-😋#bbq #barbequenation #review #anniversary,Nirkabya-নীড়কাব্য🏡,85,0,2026-07-21T06:16:03.000Z,0:04:58,video,https://www.youtube.com/watch?v=Fw1q90jMPLk,2
"Barbeque Nation,Unlimited Buffet lunch-Dinner in Bhopal,worth or not! #bhopal #bbq #unlimitedfood",It's Easy Official,21621,220,2023-06-06T05:30:00.000Z,0:22:49,video,https://www.youtube.com/watch?v=a4tUixImzhU,29
399 Unlimited Buffet || Barbeque Nation Aliganj Lucknow || Food Review ||Influencer @queen_aafreen07,Aafreen Khan,169,3,2026-05-10T02:18:27.000Z,0:13:50,video,https://www.youtube.com/watch?v=ivgBzfKvnLI,0
Barbeque Nation Buffet at Just ₹449😮 | Best Buffet in Delhi under 500 | Unlimited Food in Delhi,Simran Chawla Vlogs,57243,493,2024-10-18T15:30:12.000Z,0:07:52,video,https://www.youtube.com/watch?v=ShRCdo2e8cg,89
Barbeque Nation Buffet Kolkata 2021 | UNLIMITED BUFFET at ₹699 | Best Buffet After Lockdown,Eat Like A Bong,148800,6600,2021-07-15T12:15:00.000Z,0:16:15,video,https://www.youtube.com/watch?v=O2C8iD3Hdgg,386
Buffet Rs399 At Barbeque Nation#barbequenation Unlimited Buffet Just ₹399 at Barbeque Nation,Amir ansari vlogs ,6284,144,2026-03-25T10:09:58.000Z,0:19:55,video,https://www.youtube.com/watch?v=QcVdWNs-csA,44
₹399 Barbeque Nation Unlimited Buffet | Unlimited Food In Barbeque Nation 🍢🍖🔥,Vicky kee,1164,10,2025-12-27T05:11:38.000Z,0:10:35,video,https://www.youtube.com/watch?v=A6KCVKiv0Iw,5
Barbecue nation jamshedpur || Barbecue nation unlimited buffet || unlimited buffet offer,Glitter Ayesha’s vlogs,332,16,2025-12-26T12:58:00.000Z,0:12:30,video,https://www.youtube.com/watch?v=toq3XZ9p-zI,9
Barbeque Nation Unlimited Buffet | Muscat- Oman Avenues Mall | Best Buffet in Muscat | iqra.diaries,iqra.diaries,3035,20,2023-09-03T19:18:56.000Z,0:08:07,video,https://www.youtube.com/watch?v=KvtlUU65dQ4,4
Barbeque Nation Unlimited Buffet 😱 | PRICE KITNA ? सच जान लो,Fit Hit Foodie,881,37,2026-01-23T13:48:15.000Z,0:08:42,video,https://www.youtube.com/watch?v=lb9HBuju4hw,6
Barbeque Nation Vijayawada // Unlimited Buffet #teluguvlogs,Deepu Telugu Vlogs,29696,401,2022-03-06T06:51:09.000Z,0:08:44,video,https://www.youtube.com/watch?v=M6q8BPJa59M,28
Barbeque Nation Unlimited Buffet in T-Nagar | BBQ Nation,HA's World,3513,31,2021-08-21T12:38:05.000Z,0:06:40,video,https://www.youtube.com/watch?v=T0xs3zZUXDQ,5
First experience in an Unlimited buffet | Barbecue Nation manipal Vlog | ಎಷ್ಟು ಬೇಕಾದ್ರೂ ತಿನ್ಬೋದು,KarMassBoss,1397,49,2025-10-26T02:31:45.000Z,0:08:31,video,https://www.youtube.com/watch?v=Apa7fZa7sZ4,20
Unlimited Buffet In Lucknow | Barbeque Nation | Lucknow @kavitakaparwan,Kavita Kaparwan,32083,421,2025-10-31T12:55:54.000Z,0:13:43,video,https://www.youtube.com/watch?v=F6kzlfxVbuw,46
BBQ Nation Unlimited Buffet 🍗🔥 | Veg & Non-Veg Heaven,Women from Kitchen,136,1,2026-01-26T07:30:23.000Z,0:05:10,video,https://www.youtube.com/watch?v=iFAqGWV_mUg,1
Barbeque Nation | Best Buffet In Delhi | Indian Buffet Restaurant | Unlimited Food Buffet,Cheesy_me24,10640,76,2026-05-17T14:44:03.000Z,0:04:54,video,https://www.youtube.com/watch?v=pyXV-TeJxLg,19
Xpress Buffet| Barbecue Nation| Unlimited food| @399| Manipal| Xpress Lunch| 35+ items,GURME STUDIOS ,8869,114,2024-07-28T16:01:56.000Z,0:18:25,video,https://www.youtube.com/watch?v=fBqm1dMXyZk,5
"Barbeque Nation Unlimited Buffet | Full Buffet Review, Menu, Is It Worth It? | Best Unlimited Buf...",TravelWithRathodFamily,106,1,2026-07-20T14:46:15.000Z,0:05:35,video,https://www.youtube.com/watch?v=OaTvNvCPPBQ,0
Barbeque Nation CBD Belapur | Navi Mumbai Barbeque Nation | Unlimited Buffet Barbeque Nation,Reallife mandyparkar,7524,0,2023-07-22T15:33:38.000Z,0:18:37,video,https://www.youtube.com/watch?v=dBrGuG7xnFo,22
Barbecue Nation  Jubail Saudi Arabia Vlog ~ New Restaurant in Jubail must visit ✅ unlimited buffet🍽️,Garvihanas Mom,603,0,2026-01-29T03:00:36.000Z,0:07:21,video,https://www.youtube.com/watch?v=Co__fVWc-3Q,4
Barbeque Nation Bahrain - Details and Review | Malayalam,Nomadic JB,898,23,2023-09-02T14:42:27.000Z,0:03:23,video,https://www.youtube.com/watch?v=N7BBOcMHBxo,16
Unlimited food | Barbeque Nation | 2026 | Food Review | Full Buffet,Tanuj Sharma,778,16,2026-03-19T06:30:06.000Z,0:02:46,video,https://www.youtube.com/watch?v=p4-j2AlcQT4,10
Barbeque Nation वाले झाले हैरान 😱| Barbeque Nation | Raj Bhoir 8748,Raj Bhoir ,70712,891,2023-07-09T04:35:00.000Z,0:16:47,video,https://www.youtube.com/watch?v=6oQYj3QLY4E,167
🔥 Barbeque Nation-Nerul | Unlimited Buffet 🔥 बार्बेक्यू नेशन- नेरुल |अनलिमिटेड बुफे 🍢,Deepak Bist Vlogs,3198,46,2025-12-22T18:26:36.000Z,0:09:29,video,https://www.youtube.com/watch?v=uMkvzUY-S3U,25
"INDIA""s Number One Grill Buffet BARBEQUE NATION | UNLIMITED BUFFET! | RESTAURANT REVIEW!",Pam Ko Fit Foodie,1870,29,2020-08-29T09:17:53.000Z,0:22:57,video,https://www.youtube.com/watch?v=5-ELSBgw4NE,14
"Barbeque Nation Buffet Review 🍖 | Good Starters, Average Main Course #food #viral #buffet #unlimited",The Foodie Shammy,841,19,2026-01-31T14:35:35.000Z,0:19:16,video,https://www.youtube.com/watch?v=JNTw_WN0L_M,6
Barbeque Nation (Andheri East) - The Food Review,Deepesh,1209,8,2019-03-03T06:00:31.000Z,0:02:36,video,https://www.youtube.com/watch?v=ROf1opWs688,1
Trying Unlimited Buffet In Barbeque Nation At Just 599| Honest Review |,Crafter Parul,400,18,2026-01-30T00:30:06.000Z,0:04:04,video,https://www.youtube.com/watch?v=6ET4kD0MGGs,0
Barbeque Nation Review | Dubai,"Heart, Home And Travel",6424,0,2024-09-22T19:39:38.000Z,0:15:52,video,https://www.youtube.com/watch?v=LmMQDeRZbNs,2
Birthday Celebration at Barbeque Nation | Restaurant Review | Barbeque Nation Al Barsha,"Heart, Home And Travel",2379,222,2020-11-21T07:52:29.000Z,0:29:39,video,https://www.youtube.com/watch?v=Aco7_nAcKuk,6
आज पण होईल राडा 🔥 | Barbeque Nation | Unlimited Buffet 😋,Raj Bhoir ,90064,1000,2024-05-01T04:35:00.000Z,0:20:19,video,https://www.youtube.com/watch?v=_Iq07YRQdtI,154
Barbeque Nation Box Non Veg I Honest Review Barbeque Nation Buffet Home Delivery I #barbequenation,Neetu Singh,201,6,2022-01-26T13:45:58.000Z,0:05:51,video,https://www.youtube.com/watch?v=eeTnTSS6so4,1
India’s Cheapest Barbeque Nation Buffet? ₹399 Big Buffet Full Review,GURME STUDIOS ,1018,19,2026-01-09T08:33:06.000Z,0:11:46,video,https://www.youtube.com/watch?v=UdbDxbcnuKw,3
Buffet at Barbeque Nation Honest Review| Unlimited Buffet |Worth the price? |Unlimted food in UAE,LakVin DXB,251,17,2023-05-26T12:22:38.000Z,0:06:53,video,https://www.youtube.com/watch?v=2YVFqQCZCcU,6
Honest Review of Barbeque Nation Buffet Home Delivery || Special UnBoxing || Barbeque in a Box,cravingsandcalories vlogs,559996,25000,2020-11-04T12:17:53.000Z,0:12:50,video,https://www.youtube.com/watch?v=6q0JAsBzgIw,617
₹599 में unlimited food 😱 at Barbeque Nation  | Full Menu Review veg non veg | unlimited mutton,TRAVEL WITH BABA ,5163,96,2026-07-10T16:24:39.000Z,0:29:58,video,https://www.youtube.com/watch?v=HlV24lzigtI,57
Barbeque Nation Veg Biryani home delivery review | Swiggy Delivery,Sonu Singh,1243,17,2022-01-24T12:13:49.000Z,0:04:05,video,https://www.youtube.com/watch?v=VfjuymS0rZk,4
Barbeque Nation Unlimited Buffet 🔥 | Full Food Review in Telugu || GNK_0526 || Telugu review,GNK ,139,23,2026-01-25T07:21:12.000Z,0:06:13,video,https://www.youtube.com/watch?v=jUYW6v9fEuA,6
Barbeque Nation 2026 Review: Is the Unlimited Buffet Still Worth It?,TravelWithRohith,223,18,2026-03-09T13:30:01.000Z,0:23:21,video,https://www.youtube.com/watch?v=-k23GnEg82w,4
BARBEQUE NATION VLOG/REVIEW.,D G VLOGS,9,1,2024-11-22T12:39:43.000Z,0:01:01,video,https://www.youtube.com/watch?v=Hsg9V6WLoHs,0
Honest Barbeque Nation Review | BBQ Buffet Home Delivery @576/-,Manisha Bathula,298,15,2021-01-29T14:45:00.000Z,0:03:16,video,https://www.youtube.com/watch?v=Dco7DgJWpf0,0
Barbeque Nation Paneer Butter Masala Review | BBQ | Paneer Butter Masala | Unboxing,Curious Foodie,1571,12,2021-07-26T11:37:54.000Z,0:01:52,video,https://www.youtube.com/watch?v=VrnWzydJ1UY,1
barbeque Nation review/  unlimited veg &non veg  food /lucky boy info,lucky boy info,231,24,2021-03-22T05:42:09.000Z,0:07:57,video,https://www.youtube.com/watch?v=ZGA0gAOCORs,2
Barbeque Nation ‘Barbeque in a Box’ Veg Review | Barbeque Nation Box📦 Worth It? Buffet Box in Rs 899,Kavita's Creativity,414,14,2022-05-13T03:30:15.000Z,0:12:44,video,https://www.youtube.com/watch?v=1SJnA1zkEA0,8
"Restaurant review, our visit to barbeque nation dubai",Kidgamer,9467,27,2017-05-13T07:04:40.000Z,0:01:41,video,https://www.youtube.com/watch?v=o_zMkBLXu9Y,2
BARBEQUE NATION RESTAURANT REVIEW IN TAMIL|Dubai karama|2020|vm cooking&vlogs,VM Thasleema parvin,3022,54,2020-11-14T06:16:19.000Z,0:03:07,video,https://www.youtube.com/watch?v=epchVOr37jE,47
"Barbeque Nation (Review Vlog) - How is the Ambience, Experience, & Gesture",Kush and Shalu,1190,0,2022-05-20T16:17:59.000Z,0:11:27,video,https://www.youtube.com/watch?v=q_ipqRBZnRM,15
Unlimited Veg Non-Veg Food 😍|| Barbeque Nation Chandigarh ||Totally Paisa Vasool #141,CRUISE WITH MAHIMA,13600,127,2024-01-09T12:09:34.000Z,0:18:32,video,https://www.youtube.com/watch?v=rZm5Wm4XUhE,50
Barbeque Nation Bussy Street Pondichery | buffet | Unlimited Barbeques Food | BBQ | Voice of Vinu,Vinulagam,15445,121,2022-11-10T17:21:10.000Z,0:05:21,video,https://www.youtube.com/watch?v=WKxh4uujAwk,11
"📍BARBEQUENATION😍 DN Regalia, Bhubaneswar ll Unlimited Buffet ll Honest Review ll New Updates ll",P Pritisa ,8263,82,2025-05-24T17:35:14.000Z,0:08:57,video,https://www.youtube.com/watch?v=65eu8-sJ_BM,13
Barbeque Nation details // Amount? Timings? Complete review in telugu,Bharathi world Telugu channel,5767,67,2019-08-31T03:29:36.000Z,0:03:30,video,https://www.youtube.com/watch?v=FvuhDUn9jZk,16
Barbeque Nation | Unlimited Buffet for Rs 800 in Bengaluru | Kannada food review | Unbox Karnataka,Unbox Karnataka,332913,6700,2019-12-20T12:30:02.000Z,0:27:04,video,https://www.youtube.com/watch?v=d-pn1LOu7uc,369
Barbeque Nation Andheri (E) Mumbai Review,Chef Anish Deshmukh,2151,8,2017-06-09T11:16:41.000Z,0:01:08,video,https://www.youtube.com/watch?v=PXbSJCsj6fk,3
Barbeque nation Greater Noida Omaxe mall WOW review #barbeque #barbequerecipe #barbequeparty,Kavita Talk Vlogs,3340,0,2024-05-01T12:14:50.000Z,0:08:18,video,https://www.youtube.com/watch?v=xJaTsXKzPm4,3
TRICHY BARBEQUE NATION  / BARBEQUE NATION TRICHY / TRICHY BBQ NATION REVIEW / TRICHY FOOD REVIEW,Siblings Vlogs Tamil,18174,0,2021-07-18T05:30:01.000Z,0:09:37,video,https://www.youtube.com/watch?v=ELThO7-epsk,67
The Shocking Downfall of Barbeque Nation 😱 BBQN Business Case Study | Sahil Verma,Live Hindi Facts,2578560,22000,2025-05-22T14:22:03.000Z,0:16:08,video,https://www.youtube.com/watch?v=pVcswiwXQ4E,1359
Barbeque Nation ₹ 399 Unlimited Buffet | Unlimited Buffet |Mumbai Unlimited Food Places |  Family |,amrutsagar,3862,20,2026-03-10T05:29:07.000Z,0:06:54,video,https://www.youtube.com/watch?v=8iKdGRowH2Y,10
Unlimited Buffet at Barbeque Nation only @₹399||Mumbai Unlimited Buffet at BBQ||#barbeque #buffet,Anaf Khan Vlogs,13042,225,2024-09-25T08:15:11.000Z,0:13:11,video,https://www.youtube.com/watch?v=rpXWLqnNUY4,52
Barbeque Nation - Mumbai - Virar ||,PARMESH SUMAN PRISHA VLOGS,1251,25,2022-08-26T04:57:48.000Z,0:15:01,video,https://www.youtube.com/watch?v=zVN5XEQjqlk,3
Barbeque Nation Unlimited Buffet in just 499 Worli Atria Mall | 🤣Fake Birthday Celebration #barbeque,Ayesha Moin Vlogs,8704,0,2024-06-24T08:15:02.000Z,0:15:08,video,https://www.youtube.com/watch?v=Ls5VWz5rwG4,20
"चिकन तंदुरी,कोळंबी,मटण,मासे फक्त 699/- | Vlog No.288 #fish #seafood #chicken #tandoori #sweetfamily",sweet family 84,115747,1800,2026-07-03T11:22:14.000Z,0:25:46,video,https://www.youtube.com/watch?v=mlqi-EIipaA,131
Barbeque Nation ! Unlimited Non Veg and Veg Food at 999 ONLY ! Mumbai 2018 ! My Experience,FSCI VLOGS,29179,231,2018-07-23T19:53:19.000Z,0:10:26,video,https://www.youtube.com/watch?v=ayWYL3wX-nU,64
Barbeque Nation Worli Mumbai#barbequenation#lunch#sid99 #worliprabhadevi #foodshorts#viralvideo,HAPPY SK 78 😊🧿,21,0,2026-05-09T08:12:16.000Z,0:04:15,video,https://www.youtube.com/watch?v=jGvofcSY2gw,0
BARBEQUE NATION WORLI ATRIA MALL | WORLI | MUMBAI | AnshulSharmaVlogs,Anshul Sharma Vlogs,5827,69,2017-10-08T06:14:30.000Z,0:01:38,video,https://www.youtube.com/watch?v=ZDXdyKlIX_Y,7
Unlimited BBQ at Barbeque Nation 😍 1000 Subscribers Celebration Vlog  @sassyShristi,sassyShristi,1903,18,2026-03-04T10:46:30.000Z,0:09:05,video,https://www.youtube.com/watch?v=W9hIOcjRyOI,25
"Barbeque Nation,Nerul offers Jhakaas Buffet at just Rs.599...!",Akshay's Cuisine Diary.....!,259,17,2026-02-22T17:18:55.000Z,0:09:48,video,https://www.youtube.com/watch?v=zz7xE0_hXSY,11
"Unlimited Food At Rs 599 😱Barbeque Nation ( Veg ,Non Veg ,Sea Food )",Zoya Memon,730,6,2025-12-27T07:38:50.000Z,0:02:02,video,https://www.youtube.com/watch?v=tOGvQ5wXK-I,6
"Barbeque Nation, Virar Mumbai. Unlimited buffet @ 599. #barbeque #unlimited food",Ramssenthil vlogs,351,11,2021-06-12T16:48:59.000Z,0:04:27,video,https://www.youtube.com/watch?v=vpcKGYJbiW4,4
"Barbeque Nation - Worli, Mumbai | Unlimited Non Veg and Veg | BUFFET! - Trailer",Travel For Food,292,5,2017-12-31T18:27:06.000Z,0:00:37,video,https://www.youtube.com/watch?v=xPF2rVWYLfo,1
"Barbeque Nation Buffet,Mumbai-Unlimited Food at | Growels 101 Mall Kandivali | Enjoy With Family",MetbyChance Vlogs,828,10,2023-02-09T02:30:01.000Z,0:08:32,video,https://www.youtube.com/watch?v=1tT61XHvWVs,6
BBQ Nation Nerul |  is it really worth??,Passionate Foodie,7497,78,2020-02-04T15:31:09.000Z,0:07:14,video,https://www.youtube.com/watch?v=9ZTQ5CDLdwQ,28
Barbeque Nation Mumbai - Unlimited veg and non veg buffet,Beauty By Benifer,4648,51,2019-02-17T12:17:16.000Z,0:03:20,video,https://www.youtube.com/watch?v=BNwZsKWhKSc,6
Barbeque Nation Vlog || Virar,Rojaan Vlogs,761,30,2022-08-13T14:24:54.000Z,0:13:42,video,https://www.youtube.com/watch?v=5O4Dj88jUjA,7
"Barbeque Nation Vashi ,Navi Mumbai",CAVALIER VOYAGE (Siddique salam),279,4,2021-10-06T15:28:11.000Z,0:03:38,video,https://www.youtube.com/watch?v=hIWg1LfefIc,1
BARBEQUE NATION/BBQ Nation जाने से पहले ज़रूर जान लें ये बातें/BBQ unlimited Buffet/Shresth Kitchen,Shresth Kitchen,396,18,2022-12-11T13:46:09.000Z,0:12:30,video,https://www.youtube.com/watch?v=XbDQCTOrvGM,2
Barbeque Nation Buffet at ₹699 🤯 70+ items 🔥 BBQ Nation Buffet 2023 | Best Buffet in Mumbai,Hiteshri Jani,1301,29,2023-07-09T06:15:01.000Z,0:09:24,video,https://www.youtube.com/watch?v=hgVA0Pi6x9g,5
Barbeque Nation Unlimited buffet | Veg -Non veg | Virar West | Unlimited prawns kababs chicken,Naaz Sultan,655,14,2022-08-25T06:53:22.000Z,0:04:55,video,https://www.youtube.com/watch?v=G5OZhes7Z9s,3
Top 3 Buffets in Chennai T. Nagar 🍽️ | Chennai-ன் Top 3 Buffets! | NOS | Not Sponsored 💯,namma ooru sappadu,94675,0,2025-07-24T10:03:43.000Z,0:07:15,video,https://www.youtube.com/watch?v=Wu2WW0iP25E,51
Best Buffet in Chennai | Barbeque Nation ₹ 699 only Unlimited Barbecues 🍽🍗,Murugan Sago,10126,41,2024-07-02T14:34:46.000Z,0:04:11,video,https://www.youtube.com/watch?v=oP9GM_f9nWo,1
Barbeque Nation Madurai🤩❤️ | Buffet🍛🥩 | Doctor Couple👩‍❤️‍💋‍👨 @doctor_vault #barbequenation #fyp,Doctor vault,3024,40,2026-04-26T03:00:30.000Z,0:10:51,video,https://www.youtube.com/watch?v=JQe7eH_p27k,11
🔥Unlimited Barbeque & Unlimited Fun at BARBEQUE NATION-Live Grill On Table Experience🔥Too much fun,Meenakshi Tandon Vlogs ,13377,0,2026-04-08T10:30:25.000Z,0:04:43,video,https://www.youtube.com/watch?v=exQA8c8wwkc,14
Coal Barbecue - Chennai Buffet,Irfan's view,1989882,31000,2018-09-21T12:00:10.000Z,0:25:53,video,https://www.youtube.com/watch?v=7Iz8AxdK0BI,1258
"Barbeque Nation All Buffet Food || Porur, Chennai || Siva Prasad",Siva Prasad,735,5,2026-05-11T11:13:26.000Z,0:02:01,video,https://www.youtube.com/watch?v=OJdkS5LcCFM,0
Barbeque Nation Marina Mall ✨ Food Review  #review #buffet #barbeque,Vishnu with Shalu,1609,19,2025-02-22T04:30:15.000Z,0:08:17,video,https://www.youtube.com/watch?v=Pc1UUN1XnO8,5
சென்னையில் ஓர் உணவு சொர்கம் - barbeque nation - A food paradise,Chettinad cooking recipes,55022,492,2019-07-19T11:30:00.000Z,0:05:58,video,https://www.youtube.com/watch?v=Id457vR5nIs,54
Unlimited veg and nonveg buffet rs.849 @ chrompet barbeque nation..,Kalish Kitchen,1881,12,2021-10-04T20:22:10.000Z,0:07:18,video,https://www.youtube.com/watch?v=ViHHFJBsf10,5
Non-Stop Grills & Desserts 🍗🍰 | Family Fun @ Barbeque Nation 🔥,Varshuvum Naanum,698,12,2026-04-11T11:30:46.000Z,0:15:09,video,https://www.youtube.com/watch?v=uwyZtsTj9Vw,4
Barbeque Nation - Velachery,Barbeque Nation,7220,13,2015-11-24T05:28:44.000Z,0:00:22,video,https://www.youtube.com/watch?v=zO0M7OIa92o,2
✨Barbecue Nation😋 Grand Mall Velachery Chennai💥🔥#barbecuenation #barbecue #buffet,Nacho - The Cute Labrador,6724,33,2023-03-26T13:17:41.000Z,0:07:08,video,https://www.youtube.com/watch?v=7ypyGG8sPLk,7
"Barbeqnation - Nungambakkam, Chennai, Tamil Nadu, India | 4K Video",Places to See,449,6,2020-06-28T02:45:23.000Z,0:03:05,video,https://www.youtube.com/watch?v=JsCUQxBLS-c,0
Barbeque Nation coming soon at Ampa mall(Chennai),Barbeque Nation,549,4,2019-11-07T11:45:36.000Z,0:00:14,video,https://www.youtube.com/watch?v=ZDnZ9fJC3vE,0
FOOD Paradise -BARBEQUE NATION chennai | PART-2 | - barbeque nation chennai t nagar - chennai food,Chettinad cooking recipes,6512,61,2019-07-26T12:38:48.000Z,0:05:35,video,https://www.youtube.com/watch?v=DWO0e7d-lDc,6
Barbeque Nation Chennai | Voice of Vinu | Chennai Series Ep #4,Vinulagam,73,3,2021-09-12T07:31:04.000Z,0:03:40,video,https://www.youtube.com/watch?v=ztmqKwZVOwk,1
Best Restaurant to Eat - BBQ BARBEQUE NATION With Live chat items ( T.Nagar Bazulla Road ) Chennai,Gem Krafty,127,10,2020-02-23T17:27:20.000Z,0:04:12,video,https://www.youtube.com/watch?v=3RSPB6X5ulU,2
"Barbeque Nation - KNK Road, Chennai",Barbeque Nation,2339,6,2016-01-18T05:04:42.000Z,0:00:17,video,https://www.youtube.com/watch?v=VXCdH6kPZJM,0
"BARBEQUE NATION OPENS ITS OUTLET IN PORUR
Chennai.",NEWS360d,391,9,2018-12-03T14:22:56.000Z,0:08:43,video,https://www.youtube.com/watch?v=Jr83aZCKJMQ,0
"Barbeque Nation - Chennai - OMR (4 VEG & NON-VEG Starters,Main Course,Desserts,KULFI)",G V Balajee,844,15,2019-07-27T11:57:24.000Z,0:08:16,video,https://www.youtube.com/watch?v=0HqiFHxS-z0,2
"Barbeque Nation -  Unlimited Buffet @ 699 | Kebab, Grills & unlimited Staters | First Outlet Chennai",En Ruchii,636,17,2021-08-11T14:30:46.000Z,0:04:22,video,https://www.youtube.com/watch?v=mpI9a66MXtw,8
Barbeque Nation - Unlimited Non Veg & Veg | Unlimited Barbeque 🍢🔥 Nation in Chennai - Velachery,Appa Veetu Samayal,1788,22,2020-02-26T10:33:26.000Z,0:05:51,video,https://www.youtube.com/watch?v=ItGxzJthykE,8
Barbeque Nation buffet / Barbeque in a box / Chennai Barbeque / barbeque in a box non veg,Day in my life,260,12,2021-01-22T19:15:43.000Z,0:03:55,video,https://www.youtube.com/watch?v=HPmJKElMz9A,0
"✅Buffet Mukbang ft. Barbeque Nation (Chennai,  India)",Ate Mia's World,593,20,2019-04-25T11:30:26.000Z,0:07:52,video,https://www.youtube.com/watch?v=Cd_AqweGcgM,17
"BARBEQUE NATION, BARBEQUE NATION @ PORUR CHENNAI",chennaicitynews Pesumcinema,3921,10,2018-12-04T05:02:02.000Z,0:05:51,video,https://www.youtube.com/watch?v=Llo1LkIzHLY,0
Barbeque Nation |Chennai restaurant |First vlog|porur barbeque nation🍢🍖🔥|Birthday celebration🎉🎊,Sani kelama,2134,68,2021-03-13T06:18:39.000Z,0:16:14,video,https://www.youtube.com/watch?v=7u4WptohkWs,4
Barbeque Nation 👌 || Unlimited food & kebab || Chennail || vadapallani,ICONIC Creations,876,28,2022-07-26T12:33:00.000Z,0:03:52,video,https://www.youtube.com/watch?v=GnlScghfGsE,4
Barbeque Nation | Unlimited BBQ buffet with live grills | Marathahalli Bangalore,QA Star Vlogs,2797,34,2024-12-22T02:30:06.000Z,0:06:47,video,https://www.youtube.com/watch?v=AgfXQAYxyQo,1
Barbeque Nation #RetroFest #CrazyFantasticEve,Bob The Wanderer,63,4,2018-07-23T19:14:45.000Z,0:07:43,video,https://www.youtube.com/watch?v=9YL5utIh8zY,0
BARBEQUE NATION Unlimited Buffet in Bangalore/Arena Mall/Food Review/Just in Rs.699/My experience.,Style Xplosion,10302,144,2021-09-12T13:28:48.000Z,0:09:14,video,https://www.youtube.com/watch?v=tkK2qrIG3Ns,20
"""Barbeque Nation"" - Bengaluru - Whitefield",Raam's Perception,5238,31,2022-08-05T14:50:19.000Z,0:03:47,video,https://www.youtube.com/watch?v=ccuOJWwYgn8,6
"Chennai, India BBQ Nation | South India Buffet | Tamil Nadu | Unlimited Buffet",It’s Murshelena,346,16,2023-03-11T11:12:08.000Z,0:05:10,video,https://www.youtube.com/watch?v=kXJN5_mAMrI,5
Biggest Foodie Contest Barbeque Nation T Nagar | TimesOfCinema TV,TalksOfCinema TV,391,4,2018-03-06T05:32:31.000Z,0:02:00,video,https://www.youtube.com/watch?v=bFLTwFirNTE,0
Barbeque Nation @ Tambaram sanatorium near Chrompet,Orange Candy Kitchen,5400,18,2018-08-19T13:06:58.000Z,0:00:27,video,https://www.youtube.com/watch?v=z-63W2ZxmYA,2
Barbeque Nation Nexus Mall Whitefield Bangalore | Unlimited BBQ Buffet Experience @suniltandon5545,Yatra Diaries,1724,0,2026-02-06T02:30:06.000Z,0:05:19,video,https://www.youtube.com/watch?v=E5ReocBBqIA,9
Today we had lunch in Barbecue Nation with just 777 RS|| @Bakaiiti,Bakaiiti,1439,7,2025-10-24T10:30:12.000Z,0:09:59,video,https://www.youtube.com/watch?v=KafO_IafkDs,1
"₹800 Non-Veg Buffet at Barbeque Nation Kalyan Nagar, Bangalore | It or Waste? #WorthIt#MoneyWorth",Nandhiverse01,245,6,2026-06-27T16:30:09.000Z,0:07:22,video,https://www.youtube.com/watch?v=1SlVM3aJzlk,1
Barbecue Nation Yelahanka Bangalore,The Real view ,939,14,2026-02-09T06:36:45.000Z,0:05:11,video,https://www.youtube.com/watch?v=hlrRRkFmItw,0
The Big Barbeque - Largest Buffet in ನಮ್ಮ ಬೆಂಗಳೂರು At Bannerghatta | BBQ Buffet | Unbox Karnataka,Unbox Karnataka,220456,3100,2023-08-18T09:30:07.000Z,0:25:04,video,https://www.youtube.com/watch?v=S9ih3GyyjvQ,93
Barbeque Nation - #1 buffet grill barbeque restaurant near you.,Barbeque Nation,6456,5,2019-08-08T09:20:59.000Z,0:00:25,video,https://www.youtube.com/watch?v=1tLvSBGSK4c,2
Barbeque Nation Unlimited buffet  | BBQ | food vlogs | Telugu vlogs | Bangalore,Mohan Seeks,861,38,2025-12-18T12:03:00.000Z,0:03:21,video,https://www.youtube.com/watch?v=dE_2qFAo-fU,14
Weekend Family ಜೊತೆ Outing ✨ Barbeque Nation Buffet + Mall of Asia Fun | Kannada Daily Vlog,vlogs with anusha,1175,36,2026-05-25T08:30:02.000Z,0:06:42,video,https://www.youtube.com/watch?v=K-t06U9Jz0I,12
😱 ₹900 Unlimited Buffet? Bangalore's Most Famous Black Pearl Barbeque Nation! 🍗🏴‍☠️#Barbeque Nation,mahemeghavlogs,300,13,2026-06-22T14:22:48.000Z,0:14:52,video,https://www.youtube.com/watch?v=v1iRCaiRdoI,2
Barbeque Nation at Worli Mumbai | unlimited food.,Cook With Care,120,3,2026-06-01T13:10:02.000Z,0:04:40,video,https://www.youtube.com/watch?v=XiFA_Qn686s,2
Can i Profit From Bbq Nation Unlimited Buffet??,The Indian Mukbanger,689070,16000,2026-07-20T07:40:23.000Z,0:18:56,video,https://www.youtube.com/watch?v=XKWUcdKF1eA,306
Barbeque Nation-Indira Nagar #bangalore#travel #food#restaurant#bengaluru,Luqman Wa Nuaman,242,6,2025-12-01T17:40:38.000Z,0:03:02,video,https://www.youtube.com/watch?v=iWfrlCJLmZE,1
Barbeque Nation unlimited buffet 2021 // 🤩 Surprise!!! // Barbeque in a box Detailed Video,Natasha Almeida ,331,17,2021-01-26T15:52:48.000Z,0:25:00,video,https://www.youtube.com/watch?v=YkPopnYZAcc,6
Barbecue Nation at Lido Mall in Bengaluru,Check It Out,5451,78,2020-01-02T12:30:07.000Z,0:02:43,video,https://www.youtube.com/watch?v=hvD0YgquP_g,21
UNLIMITED Veg & Nonveg Barbeque at Barbeque Nation | Bangalore foods,Thaja Street food,13920,242,2022-11-27T12:00:02.000Z,0:09:40,video,https://www.youtube.com/watch?v=0tR5iWi05l4,15
"BHARTIYA MALL, BANGLORE BBQ NATION",Jaffer Shaikh,113,4,2026-03-19T15:46:54.000Z,0:04:36,video,https://www.youtube.com/watch?v=s_oVlJ3Cegc,0
Barbeque Nation | Lido Mall | Bangalore,Tint & Travel,3047,50,2020-12-09T16:00:05.000Z,0:04:28,video,https://www.youtube.com/watch?v=JbsxDHONoVc,6
Barbeque Nation || 1 MG- Lido Mall || #food #foodlover #barbeque que #trending,Unboxing happiness,275,5,2023-01-12T13:01:19.000Z,0:01:57,video,https://www.youtube.com/watch?v=EMAu6RdWupQ,1
Barbeque nation unlimited buffet lunch dinner in just rps 799 | Bangalore,My Journeys,1206,41,2022-02-21T10:37:51.000Z,0:04:21,video,https://www.youtube.com/watch?v=cdd8iyaD9vg,40
Barbeque Nation Price | Menu of Barbeque Nation | Barbeque Nation Menu | Kalyan Nagar | Bangalore,Chetan Naidu vlogs,15143,121,2020-07-19T10:59:10.000Z,0:25:16,video,https://www.youtube.com/watch?v=PUIsIAT5iG4,22
"Birthday Celebration At Barbeque Nation,  Kanakapura Rd, Uttarahalli #birthdaycelebration  #barbeque",Our Diary,1031,4,2022-08-13T13:40:40.000Z,0:08:54,video,https://www.youtube.com/watch?v=8hzMKn59ZlU,1
"Barbeque Nation Restaurant || Yelahanka, Bangalore",pankaj payal,1849,16,2021-10-31T10:57:45.000Z,0:03:22,video,https://www.youtube.com/watch?v=-H8fHFK5e6E,0
barbeque nation Rajajinagar good service Dhiman thank you so much,Naveed MTS  ,76,2,2022-12-15T20:29:00.000Z,0:01:05,video,https://www.youtube.com/watch?v=PC0OnSGqXZc,0
Barbeque Nation Electronic City 1 Bangalore Karnataka.,Padmalochan Sahu,427,15,2023-09-02T15:01:29.000Z,0:01:43,video,https://www.youtube.com/watch?v=sYk5ofOaLa0,3
Barbeque Nation - #1 buffet grill barbeque restaurant near you. Exciting Offers on lunch dinner,Barbeque Nation,700,3,2019-05-24T06:27:54.000Z,0:00:07,video,https://www.youtube.com/watch?v=_DP81hGYJVc,0
Barbeque Nation Bangalore Unlimited Buffet | Veg & Non-Veg | When Engineer Student Visit BBQ,vlog with pinkz,3878,83,2020-12-23T06:16:39.000Z,0:05:52,video,https://www.youtube.com/watch?v=JTj6b1FNlp0,12
Upgraded BBQ BUFFET from Barbeque Nation with 70+ dishes !!!,Banana Leaf Unlimited,97172,1100,2025-10-14T06:30:02.000Z,0:15:51,video,https://www.youtube.com/watch?v=2_PyH1KD4oE,48
"BarbequeNation Jp Nagar vlog and full details like address, ambiance, price, taste ||Mrpasamsundeep",MrPasam Sundeep ,3812,52,2023-05-31T13:18:44.000Z,0:08:38,video,https://www.youtube.com/watch?v=vmdjS9tKHKA,6
Trying BBQ NATION Unlimited Buffet | Ep7 | Best Buffet Series,Aayush Sapra Daily,852117,24000,2025-08-27T13:30:43.000Z,0:15:45,video,https://www.youtube.com/watch?v=m9FL2WVoyUk,3147
Best Luxurious Food Buffet At BARBEQUE NATION | Unlimited Food | Unlimited Indian Street Food,Pettoo Singh,44892,659,2026-06-11T13:57:54.000Z,0:13:58,video,https://www.youtube.com/watch?v=eDPnKeFV7ZM,53
Barbeque Nation Unlimited Non-Veg Buffet Telugu 🤯 | Latest Offers & Honest Review,Vlogs by HCN,18766,0,2025-12-19T11:55:29.000Z,0:13:18,video,https://www.youtube.com/watch?v=byhz-BKf49Q,36
The End of Barbeque Nation? | BBQN Business Case Study,Ayussh Sanghi,234398,2600,2026-07-12T09:26:43.000Z,0:11:53,video,https://www.youtube.com/watch?v=EfNDXHSMHk0,234
Best Unlimited Buffet in Hyderabad?#unlimitedbuffet #unlimitedfood #foodvideo #barbequenation #food,Thintava Mava,21376,296,2026-07-09T13:09:22.000Z,0:25:17,video,https://www.youtube.com/watch?v=VLNYbgHWt6Q,50
₹800 Buffet !! | Is Barbeque Nation Buffet Worth | BBQ Nation Vlog | Bangalore,VEGGIE MAN,395,2,2023-01-11T12:20:35.000Z,0:04:15,video,https://www.youtube.com/watch?v=2nFRm8ACdv0,1
"Barbeque Nation Buffet @ Rs.490/- in Pacific Mall,Sector 21,Dwarka,Delhi || Coupon Code : GET150",Life is Awesome TV,5569,91,2026-07-20T10:47:11.000Z,0:11:09,video,https://www.youtube.com/watch?v=QVda0sMAERs,39
UNLIMITED BBQ BUFFET || BARBEQUE NATION || #BBQ || Guntur Buffet #foodiegirldiya,FoodieGirl Diya,39823,395,2023-10-12T12:58:07.000Z,0:11:09,video,https://www.youtube.com/watch?v=7Lu-3CnWBCo,40
"BBQ Nation: Food, Ambience, and Everything You Need to Know | Thelocalguide",Thelocalguide,187749,2000,2022-12-02T13:05:55.000Z,0:14:52,video,https://www.youtube.com/watch?v=M8Q8KOMj1Dg,108
Barbecue Nation Kolkata | Best Buffet Restaurant In Kolkata | Unlimited Buffet at BBQ Nation | Pujo,Icche Puron 💗,19820,162,2025-09-21T14:24:08.000Z,0:11:19,video,https://www.youtube.com/watch?v=gXlGbqg4HQM,41
EXPERIENCING BBQ NATION NON VEG UNLIMITED BUFFET WITH VIDEO EDITOR!!!,The Indian Mukbanger,560386,12000,2026-03-27T07:30:02.000Z,0:26:46,video,https://www.youtube.com/watch?v=3IWrUdSjyio,236
"Unlimited Dinner Buffet @ Rs.720/- in Barbeque Nation,Pacific Mall,Sector 21,Dwarka",Life is Awesome TV,4530,136,2026-07-09T05:09:19.000Z,0:10:43,video,https://www.youtube.com/watch?v=pjlJlVcMPZI,46
Experiencing BBQ Nation Unlimited Non Veg Buffet with @NeonMan,The Indian Mukbanger,747255,19000,2025-11-20T07:30:20.000Z,0:28:09,video,https://www.youtube.com/watch?v=JVLQNHcNwNE,393
A Little Bit of India in Kenya / First Barbeque Nation in Africa,Dave Mani,49478,1200,2024-05-15T16:00:00.000Z,0:13:30,video,https://www.youtube.com/watch?v=-mtO9cUsB3c,107
Barbeque Nation Unmaya worth ah? | Rating Unlimited Buffet Ep.1,Ingee Man,34363,347,2026-02-28T14:56:18.000Z,0:11:53,video,https://www.youtube.com/watch?v=rePbBn4SXfo,52
BARBEQUE NATION BUFFET in Mumbai w/ @GolgappaGirl | Includes Buffet Tips & Tricks,SugarSpiceNice India,746454,12000,2020-02-18T13:23:58.000Z,0:14:26,video,https://www.youtube.com/watch?v=bnu7HJnP2AA,578
Barbeque Nation Unlimited Buffet 🔥 | Best Buffet at ₹449 ❤️ | 35+ items | BBQ nation Chandannagar,Life Extraordinary,2456,27,2026-07-01T11:18:15.000Z,0:07:35,video,https://www.youtube.com/watch?v=-l9yRqF0j1g,10
Unlimited Food - Barbeque Nation 2026 Review – We Didn’t Expect THIS… 😳 Full Buffet & Final Bill!,Nomadic Monkies,19234,121,2026-02-17T05:59:50.000Z,0:31:32,video,https://www.youtube.com/watch?v=k8q6P7oirvE,17
Buffet at Barbeque Nation w/ @SugarSpiceNiceIndia + fun chit-chat sessions | Golgappa Girl,Golgappa Girl,805550,16000,2020-02-18T13:23:19.000Z,0:14:55,video,https://www.youtube.com/watch?v=5_g-CdBaGNE,477
Buffet में जाने से पहले जान लें ये TRICK | Unlimited Food at Barbeque Nation | Foodie Robin,Foodie Robin,769062,10000,2022-06-10T08:00:14.000Z,0:20:56,video,https://www.youtube.com/watch?v=NwIvWNOpH-s,731
UNLIMITED BBQ BUFFET | Absolute BBQ | #BBQ | Hyderabad Buffet,Street Byte,3241950,38000,2020-03-09T18:04:56.000Z,0:48:59,video,https://www.youtube.com/watch?v=yPWUp6mG4jA,1637
Barbeque Nation Unlimited Food | Barbeque Nation 2024 | BBQ Nation Connaught Place Delhi,Khane Jahan,18070,103,2024-07-19T05:08:19.000Z,0:08:45,video,https://www.youtube.com/watch?v=hCTCm6Wb6E4,28
Barbeque Nation Buffet Review 2026 | 108+ Unlimited Food Items | Full Experience  @AKRAMTOURVLOGS,Akram Tour Vlogs,613,20,2026-07-16T19:30:30.000Z,0:12:02,video,https://www.youtube.com/watch?v=Qf_hEht9_Ns,0
Barbeque Nation Chalein? #barbeque #minivlog #viral #food #ytshorts #shorts,Just Swaati,714,13,2026-07-22T14:19:27.000Z,0:00:21,shorts,https://www.youtube.com/shorts/AVs58bUPpr4,0
Barbeque nation raipur | | Magneto mall raipur | | unlimited chicken offer,Only Desi Londa,3405,67,2026-03-10T04:30:32.000Z,0:16:19,video,https://www.youtube.com/watch?v=gl2vR0XvXXg,19
Barbecue Nation || Lulu Mall Bangalore 🍗 #food #lunch #shorts,Reema's Vlog ,11582,132,2025-04-16T15:46:41.000Z,0:02:58,shorts,https://www.youtube.com/shorts/YYS_Njls26Y,5
"Barbeque Nation Surat : Unlimited Chicken , Mutton , Fish , Prawns , dessert , ice cream , Fruits",Tasty Street Food,135534,1900,2018-10-30T15:30:00.000Z,0:17:50,video,https://www.youtube.com/watch?v=nTmqDAGk_cg,105
