id,type,productType,shortCode,url,timestamp,caption,likesCount,commentsCount,videoViewCount,videoPlayCount,ownerUsername,ownerFullName,ownerId,locationName,isCommentsDisabled,isPinned,hashtags,mentions,processed_at
3.94538E+18,Image,feed,DbAzyMch1GF,https://www.instagram.com/p/DbAzyMch1GF/,2026-07-20T11:14:54.000Z,"Every great journey deserves an unlimited feast. 🔥

#odyssey #Nolan #Trending",70,7,,,barbequenation,Barbeque Nation,506635909,,FALSE,,"odyssey, Nolan, Trending",,26-07-2026 11:49
3.9452E+18,Video,clips,DbALoeRhjx3,https://www.instagram.com/p/DbALoeRhjx3/,2026-07-20T05:25:16.000Z,"The doors open today. 🌴

For the first time ever, the flavours of Southern India arrive at Barbeque Nation UAE with **Aromas of Southern India**—an exclusive chef takeover by Chef Kenneth Gopinath, the youngest contestant on MasterChef India.

From bold spices to timeless regional favourites, discover a menu that celebrates the richness of Southern India with a fresh perspective.

📍 Barbeque Nation, Al Barsha, Dubai
📅 Starting today | 20th–26th July, 2026
📞 +971 4 872 3613

Book your table and be among the first to experience it.

#BarbequeNation #BarbequeVibes #Dubai",122,15,,29894,barbequenation,Barbeque Nation,506635909,,FALSE,,"BarbequeNation, BarbequeVibes, Dubai",,26-07-2026 11:49
3.94602E+18,Video,clips,DbDFq8PhLJJ,https://www.instagram.com/p/DbDFq8PhLJJ/,2026-07-21T08:30:40.000Z,"When the rains arrive, so do the flavours we've all been craving.

From spicy Misal to comforting monsoon favourites from across India, Chef Sadik Mullani brings the season to your plate—one delicious bite at a time. ❤️🍲

📍 Barbeque Nation, Deccan Mall, Pune
📅 21st – 27th July 2026

Reserve your table now on the Barbeque Nation App or Website.
08069026720 for reservations!

#BarbequeNation #TasteOfMonsoon #Pune",188,9,,35114,barbequenation,Barbeque Nation,506635909,,FALSE,,"BarbequeNation, TasteOfMonsoon, Pune",,26-07-2026 11:49
3.94622E+18,Video,clips,DbDx_AbhDpl,https://www.instagram.com/p/DbDx_AbhDpl/,2026-07-21T14:57:50.000Z,"The best recipes aren't always the most famous, sometimes they're the ones waiting to be rediscovered. ✨

Join Chef Sherie Mehta for Saanjha, a celebration of Punjab's forgotten flavours, where every dish carries the warmth of home and the richness of tradition.

📍 Indiranagar, Bengaluru
🗓️ 22nd – 26th July, 2026

Tag your food partner and experience a menu that's been waiting to be remembered. ❤️

#Saanjha #BarbequeNation #ChefSherry",436,17,,38034,barbequenation,Barbeque Nation,506635909,,FALSE,,"Saanjha, BarbequeNation, ChefSherry",,26-07-2026 11:49
3.94539E+18,Image,feed,DbA2DvwhW5D,https://www.instagram.com/p/DbA2DvwhW5D/,2026-07-20T11:34:45.000Z,"And the winners are... 🎉

A big congratulations to our smile champions! 😄

Shoutout to:
✨ @piya_n_mom
✨ @tithimondal213
✨ @nandsinsta

Thank you to everyone who joined in and filled our comments with smiles. Your favourite emojis made our day a little brighter. ❤️

Winners, keep an eye on your DMs—we'll be reaching out soon! 📩

#BarbequeNation #SmilesAreEverywhere #ContestWinners",90,34,,,barbequenation,Barbeque Nation,506635909,,FALSE,,"BarbequeNation, SmilesAreEverywhere, ContestWinners","piya_n_mom, tithimondal213, nandsinsta",26-07-2026 11:49
3.94525E+18,Video,clips,DbAWrZ8hc8l,https://www.instagram.com/p/DbAWrZ8hc8l/,2026-07-20T07:02:41.000Z,"Suvai Yathirai isn't just a food festival—it's a journey across the rich flavours of the Deccan. 🌿

From forgotten family recipes to regional favourites, Dr. Chef Nithya Franklyn brings together the stories, spices, and soul of South India in one unforgettable culinary experience.

📍 Barbeque Nation, T Nagar, Chennai
📅 22nd–26th July, 2026

Come hungry. Leave with a taste of the Deccan you'll remember.

#BarbequeNation #BarbequeVibes #SuvaiYathirai #Chennai",150,28,,37203,barbequenation,Barbeque Nation,506635909,,FALSE,,"BarbequeNation, BarbequeVibes, SuvaiYathirai, Chennai",,26-07-2026 11:49
3.94047E+18,Video,clips,DavWOIwNqw4,https://www.instagram.com/p/DavWOIwNqw4/,2026-07-13T16:30:19.000Z,"This July, your city's serving more than just great food. 🔥
Limited-time chef-curated menus. Unlimited reasons to visit.

📍 Mumbai | Chef Aditya Sahu | 15–19 July
📍 Hyderabad | Chef Suraj Thapa | 20–26 July
📍 Bengaluru | Chef Sherie Mehtaa | 22–26 July
📍 Chennai | Chef Nithya Franklyn | 22–26 July

Which stop are you making first? 👀

Book your table on the Barbeque Nation App or website.

#BarbequeNation #BarbequeVibes #ChefTakeover",184,35,,40785,barbequenation,Barbeque Nation,506635909,,FALSE,TRUE,"BarbequeNation, BarbequeVibes, ChefTakeover",,26-07-2026 11:49
3.94522E+18,Video,clips,DbAPpJ2BASs,https://www.instagram.com/p/DbAPpJ2BASs/,2026-07-20T06:32:34.000Z,"This July, pull up a chair at The Royal Bengal Table, where Chef Suraj Thapa brings Bengal's forgotten culinary treasures back to life—one heirloom recipe at a time.

From royal kitchens to family heirlooms, every bite tells a story worth rediscovering.

📍 Barbeque Nation, Kukatpally, Hyderabad
📅 20th – 26th July, 2026
Reserve your table now on the Barbeque Nation App or Website.
08069026720 for reservations!

#BengaliCuisine #Hyderabad #BarbequeNation",239,24,,35745,barbequenation,Barbeque Nation,506635909,,FALSE,,"BengaliCuisine, Hyderabad, BarbequeNation",,26-07-2026 11:49
3.94332E+18,Sidecar,carousel_container,Da5eRffmN91,https://www.instagram.com/p/Da5eRffmN91/,2026-07-17T14:52:11.000Z,"#CONTESTALERT

Comment down the smiley you use the most in our comment section! 

*Bonus points if you tell us why! 

Results will be announced on
20th July 2026
5:00 PM IST

Winners will be selected through a random online raffle from all eligible entries.
Good luck, and may the best emoji win!

*T&C Apply 

#WorldEmojiDay #BarbequeNation #SmileAway #Emojis",873,2210,,,barbequenation,Barbeque Nation,506635909,,FALSE,,"CONTESTALERT, WorldEmojiDay, BarbequeNation, SmileAway, Emojis",,26-07-2026 11:49
3.94114E+18,Video,clips,DaxuYUIhvRv,https://www.instagram.com/p/DaxuYUIhvRv/,2026-07-14T14:40:05.000Z,"This July, discover The Nawab's Table with Chef Aditya Sahu—a limited-time culinary experience that reimagines Mughlai classics with a contemporary twist.

Expect bold flavours, rich aromas, and dishes crafted to celebrate the royal legacy of Mughlai cuisine.

📍 Barbeque Nation, Fun Republic, Lokhandwala, Mumbai
📅 15th – 19th July, 2026

Reserve your table now on the Barbeque Nation App or Website.
08069026720 for reservations!

#BarbequeNation #BarbequeVibes #Mumbai

Mumbai food festival | Mumbai chef pop up | Mughlai food Mumbai | Lokhandwala restaurants | Andheri West restaurants | Buffet in Mumbai | Unlimited buffet Mumbai",929,21,,77261,barbequenation,Barbeque Nation,506635909,,FALSE,,"BarbequeNation, BarbequeVibes, Mumbai",,26-07-2026 11:49
3.93241E+18,Video,clips,DaSu0xohGyt,https://www.instagram.com/p/DaSu0xohGyt/,2026-07-02T13:46:49.000Z,"Malai ki richness mein paan ka classic swaad, pesh karte hai - Malai Paan Mastana Kulfi!

#MalaiPaan #Kulfi #BarbequeNation",64,0,3891,43883,barbequenation,Barbeque Nation,506635909,,FALSE,,"MalaiPaan, Kulfi, BarbequeNation",,26-07-2026 11:49
3.93241E+18,Video,clips,DaSvE_6BoGA,https://www.instagram.com/p/DaSvE_6BoGA/,2026-07-02T13:49:07.000Z,"Asli kesar aur malai ka shahi milan, pesh karte hai - Malai Kesari Shaan Kulfi!

#MalaiKesari #Kulfi #BarbequeNation",61,2,2661,37867,barbequenation,Barbeque Nation,506635909,,FALSE,,"MalaiKesari, Kulfi, BarbequeNation",,26-07-2026 11:49
3.93241E+18,Video,clips,DaSu7XFBEF6,https://www.instagram.com/p/DaSu7XFBEF6/,2026-07-02T13:47:45.000Z,"Malai ka pyaar, aam ki bahaar, pesh karte hai - Malai Aam Masti Kulfi!

#MalaiAam #Kulfi #BarbequeNation",49,0,2609,36973,barbequenation,Barbeque Nation,506635909,,FALSE,,"MalaiAam, Kulfi, BarbequeNation",,26-07-2026 11:49
3.93826E+18,Sidecar,carousel_container,Dangv9HmG9I,https://www.instagram.com/p/Dangv9HmG9I/,2026-07-10T15:27:29.000Z,"This July, pull up a chair at The Royal Bengal Table, where Chef Suraj Thapa brings Bengal's forgotten culinary treasures back to life—one heirloom recipe at a time.

From royal kitchens to family heirlooms, every bite tells a story worth rediscovering.

📍 Barbeque Nation, Kukatpally, Hyderabad
📅 20th – 26th July, 2026

Reserve your table and taste the Bengal you've never known.

#BengaliCuisine #Hyderabad #BarbequeNation",318,24,,,barbequenation,Barbeque Nation,506635909,,FALSE,,"BengaliCuisine, Hyderabad, BarbequeNation",,26-07-2026 11:49
3.93241E+18,Video,clips,DaStbWOB4i4,https://www.instagram.com/p/DaStbWOB4i4/,2026-07-02T13:34:39.000Z,"Pesh karte hai, double flavour wale Ku-ku-ku Kulfis!

#Kulfi #BarbequeNation",69,0,2823,39797,barbequenation,Barbeque Nation,506635909,,FALSE,,"Kulfi, BarbequeNation",,26-07-2026 11:49
3.93739E+18,Sidecar,carousel_container,DakbfeDGLnf,https://www.instagram.com/p/DakbfeDGLnf/,2026-07-09T10:43:50.000Z,"For the first time ever, the flavours of Southern India arrive at Barbeque Nation UAE. 🌴

Experience Aromas of Southern India, an exclusive chef takeover by Chef Kenneth Gopinath, the youngest contestant on MasterChef India 2023.

Discover South Indian cuisine like you've never tasted before, every dish has been crafted to celebrate the richness of the South with a fresh perspective.

📍 Barbeque Nation, Al Barsha, Dubai
📅 20th–26th July, 2026
📞+971 4 872 3613

#BarbequeNation #BarbequeVibes #Dubai",211,21,,,barbequenation,Barbeque Nation,506635909,,FALSE,,"BarbequeNation, BarbequeVibes, Dubai",,26-07-2026 11:49
3.93168E+18,Image,feed,DaQJaHVBYtw,https://www.instagram.com/p/DaQJaHVBYtw/,2026-07-01T13:41:03.000Z,"Turns out... social media managers don't always know what day it is. 🤦‍♀️

#SocialMediaDay #BetterLateThanNever #BarbequeNation",61,1,,,barbequenation,Barbeque Nation,506635909,,FALSE,,"SocialMediaDay, BetterLateThanNever, BarbequeNation",,26-07-2026 11:49
3.93581E+18,Image,feed,Daez0M0BGml,https://www.instagram.com/p/Daez0M0BGml/,2026-07-07T06:20:59.000Z,"Some points are earned.
Some are brownie points. 😉

Because the sweetest rewards are always on the table at Barbeque Nation. ❤️🍽️

#WorldChocolateDay #BarbequeNation",90,2,,,barbequenation,Barbeque Nation,506635909,,FALSE,,"WorldChocolateDay, BarbequeNation",,26-07-2026 11:49
3.93033E+18,Video,clips,DaLV-ZNBDa9,https://www.instagram.com/p/DaLV-ZNBDa9/,2026-06-29T16:57:59.000Z,"When every dish looks too good to skip... the answer is simple. Have it all! ❤️🔥

Book Your Table on the Barbeque Nation app or website.

#BarbequeNation #FoodLovers #UnlimitedBuffet",248,9,14278,75536,barbequenation,Barbeque Nation,506635909,,FALSE,,"BarbequeNation, FoodLovers, UnlimitedBuffet",,26-07-2026 11:49
3.94115E+18,Sidecar,carousel_container,DaxyyNpGOOZ,https://www.instagram.com/p/DaxyyNpGOOZ/,2026-07-14T15:17:29.000Z,"When the rains arrive, so do the flavours we've all been craving.

From spicy Misal to comforting monsoon favourites from across India, Chef Sadik Mullani brings the season to your plate—one delicious bite at a time. ❤️🍲

📍 Barbeque Nation, Deccan Mall, Pune
📅 21st – 27th July 2026

Reserve your table now on the Barbeque Nation App or Website.
08069026720 for reservations!

#BarbequeNation #TasteOfMonsoon #Pune #MonsoonFood",462,50,,,barbequenation,Barbeque Nation,506635909,,FALSE,,"BarbequeNation, TasteOfMonsoon, Pune, MonsoonFood",,26-07-2026 11:49
3.93317E+18,Video,clips,DaVcE9UMJG-,https://www.instagram.com/p/DaVcE9UMJG-/,2026-07-03T15:01:14.000Z,"Only 2 days left to experience the royal flavours of Magadh. ✨

Curated by Chef Shacchi Anand, this limited-time culinary journey brings the rich heritage and authentic flavours of Bihar straight to your table. Every dish has a story—come savour it before it's gone.

📍 Barbeque Nation, Vegas Mall, Dwarka, Delhi
📅 Till 5th July, 2026

Reserve your table now on the Barbeque Nation app or website.

#BarbequeNation #Magadh #BiharFood",332,8,9671,58306,barbequenation,Barbeque Nation,506635909,,FALSE,,"BarbequeNation, Magadh, BiharFood",,26-07-2026 11:49
3.92879E+18,Video,clips,DaF37zchPiB,https://www.instagram.com/p/DaF37zchPiB/,2026-06-27T13:56:41.000Z,"This July, embark on a culinary journey through the rich flavours of Magadh, thoughtfully curated by Chef Shacchi Anand.

📍 Barbeque Nation, Vegas Mall, Dwarka
📅 1st - 5th July, 2026

Come hungry for authentic Bihari delicacies, regional favourites, and an unlimited buffet experience unlike any other.

Reserve your table on the Barbeque Nation app or website.

Bihari Food | Magadh Cuisine | Regional Delicacies | Food Festival | Unlimited Buffet

#Delhi #Dwarka #Magadh #BihariFood #BarbequeNation",277,6,8113,61566,barbequenation,Barbeque Nation,506635909,,FALSE,,"Delhi, Dwarka, Magadh, BihariFood, BarbequeNation",,26-07-2026 11:49
3.92885E+18,Video,clips,DaGGI3_hkK7,https://www.instagram.com/p/DaGGI3_hkK7/,2026-06-27T16:03:09.000Z,"Our kind of superpower? Never saying no to great food. 💪😉

Book Your Table on the Barbeque Nation app or website.

#BarbequeNation #FoodLovers #UnlimitedBuffet",242,10,13602,69398,barbequenation,Barbeque Nation,506635909,,FALSE,,"BarbequeNation, FoodLovers, UnlimitedBuffet",,26-07-2026 11:49
3.93029E+18,Video,clips,DaLMSjfhkfj,https://www.instagram.com/p/DaLMSjfhkfj/,2026-06-29T15:31:06.000Z,"The flavours of Magadh are here, and every dish has a story to tell. Curated by Chef Shacchi Anand, this is your chance to experience a culinary journey inspired by the heart of Bihar.

📍 Barbeque Nation, Vegas Mall, Dwarka, Delhi
📅 1st - 5th July, 2026

Reserve your table on the Barbeque Nation app or website.

#Delhi #Dwarka #Magadh #BarbequeNation",103,3,6073,49375,barbequenation,Barbeque Nation,506635909,,FALSE,,"Delhi, Dwarka, Magadh, BarbequeNation",,26-07-2026 11:49
3.92709E+18,Sidecar,carousel_container,DZ_1869mHQ_,https://www.instagram.com/p/DZ_1869mHQ_/,2026-06-25T05:43:08.000Z,"Every dish has a story. These ones come straight from the Konkan coast.

From rich Mutton Sagoti and comforting Goan Poi to the iconic Goan Fish Curry, discover the authentic flavours of Goa and Konkan, crafted for a limited-time culinary journey.

Book your table now on the Barbeque Nation app or website.

#BarbequeNation #BarbequeVibes #WhereKonkanMeetsGoa #GoanCuisine #KonkanCuisine",129,10,,,barbequenation,Barbeque Nation,506635909,,FALSE,,"BarbequeNation, BarbequeVibes, WhereKonkanMeetsGoa, GoanCuisine, KonkanCuisine",,26-07-2026 11:49
3.92739E+18,Sidecar,carousel_container,DaA5TFVmDIF,https://www.instagram.com/p/DaA5TFVmDIF/,2026-06-25T15:31:37.000Z,"For five days only, Chef Shacchi Anand brings the rich culinary heritage of Magadh to Barbeque Nation with authentic recipes, regional flavours, and dishes that celebrate the heart of Bihar.

From age-old family recipes to flavours that have travelled through generations, discover a dining experience that's as soulful as it is delicious.

📍 Vegas Mall, Dwarka
📅 1st - 5th July, 2026

Seats are limited. Book your table now on the Barbeque Nation app or website and be part of this culinary journey.

#BarbequeNation #BarbequeVibes #FlavoursOfMagadh #BiharFood",89,2,,,barbequenation,Barbeque Nation,506635909,,FALSE,,"BarbequeNation, BarbequeVibes, FlavoursOfMagadh, BiharFood",,26-07-2026 11:49
3.92859E+18,Video,clips,DaFJQADhjVo,https://www.instagram.com/p/DaFJQADhjVo/,2026-06-27T07:09:32.000Z,"Gurugram, we're here yet again! 🎉🔥

We're excited to welcome you to our Barbeque Nation outlet in Gurugram, now open at:

📍 Ground Floor, MGF Metropolitan Mall, MG Road, Sector 25, Gurugram

See you at the grill! ❤️

#BarbequeNation #Gurugram #NewStore #NewLaunch #BarbequeVibes",187,4,10726,59040,barbequenation,Barbeque Nation,506635909,,FALSE,,"BarbequeNation, Gurugram, NewStore, NewLaunch, BarbequeVibes",,26-07-2026 11:49
3.92812E+18,Video,clips,DaDgGAUhBBa,https://www.instagram.com/p/DaDgGAUhBBa/,2026-06-26T15:50:30.000Z,"Some signs are just too delicious to ignore😋🔥

#Grills #Cravings #BarbequeNation",118,3,13555,77034,barbequenation,Barbeque Nation,506635909,,FALSE,,"Grills, Cravings, BarbequeNation",,26-07-2026 11:49
3.92651E+18,Image,feed,DZ9w1ibBbLt,https://www.instagram.com/p/DZ9w1ibBbLt/,2026-06-24T10:20:00.000Z,"Muskurane ki wajah aane wala hai....

Coming soon!!

#BarbequeNation #MoreSmilesComingSoon #StayTuned",42,1,,,barbequenation,Barbeque Nation,506635909,,FALSE,,"BarbequeNation, MoreSmilesComingSoon, StayTuned",,26-07-2026 11:49
3.92659E+18,Video,clips,DZ-CuE7hJ27,https://www.instagram.com/p/DZ-CuE7hJ27/,2026-06-24T12:58:28.000Z,"Join Celebrity Chef Anish Deshmukh as he decodes the language, flavours, and stories behind the rich culinary heritage of the Konkan coast. 🍛✨

📍 Barbeque Nation, Atria Worli Mall, Mumbai
📅 25th - 29th June 2026

#KonkanCuisine #KonkanCoast #BarbequeNation #MumbaiFoodies #FoodFestival",286,40,6102,38610,barbequenation,Barbeque Nation,506635909,,FALSE,,"KonkanCuisine, KonkanCoast, BarbequeNation, MumbaiFoodies, FoodFestival",,26-07-2026 11:49
3.92585E+18,Video,clips,DZ7bXpihP2W,https://www.instagram.com/p/DZ7bXpihP2W/,2026-06-23T12:35:17.000Z,"From the misty hills of the Northeast to your plate in Bengaluru. 🌄🍽️

Join Chef Nambie Marak as she brings the bold, soulful flavours of the Seven Sisters to Barbeque Nation. A limited-time culinary journey packed with authentic recipes, local ingredients, and stories from the region.

📍 JP Nagar, Bengaluru
📅 24th–28th June 2026

Book your table on the Barbeque Nation app or website.

#NorthEastIndia #Bengaluru #Arunachal #Meghalaya #BarbequeNation",290,6,8545,53069,barbequenation,Barbeque Nation,506635909,,FALSE,,"NorthEastIndia, Bengaluru, Arunachal, Meghalaya, BarbequeNation",,26-07-2026 11:49
3.92418E+18,Sidecar,carousel_container,DZ1e-XRGFRJ,https://www.instagram.com/p/DZ1e-XRGFRJ/,2026-06-21T05:09:57.000Z,"Finding balance? ✔️
Finding happiness? ✔️
Finding that one extra piece on your plate? ✔️✔️✔️

Welcome to The Art Of Inner Piece.

#YogaDay #TheArtOfInnerPiece #BarbequeNation",73,0,,,barbequenation,Barbeque Nation,506635909,,FALSE,,"YogaDay, TheArtOfInnerPiece, BarbequeNation",,26-07-2026 11:49
3.92451E+18,Sidecar,carousel_container,DZ2p5eJGH_O,https://www.instagram.com/p/DZ2p5eJGH_O/,2026-06-21T16:04:39.000Z,"The crackle of a grill.
The simmer of mom's mutton curry.
The laughter around a biryani.

Some of the best music you'll ever hear isn't played. It's shared around a table.

Happy World Music Day. ❤️🎶

#WorldMusicDay #BarbequeNation #SoundsLikeHome",100,5,,,barbequenation,Barbeque Nation,506635909,,FALSE,,"WorldMusicDay, BarbequeNation, SoundsLikeHome",,26-07-2026 11:49
3.92719E+18,Video,clips,DaAKg6ghNlx,https://www.instagram.com/p/DaAKg6ghNlx/,2026-06-25T08:48:06.000Z,"From the misty hills of Northeast India come flavours that tell stories of tradition, heritage, and community.

Welcome to Taste of the Seven Sisters, a specially curated culinary journey by Chef Nambie Marak, celebrating the rich and diverse cuisines of the Northeast.

📍 Barbeque Nation, JP Nagar, Bengaluru
📅 24th - 28th June, 2026

Book your table now on the Barbeque Nation app or website. ✨

#TasteOfTheSevenSisters #BarbequeNation #NorthEastCuisine #Bengaluru",921,28,12089,63005,barbequenation,Barbeque Nation,506635909,,FALSE,,"TasteOfTheSevenSisters, BarbequeNation, NorthEastCuisine, Bengaluru",,26-07-2026 11:49
3.92366E+18,Image,feed,DZzo4Bxh8NL,https://www.instagram.com/p/DZzo4Bxh8NL/,2026-06-20T11:58:02.000Z,"RESULT ANNOUNCEMENT!

THE ROAST-OFF IS OVER

Hundreds of dad jokes.
Countless dad roasts.
But only a few could take home the win.

Congratulations to our winners!
Keep a lookout on your DMs today for details on enjoying the ultimate family feast tomorrow.

#BaapOfGrills #BarbequeNation #FathersDay",109,40,,,barbequenation,Barbeque Nation,506635909,,FALSE,,"BaapOfGrills, BarbequeNation, FathersDay",,26-07-2026 11:49
3.92786E+18,Video,clips,DaCkssphNgq,https://www.instagram.com/p/DaCkssphNgq/,2026-06-26T07:22:31.000Z,This will bring a hugeeee smile to your face :),30,2,3769,40723,barbequenation,Barbeque Nation,506635909,,FALSE,,,,26-07-2026 11:49
3.92374E+18,Video,clips,DZz6jRbtpNv,https://www.instagram.com/p/DZz6jRbtpNv/,2026-06-20T14:33:19.000Z,"Meet Chef Manikandan, the culinary force behind Dum-e-Karam.

Drawing inspiration from generations of home kitchens and regional traditions, Chef Manikandan brings together bold spices, slow-cooked delicacies, and authentic flavours that tell a story with every bite.

Join us as he takes you through the inspiration behind this special pop-up and the dishes that make Andhra and Hyderabadi cuisine truly unforgettable.

📍 Barbeque Nation, Porur, Chennai
📅 Only till 21st June, 2026

Book your table on the Barbeque Nation app or website.

#Chennai #BarbequeNation #Andhra #Hyderabadi",255,7,10600,52684,barbequenation,Barbeque Nation,506635909,,FALSE,,"Chennai, BarbequeNation, Andhra, Hyderabadi",,26-07-2026 11:49
3.92418E+18,Image,feed,DZ1f9tXBIkd,https://www.instagram.com/p/DZ1f9tXBIkd/,2026-06-21T06:00:06.000Z,"Iss Father’s Day, un sab extra servings of pyaar ke naam jo hamesha dil bhar dete hain. 🍢

#HappyFathersDay #BarbequeNation #BaapOfGrills",44,1,,,barbequenation,Barbeque Nation,506635909,,FALSE,,"HappyFathersDay, BarbequeNation, BaapOfGrills",,26-07-2026 11:49
3.92587E+18,Sidecar,carousel_container,DZ7fuVMmESE,https://www.instagram.com/p/DZ7fuVMmESE/,2026-06-23T13:11:57.000Z,"From the hills of the Northeast to the grills of Bengaluru. 🌄✨

Swipe through a spread inspired by the Seven Sisters, curated by Chef Nambie Marak. From cherished regional recipes to ingredients native to the Northeast, every dish brings a taste of a culture rich in flavour and tradition.

📍 JP Nagar, Bengaluru
📅 24th–28th June 2026

Book your table on the Barbeque Nation app or website.

#NorthEastIndia #Bengaluru #SevenSisters #BarbequeNation",224,9,,,barbequenation,Barbeque Nation,506635909,,FALSE,,"NorthEastIndia, Bengaluru, SevenSisters, BarbequeNation",,26-07-2026 11:49
3.92228E+18,Sidecar,carousel_container,DZuvIfMmPNb,https://www.instagram.com/p/DZuvIfMmPNb/,2026-06-18T14:16:28.000Z,"#CONTESTALERT

*PLEASE NOTE: CONTEST RESULTS HAVE BEEN POSTED*

Tell us your dad' best roast!

Results will be announced on
20th June 2026
5:00 PM IST

Winners will be selected through a random online raffle from all eligible entries.
Good luck, and may the best roast win!

*T&C Apply 

#BaapOfGrills #BarbequeNation #FathersDay",749,916,,,barbequenation,Barbeque Nation,506635909,,FALSE,,"CONTESTALERT, BaapOfGrills, BarbequeNation, FathersDay",,26-07-2026 11:49
3.92939E+18,Video,clips,DaH_p7ABw6r,https://www.instagram.com/p/DaH_p7ABw6r/,2026-06-28T09:42:46.000Z,"Just 2 days left to savour the flavours of the Konkan coast. 🌊

From the rich, comforting Mutton Sagoti and freshly baked Goan Poi to the iconic Goan Fish Curry, this limited-time culinary journey is almost at its final stop.

If Goa has been on your mind, this is your sign to experience its authentic flavours—right here at Barbeque Nation.

📅 Only 2 days remaining. Book your table now on the Barbeque Nation app or website.

#BarbequeNation #BarbequeVibes #WhereKonkanMeetsGoa",465,35,20615,79089,barbequenation,Barbeque Nation,506635909,,FALSE,,"BarbequeNation, BarbequeVibes, WhereKonkanMeetsGoa",,26-07-2026 11:49
3.92493E+18,Video,clips,DZ4JpoxBx_V,https://www.instagram.com/p/DZ4JpoxBx_V/,2026-06-22T06:02:33.000Z,"This June, travel down the coast through the vibrant flavours of Talkonkan, curated by Celebrity Chef Anish Deshmukh. 

📍 Barbeque Nation, Atria Worli Mall, Mumbai
📅 25th – 29th June, 2026

Come hungry for authentic Konkan cuisine, Goan food favourites, seafood specials, regional delicacies and an unlimited buffet experience unlike any other.

Reserve your table on the Barbeque Nation app or website. 

Konkan Food | Goan Cuisine | Coastal Cuisine | Seafood Festival | Mumbai Food Festival | Unlimited Buffet

#Mumbai #Goan #KonkanCoast #Goa #BarbequeNation",711,97,22896,81095,barbequenation,Barbeque Nation,506635909,,FALSE,TRUE,"Mumbai, Goan, KonkanCoast, Goa, BarbequeNation",,26-07-2026 11:49
3.92721E+18,Image,feed,DaARJQdBpAl,https://www.instagram.com/p/DaARJQdBpAl/,2026-06-25T09:40:48.000Z,"Aur bhi muskurahat, aur bhi sizzle! 😋🔥
Bas thoda sa intezaar... kuch khaas aapke liye aa raha hai.

Coming Soon❤️

#BarbequeNation #BarbequeVibes #StayTuned",112,11,,,barbequenation,Barbeque Nation,506635909,,FALSE,,"BarbequeNation, BarbequeVibes, StayTuned",,26-07-2026 11:49
3.92434E+18,Video,clips,DZ2EBi6hnZd,https://www.instagram.com/p/DZ2EBi6hnZd/,2026-06-21T10:35:02.000Z,"Ab baap toh baap hota hai, main character energy with a side serving of roasts! 

#BaapOfGrills #FathersDay #BarbequeNation",82,3,5112,44150,barbequenation,Barbeque Nation,506635909,,FALSE,,"BaapOfGrills, FathersDay, BarbequeNation",,26-07-2026 11:49
3.92142E+18,Video,clips,DZrrxaDB6Kd,https://www.instagram.com/p/DZrrxaDB6Kd/,2026-06-17T09:51:27.000Z,"Dekho sab log, Sneha aur humare social media ke liye kya kya karna pad raha hai. 

#Sneha #SocialMedia #BarbequeNation",316,11,16905,67079,barbequenation,Barbeque Nation,506635909,,FALSE,,"Sneha, SocialMedia, BarbequeNation",,26-07-2026 11:49
3.92147E+18,Sidecar,carousel_container,DZr2EHjmEGs,https://www.instagram.com/p/DZr2EHjmEGs/,2026-06-17T11:19:19.000Z,"This June, travel down the coast through the vibrant flavours of Talkonkan, curated by Celebrity Chef Anish Deshmukh. From coastal spices and coconut-rich delicacies to recipes inspired by generations of culinary heritage, every dish tells a story of the Western shoreline.

📍 Barbeque Nation, Atria Worli Mall, Mumbai
📅 25th – 29th June, 2026

Come hungry for authentic Konkan cuisine, Goan food favourites, seafood specials, regional delicacies and an unlimited buffet experience unlike any other.

Reserve your table on the Barbeque Nation app or website. 

Konkan Food | Goan Cuisine | Coastal Cuisine | Seafood Festival | Mumbai Food Festival | Unlimited Buffet
#Mumbai #Goan #KonkanCoast #Goa #BarbequeNation",259,106,,,barbequenation,Barbeque Nation,506635909,,FALSE,,"Mumbai, Goan, KonkanCoast, Goa, BarbequeNation",,26-07-2026 11:49
3.91641E+18,Sidecar,carousel_container,DZZ5N_jGMRQ,https://www.instagram.com/p/DZZ5N_jGMRQ/,2026-06-10T12:00:33.000Z,"But the ones shaped by generations of flavour always do.

This June, immerse yourself in the rich culinary traditions of Andhra and Hyderabad, where bold spices, slow-cooked recipes, and timeless techniques come together on every plate.

Welcome to Dum-e-Karam — a celebration of regional heritage, curated by Chef Manikandan, MasterChef India Tamil Top 5.

📍 Barbeque Nation, Porur, Chennai
📅 17th–21st June, 2026

Book your table on Barbeque Nation app or website. 

#Chennai #BarbequeNation #Andhra #Hyderabad",125,1,,,barbequenation,Barbeque Nation,506635909,,FALSE,,"Chennai, BarbequeNation, Andhra, Hyderabad",,26-07-2026 11:49
3.9221E+18,Video,clips,DZuHA1ChtN9,https://www.instagram.com/p/DZuHA1ChtN9/,2026-06-18T08:28:04.000Z,"Wapas kab grill karne milega? ☹️

#BaapOfGrills #FathersDay #BarbequeNation",175,7,11031,67826,barbequenation,Barbeque Nation,506635909,,FALSE,,"BaapOfGrills, FathersDay, BarbequeNation",,26-07-2026 11:49
3.91632E+18,Image,feed,DZZkxRDh4qf,https://www.instagram.com/p/DZZkxRDh4qf/,2026-06-10T09:01:54.000Z,"Have you w̶a̶t̶c̶h̶e̶d̶ tried it yet?

#Obsession #BarbequeNation",360,18,,,barbequenation,Barbeque Nation,506635909,,FALSE,,"Obsession, BarbequeNation",,26-07-2026 11:49
3.92205E+18,Video,clips,DZt7pYRBTdr,https://www.instagram.com/p/DZt7pYRBTdr/,2026-06-18T06:48:00.000Z,"Meet Chef Manikandan, the culinary force behind Dum-e-Karam.

Drawing inspiration from generations of home kitchens and regional traditions, Chef Manikandan brings together bold spices, slow-cooked delicacies, and authentic flavours that tell a story with every bite.

Join us as he takes you through the inspiration behind this special pop-up and the dishes that make Andhra and Hyderabadi cuisine truly unforgettable.

📍 Barbeque Nation, Porur, Chennai
📅 17th–21st June, 2026

Book your table on the Barbeque Nation app or website.

#Chennai #BarbequeNation #Andhra #Hyderabadi",297,9,12163,55474,barbequenation,Barbeque Nation,506635909,,FALSE,,"Chennai, BarbequeNation, Andhra, Hyderabadi",,26-07-2026 11:49
3.91581E+18,Video,clips,DZXv9f8B233,https://www.instagram.com/p/DZXv9f8B233/,2026-06-09T16:01:56.000Z,"When Sneha says it's reel time, the crew has no choice but to join in 💃✨

#Sneha #OrpheliaChallenge #BarbequeNation",332,14,13608,59926,barbequenation,Barbeque Nation,506635909,,FALSE,,"Sneha, OrpheliaChallenge, BarbequeNation",,26-07-2026 11:49
3.92089E+18,Sidecar,carousel_container,DZpzqp1DY_m,https://www.instagram.com/p/DZpzqp1DY_m/,2026-06-16T16:19:53.000Z,"Because the best gatherings aren't built around one dish.
They're built around abundance.

Welcome to the महफ़िल of flavours, where every plate brings something new to the conversation.

📍Gather your people. Bring your appetite.

Book your table now on the Barbeque Nation app or website. 

#BarbequeNation #MehfilOfFlavours",164,2,,,barbequenation,Barbeque Nation,506635909,,FALSE,,"BarbequeNation, MehfilOfFlavours",,26-07-2026 11:49
3.92799E+18,Video,clips,DaDAufbhl6T,https://www.instagram.com/p/DaDAufbhl6T/,2026-06-26T11:16:20.000Z,"This July, discover the rich culinary heritage of Bihar with the soulful flavours of Magadh, curated by Chef Shacchi Anand. ❤️

📍 Barbeque Nation, Vegas Mall, Dwarka
📅 1st-5th July, 2026

Come hungry for authentic Bihari delicacies, traditional recipes, regional favourites and an unlimited buffet experience unlike any other.

Reserve your table on the Barbeque Nation app or website.

Bihar Food | Magadh Cuisine | Bihari Delicacies | Regional Food Festival | Delhi Food Festival | Unlimited Buffet

#Delhi #Dwarka #Bihar #BarbequeNation #FlavoursOfMagadh",269,10,21279,79014,barbequenation,Barbeque Nation,506635909,,FALSE,,"Delhi, Dwarka, Bihar, BarbequeNation, FlavoursOfMagadh",,26-07-2026 11:49
3.90565E+18,Sidecar,carousel_container,DYzq6auGAIG,https://www.instagram.com/p/DYzq6auGAIG/,2026-05-26T15:44:24.000Z,"Mitti ki khushboo. Bihar ka dil. A feast with a story. 🌾🔥

This June, Barbeque Nation brings Bhansa — a heartfelt tribute to Bihar’s timeless flavours, curated by award-winning Bihari cuisine expert Chef Rachna Prasad. From forgotten heirloom recipes to bold, soul-satisfying classics, this is Bihar served with pride. ❤️

📍 Phoenix United Mall, Alambagh, Lucknow
📅 5th–9th June 2026

Book you table today on the Barbeque Nation app or website.

#Bhansa #BihariCuisine #BarbequeNation #Lucknow",122,0,,,barbequenation,Barbeque Nation,506635909,,FALSE,,"Bhansa, BihariCuisine, BarbequeNation, Lucknow",,26-07-2026 11:49
3.90679E+18,Video,clips,DY3szE8hZma,https://www.instagram.com/p/DY3szE8hZma/,2026-05-28T05:20:00.000Z,"June is about to taste different 🔥

Something exciting is hitting your city—bold flavours, fresh cuisines, and chefs you’ll definitely want to keep an eye on 👀🍢

👩‍🍳 Chef Rachnaa Prasad — Lucknow
👨‍🍳 Chef ManiKandan — Chennai
👩‍🍳 Chef Nambie Jessica Marak — Bengaluru
👨‍🍳 Dr. Saurabh Sharma — Pune

From Lucknow to Chennai, Bengaluru to Pune, we’re bringing together barbecue vibes and must-try culinary experiences that are anything but ordinary.

Get ready to discover, indulge, and keep coming back for more.

📍 Coming soon to your city

Book your table on the Barbeque Nation app or website.

#BarbequeNation #BarbequeVibes #ComingSoon",183,4,7015,54473,barbequenation,Barbeque Nation,506635909,,FALSE,,"BarbequeNation, BarbequeVibes, ComingSoon",,26-07-2026 11:49
3.9194E+18,Video,clips,DZkhg9MNBgs,https://www.instagram.com/p/DZkhg9MNBgs/,2026-06-14T15:05:11.000Z,"Meet Chef Manikandan, the culinary force behind Dum-e-Karam.

Drawing inspiration from generations of home kitchens and regional traditions, Chef Manikandan brings together bold spices, slow-cooked delicacies, and authentic flavours that tell a story with every bite.

Join us as he takes you through the inspiration behind this special pop-up and the dishes that make Andhra and Hyderabadi cuisine truly unforgettable.

📍 Barbeque Nation, Porur, Chennai
📅 17th–21st June, 2026

Book your table on the Barbeque Nation app or website.

##Chennai #BarbequeNation #Andhra #Hyderabadi",683,18,22516,84783,barbequenation,Barbeque Nation,506635909,,FALSE,,"#Chennai, BarbequeNation, Andhra, Hyderabadi",,26-07-2026 11:49
3.91001E+18,Video,clips,DZDI4B4BDfc,https://www.instagram.com/p/DZDI4B4BDfc/,2026-06-01T15:55:44.000Z,"Nawabo ke Shehar mein le aayi hoon Bihar Kitchens ka swaad! ✨

Experience BHANSA — a culinary tribute to Bihar’s timeless flavours, curated by the award-winning Chef Rachnaa Prasad 🍲🤎

From authentic rustic recipes to soul-satisfying regional delicacies, this is your chance to savour Bihar like never before.

📍 Phoenix United Mall, Alambagh, Lucknow
📅 5th–9th June, 2026

Tag your foodie gang 👇 who NEEDS to experience this with you!

Book your table now on the Barbeque Nation app or website.

#Bhansa #BihariCuisine #Lucknow #BarbequeNation",126,2,7028,45340,barbequenation,Barbeque Nation,506635909,,FALSE,,"Bhansa, BihariCuisine, Lucknow, BarbequeNation",,26-07-2026 11:49
3.91142E+18,Sidecar,carousel_container,DZIKhOrmLUN,https://www.instagram.com/p/DZIKhOrmLUN/,2026-06-03T14:45:23.000Z,"What if Rajasthan could be experienced on a plate? 👑✨

This June, join us for Marurasa — a celebration of Rajasthan’s iconic flavours, curated by Dr. Chef Saurabh Sharma, MasterChef India Judge.

Expect authentic recipes, royal inspirations, and dishes that bring the desert state's rich culinary heritage to life.

📍 Kalyani Nagar, Pune
📅 11th – 15th June 2026

Gather your food-loving crew and come hungry.

Book Your Table on the Barbeque Nation app or website. 

#Marurasa #BarbequeNation #Pund #Rajasthan",210,10,,,barbequenation,Barbeque Nation,506635909,,FALSE,,"Marurasa, BarbequeNation, Pund, Rajasthan",,26-07-2026 11:49
3.90405E+18,Video,clips,DYt-dQUtbr9,https://www.instagram.com/p/DYt-dQUtbr9/,2026-05-24T10:40:43.000Z,"👑 Hyderabad’s royal feast takes its final bow tonight! ✨

This is your last chance to experience Nizam-E-Dastarkhwan with Chef Kenneth Gopinath at Barbeque Nation, Phoenix Marketcity, Whitefield. From regal Hyderabadi flavours to chef-curated indulgence—don’t miss the grand finale. 🍢🔥

📍 Phoenix Marketcity, Whitefield, Bengaluru
⏰ Ends today!

#NizamEDastarkhwan #BarbequeNation #HyderabadiFood",328,9,11717,58404,barbequenation,Barbeque Nation,506635909,,FALSE,,"NizamEDastarkhwan, BarbequeNation, HyderabadiFood",,26-07-2026 11:49
3.91924E+18,Video,clips,DZj7l2xhazF,https://www.instagram.com/p/DZj7l2xhazF/,2026-06-14T09:35:24.000Z,"Five days. Countless flavours. One unforgettable celebration of Rajasthan. ✨

From royal recipes to heartfelt stories, Marurasa curated by Dr. Chef Saurabh Sharma brought the spirit of Rajasthan alive at Barbeque Nation, Kalyani Nagar.

And if you haven't experienced it yet — this is your sign.

⏳ Just 1 day left to be part of the journey.

📍 Barbeque Nation, Kalyani Nagar, Pune
📅 Till 15th June 2026

#Marurasa #BarbequeNation #Rajasthan #Pune",313,15,9612,52623,barbequenation,Barbeque Nation,506635909,,FALSE,,"Marurasa, BarbequeNation, Rajasthan, Pune",,26-07-2026 11:49
3.89974E+18,Video,clips,DYeqlVXBAm6,https://www.instagram.com/p/DYeqlVXBAm6/,2026-05-18T11:58:32.000Z,"Barbeque Nation is now LIVE at Phoenix Mall of the Millennium, Wakad! 🥳🍢
Get ready for unlimited grills at your table, flavour-packed buffet spreads, live counters, indulgent desserts, and the BBQ experience you already love—now closer to you ❤️

Tag your food gang & plan your BBQ outing NOW 👇🍖

#BarbequeNation #Pune #Wakad #PhoenixMallOfTheMillennium",234,8,24950,94430,barbequenation,Barbeque Nation,506635909,,FALSE,,"BarbequeNation, Pune, Wakad, PhoenixMallOfTheMillennium",,26-07-2026 11:49
3.90177E+18,Video,clips,DYl3ZxjPkeV,https://www.instagram.com/p/DYl3ZxjPkeV/,2026-05-21T07:05:32.000Z,"Get ready for a culinary delight! Our “The Big Buffet” with Sizzler Special Menu is here at Barbeque Nation Ghaziabad Gaur Central Mall ! Unlimited starters, main course, and desserts starting at just ₹399+ tax. Monday To Friday Lunch. Don’t miss out!

Book now!

Call - +91 80 6902 8781 / +91 84480 91160 / +91 84480 91161 / +91 84480 91162

https://bit.ly/visitusatBarbequeNation-Appetite

#barbecue #northindiancuisine #buffet",1049,20,32181,180978,harshit_behl_,Harshit Behl,4906305127,,FALSE,,"barbecue, northindiancuisine, buffet",,26-07-2026 11:49
3.90042E+18,Image,feed,DYhFfToheyo,https://www.instagram.com/p/DYhFfToheyo/,2026-05-19T10:31:06.000Z,"Whether you’re here for the sizzling barbeque, the playlist-worthy moments, or the crew that turns every outing into a celebration—this is your spot 💃🕺🔥

#Disco #Spotify #BarbequeNation",102,0,,,barbequenation,Barbeque Nation,506635909,,FALSE,,"Disco, Spotify, BarbequeNation",,26-07-2026 11:49
3.8975E+18,Video,clips,DYWs_oiBcGk,https://www.instagram.com/p/DYWs_oiBcGk/,2026-05-15T09:47:23.000Z,"Punjab Beyond Borders – Flavours of Undivided Punjab leke aa raha hai oh swaad jo dil nu ghar wali feeling de jaave 🤌✨ From dhuaandaar tandoors to rich, makhan-maar gravies, har bite ch Punjab da asli pyaar te warmth milegi 🫶

Curated by Chef Anshmeet Singh (MasterChef Jodi India | Top 4, 2026), this is a celebration of bold flavours, timeless recipes, te oh Punjabi mehmaan-nawaazi jo plate ton seedha dil tak pahunchdi hai 💛

Khul ke khao, dil khol ke aao—kyunki Punjab da swaad borders nahi menda 🇮🇳🔥

📍 Barbeque Nation, Sector 26 - Chandigarh
📅 18th – 24th May, 2026

Book your table now on the Barbeque Nation app or website.

#PunjabBeyondBorders #BarbequeNation #PunjabDaSwaad",445,6,13149,61655,barbequenation,Barbeque Nation,506635909,,FALSE,,"PunjabBeyondBorders, BarbequeNation, PunjabDaSwaad",,26-07-2026 11:49
3.91713E+18,Video,clips,DZccb_ABwAo,https://www.instagram.com/p/DZccb_ABwAo/,2026-06-11T11:47:48.000Z,"Experience the flavours of Rajasthan — recipes that have journeyed through generations, carrying stories of tradition, pride, and hospitality.

Welcome to Marurasa, a celebration of Rajasthan’s rich culinary heritage, thoughtfully curated by Dr. Chef Saurabh Sharma.

📍 Barbeque Nation, Kalyani Nagar, Pune
📅 11th–15th June 2026

Come savour a feast by booking your table on the Barbeque Nation app or website. ✨

#Marurasa #BarbequeNation #Rajasthan #Pune",487,15,13263,64987,barbequenation,Barbeque Nation,506635909,,FALSE,,"Marurasa, BarbequeNation, Rajasthan, Pune",,26-07-2026 11:49
3.8975E+18,Video,clips,DYWsoxwBBRw,https://www.instagram.com/p/DYWsoxwBBRw/,2026-05-15T09:42:09.000Z,"POV: your reaction just made the chef’s entire day 😭✨
One happy bite = mission accomplished 🤌🔥

#BarbequeNation
[POV reels | chef life | food content | viral food reels | dining experience]",397,15,23093,97857,barbequenation,Barbeque Nation,506635909,,FALSE,,BarbequeNation,,26-07-2026 11:49
3.89761E+18,Video,clips,DYXG44GzKAl,https://www.instagram.com/p/DYXG44GzKAl/,2026-05-15T13:30:34.000Z,"Step into a royal feast with Nizam-E-Dastarkhwan – Royal Flavours of Hyderabad, a limited-time culinary celebration at Barbeque Nation, Phoenix Market City, Whitefield! 🔥

Curated with regal flavours and hosted by Kenneth Gopinath, youngest contestant on MasterChef India 2023, this is your chance to experience Hyderabad’s iconic richness—one unforgettable bite at a time. 🤤💛

📍 Phoenix Market City, Whitefield, Bengaluru
📅 20th–24th May 2026

From aromatic biryanis to rich Nizami delicacies, this is not just a meal—it’s a royal experience fit for food lovers. 👑✨

🎟️ Seats fill fast—book your table now on the Barbeque Nation app or website!

#BarbequeNation #NizamEDastarkhwan #HyderabadiFood #Bengaluru",330,4,16831,80266,barbequenation,Barbeque Nation,506635909,,FALSE,,"BarbequeNation, NizamEDastarkhwan, HyderabadiFood, Bengaluru",,26-07-2026 11:49
3.8933E+18,Video,clips,DYHxPo6BWWt,https://www.instagram.com/p/DYHxPo6BWWt/,2026-05-09T14:35:17.000Z,"Punjab isn’t just a cuisine. It’s an emotion served on a sizzling grill. 🔥🌾

Presenting Punjab Beyond Borders — a soulful culinary journey celebrating the rich flavours of undivided Punjab with Chef Anshmeet Singh, MasterChef Jodi India Top 4, 2026. ❤️👨🏻‍🍳

From smoky dhaba-style indulgence to timeless Punjabi classics, expect bold spices, slow-cooked gravies, and stories plated with every bite.

📍 Barbeque Nation, Sector 26, Chandigarh
📅 18th – 24th May, 2026

Book your table on the Barbeque Nation app or website.

#PunjabBeyondBorders #BarbequeNation",553,39,10662,57432,barbequenation,Barbeque Nation,506635909,,FALSE,,"PunjabBeyondBorders, BarbequeNation",,26-07-2026 11:49
3.90638E+18,Image,feed,DY2PMHRNSG6,https://www.instagram.com/p/DY2PMHRNSG6/,2026-05-27T15:39:56.000Z,"June is about to get a whole lot more flavourful 🔥

Something exciting is headed your way—fresh culinary experiences, bold new flavours, and chefs bringing their signature magic to your city 👀🍢

👩‍🍳 Chef Rachnaa Prasad — Phoenix United Mall, Lucknow
👨‍🍳 Chef ManiKandan — Porur, Chennai
👩‍🍳 Chef Nambie Jessica Marak — JP Nagar, Bengaluru
👨‍🍳 Dr. Saurabh Sharma — Kalyani Nagar, Pune

From Lucknow to Chennai, Bengaluru to Pune, we’re serving up barbecue vibes with must-try cuisines and exciting new flavour stories.

Get ready to discover, indulge, and keep coming back for more.

📍 Coming soon to your city

Book your table on the Barbeque Nation app or website.

#BarbequeNation #BarbequeVibes #ComingSoon",303,26,,,barbequenation,Barbeque Nation,506635909,,FALSE,,"BarbequeNation, BarbequeVibes, ComingSoon",,26-07-2026 11:49
3.89319E+18,Video,clips,DYHX21ahYlB,https://www.instagram.com/p/DYHX21ahYlB/,2026-05-09T10:52:42.000Z,"🚨 LAST DAY ALERT: MIRCHI MEXICANO 🌶️🇮🇳🇲🇽

Tomorrow’s your final chance to experience the boldest flavour crossover in Hyderabad — where smoky Mexican grills meet the spice and soul of Hyderabad 💥

Curated with Chef Kanak Khathuria (MasterChef India S1 Top 12), this is not your regular food pop-up… this is a full-blown flavour fiesta 🌮🍢🍛

📍 Nexus Mall Kukatpally, Hyderabad
📅 LAST DAY: 10th May, 2026

Come hungry. Leave obsessed. 😮‍💨✨

#MirchiMexicano #Hyderabad #mexican #BarbequeNation",178,11,7847,48023,barbequenation,Barbeque Nation,506635909,,FALSE,,"MirchiMexicano, Hyderabad, mexican, BarbequeNation",,26-07-2026 11:49
3.91295E+18,Sidecar,carousel_container,DZNl2MZDXlX,https://www.instagram.com/p/DZNl2MZDXlX/,2026-06-05T17:20:23.000Z,"Not every meal becomes a memory.

But the ones rooted in tradition often do.

This June, discover the flavours that have travelled through generations, carrying with them the warmth, pride and spirit of Rajasthan.

Welcome to Marurasa — a celebration of heritage, curated by Dr. Chef Saurabh Sharma.

📍 Barbeque Nation, Kalyani Nagar, Pune
📅 11th–15th June 2026

Because some journeys are best experienced one bite at a time. ✨

#Marurasa #BarbequeNation #Rajasthan #Pune",131,3,,,barbequenation,Barbeque Nation,506635909,,FALSE,,"Marurasa, BarbequeNation, Rajasthan, Pune",,26-07-2026 11:49
3.88284E+18,Video,clips,DXim-LNka9p,https://www.instagram.com/p/DXim-LNka9p/,2026-04-25T04:12:11.000Z,"The coast comes alive… and it starts today 🌊✨

Introducing Malabar & Beyond – Coastal Food Festival 🍤🥥
A celebration of bold coastal flavours, rich traditions, and soulful dishes curated by MasterChef Winner Mohammed Ashiq.

From comforting curries to irresistible starters, every plate is a journey across India’s coastline.

📍 Lulu Global Mall, Bengaluru
📅 25th – 29th April, 2026

Book your experience now on the Barbeque Nation app or website.

#MalabarAndBeyond #CoastalFoodFestival #BarbequeNation",2089,15,53187,147069,barbequenation,Barbeque Nation,506635909,,FALSE,,"MalabarAndBeyond, CoastalFoodFestival, BarbequeNation",,26-07-2026 11:49
3.90057E+18,Video,clips,DYhmMYjhmI3,https://www.instagram.com/p/DYhmMYjhmI3/,2026-05-19T15:17:33.000Z,"Enter the royal world of Nizam-E-Dastarkhwan 👑🍽️ A grand celebration of authentic Hyderabadi flavours, rich aromas, and timeless recipes ❤️‍🔥

Featuring Chef Kenneth Gopinath — MasterChef India 2023’s youngest contestant 🌟

📍 Phoenix Market City, Whitefield, Bengaluru
📅 20th–24th May 2026

From iconic biryanis to royal indulgences, experience the true taste of Hyderabad—only at Barbeque Nation 🔥

Book now on the Barbeque Nation app or website.

#BarbequeNation #NizamEDastarkhwan #HyderabadiFood #Bengaluru",240,4,13029,63085,barbequenation,Barbeque Nation,506635909,,FALSE,,"BarbequeNation, NizamEDastarkhwan, HyderabadiFood, Bengaluru",,26-07-2026 11:49
3.89591E+18,Video,clips,DYRC4I5hlLY,https://www.instagram.com/p/DYRC4I5hlLY/,2026-05-13T05:02:57.000Z,"Presenting Punjab Beyond Borders – Flavours of Undivided Punjab, a soulful celebration of Punjab’s rich culinary legacy, where every bite tells a story of tradition, warmth, and bold flavour.

With Chef Anshmeet Singh (MasterChef Jodi India | Top 4, 2026) at the helm, get ready for smoky tandoors, indulgent gravies, and iconic recipes that bring the spirit of Punjab alive—one delicious frame at a time. 🤎✨

This isn’t just food. It’s nostalgia, heritage, and a full-blown Punjabi feast.

📍 Barbeque Nation, Sector 26 - Chandigarh
📅 18th – 24th May, 2026

Book your table now on the Barbeque Nation app or website.

#PunjabBeyondBorders #BarbequeNation #PunjabiCuisine #Chandigarh",747,14,31675,96482,barbequenation,Barbeque Nation,506635909,,FALSE,,"PunjabBeyondBorders, BarbequeNation, PunjabiCuisine, Chandigarh",,26-07-2026 11:49
3.89625E+18,Sidecar,carousel_container,DYSRe-cjZDS,https://www.instagram.com/p/DYSRe-cjZDS/,2026-05-13T16:27:16.000Z,"Step into the grandeur of Nizam-E-Dastarkhwan — a regal celebration of authentic Hyderabadi flavours, rich aromas, and timeless recipes curated to delight every foodie soul 🤍🍽️

Featuring Chef Kenneth Gopinath — the youngest contestant from MasterChef India 2023 — bringing his signature flair to this royal culinary experience 🌟

📍 Phoenix Market City, Whitefield, Bengaluru
📅 20th–24th May 2026

From aromatic biryanis to indulgent royal delicacies, this is your chance to experience the true taste of Hyderabad—only at Barbeque Nation 🔥

Book your table now on the Barbeque Nation app or website. 

#BarbequeNation #BarbequeVibes #NizamEDastarkhwan #Hyderabad",238,9,,,barbequenation,Barbeque Nation,506635909,,FALSE,,"BarbequeNation, BarbequeVibes, NizamEDastarkhwan, Hyderabad",,26-07-2026 11:49
3.90193E+18,Video,clips,DYmc7nLBKlz,https://www.instagram.com/p/DYmc7nLBKlz/,2026-05-21T12:34:37.000Z,"Only 3 days left to experience the rich, soulful flavours of Punjab—beyond borders 🇮🇳✨

Step into Punjab Beyond Borders with Chef Anshmeet Singh and savour a specially curated culinary journey celebrating the flavours of undivided Punjab—where every dish brings together heritage, heart, and bold Punjabi indulgence. 🔥🥘

From robust curries to iconic regional favourites, this is your final chance to taste a feast that transcends boundaries before it’s gone!

📍 Sector 26, Chandigarh
📅 Ending 24th May

Don’t miss out—reserve your table now on the Barbeque Nation app or website.

#PunjabBeyondBorders #BarbequeNation #Chandigarh",316,10,10144,52528,barbequenation,Barbeque Nation,506635909,,FALSE,,"PunjabBeyondBorders, BarbequeNation, Chandigarh",,26-07-2026 11:49
3.88744E+18,Video,clips,DXy9H_Gtocu,https://www.instagram.com/p/DXy9H_Gtocu/,2026-05-01T12:33:40.000Z,"From the rich spices of Malabar to flavours beyond borders — this wasn’t just a festival, it was a full-blown coastal celebration.

Sizzling grills, soulful curries, endless conversations, and plates that told stories… every moment was unforgettable.

With Mohammed Ashiq bringing his magic to the table, the experience hit a whole new level.

Bengaluru showed up. And how. 💥

If you were here — you know the vibe.
If you missed it — we’ve got stories waiting for you next time.

#MalabarAndBeyond #BarbequeNation #CoastalFoodFestival",540,9,17018,72023,barbequenation,Barbeque Nation,506635909,,FALSE,,"MalabarAndBeyond, BarbequeNation, CoastalFoodFestival",,26-07-2026 11:49
3.8838E+18,Video,clips,DXmBVzlEs7i,https://www.instagram.com/p/DXmBVzlEs7i/,2026-04-26T12:01:52.000Z,"Only 2 days left to experience the bold, soulful flavours of the Konkan coast 🌶️🌊

Step into The Konkan Spice Table with Chef Shraddha Palande and indulge in a specially curated Maharashtrian culinary journey—where every dish tells a story of spice, tradition, and coastal indulgence.

From rich curries to irresistible regional favourites, this is your last chance to savour it all before it’s gone!

📍 Westend Mall, Aundh, Pune
📅 Ending 28th April

Don’t miss out—reserve your table now on the Barbeque Nation app or website.

#KonkanSpiceTable #BarbequeNation #PuneEats #FoodFestival #MaharashtrianCuisine",343,16,20097,71067,barbequenation,Barbeque Nation,506635909,,FALSE,,"KonkanSpiceTable, BarbequeNation, PuneEats, FoodFestival, MaharashtrianCuisine",,26-07-2026 11:49
3.88315E+18,Image,feed,DXjuP7rEuPZ,https://www.instagram.com/p/DXjuP7rEuPZ/,2026-04-25T14:34:21.000Z,"May is about to taste different 🔥

Something exciting is hitting your city—bold flavours, fresh ideas, and chefs you’ll want to keep an eye on 👀🍢

👨‍🍳 Chef Kenneth Gopinath — Bengaluru
👩‍🍳 Chef Kanak Khathuria — Hyderabad
👨‍🍳 Chef Anshmeet Singh — Chandigarh

From Bengaluru to Hyderabad to Chandigarh, we’re bringing together new culinary vibes that are anything but ordinary.

Get ready to discover, indulge, and keep coming back for more.

📍 Coming soon to your city

Book your table on Barbeque Nation app or website. 

#BarbequeNation #Vibes #ComingSoon",182,9,,,barbequenation,Barbeque Nation,506635909,,FALSE,,"BarbequeNation, Vibes, ComingSoon",,26-07-2026 11:49
3.90335E+18,Video,clips,DYre4crBK46,https://www.instagram.com/p/DYre4crBK46/,2026-05-23T11:26:11.000Z,"Pine Melody Bites 🍍🍫 are here at Barbeque Nation this Saturday & Sunday only (23rd–24th May) — because some #Melodi pairings just taste like perfect timing 😉✨

#BarbequeNation #PineMelodyBites #Melodi #Melody",172,2,10797,65368,barbequenation,Barbeque Nation,506635909,,FALSE,,"Melodi, BarbequeNation, PineMelodyBites, Melody",,26-07-2026 11:49
3.88211E+18,Video,clips,DXgBBJcTmK3,https://www.instagram.com/p/DXgBBJcTmK3/,2026-04-24T04:00:41.000Z,"Marabu Manam is in full swing—and Chennai is showing up for it 🔥

From 22nd–26th April, Chef Selva Sunitha brings a bold, reimagined take on South Asian flavours to Barbeque Nation, Marina Mall, Chennai 📍

The standouts everyone’s coming back for:
Sticky Mutton Ribs 🔥🍖
Curry Leaves Crème Brûlée 🍮✨
Kongunadu Chicken Vellai Biryani 🍗🍚

With just two days to go ⏳, this is your last chance to experience it before it wraps on 26th April.

Book your table now on the Barbeque Nation app or website 📲

#MarabuManam #BarbequeNation #ChennaiEats",1092,30,31214,104025,barbequenation,Barbeque Nation,506635909,,FALSE,,"MarabuManam, BarbequeNation, ChennaiEats",,26-07-2026 11:49
3.87058E+18,Video,clips,DW3Etofjaos,https://www.instagram.com/p/DW3Etofjaos/,2026-04-08T06:25:48.000Z,"The era of Old Dilli’s Mughlai heritage is coming to an end in Ahmedabad. 🥘👑

If you haven’t experienced Chef Yashita’s royal takeover yet, this is your sign! From the melt-in-the-mouth Khumb Galauti to the rich, aromatic Vegetarian Nihari, every dish has been a “super hit” with our guests. Don’t let these authentic, layered flavors slip away without a taste.

📍 Venue: Barbeque Nation, Nexus One Mall, Ahmedabad

📅 Last Day: Tomorrow, April 9th, 2026

Hurry! You’ll miss out on this Old Mughlai Culinary Heritage if you don’t visit by tomorrow.

Book your final table now via the Barbeque Nation app or the link in our bio.",192,17,9384,45131,barbequenation,Barbeque Nation,506635909,,FALSE,,,,26-07-2026 11:49
3.89108E+18,Video,clips,DX_5-g5Stmz,https://www.instagram.com/p/DX_5-g5Stmz/,2026-05-06T13:19:05.000Z,"A mother’s love story with food. Watch till the end.

#BarbequeNation #HappyMothersDay",872,89,19774,97346,barbequenation,Barbeque Nation,506635909,,FALSE,,"BarbequeNation, HappyMothersDay",,26-07-2026 11:49
3.87671E+18,Sidecar,carousel_container,DXM1wEcmJhW,https://www.instagram.com/p/DXM1wEcmJhW/,2026-04-16T17:17:20.000Z,"Bengaluru, your coastal getaway just arrived 🌴🌊

Dive into Malabar & Beyond — a limited-time coastal food festival curated by MasterChef Winner Mohammed Ashiq 👨‍🍳🔥
From rich Fish Curries to indulgent Squid Ghee Roast, every bite is a journey down the coast.

📍 Lulu Global Mall, Bengaluru
📅 25th – 29th April 2026

Come hungry. Leave coastal. 😉

Book your table now on the Barbeque Nation app or website. 

#MalabarAndBeyond #BarbequeNation #ChefAshiq #MasterChefIndia #CoastalCuisine",360,8,,,barbequenation,Barbeque Nation,506635909,,FALSE,,"MalabarAndBeyond, BarbequeNation, ChefAshiq, MasterChefIndia, CoastalCuisine",,26-07-2026 11:49
3.8923E+18,Sidecar,carousel_container,DYEOAPNGIkT,https://www.instagram.com/p/DYEOAPNGIkT/,2026-05-08T05:27:29.000Z,"Punjab isn’t just a place—it’s an emotion, a legacy, and a burst of bold flavours that travel beyond borders 🔥🌾

Introducing Punjab Beyond Borders – Flavours of Undivided Punjab, a celebration of rich culinary heritage, where every dish is rooted in tradition and elevated with soul.

Curated by Chef Anshmeet Singh (MasterChef Jodi India | Top 4, 2026), this experience brings together smoky tandoors, robust gravies, and timeless recipes that capture the essence of Punjab on every plate. 

📍 Barbeque Nation, Sector 26 - Chandigarh
📅 18th – 24th May, 2026

Book your table on the Barbeque Nation app or website. 

#PunjabBeyondBorders #BarbequeNation #PunjabiFood #Chandigarh",280,12,,,barbequenation,Barbeque Nation,506635909,,FALSE,,"PunjabBeyondBorders, BarbequeNation, PunjabiFood, Chandigarh",,26-07-2026 11:49
3.88031E+18,Video,clips,DXZnmb9ATUj,https://www.instagram.com/p/DXZnmb9ATUj/,2026-04-21T16:24:55.000Z,"From Naatukozhi Rasam to Puli-then glazed Mutton Ribs… this isn’t just a menu, it’s a full-blown flavour trip 🌶️🔥

Marabu Manam brings together Tamil classics with Sri Lankan flair — think:
🍤 Poondu Podi Prawn Skewers
🍗 Ilangai Fiery Chicken Bites
🍛 Kongunadu Chicken Vellai Biryani
🥥 Curry Leaves Crème Brûlée

Crafted by Chef Selva Sunitha, this limited-time experience is not to be missed.

📍 Marina Mall, Chennai
📅 22nd–26th April

Book Your Table on the Barbeque Nation app or website. 

#MarabuManam #BarbequeNation #ChennaiEats #TamilCuisine",3729,47,158122,327761,barbequenation,Barbeque Nation,506635909,,FALSE,,"MarabuManam, BarbequeNation, ChennaiEats, TamilCuisine",,26-07-2026 11:49
3.87955E+18,Video,clips,DXW8Zcegc9H,https://www.instagram.com/p/DXW8Zcegc9H/,2026-04-20T15:29:20.000Z,"Asli Marathi swaad, straight from the Konkan coast 🌴🔥

Chef Shraddha Palande brings you a celebration of authentic Maharashtrian flavours — from kokum-infused starters to rich Malvani curries.

No shortcuts. Just real, regional recipes done right.

📍 Westend Mall, Aundh, Pune
📅 24th – 28th April

Pune, तुमचं जेवण तयार आहे ❤️

Book your table on the Barbeque Nation app or website!

#BarbequeNation #MarathiCuisine #KonkanFood #PuneFoodies #MalvaniFlavours",361,9,26625,93449,barbequenation,Barbeque Nation,506635909,,FALSE,,"BarbequeNation, MarathiCuisine, KonkanFood, PuneFoodies, MalvaniFlavours",,26-07-2026 11:49
3.86994E+18,Video,clips,DW0yTHDDRDa,https://www.instagram.com/p/DW0yTHDDRDa/,2026-04-07T09:06:06.000Z,"Hospitality training: 10/10. Responding to pspspsp: 11/10 💅

#barbequenation #explorepage #hospitalitystaff #fyp #ᴛʀᴇɴᴅɪɴɢᴘᴏsᴛ",764,13,31959,106825,barbequenation,Barbeque Nation,506635909,,FALSE,,"barbequenation, explorepage, hospitalitystaff, fyp, ᴛʀᴇɴᴅɪɴɢᴘᴏsᴛ",,26-07-2026 11:49
3.88684E+18,Video,clips,DXw1TTuzO4r,https://www.instagram.com/p/DXw1TTuzO4r/,2026-04-30T16:46:09.000Z,"Hyderabad just got a spicy twist 🌶️🇲🇽

Mirchi Mexicano is here — where bold Indian flavours meet zesty Mexican vibes! ✨
Experience an exclusive culinary takeover by Chef Kanak Khathuria (MasterChef India S1 Top 12) with dishes that bring the heat, the crunch, and all the fiesta feels 🔥🌮

📍 Nexus Hyderabad Mall, 4th floor, Kukatpally, Hyderabad
📅 6th – 10th May, 2026

Come hungry. Leave obsessed.

#MirchiMexicano #BarbequeNation #Hyderabad",289,8,10779,52469,barbequenation,Barbeque Nation,506635909,,FALSE,,"MirchiMexicano, BarbequeNation, Hyderabad",,26-07-2026 11:49
3.90273E+18,Image,feed,DYpTCh9hEbn,https://www.instagram.com/p/DYpTCh9hEbn/,2026-05-22T15:03:26.000Z,"How far will you go for Melody?

Just visit your nearest Barbeque Nation outlet 😋
Only this Saturday & Sunday, 23rd-24th May. 

#PineMelodyPastry #LimitedEdition #MelodyMoments #Melodi",164,8,,,barbequenation,Barbeque Nation,506635909,,FALSE,,"PineMelodyPastry, LimitedEdition, MelodyMoments, Melodi",,26-07-2026 11:49
3.90784E+18,Video,clips,DY7cJW_hukR,https://www.instagram.com/p/DY7cJW_hukR/,2026-05-29T16:17:29.000Z,"Dilwalo ka dil ka karar lootne...
Main aayi hoon Barbeque Nation lootne! ❤️

Experience BHANSA – The Bihar Kitchen, an exclusive culinary celebration by Chef Rachnaa Prasad, where Bihar's most loved recipes take centre stage.

📍 Barbeque Nation, Phoenix United Mall, Alambagh
📅 5th–9th June, 2026

Comment ""BHANSA"" if you're ready to taste Bihar's finest cuisine. 👇

Book Your Table on the Barbeque Nation app or website.

#UPBiharLootne #Bhansa #Bihar #barbequenation",452,10,23928,104744,barbequenation,Barbeque Nation,506635909,,FALSE,,"UPBiharLootne, Bhansa, Bihar, barbequenation",,26-07-2026 11:49
3.88068E+18,Video,clips,DXa73nsDEsu,https://www.instagram.com/p/DXa73nsDEsu/,2026-04-22T04:41:01.000Z,"Dive into Malabar & Beyond with MasterChef Winner Mohammed Ashiq bringing the bold, soulful flavours of the coast straight to your plate 🤌✨

From Smoky Jackfruit Skewers to Squid Ghee Roast, Malvani Fish Curry to Prawns Biryani — this is not just a menu, it’s a full-blown coastal escape 🌊🍤

📍 Lulu Global Mall, Bengaluru
📅 25th – 29th April

Come hungry. Leave with sand-in-your-soul kinda satisfaction. 😉

Book your table now on the Barbeque Nation app or website. 

#BarbequeNation #MalabarAndBeyond #CoastalFoodFestival #BangaloreEats",804,7,24726,93669,barbequenation,Barbeque Nation,506635909,,FALSE,,"BarbequeNation, MalabarAndBeyond, CoastalFoodFestival, BangaloreEats",,26-07-2026 11:49
3.87709E+18,Video,clips,DXOMsRmAVxp,https://www.instagram.com/p/DXOMsRmAVxp/,2026-04-17T05:59:48.000Z,"“Ghar ki yaad nahi aayi tujhe, Jassi?” 👀❤️

Aayi hogi… bas taste nahi mila hoga.

Ab milega. 🤌🔥
Presenting The Konkan Spice Table — jahan har bite mein hai ghar ka swaad, coastal masalon ka pyaar, aur asli Maharashtrian warmth. 🍲✨

Chef Shraddha Palande la rahi hain woh recipes… jo sirf khaane nahi, yaadein hain.

📍 Westend Mall, Aundh, Pune
📅 24th – 28th April

Book now on the Barbeque Nation app or website.

#KonkanFlavours #MarathiCuisine #AuthenticMaharashtra #Pune",369,34,12826,58247,barbequenation,Barbeque Nation,506635909,,FALSE,,"KonkanFlavours, MarathiCuisine, AuthenticMaharashtra, Pune",,26-07-2026 11:49
3.9151E+18,Sidecar,carousel_container,DZVO0qAGEnZ,https://www.instagram.com/p/DZVO0qAGEnZ/,2026-06-08T16:33:07.000Z,"""It's the traditional fusion of Andhra and Hyderabad. Two lands that once shared one culinary heritage.""

Experience a dish where bold Andhra spices meet the royal richness of Hyderabadi cooking, crafted by Chef Manikandan for an unforgettable culinary journey.

Join us as we celebrate flavours rooted in history, culture, and a shared love for great food.

📍 Barbeque Nation, Porur, Chennai
📅 17th – 21st June, 2026

Come hungry. Leave with a story. ❤️

#Chennai #BarbequeNation #Andhra #Hyderabadi",175,3,,,barbequenation,Barbeque Nation,506635909,,FALSE,,"Chennai, BarbequeNation, Andhra, Hyderabadi",,26-07-2026 11:49
3.86568E+18,Video,clips,DWlo46djcUh,https://www.instagram.com/p/DWlo46djcUh/,2026-04-01T11:58:13.000Z,"Old Dilli’s best-kept culinary secrets, now in Ahmedabad. 🏰✨

Join us for Shahi Zaika, an exclusive royal feast curated by Chef Yashita. From the melt-in-the-mouth Khumb Galauti and Veg Shammi Kebab to the rich Shahi Kaju Aloo and Arbi ki Nihari, taste the authentic flavors that have traveled from the lanes of Delhi to your plate.

📍 Venue: Barbeque Nation, Nexus Ahmedabad One Mall
📅 Date: 3rd – 9th April, 2026

In collaboration with @chefp.in

Book your table now on the Barbeque Nation website.

#barebequenation #foodpopup #ChefYashtika #ahmedabad",324,27,10589,57783,barbequenation,Barbeque Nation,506635909,,FALSE,,"barebequenation, foodpopup, ChefYashtika, ahmedabad",chefp.in,26-07-2026 11:49
3.8571E+18,Image,feed,DWHL6rEDBaq,https://www.instagram.com/p/DWHL6rEDBaq/,2026-03-20T16:05:23.000Z,"A feast shared with loved ones makes Eid even more special. Wishing you warmth, joy, and togetherness this festive season. 🌙🍽️

#barebequenation #eid #feast",77,2,,,barbequenation,Barbeque Nation,506635909,,FALSE,,"barebequenation, eid, feast",,26-07-2026 11:49
3.86423E+18,Video,clips,DWgfLOpDdfu,https://www.instagram.com/p/DWgfLOpDdfu/,2026-03-30T11:54:16.000Z,"Monali, from Assam, joined Barbeque Nation in 2022—and in just 3.5 years, has carved her journey across bakery, display, and live kitchen, now thriving as a cuisine chef.

Through every challenge, it was the people who stood by her teaching, supporting, and growing together. Because sometimes, a workplace becomes more than just work it becomes your biggest strength.

At Barbeque Nation, we are proud to have strong, determined, and inspiring women like Monali who are building their own paths, one step at a time.

To every girl out there your journey may begin with uncertainty, but it can lead to something powerful. 💪

#WomenInHospitality #BarbequeNation #SheAte",110,8,5315,32446,barbequenation,Barbeque Nation,506635909,,FALSE,,"WomenInHospitality, BarbequeNation, SheAte",,26-07-2026 11:49
3.88946E+18,Video,clips,DX6IkJxBHF7,https://www.instagram.com/p/DX6IkJxBHF7/,2026-05-04T07:28:29.000Z,"Hyderabad 🤝 Mexico — a bold, flavour-packed match 🔥🌮

Smoky grills, zesty salsas, and spice in every bite — where tandoor meets tortilla and cultures collide deliciously 🌶️✨

⏳ Just 2 days to go for the Mirchi Mexicano pop-up!

📍 Nexus Hyderabad Mall, 4th floor, Kukatpally, Hyderabad
📅 6th – 10th May

#MirchiMexicano #Hyderabad #Mexican #BarbequeNation",210,8,13637,60705,barbequenation,Barbeque Nation,506635909,,FALSE,,"MirchiMexicano, Hyderabad, Mexican, BarbequeNation",,26-07-2026 11:49
3.86184E+18,Image,feed,DWYBkfxDFme,https://www.instagram.com/p/DWYBkfxDFme/,2026-03-27T05:00:00.000Z,"Navratri is as much about the shared smiles as it is about the prayers. 🥘💛

Celebrate the spirit of these nine nights with a feast that brings everyone closer. Because the best part of any festival is the family gathered around the table.

( Barbeque Nation, Navratri, Feast, Fasting, Grills, Vibes )",54,3,,,barbequenation,Barbeque Nation,506635909,,FALSE,,,,26-07-2026 11:49
3.86277E+18,Video,clips,DWbTz-nEmeY,https://www.instagram.com/p/DWbTz-nEmeY/,2026-03-28T11:38:38.000Z,"Chef @ankigudiya, from Himachal and now a proud part of Barbeque Nation, Sona Road, is a reflection of what happens when determination meets opportunity. With every passing day, she’s turned fear into confidence, and effort into excellence.

At Barbeque Nation, we don’t just build teams—we build people. And we are incredibly proud to have strong, resilient, and exemplary women like Chef Ankita shaping our kitchens and inspiring everyone around them.

To every girl watching—there is no role you cannot step into, no space you cannot own.

#WomenInHospitality #BarbequeNation #SheAte",119,5,5697,40001,barbequenation,Barbeque Nation,506635909,,FALSE,,"WomenInHospitality, BarbequeNation, SheAte",ankigudiya,26-07-2026 11:49
3.8779E+18,Video,clips,DXRFCbHAZ47,https://www.instagram.com/p/DXRFCbHAZ47/,2026-04-18T08:49:14.000Z,"Vanakkam Chennai! 🌴✨
Chef Selva Sunitha is inviting you to experience Marabu Manam — a soulful celebration of Tamil roots infused with bold Sri Lankan flavours 🇮🇳🤝🇱🇰

From nostalgic aromas to reimagined classics, this is where tradition meets fire, spice, and storytelling on a plate 🔥🍢

📍 Marina Mall, Chennai
📅 22nd – 26th April, 2026

Come hungry. Leave with memories. ❤️
Book your table on the Barbeque Nation app or website. 

#MarabuManam #BarbequeNation #Chennai #SouthIndianCuisine #SriLankan",703,14,23002,96043,barbequenation,Barbeque Nation,506635909,,FALSE,,"MarabuManam, BarbequeNation, Chennai, SouthIndianCuisine, SriLankan",,26-07-2026 11:49
3.85745E+18,Sidecar,carousel_container,DWIaZ35jUxy,https://www.instagram.com/p/DWIaZ35jUxy/,2026-03-21T03:30:00.000Z,"The era of Old Mughlai heritage arrives in Ahmedabad. 🥘👑

Prepare for a royal takeover as Chef Yashita brings Shahi Zaika to Barbeque Nation. Indulge in a specially curated menu featuring Awadhi Murgh Biryani, Shahi Tukda, and more each crafted with the precision and soul of the past.

📍 Venue: Nexus One Mall, Ahmedabad

📅 Date: 3rd – 9th April, 2026

Experience the soul of an Old Mughlai Culinary Heritage.

In collaboration with @chefp.in

Book your table now on the Barbeque Nation website or app.

#barbeque_nation #foodpopup #chefyashita #mughlaifood",194,33,,,barbequenation,Barbeque Nation,506635909,,FALSE,,"barbeque_nation, foodpopup, chefyashita, mughlaifood",chefp.in,26-07-2026 11:49
3.86571E+18,Image,feed,DWlw2xvjTXF,https://www.instagram.com/p/DWlw2xvjTXF/,2026-04-01T13:06:15.000Z,"This is your sign to take a break… 🍫and indulge in unlimited desserts at Barbeque Nation 😌🍰

#barbequenation #kitkat #unlimitedbuffet #desserts",543,18,,,barbequenation,Barbeque Nation,506635909,,FALSE,,"barbequenation, kitkat, unlimitedbuffet, desserts",,26-07-2026 11:49
3.86066E+18,Image,feed,DWT08I-DE2x,https://www.instagram.com/p/DWT08I-DE2x/,2026-03-25T13:53:49.000Z,"Your city is about to get loaded with new flavors! 🥗🔥

Get ready for a massive culinary takeover as MasterChef winners and experts bring their signature touch to your favorite table. From the royal lanes of Old Dilli to the soulful tastes of the South, this April is all about “Barbeque Vibes.”

• Ahmedabad: Chef Yashita Agarwal
• Bengaluru: Chef Mohammed Ashiq
• Chennai: Chef Selva Sunitha

Coming soon to your city... Stay tuned!",65,3,,,barbequenation,Barbeque Nation,506635909,,FALSE,,,,26-07-2026 11:49
3.88356E+18,Sidecar,carousel_container,DXlKiO4kqrg,https://www.instagram.com/p/DXlKiO4kqrg/,2026-04-26T04:00:53.000Z,"Mirchi Mexicano is here! 🇮🇳🤝🇲🇽
A bold, flavour-packed celebration where Hyderabad’s spice meets the soul of Mexico—crafted to excite every bite.

Featuring Chef Kanak Khathuria (MasterChef India S1 Top 12)
✨ Expect vibrant flavours, smoky grills, and a menu that’s anything but ordinary

📍 Nexus Mall Kukatpally, Hyderabad
📅 6th – 10th May, 2026

This is not just a meal—it’s a cross-cultural fiesta you don’t want to miss 💃🌮

Book now on the Barbeque Nation app or website

#MirchiMexicano #HyderabadEats #BarbequeNation #FoodFestival #MexicanFlavours",147,7,,,barbequenation,Barbeque Nation,506635909,,FALSE,,"MirchiMexicano, HyderabadEats, BarbequeNation, FoodFestival, MexicanFlavours",,26-07-2026 11:49
3.86933E+18,Video,clips,DWynV6bDYcS,https://www.instagram.com/p/DWynV6bDYcS/,2026-04-06T12:52:06.000Z,"Experience the flavors that Ahmedabad can’t stop talking about! 🥘🌟

Our guests at Nexus One Mall have spoken! The standout stars of Shahi Zaika from the “excellent” Badami Shorba 
 to the unique Vegetarian Nihari are winning hearts across the city. 
Chef Yashita invites you to taste the heritage of Old Dilli, crafted with the same precision and love that made these dishes legendary.

Don’t just take our word for it come see why our guests are calling it an “unforgettable” feast!

📍 Venue: Nexus One Mall, Ahmedabad

📅 Date: 3rd – 9th April, 2026

Treat yourself to a legacy of flavor.

Reserve your table now via the Barbeque Nation app or the link in our bio.",334,19,15035,58631,barbequenation,Barbeque Nation,506635909,,FALSE,,,,26-07-2026 11:49
3.8504E+18,Video,clips,DVvXCPSErD5,https://www.instagram.com/p/DVvXCPSErD5/,2026-03-11T10:00:42.000Z,"🔥✨ It’s Tikka Time! ✨🔥
Smoky, juicy, straight-off-the-grill Chicken Tikka that sparks endless conversations.

One of the most loved starters at the table, and the perfect excuse for team bonding!

Find your reason to meet at Barbeque Nation.
Kyon ki milne ki bhookh acchi bhookh hai. 🤗

#MilneKiBhookh #BarbequeNation",228,26,12083,68952,barbequenation,Barbeque Nation,506635909,,FALSE,,"MilneKiBhookh, BarbequeNation",,26-07-2026 11:49
3.86406E+18,Video,clips,DWf4xTBEdXy,https://www.instagram.com/p/DWf4xTBEdXy/,2026-03-30T06:19:34.000Z,"Something BIG is grilling its way to your city this April… and trust us, you don’t want to miss this 🔥👀

Barbeque Nation VIBES is bringing together some of the finest culinary talent for an experience that’s loaded with bold flavours, limited-time dishes, and serious food FOMO. 🍢✨

✴️Chef Yashita Agarwal – Nexus One Mall, Ahmedabad
✴️Chef Mohammed Ashiq – Lulu Global Mall, Bengaluru
✴️Chef Selva Sunitha – Marina Mall, Chennai

Each chef is curating exclusive pop-up specials you won’t find on the regular menu — think unique takes, regional inspirations, and dishes crafted just for this moment.

This isn’t just a meal… it’s a limited-time vibe. And once it’s gone, it’s gone. ⏳🔥

📍 Coming soon to your city
👉 Stay tuned & be the first to experience it

#BarbequeNation #BNVibes #FoodFOMO #LimitedTimeOnly",229,9,12402,82213,barbequenation,Barbeque Nation,506635909,,FALSE,,"BarbequeNation, BNVibes, FoodFOMO, LimitedTimeOnly",,26-07-2026 11:49
3.84884E+18,Video,clips,DVp033HDLAy,https://www.instagram.com/p/DVp033HDLAy/,2026-03-09T06:26:37.000Z,"Chef Suvarna Vijay Bagul is bringing her signature flair to Barbeque Nation with a limited-time culinary pop-up. From the first sizzle to the final bite, experience a legacy of warmth and soul that has our guests saying, “It’s just that good!” 👑🍽️

Don’t miss this chance to taste the authentic yet innovative flavors of the South, curated by one of the best.

📍 Location: Barbeque Nation, Amanora Mall, Pune
📅 Date: 6th – 10th March, 2026
Experience the magic of the South!

Reserve a table now via the Barbeque Nation app or website! 

#barbequenation #foodpopup #southfood #chefsuvarna #southernsangamam",272,12,21074,74556,barbequenation,Barbeque Nation,506635909,,FALSE,,"barbequenation, foodpopup, southfood, chefsuvarna, southernsangamam",,26-07-2026 11:49
3.87373E+18,Sidecar,carousel_container,DXCRMIamPCG,https://www.instagram.com/p/DXCRMIamPCG/,2026-04-12T14:45:27.000Z,"Marabu Manam arrives in Chennai!
A celebration of Tamil flavours, reimagined with depth, fire & soul of Sri Lanka. 

Curated by Chef Selva Sunitha — MasterChef India Season 1 Top 7 

This limited-time pop-up brings together coastal influences, bold spice profiles, and stories rooted in tradition, served with a contemporary edge.

📍 Marina Mall, Chennai
📅 22nd – 26th April, 2026

👉 Book now on the Barbeque Nation app or website

#MarabuManam #BarbequeNation #Chennai",553,45,,,barbequenation,Barbeque Nation,506635909,,FALSE,,"MarabuManam, BarbequeNation, Chennai",,26-07-2026 11:49
3.87574E+18,Sidecar,carousel_container,DXJYLXVGLbh,https://www.instagram.com/p/DXJYLXVGLbh/,2026-04-15T09:01:11.000Z,"Pune, an experience worth slowing down for. ✨

Presenting The Konkan Spice Table 🍲
A refined celebration of Maharashtrian cuisine—where coastal flavours meet timeless tradition, brought together with thoughtful finesse.

Curated by Chef Shraddha Palande 👩‍🍳 (Times Power Food Creator, 2026), this limited-time menu captures the depth, warmth, and quiet elegance of Konkan’s culinary heritage.

📍 Westend Mall, Aundh, Pune
📅 24th – 28th April

An intimate journey of flavour awaits.
Reserve your table on the Barbeque Nation app or website.

#KonkanSpiceTable #MaharashtrianCuisine #PuneDining #BarbequeNation",224,23,,,barbequenation,Barbeque Nation,506635909,,FALSE,,"KonkanSpiceTable, MaharashtrianCuisine, PuneDining, BarbequeNation",,26-07-2026 11:49
3.89158E+18,Video,clips,DYBpwy6hRdt,https://www.instagram.com/p/DYBpwy6hRdt/,2026-05-07T05:34:07.000Z,"May is about to taste different 🔥

Something exciting is hitting your city—bold flavours, fresh ideas, and chefs you’ll want to keep an eye on 👀🍢

👨‍🍳 Chef Kenneth Gopinath — Bengaluru
👩‍🍳 Chef Kanak Khathuria — Hyderabad
👨‍🍳 Chef Anshmeet Singh — Chandigarh

From Bengaluru to Hyderabad to Chandigarh, we’re bringing together new culinary vibes that are anything but ordinary.

Get ready to discover, indulge, and keep coming back for more.

📍 Coming soon to your city

Book your table on Barbeque Nation app or website.

#BarbequeNation #Vibes #ComingSoon",144,14,6624,46676,barbequenation,Barbeque Nation,506635909,,FALSE,,"BarbequeNation, Vibes, ComingSoon",,26-07-2026 11:49
3.85408E+18,Image,feed,DV8cM-ekmap,https://www.instagram.com/p/DV8cM-ekmap/,2026-03-16T11:54:54.000Z,"Where there’s Chicken Tikka, conversations never stop. 🔥
The perfect recipe for team bonding!

Find your reason to meet at Barbeque Nation. 
Kyonki Milne Ki Bhookh, Acchi Bhookh Hai. ❤️

#MilneKiBhookh #BarbequeNation",52,2,,,barbequenation,Barbeque Nation,506635909,,FALSE,,"MilneKiBhookh, BarbequeNation",,26-07-2026 11:49
3.84694E+18,Video,clips,DVjEbmgDD9K,https://www.instagram.com/p/DVjEbmgDD9K/,2026-03-06T15:26:37.000Z,"Caption :-
MUST VISIT @barbequenation soon ❤️
Big Buffet :-
📍 Location: 
💰 Lunch Price: ₹399 only
🍲 Menu: 30+ Veg & Non-Veg Dishes
🔥 Free Unlimited Sizzlers
🎉 Perfect Celebration Point (Birthdays, get-togethers & more)
📲 Extra Benefit: Cashback available on booking through the app
.
Location & contact details on reel screen 📺",3,7,14005,69099,kiaan._.sachdev,𝐊𝐢𝐰𝐢 & 𝐌𝐮𝐦𝐦𝐚,31472182762,,FALSE,,,barbequenation,26-07-2026 11:49
3.86761E+18,Video,clips,DWsfqzqAVAu,https://www.instagram.com/p/DWsfqzqAVAu/,2026-04-04T03:52:22.000Z,"Just delivering what “best hospitality” looks like 🔥😌

#barbequenation #explorepage #hospitalitystaff #fyp #trending",363,11,21370,76424,barbequenation,Barbeque Nation,506635909,,FALSE,,"barbequenation, explorepage, hospitalitystaff, fyp, trending",,26-07-2026 11:49
3.84621E+18,Video,clips,DVgffzqDGqF,https://www.instagram.com/p/DVgffzqDGqF/,2026-03-05T15:26:33.000Z,"Step into a world of southern flavors with The Southern Sangam, an exclusive pop-up curated by MasterChef India’s own Chef Suvarna Vijay Bagul.

Witness the mastery behind the “Four Flavours of Dakshin” as Chef Suvarna brings her signature flair and soulful recipes to your table. It’s a limited-time celebration of South Indian heritage you won’t want to miss.

📍 Location: Barbeque Nation, Amanora Mall, Pune
📅 Date: 6th – 10th March, 2026

Experience the magic of the South!

Reserve a table now via the Barbeque Nation app or the link in our bio.

#barbequenation #foodpopup #southindianfood #masterchef #SouthernSangam",102,2,7258,37485,barbequenation,Barbeque Nation,506635909,,FALSE,,"barbequenation, foodpopup, southindianfood, masterchef, SouthernSangam",,26-07-2026 11:49
3.84825E+18,Video,clips,DVnu2QIEp4Q,https://www.instagram.com/p/DVnu2QIEp4Q/,2026-03-08T10:54:14.000Z,"She ate doubt.
She ate fear.
She ate every “no” they served her.

And today, she runs the show and rules the grill. 🔥

This Women’s Day, we celebrate the women who bring the fire to Barbeque Nation every single day. 

#SheAte #WomensDay #BarbequeNation",261,1,6653,36355,barbequenation,Barbeque Nation,506635909,,FALSE,,"SheAte, WomensDay, BarbequeNation",,26-07-2026 11:49
3.84905E+18,Video,clips,DVqkEcYjIr-,https://www.instagram.com/p/DVqkEcYjIr-/,2026-03-09T13:20:32.000Z,"Experience Maharashtra like never before with Konkan to Kolhapur.

Chef Prachi Agarkar invites you to a specially curated feast at Barbeque Nation, bringing together the soul of the coastline and the warmth of the countryside. 

Come taste an amazing spread that celebrates the vibrant flavors of Maharashtra, from fresh coastal delicacies to the fiery spice of Kolhapur.

📍 Location: Barbeque Nation, Phoenix Marketcity, Kurla

📅 Date: 11th – 15th March, 2026
Come taste Maharashtra the way it’s meant to be!

Reserve a table now via the Barbeque Nation app or website! 

#barbequenation #foodpopup #ChefPrachiAgarkar #konkan",263,32,13240,69810,barbequenation,Barbeque Nation,506635909,,FALSE,,"barbequenation, foodpopup, ChefPrachiAgarkar, konkan",,26-07-2026 11:49
3.86295E+18,Video,clips,DWb9MAyjcFb,https://www.instagram.com/p/DWb9MAyjcFb/,2026-03-28T17:40:19.000Z,"KEM CHO AMDAVAD!

Join Chef Yashita, an expert in Old Delhi Mughlai cuisine, as she brings alive the richness of Shahi Zaika – A Royal Mughlai Feast. 👑

And here’s what makes it truly special — indulge in rare & exquisite vegetarian Mughlai dishes, a side of Mughlai cuisine you don’t often get to experience. From indulgent gravies to delicately spiced kebabs, every bite is crafted to surprise. 🌿

📍 Venue: Nexus One Mall, Ahmedabad
📅 Dates: 3rd – 9th April, 2026

In collaboration with @chefp.in

👉 Book your table now on the Barbeque Nation website or app!

Ahmedabad food lovers | Amdavad food scene | Mughlai food festival | Veg Mughlai dishes | Fine dining Ahmedabad",230,43,11949,60057,barbequenation,Barbeque Nation,506635909,,FALSE,,,chefp.in,26-07-2026 11:49
3.83826E+18,Video,clips,DVEPHLREuRC,https://www.instagram.com/p/DVEPHLREuRC/,2026-02-22T16:04:05.000Z,"Discover the delicate flavours of Kashmiri Pandit cuisine with Chef Rajni Jinsi. ✨

From the light, aromatic comfort of Chicken Yakhni to the rich, soulful depth of Matsch (Mutton Kofta), each dish reflects generations of tradition and balance.

Join us at Riwaayat-e-Kashmir at Crown Interiorz Mall

🗓️ 23rd – 27th February
📍 Crown Interiorz Mall, Faridabad

Experience authentic flavours, thoughtfully prepared and beautifully presented.

#RiwaayateKashmir #KashmiriPandit #barbequenation
#faridabad",83,0,4332,28004,barbequenation,Barbeque Nation,506635909,,FALSE,,"RiwaayateKashmir, KashmiriPandit, barbequenation, faridabad",,26-07-2026 11:49
3.84954E+18,Video,clips,DVsTYgUDMvT,https://www.instagram.com/p/DVsTYgUDMvT/,2026-03-10T05:32:58.000Z,"Today is your last chance to experience the Southern Sangam! 🌶️⌛

Pune, the journey is coming to an end. Today is the final day to witness the “Four Flavours of Dakshin” curated by MasterChef India’s Chef Suvarna Vijay Bagul. If you haven’t tasted this bold, fire-kissed South Indian feast yet, now is the time!

Don’t let these authentic flavors slip away once the day is over, the legacy travels on. 🍛👑

📍 Location: Barbeque Nation, Amanora Mall, Pune
📅 Last Day: Today, 10th March, 2026

Savor the tradition before it’s gone!

Reserve a table now via the Barbeque Nation app or website! 

#barbequenation #foodpopup #southernsangam #chefsuvarna #pune",661,12,37093,96918,barbequenation,Barbeque Nation,506635909,,FALSE,,"barbequenation, foodpopup, southernsangam, chefsuvarna, pune",,26-07-2026 11:49
3.84966E+18,Video,clips,DVsu-GrDN6C,https://www.instagram.com/p/DVsu-GrDN6C/,2026-03-10T09:30:00.000Z,"Experience a legacy passed down through three generations. Chef Prachi Agarkar brings you the authentic Maharashtrian flavors she learned from her mother, who learned them from her grandmother. 

From the “zanzanit” spice of Kolhapur to the soulful coastal recipes of Konkan, every dish is a piece of her history.

📍 Location: Barbeque Nation, Phoenix Marketcity, Kurla
📅 Date: 11th – 15th March, 2026

Savor the tradition before it’s gone!

Reserve a table now via the Barbeque Nation app or website! 

#barbequenation #foodpopup #chefprachiagarkar #maharashtra",416,9,16424,64935,barbequenation,Barbeque Nation,506635909,,FALSE,,"barbequenation, foodpopup, chefprachiagarkar, maharashtra",,26-07-2026 11:49
3.84379E+18,Video,clips,DVX5yp6De_p,https://www.instagram.com/p/DVX5yp6De_p/,2026-03-02T07:22:15.000Z,"The ‘hmmmmm’ hits different after a hearty, unlimited feast.

(Barbeque Nation, Celebration, Togetherness, love, Unlimited, Grills, Buffet)",87,1,7845,44639,barbequenation,Barbeque Nation,506635909,,FALSE,,,,26-07-2026 11:49
3.83902E+18,Video,clips,DVG8wYtkjzb,https://www.instagram.com/p/DVG8wYtkjzb/,2026-02-23T17:21:10.000Z,"They thought South Indian food was predictable.
Chef Rohit thought otherwise.

“South Indian cuisine has never been limited. It’s bold, layered and endlessly versatile — you just have to let it evolve.”

From crisp dosas layered with fiery chicken ghee roast to a tiramisu that surprised every table — this pop-up wasn’t about fusion for the sake of it. It was about breaking perception.

At Barbeque Nation, we’re proud to host experiences that challenge the stereotype and celebrate the true depth of regional Indian flavours.

If you were there, you witnessed it.
If you missed it — this is your sign to never underestimate South Indian cuisine again.

#DakshinExpress #SouthIndianFusion #BarbequeNation #ChefRohitGhosh",126,1,7667,30731,barbequenation,Barbeque Nation,506635909,,FALSE,,"DakshinExpress, SouthIndianFusion, BarbequeNation, ChefRohitGhosh",,26-07-2026 11:49
3.84318E+18,Video,clips,DVVtGVYEzx_,https://www.instagram.com/p/DVVtGVYEzx_/,2026-03-01T10:53:34.000Z,"What does it really take to build a brand that people don’t just dine at but genuinely connect with? 

In this episode of Iconic Brand Stories, Tina Garg sits down with a leader from Barbeque Nation to unpack the strategy behind one of India’s most loved dining experiences. From customer engagement and experiential retail to storytelling and brand consistency, discover how BBQ Nation has built loyalty beyond just food.

If you care about marketing, entrepreneurship, and building brands that create lasting impact, this conversation is packed with insights.

Full episode out now.

#IconicBrandStories #BarbequeNation #BrandBuilding #Entrepreneurship #MarketingStrategy RestaurantBranding IndianBrands FounderInsights",69,3,5119,29251,iconic.brand.stories,Iconic Brand Stories,73291221178,,FALSE,,"IconicBrandStories, BarbequeNation, BrandBuilding, Entrepreneurship, MarketingStrategy",,26-07-2026 11:49
3.83928E+18,Video,clips,DVH4VzPk6S-,https://www.instagram.com/p/DVH4VzPk6S-/,2026-02-24T02:00:41.000Z,"Experience the authentic flavours of Kashmiri Pandit cuisine with Chef Rajni Jinsi. ✨

From the crisp, spice-kissed richness of Mutton Kabargah, to the delicate saffron notes of Chaman Kaliya, and the comforting, home-style warmth of Bandh Patra — every dish is rooted in tradition and crafted with care.

Join us at Riwaayat-e-Kashmir at Crown Interiorz Mall

🗓️ 23rd – 27th February
📍 Crown Interiorz Mall, Faridabad

Come savour recipes that celebrate heritage, balance, and the true essence of Kashmiri Pandit cuisine.

#RiwaayateKashmir #ChefRajniJinsi #KashmiriCuisine #BarbequeNation #FaridabadEvents",71,20,5143,29200,barbequenation,Barbeque Nation,506635909,,FALSE,,"RiwaayateKashmir, ChefRajniJinsi, KashmiriCuisine, BarbequeNation, FaridabadEvents",,26-07-2026 11:49
3.83758E+18,Video,clips,DVB1UpqkijA,https://www.instagram.com/p/DVB1UpqkijA/,2026-02-21T17:39:19.000Z,"From the streets of Madras to the live grill 🔥
Chef Praveen Kumar brings Theeyil Thamizhan to Barbeque Nation — a fiery celebration of Tamil flavours, smoke-kissed spices, and stories served straight from the heart of the South.

This isn’t just a pop-up, it’s a culinary journey crafted exclusively for Chennai. 🌶️🍃

📍 Grand Square Mall, Chennai
📅 18th – 22nd February 2026

Come experience bold Tamil flavours, signature creations, and grills that speak the language of fire.

Book your table now on the Barbeque Nation app or website. 

#TheeyilThamizhan #BarbequeNation #ChennaiEvents #PopUpExperience",139,2,5329,25490,barbequenation,Barbeque Nation,506635909,,FALSE,,"TheeyilThamizhan, BarbequeNation, ChennaiEvents, PopUpExperience",,26-07-2026 11:49
3.84522E+18,Image,feed,DVc-VR0jJyo,https://www.instagram.com/p/DVc-VR0jJyo/,2026-03-04T06:41:16.000Z,"Splash into celebration mode 🍢✨ 
Where every plate is a burst of color and every bite feels like a party!

( Holi vibes, Holi, Barbeque Nation, BBQ dining, Colourful feast, Festival of flavours )",31,0,,,barbequenation,Barbeque Nation,506635909,,FALSE,,,,26-07-2026 11:49
3.84304E+18,Video,clips,DVVPCNJDOZh,https://www.instagram.com/p/DVVPCNJDOZh/,2026-03-01T06:30:31.000Z,"At Barbeque Nation, every grill tells a story, every bite brings people closer, and every table turns into a celebration. Come, speak the flavour of fun.

(Barbeque Nation, Celebration, Togetherness, Unlimited, Buffet, Grill)",69,1,5080,26762,barbequenation,Barbeque Nation,506635909,,FALSE,,,,26-07-2026 11:49
3.8598E+18,Image,feed,DWQw2fBDaFb,https://www.instagram.com/p/DWQw2fBDaFb/,2026-03-24T09:28:10.000Z,"Scene set hai, table loaded hai… bas entry aapki baaki hai. 😎

#barbequenation #barbequevibes #dhurandhar2 #dhurandhartherevenge 

[mere bachche, dhurandhar2, dhurandhar]",675,22,,,barbequenation,Barbeque Nation,506635909,,FALSE,,"barbequenation, barbequevibes, dhurandhar2, dhurandhartherevenge",,26-07-2026 11:49
3.84482E+18,Sidecar,carousel_container,DVbjF7ZjT3s,https://www.instagram.com/p/DVbjF7ZjT3s/,2026-03-03T17:20:07.000Z,"We’re bringing Maharashtra’s boldest flavours under one roof with Chef Prachi Agarkar, Times Best Female Food Creator 2025 — for a feast that’s coastal, fiery, and unapologetically authentic.

From spicy Kolhapuri favourites to rich Konkan curries, this limited-edition spread is a celebration of everything you love about Maharashtrian cuisine.

📍 Barbeque Nation, Phoenix Marketcity, Kurla
📅 11th – 15th March, 2026

Five days. Countless flavours. One epic feast at Barbeque Nation.

Tag your foodie gang and book your table now!

#KonkanToKolhapur #BarbequeNation #MaharashtrianFood #MumbaiFoodies #FoodFestival",370,17,,,barbequenation,Barbeque Nation,506635909,,FALSE,,"KonkanToKolhapur, BarbequeNation, MaharashtrianFood, MumbaiFoodies, FoodFestival",,26-07-2026 11:49
3.85206E+18,Video,clips,DV1RK2ojTpr,https://www.instagram.com/p/DV1RK2ojTpr/,2026-03-13T17:05:01.000Z,"Can you see this crowd? Mumbai has fallen in love! 🌊🔥👯‍♀️

The response to Konkan to Kolhapur at Kurla has been absolutely overwhelming! From Chef Prachi Agarkar’s family recipes to the “super hit” flavors seen on MasterChef, everyone is here to grab a seat at this Maharashtrian feast.
 
Whether it’s the signature Thecha Paneer or the innovative Coconut Jaggery Parfait, the vibes are unmatched!

📍 Location: Barbeque Nation, Phoenix Marketcity, Kurla
📅 Only 2 Days Left! (Pop-up ends 15th March)

Savor the tradition before it’s gone!

Reserve a table now via the Barbeque Nation app or website.

#barbequenation #foodpopup #chefprachiagarkar #maharashtra",458,19,18290,61970,barbequenation,Barbeque Nation,506635909,,FALSE,,"barbequenation, foodpopup, chefprachiagarkar, maharashtra",,26-07-2026 11:49
3.84844E+18,Image,feed,DVoZ8OBDA-_,https://www.instagram.com/p/DVoZ8OBDA-_/,2026-03-08T17:14:32.000Z,"When the Nation grills, victory gets served 🇮🇳🔥

#teamindia🇮🇳 #barbequenation #t20worldcup2026 #bleedblue",102,3,,,barbequenation,Barbeque Nation,506635909,,FALSE,,"teamindia🇮🇳, barbequenation, t20worldcup2026, bleedblue",,26-07-2026 11:49
3.94389E+18,Video,clips,Da7hT0Eh_NV,https://www.instagram.com/p/Da7hT0Eh_NV/,2026-07-18T09:58:05.000Z,"Just 1 Day Left!

Your last chance to experience The Nawab's Table with Chef Aditya Sahu—an exclusive culinary showcase where Mughlai classics meet contemporary craftsmanship.

📍 Barbeque Nation, Fun Republic, Lokhandwala, Mumbai
📅 Ends Tomorrow | 19th July, 2026

Reserve your table now on the Barbeque Nation App or Website, or call 08069026720.

#BarbequeNation #Mumbai

Mumbai food festival | Mumbai chef pop up | Mughlai food Mumbai | Lokhandwala restaurants | Andheri West restaurants | Buffet in Mumbai | Unlimited buffet Mumbai",162,22,,38590,barbequenation,Barbeque Nation,506635909,,FALSE,,"BarbequeNation, Mumbai",,26-07-2026 11:49
3.9148E+18,Video,clips,DZUJid5Bt8O,https://www.instagram.com/p/DZUJid5Bt8O/,2026-06-08T06:29:01.000Z,"Only 2 Days Left, Lucknow!

Nawabo ke Shehar mein le aayi hoon Bihar Kitchens ka swaad — and the response has been incredible! 🤎🍲

Don't miss your chance to experience BHANSA, a celebration of Bihar's rich culinary heritage curated by the award-winning Chef Rachnaa Prasad.

From rustic home-style favourites to regional delicacies packed with flavour, every dish tells a story.

📍 Phoenix United Mall, Alambagh, Lucknow
📅 Till 9th June, 2026

Tag your foodie gang 👇 and book your table now on the Barbeque Nation app or website.

#Bhansa #BihariCuisine #Lucknow #BarbequeNation",171,6,7201,44351,barbequenation,Barbeque Nation,506635909,,FALSE,,"Bhansa, BihariCuisine, Lucknow, BarbequeNation",,26-07-2026 11:49
3.83674E+18,Video,clips,DU-2yEwEqg3,https://www.instagram.com/p/DU-2yEwEqg3/,2026-02-20T13:56:01.000Z,"From the first fold of the momo to the last bite of Sel Roti, Kolkata showed up for the true Haat to Thaali ❤️

For 7 unforgettable days, Barbeque Nation Park Street turned into a Himalayan kitchen — where Sadheko Momo, Alu Dum, Chicken Curry with timboor, and Mula ko Achar became the heroes of your table 

With Chef Arati Thapa bringing stories from the mountains to your thaali, this wasn’t just a pop-up — it was a celebration of togetherness, warmth, and bold Himalayan flavours 

To everyone who joined us between 9th–15th February — thank you for making it magical.
And if you missed it… tell us in the comments if we should bring Nepal back to Kolkata 🇳🇵🔥

#HaatToThaali #BarbequeNation",234,16,5143,24374,barbequenation,Barbeque Nation,506635909,,FALSE,,"HaatToThaali, BarbequeNation",,26-07-2026 11:49
3.83508E+18,Image,feed,DU49CJCEgHh,https://www.instagram.com/p/DU49CJCEgHh/,2026-02-18T06:53:25.000Z,"Perfect excuse to meet? This creamy, chilled, melt-in-your-mouth kulfi. 🍨💛

Find your reason to meet at Barbeque Nation. Kyon ki milne ki bhookh acchi bhookh hai. 🤗

#MilneKiBhookh #BarbequeNation",33,1,,,barbequenation,Barbeque Nation,506635909,,FALSE,,"MilneKiBhookh, BarbequeNation",,26-07-2026 11:49
3.83599E+18,Video,clips,DU8KUafkgqR,https://www.instagram.com/p/DU8KUafkgqR/,2026-02-19T12:47:43.000Z,"This February, we bring you a culinary story straight from the heart of Kashmir. ✨

Presenting Riwaayat-e-Kashmir – A Kashmiri Pandit Culinary Journey, curated and led by Chef Rajni Jinsi, an expert in authentic Kashmiri Pandit cuisine.

From the soulful warmth of Chicken Yakhni to the richness of Matsch (Mutton Kofta) and the comforting flavours of Chaman Kaliya, every dish on this limited-period menu carries tradition, legacy and love.

Join us as Chef Rajni shares the essence of generations through every bite.

📅 23rd – 28th February, 2026
📍 Crown Interiorz Mall, Faridabad

Book Your Table Today on the Barbeque Nation website or app

#RiwaayatEKashmir #BarbequeNation #KashmiriPanditCuisine #FoodFestival #FaridabadFoodies",132,1,3751,19985,barbequenation,Barbeque Nation,506635909,,FALSE,,"RiwaayatEKashmir, BarbequeNation, KashmiriPanditCuisine, FoodFestival, FaridabadFoodies",,26-07-2026 11:49
3.836E+18,Image,feed,DU8NZQTjG42,https://www.instagram.com/p/DU8NZQTjG42/,2026-02-19T13:14:06.000Z,"From chaats to sizzling chicken starters to comforting daal chawal, one place where three generations happily share the same table 😋✨️

( Barbeque Nation, Celebration, Togetherness, Trending, trend , First in my bloodline )",35,2,,,barbequenation,Barbeque Nation,506635909,,FALSE,,,,26-07-2026 11:49
3.83535E+18,Sidecar,carousel_container,DU56cuajNtG,https://www.instagram.com/p/DU56cuajNtG/,2026-02-18T15:50:01.000Z,"Riwaayat-e-Kashmir brings you an authentic Kashmiri Pandit culinary journey curated by Chef Rajni Jinsi, where every dish carries legacy, warmth, and soul.
A legacy served for a limited time be part of the experience. 🍽️✨

📍 Location: Barbeque Nation, Crown Interiorz Mall, Faridabad
📅 Date: 23rd – 28th February, 2026

Book you table today on the Barbeque Nation website or app

#barebequenation #kashmirfood #foodpopup #limitedfood #Riwaayat-e-Kashmir",75,0,,,barbequenation,Barbeque Nation,506635909,,FALSE,,"barebequenation, kashmirfood, foodpopup, limitedfood, Riwaayat-e-Kashmir",,26-07-2026 11:49
3.83424E+18,Video,clips,DU19f5XCOsO,https://www.instagram.com/p/DU19f5XCOsO/,2026-02-17T03:05:49.000Z,"Final boarding call for The Dakshin Express: Journey between Rasam & Roast. 🔥

Today, 17th February 2026, is the last day of this exclusive pop-up at Barbeque Nation, Ghodbunder Road. One final chance to savour the bold rasams, fiery roasts, and everything in between.

No second service. Just tonight.

📍 Barbeque Nation – Ghodbunder Road
📅 17th February 2026

Reserve your table now and take the last ride.

#TheDakshinExpress #RasamAndRoast #SouthIndianFusion #BarbequeNation",85,3,4488,21854,barbequenation,Barbeque Nation,506635909,,FALSE,,"TheDakshinExpress, RasamAndRoast, SouthIndianFusion, BarbequeNation",,26-07-2026 11:49
3.83361E+18,Video,clips,DUzu5sbEtf2,https://www.instagram.com/p/DUzu5sbEtf2/,2026-02-16T06:17:50.000Z,"Zero Civic Sense? We're SORRY but, we just couldn't hold back on this fusion south indian curated by @_rohit_ghosh 

The journey from Rasam to Roast is soon going to be over so all aboard on the Dakshin Express! 

🗓️ 13th - 17th February, 2026
📍 Ghodbunder Road, Mumbai 

Book your seat today on the barbeque nation app or website! 

#BarbequeNation #FusionSouthIndian",1469,16,45074,119028,barbequenation,Barbeque Nation,506635909,,FALSE,,"BarbequeNation, FusionSouthIndian",_rohit_ghosh,26-07-2026 11:49
3.83727E+18,Video,clips,DVAu_I_jauT,https://www.instagram.com/p/DVAu_I_jauT/,2026-02-21T07:26:23.000Z,"In Bangla, there’s a word called Pet Pujo. 

And the moment you hear it?
Jibe jol chole ashe.
Maa’er haather ranna flashes before your eyes.
And someone is definitely saying, “Eee baba, arektu naao!” 😌

But this time…
we’re taking Pet Pujo to the Rajbaris of Bengal.

Chef Suraj Thapa brings you
The Royal Bengal Table: Stories of Bengal’s Rajbaris

📍 Barbeque Nation, Sarjapura Road 
📅 25th Feb – 1st March

Ei experience ta miss korle regret korben.

Book your table now on the Barbeque Nation app or website.

#PetPujo #RajbariRanna #Bengali #BengaliFlavours #BarbequeNation",275,21,6772,40493,barbequenation,Barbeque Nation,506635909,,FALSE,,"PetPujo, RajbariRanna, Bengali, BengaliFlavours, BarbequeNation",,26-07-2026 11:49
3.82638E+18,Video,clips,DUaC4PQEuum,https://www.instagram.com/p/DUaC4PQEuum/,2026-02-06T06:49:19.000Z,"Pehle kya pighlega, friend ka dil ya faloode wali kulfi? 🍨💛
Miloge toh jaanoge.

Toh Barbeque Nation mein zaroor miliye kyunki ‘Milne ki bhookh acchi bhookh hai.’ 🤗

#MilneKiBhookh #BarbequeNation",492,74,25298,78597,barbequenation,Barbeque Nation,506635909,,FALSE,,"MilneKiBhookh, BarbequeNation",,26-07-2026 11:49
3.82434E+18,Sidecar,carousel_container,DUSytfOjd10,https://www.instagram.com/p/DUSytfOjd10/,2026-02-03T11:12:01.000Z,"Kolkata, get ready for a Himalayan Takeover! 🏔️🔥
Chef Arati Thapa is bringing the magic of Boju’s Kitchen to Barbeque Nation. Authentic flavors, traditional techniques, and stories from the hills all on one plate.

📍 Park Centre Building, Park Street, Kolkata
🗓️ 9th - 15th Feb

Book your table now on the Barbeque Nation website or app.",112,0,,,barbequenation,Barbeque Nation,506635909,,FALSE,,,,26-07-2026 11:49
3.83079E+18,Video,clips,DUptqdSkiSb,https://www.instagram.com/p/DUptqdSkiSb/,2026-02-12T08:50:49.000Z,"Serving from tomorrow, Chef Rohit Ghosh brings his signature flair to your plate — and trust us, you’ll want front-row seats. 🔥

From bold South Indian fusion to indulgent comfort classics, every dish is crafted to surprise, spice, and satisfy. This isn’t just a menu — it’s a flavour-packed experience designed for food lovers who crave something unforgettable.

✨ 13th - 17th February, 2026
📍 Only at Barbeque Nation, Ghodbunder Road 

📅 Starting tomorrow

Book you table today on the Barbeque Nation app or website. 

#ChefRohitGhosh #ChefPopUp #SouthIndianFusion #FoodPopUp #BarbequeNation",911,59,43592,139782,barbequenation,Barbeque Nation,506635909,,FALSE,,"ChefRohitGhosh, ChefPopUp, SouthIndianFusion, FoodPopUp, BarbequeNation",,26-07-2026 11:49
3.84105E+18,Sidecar,carousel_container,DVOKZn-Em6j,https://www.instagram.com/p/DVOKZn-Em6j/,2026-02-26T12:34:13.000Z,"Four states. Four bold flavours. One unforgettable Sangam. 🌶️🔥

Presenting The Southern Sangam – The Four Flavours of Dakshin with Chef Suvarna Vijay Bagul, MasterChef India S7 2nd Runner Up. Watch her bring together the iconic tastes of Telangana, Andhra, Karnataka & Kerala in a celebration that breaks every stereotype of South Indian cuisine.

📅 6th – 10th March 2026
📍 Amanora Mall, Pune

Come hungry. Leave amazed.
Reserve your table now – limited days only! 🍽️✨

#TheSouthernSangam #FourFlavoursOfDakshin #BarbequeNation #PuneFoodies #SouthIndianFusion",320,33,,,barbequenation,Barbeque Nation,506635909,,FALSE,,"TheSouthernSangam, FourFlavoursOfDakshin, BarbequeNation, PuneFoodies, SouthIndianFusion",,26-07-2026 11:49
3.82505E+18,Image,feed,DUVT-smDcvc,https://www.instagram.com/p/DUVT-smDcvc/,2026-02-04T10:41:15.000Z,"Cheers to speed, skill, and victory!🏎🏆
Congratulations @ishaanmadesh MRF
Formula 2000, 2025 Champion",123,1,,,barbequenation,Barbeque Nation,506635909,,FALSE,,,ishaanmadesh,26-07-2026 11:49
3.84542E+18,Video,clips,DVdqZOnDJLQ,https://www.instagram.com/p/DVdqZOnDJLQ/,2026-03-04T13:03:16.000Z,"A taste of Bengal that felt just like home. 🏠❤️

Guests at our Sarjapura Road, Bengaluru; experienced The Royal Bengal Table as a nostalgic journey back to their roots. Curated by Chef Suraj Thapa, the spread brought together comforting flavours and timeless Bengali classics that won hearts with their honesty and warmth.

From the simple comfort of Aloo Posto to the rich aroma of Chicken Pulao, every dish celebrated the soul and heritage of Bengali cuisine.

#barbequenation #RoyalBengalTable #TasteOfBengal #BarbequeNation #KolkataCuisine",289,11,6754,37284,barbequenation,Barbeque Nation,506635909,,FALSE,,"barbequenation, RoyalBengalTable, TasteOfBengal, BarbequeNation, KolkataCuisine",,26-07-2026 11:49
3.83023E+18,Image,feed,DUntWqMEuYz,https://www.instagram.com/p/DUntWqMEuYz/,2026-02-11T14:09:18.000Z,"Barbeque Nation's official statement on service charge.

#OfficialStatement #BarbequeNation",1153,40,,,barbequenation,Barbeque Nation,506635909,,FALSE,,"OfficialStatement, BarbequeNation",,26-07-2026 11:49
3.81837E+18,Video,clips,DT9j87DEnyZ,https://www.instagram.com/p/DT9j87DEnyZ/,2026-01-26T05:19:40.000Z,"The rights written for us years ago shape every little moment we live today. This Republic Day, gather around the table, dine out with your loved ones, and celebrate the spirit of India.🇮🇳

( Barbeque Nation, Republic day, Togetherness)",113,1,5154,25608,barbequenation,Barbeque Nation,506635909,,FALSE,,,,26-07-2026 11:49
3.82662E+18,Video,clips,DUa4-L6DFhr,https://www.instagram.com/p/DUa4-L6DFhr/,2026-02-06T14:40:52.000Z,"Love comes in many flavours…
And this Valentine Week, we’re serving them all...
Celebrate love, laughter & unlimited grills at Barbeque Nation 💕
#SeasonOfLove #ValentineVibes",93,6,4821,20331,barbequenation,Barbeque Nation,506635909,,FALSE,,"SeasonOfLove, ValentineVibes",,26-07-2026 11:49
3.83214E+18,Image,feed,DUugZAuCPPz,https://www.instagram.com/p/DUugZAuCPPz/,2026-02-14T05:30:00.000Z,"Forget the fancy gifts, gift them an experience✨ 
An unlimited spread, sizzling grills, and a table full of love because nothing brings hearts closer than sharing food.

( BarbequeNation, BBQLove, UnlimitedGrills, FoodieRomance, SizzlingGrills, Valentines day, Valentine’s special)",107,8,,,barbequenation,Barbeque Nation,506635909,,FALSE,,,,26-07-2026 11:49
3.83725E+18,Sidecar,carousel_container,DVApWg_krHJ,https://www.instagram.com/p/DVApWg_krHJ/,2026-02-21T06:35:19.000Z,"You’re invited to the Rajbari feast of the season. 🏰🍛
Step back in time to the era of grand estates and royal banquets. The Royal Bengal Table is a limited-time takeover by Chef Suraj Thapa, reviving the decadent flavors that once graced the tables of Bengal’s nobility.

📍 Location: Barbeque Nation, Sarjapura Road
📅 Date: 25th February – 1st March, 2026

Book your table now on the Barbeque Nation website or app.

#BarbequeNation #KolkataRajbari #BengaliFood #ChefSurajThapa #Bangalore",200,16,,,barbequenation,Barbeque Nation,506635909,,FALSE,,"BarbequeNation, KolkataRajbari, BengaliFood, ChefSurajThapa, Bangalore",,26-07-2026 11:49
3.81934E+18,Video,clips,DUBA5RYEiHL,https://www.instagram.com/p/DUBA5RYEiHL/,2026-01-27T13:30:47.000Z,"The grills are still warm, the tables still buzzing — but it’s the last call. 🔥✨

What an incredible few days it’s been hosting Chef Sima Ahmed and her soulful Awadhi menu at Barbeque Nation. From slow-cooked gravies to conversations over shared plates, this pop-up gave us memories as rich as the flavours.

If you haven’t dropped in yet, today is your final chance.
Come savour the last servings, soak in the stories, and end this experience on a delicious high.

📍 Times Square, Sakinaka
📅 Today — 27th January

See you at the grills — one last time.

Book now on the barbeque nation app or website

#ChefSimaAhmed #AwadhiCuisine #BarbequeNation #Mumbai",166,2,5879,21790,barbequenation,Barbeque Nation,506635909,,FALSE,,"ChefSimaAhmed, AwadhiCuisine, BarbequeNation, Mumbai",,26-07-2026 11:49
3.83163E+18,Video,clips,DUssQpkEo4N,https://www.instagram.com/p/DUssQpkEo4N/,2026-02-13T12:36:20.000Z,"When Chef Rohit Ghosh walks into the kitchen,
you don’t just cook… you compete 👀

From spice level debates 🌶️
to “yeh asli Chettinad hai?” arguments 😆
this EGC banter got a little too real.

Catch the madness, the masala & the magic at our South Indian Fusion Pop-Up.

📍 Barbeque Nation, Ghodbunder Road
📅 13th – 17th Feb 2026
🎟️ Book your table now before the chefs finish it all.

Tag the friend who argues about “authentic” food.

#ChefPopUp #SouthIndianFusion #BarbequeNation #RohitGhosh",1187,12,22975,69229,barbequenation,Barbeque Nation,506635909,,FALSE,,"ChefPopUp, SouthIndianFusion, BarbequeNation, RohitGhosh",,26-07-2026 11:49
3.82014E+18,Image,feed,DUD3uKxEtfa,https://www.instagram.com/p/DUD3uKxEtfa/,2026-01-28T16:11:05.000Z,"Not doing what everyone else does that’s what the penguin taught us 🐧
Feast your way, unlimited style!",217,5,,,barbequenation,Barbeque Nation,506635909,,FALSE,,,,26-07-2026 11:49
3.83321E+18,Video,clips,DUySgGLjV3P,https://www.instagram.com/p/DUySgGLjV3P/,2026-02-15T16:47:14.000Z,"From powerplays to power-packed plates, tonight was all about India! 💙🔥 And what’s a historic win without an unlimited celebration?

#indiavspakistan

(IndiaVsPakistan, IndVsPak, BleedBlue, Victory, UnlimitedCelebration, Colombo, T20 World Cup 2026, T20 WC)",148,5,3878,22731,barbequenation,Barbeque Nation,506635909,,FALSE,,indiavspakistan,,26-07-2026 11:49
3.82285E+18,Video,clips,DUNfa9-koJb,https://www.instagram.com/p/DUNfa9-koJb/,2026-02-01T09:51:06.000Z,"Barbeque Nation brings Haat to Thali: Stories from the Himalayan Kitchen, a heartfelt Himalayan journey by Chef Arati Thapa.

From hand-tossed Sadheko Momos and slow-simmered chicken with timboor, to comforting Thukpa, crisp Sel Roti and nostalgic achars — every dish carries memory, warmth, and belonging.

📍Park Centre Building, Park Street, Kolkata
📅 9th–15th February

Book your table now on the Barbeque Nation website or app.

#HaatToThali #StoriesFromTheHimalayas #barbequenation #Himalayanfood",197,15,4369,20165,barbequenation,Barbeque Nation,506635909,,FALSE,,"HaatToThali, StoriesFromTheHimalayas, barbequenation, Himalayanfood",,26-07-2026 11:49
3.81421E+18,Sidecar,carousel_container,DTu0E2xEtNa,https://www.instagram.com/p/DTu0E2xEtNa/,2026-01-20T11:51:18.000Z,"Today, it’s not just our 20th birthday. It’s a celebration of every moment, every memory, and every table filled with joy. Thank you for choosing Barbeque Nation for 20 years and letting us be a part of your celebrations - always making them a little more special.

( Barbeque Nation, 20th Birthday, Celebration, We turned 20, Special day )",177,10,,,barbequenation,Barbeque Nation,506635909,,FALSE,,,,26-07-2026 11:49
3.8177E+18,Video,clips,DT7Md2HkiSA,https://www.instagram.com/p/DT7Md2HkiSA/,2026-01-25T07:18:43.000Z,"Odia Trails by Chef Abinas Nayak arrives at Barbeque Nation with the soul of Odisha’s temple kitchens, coastal comforts, and seasonal flavours — and trust us, you’ll want to be there from Day 1.

Think soothing Dalma, mustard-rich Macha Besara, tangy and creamy Dahi Macha, soft and smoky Chhena Poda, and the warmth of Odisha’s festive classics.
This isn’t just food — it’s a flavour journey crafted with balance, emotion, and pure Odia authenticity.

📍 Marathalli, Bengaluru 
📅 21st - 25th Jan

Book you table today on the Barbeque Nation website or app!

Seats are expected to fill fast — book now and savour Odisha, one soulful dish at a time.

[Odia Cuisine | Dalma | Macha Besara | Dahi Macha | Chhena Poda | Regional Indian Food | Chef Abinas Nayak | Odia Trails | Barbeque Nation | Mumbai Food Festival | Coastal Cuisine | Temple Food | India’s Regional Flavours]",160,4,5904,23034,barbequenation,Barbeque Nation,506635909,,FALSE,,,,26-07-2026 11:49
3.81563E+18,Video,clips,DTz2epWEhae,https://www.instagram.com/p/DTz2epWEhae/,2026-01-22T10:49:19.000Z,"The Mutton Kadhai Gosht on this menu is cooked the way I grew up watching — slow, patient, layered with masalas that need time to open up. This is the kind of mutton you make for weddings, for family, for moments that matter.

The kebabs are about balance — spice, smoke, texture. Not overpowering, not performative. Just honest flavour, shaped by years of practice and trust in the fire.

This food isn’t about excess.
It’s about depth.
And if you know, you know.

📍 Venue: Times Square Mall, Mumbai
📅 Date: 23rd - 27th January
👉 Bookings now open on the Barbeque Nation app & website

#ChefSimaAhmed #AwadhiCuisine #BarbequeNation #Mumbai",276,2,8067,30435,barbequenation,Barbeque Nation,506635909,,FALSE,,"ChefSimaAhmed, AwadhiCuisine, BarbequeNation, Mumbai",,26-07-2026 11:49
3.81657E+18,Video,clips,DT3MdqOjSdA,https://www.instagram.com/p/DT3MdqOjSdA/,2026-01-23T18:00:19.000Z,"Celebrations that made our 20th truly special – 189 birthdays, 1300 children, across 15 schools & NGOs in 12 cities.

We shared smiles and spread joy with little boxes of happiness we call Khushiyon Ka Pitara. Because when they celebrated their birthdays, they made ours even more memorable.❤️

#BarbequeNation #Celebrating20Years #KhushiyonKaPitara",92,4,3911,19288,barbequenation,Barbeque Nation,506635909,,FALSE,,"BarbequeNation, Celebrating20Years, KhushiyonKaPitara",,26-07-2026 11:49
3.83022E+18,Video,clips,DUnrccNEriD,https://www.instagram.com/p/DUnrccNEriD/,2026-02-11T13:53:05.000Z,"“Momoooo… khush hua.” 🥟✨

When the momo approves, the kitchen celebrates.
When the momo approves, Kolkata wins.

From fiery Sadheko Momo to comforting Jhol Momo, from crisp golden Sel Roti to bold Alu Dum — every plate carries a story from the mountains.

Welcome to Haat to Thali: Stories from the Himalayan Kitchen — a limited-time culinary journey you don’t want to miss.

📍 Barbeque Nation, Park Street, Kolkata
📅 9th – 15th February 2026

Book your table now and taste the Himalayas.

#HaatToThali #StoriesFromTheHimalayanKitchen #BarbequeNation #KolkataEvents",171,8,6336,24992,barbequenation,Barbeque Nation,506635909,,FALSE,,"HaatToThali, StoriesFromTheHimalayanKitchen, BarbequeNation, KolkataEvents",,26-07-2026 11:49
3.83464E+18,Video,clips,DU3XpSlkgqG,https://www.instagram.com/p/DU3XpSlkgqG/,2026-02-17T16:09:48.000Z,"At Barbeque Nation, we’re proud to present Theeyil Thamizhan — a fiery Tamil pop-up curated by Chef Praveen Kumar that celebrates smoke, spice, and soul.

From the bold Dindugal Chicken Biryani and indulgent Kayal Kalari Parotta Chaat to comforting Vadacurry, the dramatic Vetrilai Prawns Potlam, and the divine Pania Mirtham Mousse — this is a menu where every bite carries the heat and heart of Tamil Nadu. 🔥

📍 Grand Square Mall, Velachery Main Road, Chennai
📅 18th – 22nd February 2026

Seats are limited — book your table now and experience Theeyil Thamizhan straight from the grill. Tap the link in bio or call your nearest outlet to reserve today. 🔥

#TheeyilThamizhan #BarbequeNation #ChennaiEvents #ChennaiFoodies",856,17,30908,95445,barbequenation,Barbeque Nation,506635909,,FALSE,,"TheeyilThamizhan, BarbequeNation, ChennaiEvents, ChennaiFoodies",,26-07-2026 11:49
3.80973E+18,Image,feed,DTe3iKkjYhu,https://www.instagram.com/p/DTe3iKkjYhu/,2026-01-14T07:13:40.000Z,"May your Pongal pot overflow with happiness, just like the unlimited grills at Barbeque Nation. 🔥🥘
Wishing you a joyful Pongal!

( Barbeque Nation, Celebration, Pongal, Togetherness )",82,1,,,barbequenation,Barbeque Nation,506635909,,FALSE,,,,26-07-2026 11:49
3.82884E+18,Video,clips,DUiwiHsEn8B,https://www.instagram.com/p/DUiwiHsEn8B/,2026-02-09T16:01:52.000Z,"All aboard the Dakshin Express.

Chef Rohit Ghosh presents a travelling pop-up that moves through the soul of South India—one bold stop at a time.

From Tamil Nadu’s fire 🔥
to Kerala’s coastal calm 🌴
Andhra’s spice rush 🌶️
and Karnataka’s comfort 🍛

This is Travelling to Dakshin Express — a limited-edition South Indian fusion experience, reimagined on the grill.

📅 13th – 17th February, 2026
📍 Barbeque Nation Ghodbunder Road

Book now on the Barbeque Nation app or website.

#TravellingToDakshinExpress #ChefRohitGhosh #SouthIndianFusion #BarbequeNation",514,34,16143,65151,barbequenation,Barbeque Nation,506635909,,FALSE,,"TravellingToDakshinExpress, ChefRohitGhosh, SouthIndianFusion, BarbequeNation",,26-07-2026 11:49
3.8097E+18,Image,feed,DTeySeDDExb,https://www.instagram.com/p/DTeySeDDExb/,2026-01-14T06:27:50.000Z,"Fly kites in the morning and carry the same kai po che energy into the night with unlimited grills. 🍛
Wishing you all a Happy Makar Sankranti!🪁

( Barbeque Nation, Makar Sankranti, Celebration, Togetherness )",65,0,,,barbequenation,Barbeque Nation,506635909,,FALSE,,,,26-07-2026 11:49
3.8098E+18,Video,clips,DTfH0CDklof,https://www.instagram.com/p/DTfH0CDklof/,2026-01-14T09:37:41.000Z,"When fire met flavours, Lohri turned unforgettable.

From crackling grills to soul-soothing Punjabi classics, this wasn’t just a pop-up — it was togetherness served hot. 🪔✨

Laughter around the table, stories over makki di roti, and flavours straight from Punjab’s heart — every frame says one thing: this is how Lohri should feel.

Curated with love by Chef Ravi Chaudhry, brought alive at Barbeque Nation Noida outlets — this Lohri was about more than food.
It was about moments. Memories. And meals shared together. 🧡

If you were there, you know.
If you weren’t… this aftermovie is your sign. 👀🔥

📍 Noida | 🪔 Lohri Special

Because some festivals are meant to be felt, not just celebrated.

#Lohri #punjabdigaliyaan #barbequenation #punjabifood",405,1,10009,30469,barbequenation,Barbeque Nation,506635909,,FALSE,,"Lohri, punjabdigaliyaan, barbequenation, punjabifood",,26-07-2026 11:49
3.81794E+18,Video,clips,DT8ECyGEsOE,https://www.instagram.com/p/DT8ECyGEsOE/,2026-01-25T15:21:47.000Z,"I approach vegetarian cooking with the same care I give any celebration. 🌿

Every kebab is shaped for balance and texture.
Every gravy is allowed the time it needs to deepen, settle, and find its voice.

For me, vegetarian food isn’t an alternative.
It’s a complete expression — guided by patience, precision, and respect for ingredients.

— Sima Ahmed

📍 Times Square, Sakinaka
📅 23rd–27th January

Book now on the barbeque nation app or website",294,3,7939,27602,barbequenation,Barbeque Nation,506635909,,FALSE,,,,26-07-2026 11:49
3.84534E+18,Video,clips,DVdY8mfjJAB,https://www.instagram.com/p/DVdY8mfjJAB/,2026-03-04T10:32:59.000Z,"Step into the world of Chef Suvarna Vijay Bagul for an exclusive culinary pop-up: The Southern Sangam.

Go beyond the familiar and dive into a vibrant spread of zanzanit and chamchamit flavors that will make your mouth water.

Four states. Four bold flavors. One unforgettable experience. 🌶️🌊

📍 Venue: Amanora Mall, Barbeque Nation
🗓️ Date: 6th - 10th March

Experience the royal hospitality of the South.

Reserve a table now via the Barbeque Nation app or the link in our bio.

#barbequenation #foodpopup #southindian #masterchef #food",6338,68,265251,435789,barbequenation,Barbeque Nation,506635909,,FALSE,,"barbequenation, foodpopup, southindian, masterchef, food",,26-07-2026 11:49
3.8143E+18,Video,clips,DTvH-1wEhGL,https://www.instagram.com/p/DTvH-1wEhGL/,2026-01-20T14:49:24.000Z,"You’re invited to an exclusive culinary experience with MasterChef India winner Chef Abinas Nayak.

Barbeque Nation presents ODIA TRAILS — a flavour journey into Odisha’s soulful, heritage-rich cuisine, reimagined for Bengaluru! 

Join us for a limited-time tasting featuring iconic dishes like Dalma, Chhena Poda, and Besara — crafted personally by Chef Abinas.

📍 Marathalli, Bengaluru
📅 21st - 25th January, 2026

Book your table today through the Barbeque Nation app or website! 

#OdiaFood #barbequenation #Bengaluru #odiacuisine",1785,35,25422,71247,barbequenation,Barbeque Nation,506635909,,FALSE,,"OdiaFood, barbequenation, Bengaluru, odiacuisine",,26-07-2026 11:49
3.81411E+18,Video,clips,DTudF1kErdQ,https://www.instagram.com/p/DTudF1kErdQ/,2026-01-20T08:32:18.000Z,"Some recipes aren’t written.
They’re remembered. Passed down. Protected.

This January, Chef Sima Ahmed — MasterChef India Season 8 Top 12 — brings her ancestral Awadhi kitchen to the live grills of Barbeque Nation.

Rooted in generations of family tradition, these dishes travel from the royal kitchens of Awadh to your table — slow-cooked gravies, delicate spices, and flavours that tell stories of time, place, and heritage.

📍 Venue: Times Square Mall, Mumbai
📅 Date: 23rd - 27th January
🍽️ Experience: Limited-edition Awadhi menu

Come for the food.
Stay for the history on your plate.

👉 Bookings now open on the Barbeque Nation app & website

#ChefSimaAhmed #AwadhiCuisine #BarbequeNation #Mumbai",231,7,7207,29743,barbequenation,Barbeque Nation,506635909,,FALSE,,"ChefSimaAhmed, AwadhiCuisine, BarbequeNation, Mumbai",,26-07-2026 11:49
3.80555E+18,Sidecar,carousel_container,DTQBaL7DEPr,https://www.instagram.com/p/DTQBaL7DEPr/,2026-01-08T12:51:21.000Z,"THE WAIT IS OVER! 

The legendary tastes of Old Delhi have arrived at our Regal Building (CP) outlet. Huge space, massive flavors, and a curated menu by Chef Puja Bansal you won’t find anywhere else🥂

📍 Regal Building, CP
📅 13th – 19th Jan
Book your table now!",152,17,,,barbequenation,Barbeque Nation,506635909,,FALSE,,,,26-07-2026 11:49
3.80784E+18,Video,clips,DTYJhm2kohc,https://www.instagram.com/p/DTYJhm2kohc/,2026-01-11T16:37:08.000Z,"Purani Dilli Court is now in session. ⚖️🍽️
Aur iss case ka verdict… sabko guilty karega.

Har bite pe gavaah, har masale pe sawaal,
aur har dish pe ek hi faisla — Zaika jo dheere aata hai, par jaata nahi.

Iss mehfil mein sirf khaana nahi parosa jaata, yahan Purani Dilli ka andaaz, aur ghar jaisa swaad dono milte hain.

📍 Barbeque Nation, Regal Building, Delhi
📅 13th – 19th January, 2026

Court ke sheeshe tak aaiye,
Zaika-e-Purani Dilli ka hissa baniye.

👉 Book your table NOW & give your verdict.

Court adjourned. 😌

#ZaikaEPuraniDilli #PuraniDilliCourt #DelhiFlavours #FoodWithAStory #PopUpDining BarbequeNation DelhiFoodies IGReelsIndia",274,15,5771,23780,barbequenation,Barbeque Nation,506635909,,FALSE,,"ZaikaEPuraniDilli, PuraniDilliCourt, DelhiFlavours, FoodWithAStory, PopUpDining",,26-07-2026 11:49
3.80851E+18,Image,feed,DTai87GDNE8,https://www.instagram.com/p/DTai87GDNE8/,2026-01-12T14:56:51.000Z,"Good food, great company, and all the vibes.
Here’s how youth catches up at Barbeque Nation 🍴✨

( Barbeque Nation, Good Food, Youth Day, Celebration, Togetherness, Catch up )",72,2,,,barbequenation,Barbeque Nation,506635909,,FALSE,,,,26-07-2026 11:49
3.81355E+18,Sidecar,carousel_container,DTscz_0jOK_,https://www.instagram.com/p/DTscz_0jOK_/,2026-01-19T13:49:32.000Z,"Some flavours aren’t rushed 
They’re waited for.

From the slow-simmered gravies of Awadh to recipes carried through generations, Nafasat-e-Awadh is a celebration of patience, precision, and pure nostalgia ✨

Curated by Chef Sima Ahmed, this limited-time food trail brings timeless classics like Paya Shorba and Halwa where every spoon tells a story. 

📍 Times Square Sakinaka, Mumbai
📅 23rd–27th Jan, 2026

Book your table now on the Barbeque Nation website or app 

#NafasatEAwadh #Barebequevibes #awadhicuisine #barebequenation",194,9,,,barbequenation,Barbeque Nation,506635909,,FALSE,,"NafasatEAwadh, Barebequevibes, awadhicuisine, barebequenation",,26-07-2026 11:49
3.79906E+18,Sidecar,carousel_container,DS4-5TKErWP,https://www.instagram.com/p/DS4-5TKErWP/,2025-12-30T14:06:51.000Z,"When winter arrives, Punjab’s rasoi comes alive. 🔥

This Lohri, celebrate flavours that are slow-cooked, fire-kissed, and made to be shared.
Punjab Di Rasoi: Lohri Edition brings together authentic Punjabi recipes, festive warmth, and home-style comfort — curated specially by Chef Ravi Choudhary, a master of North Indian cuisine.

From makki di roti and sarson da saag to soulful winter classics, every dish tells a story straight from Punjab’s kitchens — rich, hearty, and full of feeling.

📅 10th – 13th January, 2026
📍 Noida | Sec 16 | Sec 62 | Gaur City Mall | Paras One33 | Greater Noida Omaxe CP Mall

Gather your people, feel the Lohri fire, and taste Punjab the way it’s meant to be enjoyed.

👉 Book your table now on the Barbeque Nation website or app.

#PunjabiRasoi #BarbequeNation #Lohri #Noida #FoodPopUp",155,6,,,barbequenation,Barbeque Nation,506635909,,FALSE,,"PunjabiRasoi, BarbequeNation, Lohri, Noida, FoodPopUp",,26-07-2026 11:49
3.80754E+18,Image,feed,DTXGTbZjJ2W,https://www.instagram.com/p/DTXGTbZjJ2W/,2026-01-11T06:48:48.000Z,"Every celebration feels special when shared with you.💛🔥

This Thank You Day, we are grateful for every time you chose Barbeque Nation to be a part of your happiest moments.",88,4,,,barbequenation,Barbeque Nation,506635909,,FALSE,,,,26-07-2026 11:49
3.86548E+18,Sidecar,carousel_container,DWk8oz-DMMK,https://www.instagram.com/p/DWk8oz-DMMK/,2026-04-01T05:27:53.000Z,"April Fool’s? That’s just the start 😉

Because this April, there are a lot of celebrations to look forward to… and even more to feast on. 

From exclusive food pop-ups to festive deals and summer specials it’s all happening at Barbeque Nation.

Stay tuned for what’s coming this April, and visit barbequenation.com to explore all the offers.

#barebequenation #aprilfoolsday #barbequevibes",90,2,,,barbequenation,Barbeque Nation,506635909,,FALSE,,"barebequenation, aprilfoolsday, barbequevibes",,26-07-2026 11:49
3.80629E+18,Video,clips,DTSqbNODLIe,https://www.instagram.com/p/DTSqbNODLIe/,2026-01-09T13:28:38.000Z,"Chef Ravi brings Lohri to your table with authentic flavours, timeless recipes, and the taste meant to be shared with family. ✨ Noida, your Lohri feast awaits. Book your table now! 🍛😋

📆10th - 13th January 2026
Barbeque Nation | Noida (All Outlets)",281,7,5676,22427,barbequenation,Barbeque Nation,506635909,,FALSE,,,,26-07-2026 11:49
3.79991E+18,Video,clips,DS8AIglDX_x,https://www.instagram.com/p/DS8AIglDX_x/,2025-12-31T18:15:00.000Z,"Cheers to full plates, happy hearts, and endless memories! Here’s to 2026 being even more deliciously unforgettable🥂✨

( Barbeque Nation, Togetherness, Celebration, Unlimited, Laughter, Fun, Happiness )",107,10,6416,23787,barbequenation,Barbeque Nation,506635909,,FALSE,,,,26-07-2026 11:49
3.81357E+18,Video,clips,DTsiKO1kgog,https://www.instagram.com/p/DTsiKO1kgog/,2026-01-19T14:37:16.000Z,"Purani Dilli ka swaad, kisi kitchen se shuru nahi hota.
Yeh galiyon se aata hai. ✨

Kinari Bazaar ki bheed, taaze masale,
aur wahi purana Dilli-wala yaqeen —
jahan har sabzi ka apna waqt hota hai,
aur har masale ka apna mood.

Isi safar se janam leta hai, Zaika-e-Purani Dilli — ek vegetarian mehfil
jahan chaat ka chatkara aur Mughlai ki narmi
ek hi thaal mein milte hain.

#ZaikaEPuraniDilli #PuraniDilliFlavours #DelhiFoodDiaries
#barbequenation",220,8,5124,22619,barbequenation,Barbeque Nation,506635909,,FALSE,,"ZaikaEPuraniDilli, PuraniDilliFlavours, DelhiFoodDiaries, barbequenation",,26-07-2026 11:49
3.80132E+18,Image,feed,DTBBJRejZnP,https://www.instagram.com/p/DTBBJRejZnP/,2026-01-02T14:55:00.000Z,"The only ice-breaker that works every time? A sizzling grill🔥
Introvert or not, great food always starts the conversation. 

( Barbeque Nation, Togetherness, Celebration, Unlimited, Laughter, Fun, Happiness )",62,3,,,barbequenation,Barbeque Nation,506635909,,FALSE,,,,26-07-2026 11:49
3.80692E+18,Video,clips,DTU6hKikt6U,https://www.instagram.com/p/DTU6hKikt6U/,2026-01-10T10:31:51.000Z,"Purani Dilli ka swaad, kisi kitchen se shuru nahi hota.
Yeh galiyon se aata hai. ✨

Kinari Bazaar ki bheed, taaze masale,
aur wahi purana Dilli-wala yaqeen —
jahan har sabzi ka apna waqt hota hai,
aur har masale ka apna mood.

Isi safar se janam leta hai, Zaika-e-Purani Dilli — ek vegetarian mehfil
jahan chaat ka chatkara aur Mughlai ki narmi
ek hi thaal mein milte hain.

📍 Venue: Barbeque Nation, Regal Building, Delhi
📅 Dates: 13th – 19th January, 2026

👉 Book your table now on the Barbeque Nation website or app 

#ZaikaEPuraniDilli #PuraniDilliFlavours #DelhiFoodDiaries
#barbequenation",313,19,6873,26738,barbequenation,Barbeque Nation,506635909,,FALSE,,"ZaikaEPuraniDilli, PuraniDilliFlavours, DelhiFoodDiaries, barbequenation",,26-07-2026 11:49
3.82953E+18,Sidecar,carousel_container,DUlNlfkkiSy,https://www.instagram.com/p/DUlNlfkkiSy/,2026-02-10T14:53:11.000Z,"From the streets of Madras to the live grill 🔥

Theeyil Thamizhan is a bold, soulful celebration of Tamil flavours — curated by Chef Praveen Kumar, MasterChef India Tamil Top 6. Expect nostalgic spices, reimagined classics, and plates that tell a story with every bite ✨

📍 Venue: Grand Square Mall, Chennai
📅 Dates: 18th – 22nd February 2026

It’s a limited-period food festival you don’t want to scroll past.

👉 Book your table now and experience Tamil cuisine like never before.

#BarbequeVibes #SheezhilThamizhan #ChennaiFoodScene #FoodFestival #Chennai",283,15,,,barbequenation,Barbeque Nation,506635909,,FALSE,,"BarbequeVibes, SheezhilThamizhan, ChennaiFoodScene, FoodFestival, Chennai",,26-07-2026 11:49
3.81119E+18,Image,feed,DTkEbHwEsFa,https://www.instagram.com/p/DTkEbHwEsFa/,2026-01-16T07:42:30.000Z,"If you like it hot and love it spicy, this one’s for you. 🌶️🔥
This Hot & Spicy Day, come enjoy grills that bring the heat to your plate.

( Barbeque Nation, Hot and spicy day, Celebration, Togetherness, Flavourful)",58,0,,,barbequenation,Barbeque Nation,506635909,,FALSE,,,,26-07-2026 11:49
3.79301E+18,Video,clips,DSjeaoFEpbP,https://www.instagram.com/p/DSjeaoFEpbP/,2025-12-22T05:39:57.000Z,"Ek bite lo… aur reactions full Bollywood hone chahiye 🎬🍲

When Barbeque Nation brings the Flavours of Uttarakhand to Pune, the dialogues write themselves.
Soulful pahadi recipes, honest ingredients, and flavours so good — staff bhi filmy ho jaaye 💫

Curated by Chef Yojana Khanduri, this Himalayan Pop-Up is where mountain ingredients meet main-character energy.

📍 Kalyani Nagar, Pune
📅 19th – 24th December

Aao, ek bite lo…
Aur batao — aap kaunsa dialogue bolte? 😌🎥

Book you table today on the Barbeque Nation website or app!

#FlavoursOfUttarakhand #BarbequeNation #PuneFoodies #KalyaniNagar #ChefPopUp",242,13,5655,21458,barbequenation,Barbeque Nation,506635909,,FALSE,,"FlavoursOfUttarakhand, BarbequeNation, PuneFoodies, KalyaniNagar, ChefPopUp",,26-07-2026 11:49
3.79753E+18,Video,clips,DSzjYsYDRlt,https://www.instagram.com/p/DSzjYsYDRlt/,2025-12-28T11:30:00.000Z,"Come prepared for long conversations, full plates, and a table that refuses to empty🍴💬

Book you table today on the Barbeque Nation website or app!

( Barbeque Nation, Togetherness, Celebration, Unlimited, Laughter, Fun, Happiness )",77,5,5248,23076,barbequenation,Barbeque Nation,506635909,,FALSE,,,,26-07-2026 11:49
3.79615E+18,Video,clips,DSuppYlkq0a,https://www.instagram.com/p/DSuppYlkq0a/,2025-12-26T13:49:42.000Z,"This Christmas, our tables made room for something truly special. 🎄❤️

At Barbeque Nation, we welcomed 15 bright little stars from Rasta NGO for a joyful Christmas Carol celebration filled with laughter, dance, colours from drawing and painting, festive food, warm hugs from Santa, and thoughtful return gifts. 🎅✨

Moments like these remind us that the true spirit of the season lies in sharing happiness, creating memories, and celebrating togetherness beyond the table.

#SeasonOfGiving #JoyOfSharing #ChristmasAtBarbequeNation #CommunityFirst #MomentsThatMatter",229,1,6617,24065,barbequenation,Barbeque Nation,506635909,,FALSE,,"SeasonOfGiving, JoyOfSharing, ChristmasAtBarbequeNation, CommunityFirst, MomentsThatMatter",,26-07-2026 11:49
3.79524E+18,Image,feed,DSrabTEErsd,https://www.instagram.com/p/DSrabTEErsd/,2025-12-25T07:38:03.000Z,"This Christmas, make your celebrations extra delicious!
Order our Barbeque Celebration Boxes — packed with a great variety for the whole family.

Perfect for sharing, celebrating, and enjoying together
Order online on Swiggy and grab exclusive offers this festive season!

#Christmas #Swiggy #CelebrationBoxes #BarbequeNation",46,2,,,barbequenation,Barbeque Nation,506635909,,FALSE,,"Christmas, Swiggy, CelebrationBoxes, BarbequeNation",,26-07-2026 11:49
3.81721E+18,Video,clips,DT5dP6zksZV,https://www.instagram.com/p/DT5dP6zksZV/,2026-01-24T15:10:12.000Z,"If you’ve never tried Odia cuisine, this is your sign. If you have… you already know why you shouldn’t miss it. Book now and enjoy the delicacy curated by Chef Abinas Nayak.

Book you table today on the Barbeque Nation website or app!

( Barbeque Nation, Food Pop-up, Flavours, Odia , Odia cuisine )",169,5,7569,26124,barbequenation,Barbeque Nation,506635909,,FALSE,,,,26-07-2026 11:49
3.79461E+18,Image,feed,DSpKzRZDbnp,https://www.instagram.com/p/DSpKzRZDbnp/,2025-12-24T10:43:02.000Z,"Before 2025 ends, meet one more time, share one more meal, spend quality time together, and make the last special memories of the year before you start creating new ones ✨🍽️

Book you table today on the Barbeque Nation website or app!

( Barbeque Nation, Togetherness, Celebration, Unlimited, Laughter, Fun, Happiness, Last Moments of the year)",62,1,,,barbequenation,Barbeque Nation,506635909,,FALSE,,,,26-07-2026 11:49
3.79977E+18,Video,clips,DS7fPJ-kiyi,https://www.instagram.com/p/DS7fPJ-kiyi/,2025-12-31T13:29:31.000Z,"From the hills to the coast, from fire-led Asian plates to heritage Indian kitchens, every chef brought a story worth savouring.
2025 was about regions meeting tables, traditions finding new admirers, and diners becoming part of the journey.

From Uttarakhand to Odisha, Nepal to Andhra, Lucknow to the South — every pop-up reminded us how limitless Indian flavours truly are.

Thank you for sharing every table with us.
We're fired up and ready for 2026 🔥🍴

#BarbequeNation #2025 #2026 #FlavoursOfIndia #yearwrapped",172,7,9995,34125,barbequenation,Barbeque Nation,506635909,,FALSE,,"BarbequeNation, 2025, 2026, FlavoursOfIndia, yearwrapped",,26-07-2026 11:49
3.80967E+18,Image,feed,DTeq-BtDAf7,https://www.instagram.com/p/DTeq-BtDAf7/,2026-01-14T05:23:52.000Z,"Dreams coming true look like this- sizzling grills, endless food, and happiness on repeat 🎶🔥 If you relate, comment below 😍

( Barbeque Nation, Celebration, Togetherness, Unlimited, Grills, Sizzling grills )",55,0,,,barbequenation,Barbeque Nation,506635909,,FALSE,,,,26-07-2026 11:49
3.7889E+18,Video,clips,DSU5Cl0DJbD,https://www.instagram.com/p/DSU5Cl0DJbD/,2025-12-16T13:45:38.000Z,"Delhi, the wait is finally over! 🚨
We’ve officially landed in the heart of the city. Connaught Place just got a major upgrade and you need to see it to believe it. This isn’t just a store opening; it’s a whole new experience.

Book you table today on the Barbeque Nation website or app!

( Barbeque Nation, CP , Connaught Place, New Store Opening, New Outlet)",228,7,9755,32959,barbequenation,Barbeque Nation,506635909,,FALSE,,,,26-07-2026 11:49
3.80484E+18,Video,clips,DTNg3FjjBwl,https://www.instagram.com/p/DTNg3FjjBwl/,2026-01-07T13:33:04.000Z,"Punjab di rasoi aa rahi hai, jahaan makkhan zyada hai, pyaar aur bhi zyada. Iss Lohri, come hungry and ready to indulge in Punjab’s authentic flavours.

Drop in, try it out, and make it a meal to remember. 🔥🥘

📆10th - 13th January 2026
Barbeque Nation | Noida (All Outlets)

Iss Lohri, sirf celebrate nahi - mehsoos
kijiye.👉
Book your table now on the Barbeque
Nation website or app.",1093,21,23830,60409,barbequenation,Barbeque Nation,506635909,,FALSE,,,,26-07-2026 11:49
3.7948E+18,Image,feed,DSp1XhODb26,https://www.instagram.com/p/DSp1XhODb26/,2025-12-24T16:54:59.000Z,"Layered bites, sizzling sights, and a feast full of delights. 
This Christmas, the grill steals the show✨🎄

Book you table today on the Barbeque Nation website or app!

( Barbeque Nation, Togetherness, Celebration, Unlimited, Laughter, Fun, Happiness, Christmas)",44,4,,,barbequenation,Barbeque Nation,506635909,,FALSE,,,,26-07-2026 11:49
3.78731E+18,Video,clips,DSPOnsyDbGy,https://www.instagram.com/p/DSPOnsyDbGy/,2025-12-14T08:57:09.000Z,"Fall in love with every bite, every dish, every visit. That’s the magic of Barbeque Nation, it makes you fall in love again and again✨️🫠

Book you table today on the Barbeque Nation website or app!

( Barbeque Nation, Fall in love, Trending, Food, Unlimited)",69,0,3679,17293,barbequenation,Barbeque Nation,506635909,,FALSE,,,,26-07-2026 11:49
3.80623E+18,Image,feed,DTSdh67jbdL,https://www.instagram.com/p/DTSdh67jbdL/,2026-01-09T11:35:33.000Z,"Agar aap bhi bahana dhund rahe ho... toh humare pass unlimited starters, live grills aur variety of desserts ready hai... kyuki milne ki bhookh acchi bhookh hai. 😉

( Barbeque Nation, Unlimited, Starters, Milne ki bhookh, Trending, Meme )",101,2,,,barbequenation,Barbeque Nation,506635909,,FALSE,,,,26-07-2026 11:49
3.79032E+18,Video,clips,DSZ7tLHDNjD,https://www.instagram.com/p/DSZ7tLHDNjD/,2025-12-18T12:43:43.000Z,"From chart-busters to chakhna, Delhi’s Bollywood Night had everything -  energy, flavour, and a crowd that owned every beat! 🎶🔥

Book you table today on the Barbeque Nation website or app!

( Barbeque Nation, Guest experience, Celebrate, Love and laughter, Togetherness)",84,0,4579,17877,barbequenation,Barbeque Nation,506635909,,FALSE,,,,26-07-2026 11:49
3.78829E+18,Sidecar,carousel_container,DSStgykjeSE,https://www.instagram.com/p/DSStgykjeSE/,2025-12-15T17:23:49.000Z,"Can’t go to Uttarakhand? Let Uttarakhand come to you. 🍃

Barbeque Nation brings the authentic flavours of Uttarakhand straight to the city—slow-cooked, soulful, and rooted in pahadi tradition. Experience homestyle warmth, local ingredients, and recipes that feel like a journey to the hills.

📍Kalyani Nagar, Pune 
📆 19th - 24th Dec 

👉 Book now and take a delicious detour to the hills.",218,29,,,barbequenation,Barbeque Nation,506635909,,FALSE,,,,26-07-2026 11:49
3.79553E+18,Video,clips,DSsbBfHkqyG,https://www.instagram.com/p/DSsbBfHkqyG/,2025-12-25T17:04:40.000Z,"Kuch cheezein butter se pighalti hain, kuch sirf saath baithne se. Jaise yeh prawns 🍤 aur daadu👴🏻, aur jaise hum sab… 

Toh agli baar kisika dil pighlana ho toh Barbeque Nation mein zaroor miliye kyunki ‘Milne ki bhookh acchi bhookh hai.’ 🤗

#MilneKiBhookh #BarbequeNation",354,14,15215,55703,barbequenation,Barbeque Nation,506635909,,FALSE,,"MilneKiBhookh, BarbequeNation",,26-07-2026 11:49
3.80249E+18,Video,clips,DTFK4FWkpVw,https://www.instagram.com/p/DTFK4FWkpVw/,2026-01-04T07:43:22.000Z,"The lights, the music, the moves -  our Bollywood Night in Mumbai truly felt like a party straight out of a movie! 🌟💃🎉

( Barbeque Nation, Bollywood Night, Musica, Party, Celebration, Unlimited, Togetherness)",126,3,7379,25246,barbequenation,Barbeque Nation,506635909,,FALSE,,,,26-07-2026 11:49
3.82585E+18,Video,clips,DUYJEn2jOrC,https://www.instagram.com/p/DUYJEn2jOrC/,2026-02-05T13:04:37.000Z,"From the first fold of a Momo to the final garnish on a steaming bowl of Thukpa, witness the artistry behind our ‘From Haat to Thaali’ pop-up. Authentic flavors and nostalgic recipes, served with love at Barbeque Nation Kolkata.

Signature Dishes: Sadheko Momo, Jhol Momo, Sel Roti, and Spicy Aloo Dum.

📍 Park Center Building, Kolkata
🗓️ 9th - 15th Feb",163,5,3710,23248,barbequenation,Barbeque Nation,506635909,,FALSE,,,,26-07-2026 11:49
3.80188E+18,Video,clips,DTC_IRBEsGI,https://www.instagram.com/p/DTC_IRBEsGI/,2026-01-03T11:22:46.000Z,"Sardiyon ki woh aag 🔥
makki di roti ki khushboo 🌽
aur Lohri ka asli matlab — saath hona ❤️

Chef Ravi brings back Punjab ki winter yaadein with
Punjab Di Rasoi: Lohri Edition —
garam, soulful flavours straight from Punjab to your table.

📅 10th – 13th January 2026
📍 Barbeque Nation | Noida (All Outlets)

Iss Lohri, sirf celebrate nahi — mehsoos kijiye.
👉 Book your table now on the Barbeque Nation website or app.

#PunjabDiRasoi #LohriEdition #WinterComfortFood #PunjabiFlavours",261,26,7051,30849,barbequenation,Barbeque Nation,506635909,,FALSE,,"PunjabDiRasoi, LohriEdition, WinterComfortFood, PunjabiFlavours",,26-07-2026 11:49
3.79166E+18,Video,clips,DSeqx4VEjdQ,https://www.instagram.com/p/DSeqx4VEjdQ/,2025-12-20T08:51:45.000Z,"Ho. Ho. How delicious! 🎄✨

The Holiday Special Menu is here to make your Christmas extra indulgent.
Winter-warm mains, festive favourites, and desserts worth celebrating together.

📅 24th & 25th December
📍 *Location: Delhi/NCR, Punjab, Rajasthan, Jammu, Uttarakhand, Haryana & Chandigarh

Come hungry. Leave merry. 

*T&C applied

Book you table today on the Barbeque Nation website or app!

#HolidaySpecialMenu #ChristmasAtBBQN #FestiveFeast #ChristmasFood #WinterIndulgence BarbequeNation FoodieChristmas SeasonOfFeasting",245,9,8812,36188,barbequenation,Barbeque Nation,506635909,,FALSE,,"HolidaySpecialMenu, ChristmasAtBBQN, FestiveFeast, ChristmasFood, WinterIndulgence",,26-07-2026 11:49
3.79897E+18,Sidecar,carousel_container,DS4piWqjU1N,https://www.instagram.com/p/DS4piWqjU1N/,2025-12-30T11:00:00.000Z,"Because great food deserves a soundtrack you can hum to 🎶🍽️

( Barbeque Nation, Togetherness, Celebration, Unlimited, Laughter, Fun, Happiness )",85,5,,,barbequenation,Barbeque Nation,506635909,,FALSE,,,,26-07-2026 11:49
3.77877E+18,Image,feed,DRw4FbCjF1B,https://www.instagram.com/p/DRw4FbCjF1B/,2025-12-02T14:02:01.000Z,"Step into the world of Awadhi royalty where every bite tells a story. Savor the rich aromas, the royal spices, and the timeless Virasat of flavors, only at Barbeque Nation! ✨

Hurry, this royal feast is for a limited time, so book your table now. 🍽️

[ Barbeque Nation, Awadhi Viraasat, Virasat of flavours ]",331,25,,,barbequenation,Barbeque Nation,506635909,,FALSE,,,,26-07-2026 11:49
3.78452E+18,Video,clips,DSFUOQVDcze,https://www.instagram.com/p/DSFUOQVDcze/,2025-12-10T12:33:13.000Z,"Your lesson in Odia starts with our chef… and ends with you savouring every flavour before it’s gone. So many new dishes to try, don’t miss this feast! 
Book your table now.

Book you table today on the Barbeque Nation website or app!

(Barbeque Nation, Odia Trails, Food Pop-up, Food fest )",337,14,2677,26570,barbequenation,Barbeque Nation,506635909,,FALSE,,,,26-07-2026 11:49
3.78102E+18,Sidecar,carousel_container,DR43umekpkG,https://www.instagram.com/p/DR43umekpkG/,2025-12-05T16:32:49.000Z,"South meets wow! 🍴✨ 

Watch MasterChef India’s youngest semi-finalist, Kenneth Gopinath, reimagine classic South Indian flavours with a modern twist. 

Don’t miss this culinary journey 

📍Barbeque Nation, Forum Shantiniken, Bengaluru

📆 10th–14th Dec 2025

Please visit our website or the barbeque nation app to book your table! 

(Barbeque Nation, South Indian flavours, Food Festival )",185,15,,,barbequenation,Barbeque Nation,506635909,,FALSE,,,,26-07-2026 11:49
3.77945E+18,Video,clips,DRzTP3ADLNX,https://www.instagram.com/p/DRzTP3ADLNX/,2025-12-03T12:39:15.000Z,"Flavours, smiles, and a whole lot of Andhra soul at Andhra Utsavam. Bengaluru showed up hungry and left absolutely delighted, thanks to Chef Meera’s masterful creations celebrating Shadruchulu, the six exquisite tastes of Andhra cuisine.It was a true feast of flavours… and a table full of happy faces.

(Barbeque Nation, Andhra Utsavam, Flavours, Togetherness, Celebration)",174,0,3986,16904,barbequenation,Barbeque Nation,506635909,,FALSE,,,,26-07-2026 11:49
3.78238E+18,Video,clips,DR9uJQIEvVF,https://www.instagram.com/p/DR9uJQIEvVF/,2025-12-07T13:45:36.000Z,"Meet the man bringing Odisha’s soul to Mumbai.

Chef Abinas Nayak — MasterChef India winner, storyteller of flavours, and the face behind Odia Trails — is here to show you what true regional magic tastes like.

From temple kitchens to coastal homes, from ancient rituals to everyday comfort, he’s crafted a menu that’s gentle, soulful, mustard-kissed, and rooted in centuries of tradition.

And now… he’s serving it to you, fresh off the grill at Barbeque Nation.

“I want people to taste the Odisha I grew up with — simple, seasonal, emotional.” — Chef Abinas Nayak 

The journey begins tomorrow. Are you ready to savour Odisha, one story and one dish at a time?

📍 Atria Mall, Worli, Mumbai
📅 8th–14th Dec

Book early — the seats (and the stories) won’t wait.

[Odia Cuisine | Chef Abinas Nayak | Odia Trails | Dalma | Macha Besara | Dahi Macha | Chhena Poda | Regional Indian Food | Barbeque Nation | Mumbai Pop-Up | Temple Cuisine | Coastal Food | Indian Chefs",2681,52,23474,77631,barbequenation,Barbeque Nation,506635909,,FALSE,,,,26-07-2026 11:49
3.78235E+18,Video,clips,DR9nQMHkmIo,https://www.instagram.com/p/DR9nQMHkmIo/,2025-12-07T12:45:50.000Z,"The final dinner service of Awadhi Viraasat is HERE, Lucknow!

If you’ve been waiting to taste the magic — the lost recipes, the soul of Awadh all the way from Ayodhya, Prayagraj & Lucknow — this is your moment.

Lucknow waalon… BOOK YOUR TABLE RIGHT NOW and come feast tonight! 

Let’s give Awadhi Viraasat the grand finale it deserves.

[AwadhiCuisine | AwadhiViraasat | LostRecipes | LucknowFood | BarbequeNation | AwadhiFlavours | RoyalCuisine | LucknowEats | ChefSpecial | DumCooking | AwadhiLegacy]",99,11,2989,15406,barbequenation,Barbeque Nation,506635909,,FALSE,,,,26-07-2026 11:49
3.78521E+18,Video,clips,DSHxkYDDWKD,https://www.instagram.com/p/DSHxkYDDWKD/,2025-12-11T11:28:19.000Z,"Every swipe, a new flavour. Every flavour, a new craving! That’s the Barbeque Nation effect we're leaving here for you...

Book you table today on the Barbeque Nation website or app!

(Barbeque Nation, Flavours, Celebrations, Trending, Fun )",83,1,1586,19999,barbequenation,Barbeque Nation,506635909,,FALSE,,,,26-07-2026 11:49
3.77661E+18,Video,clips,DRpOnOtEl5y,https://www.instagram.com/p/DRpOnOtEl5y/,2025-11-29T14:46:03.000Z,"Awadhi Lost Recipes by Chef Ritu Jaiswal is arriving at Barbeque Nation — bringing with it the finesse of centuries-old culinary heritage revived for today’s palate.

Get ready for a feast that celebrates the slow artistry of Awadhi cooking —
delicate Kebabs that melt at the slightest touch, fragrant Handi Biryanis, luscious Kormas, soulful Nihari, and festive desserts crafted with pure, traditional technique.

This is more than food — it’s nostalgia, memory, and mastery on a plate.

📍 Barbeque Nation, Lulu Mall, Lucknow
📅 Starting 3rd–7th December
Book Your Table TODAY!

Don’t miss the flavour revival — head over and be the first to experience it!

[Awadhi Food | Lost Recipes | Awadhi Biryani | Galawat Kebab | Nihari | Korma | Sheer Khurma | Chef Ritu Jaiswal | Awadhi Viraasat | Barbeque Nation | Lulu Mall Lucknow | Royal Cuisine | Heritage Food | Culinary Revival]",264,21,4811,17828,barbequenation,Barbeque Nation,506635909,,FALSE,,,,26-07-2026 11:49
3.77788E+18,Video,clips,DRtvl79EnXi,https://www.instagram.com/p/DRtvl79EnXi/,2025-12-01T08:51:19.000Z,"Jab swaad ho itna khaas…toh shayari toh banti hai, yaar! Come feel the flavour that gets everyone poetic ✨🔥

(Barbeque Nation, Celebration, Togetherness, Fun, Guest experience)",118,4,4085,17857,barbequenation,Barbeque Nation,506635909,,FALSE,,,,26-07-2026 11:49
3.778E+18,Video,clips,DRuKC77DHJE,https://www.instagram.com/p/DRuKC77DHJE/,2025-12-01T12:53:26.000Z,"In a world of strange things
Unlimited food feels just right 💯🔥

#barbequenation #strangerthings2 #unlimitedfood #strangeworld #allyoucaneat #buffet",115,1,3039,16750,barbequenation,Barbeque Nation,506635909,,FALSE,,"barbequenation, strangerthings2, unlimitedfood, strangeworld, allyoucaneat, buffet",,26-07-2026 11:49
3.7823E+18,Video,clips,DR9bxH8krRO,https://www.instagram.com/p/DR9bxH8krRO/,2025-12-07T11:05:46.000Z,"If you were waiting for a sign… this is it.
Awadhi Viraasat by Chef @ritu_jaiswal_chef ends today.

The lost recipes of Awadh.
The forgotten flavours.
The royal richness.
All here for one last service.

Book your table.
Bring your appetite.
Make tonight count.

Book you table today on the Barbeque Nation website or app!

[AwadhiCuisine | LostRecipes | AwadhiViraasat | LucknowFood | BarbequeNation | AwadhiFlavours | RoyalCuisine | FoodPopUp | LucknowEats | ChefSpecials | DumCooking | AwadhiLegacy]",122,3,4499,19141,barbequenation,Barbeque Nation,506635909,,FALSE,,,ritu_jaiswal_chef,26-07-2026 11:49
3.81129E+18,Sidecar,carousel_container,DTkb8WnDYW4,https://www.instagram.com/p/DTkb8WnDYW4/,2026-01-16T11:08:01.000Z,"Odisha’s flavours are taking the scenic route to your table 🍽️
From soulful Pakhala to bold Mutton Jhola, travel the taste trails with MasterChef Abinas Nayak at Odia Trails.

📍 Marathahalli, Bengaluru | 21st–25th Jan
✨ Limited-time experience. Book Now.",539,27,,,barbequenation,Barbeque Nation,506635909,,FALSE,,,,26-07-2026 11:49
3.79154E+18,Video,clips,DSeP2YbjJSg,https://www.instagram.com/p/DSeP2YbjJSg/,2025-12-20T04:57:25.000Z,"Odia Trails served memories, not just meals.
Every dish celebrated the richness of Odia cuisine and its timeless flavours. 🍛
Stay tuned for our next food festival until then, our unlimited grills are always here! 🍱

Book you table today on the Barbeque Nation website or app!

( Barbeque Nation, Togetherness, Celebration, Food pop up, Odia Trails )",78,0,3896,16330,barbequenation,Barbeque Nation,506635909,,FALSE,,,,26-07-2026 11:49
3.78601E+18,Video,clips,DSKmTs9EtJO,https://www.instagram.com/p/DSKmTs9EtJO/,2025-12-12T13:48:36.000Z,"🔥 Dive into the flavours of the South!
Join us at the Dakshin Food Pop-Up for an authentic culinary celebration.

📍 Barbeque Nation, Forum Shantiniketan, Bengaluru

📅 10th–14th Dec 2025

Book you table today on the Barbeque Nation website or app!

( Barbeque Nation, Dakshin food pop up, Flavours, Food pop up )",286,4,8434,26736,barbequenation,Barbeque Nation,506635909,,FALSE,,,,26-07-2026 11:49
3.77296E+18,Video,clips,DRcOpvYjCHm,https://www.instagram.com/p/DRcOpvYjCHm/,2025-11-24T13:39:58.000Z,"A birthday at Barbeque Nation is that warm, happy, group-hug kind of celebration 🤗

The grills bring the food, your friends bring the love, and together it becomes the perfect party.

And we’re glad @sreetheexplorer could experience this special feeling. 

Share this with your gang and start planning the next birthday! 🥳

#barbequenation #birthdaycelebrations #guestexperience #togetherness #celebration #birthdaybash",82,1,2883,13898,barbequenation,Barbeque Nation,506635909,,FALSE,,"barbequenation, birthdaycelebrations, guestexperience, togetherness, celebration, birthdaybash",sreetheexplorer,26-07-2026 11:49
3.79387E+18,Sidecar,carousel_container,DSmhrhbDTp7,https://www.instagram.com/p/DSmhrhbDTp7/,2025-12-23T10:05:14.000Z,"When one craving leads to another, and stopping isn’t part of the plan.
Unlimited favourites, served the Barbeque Nation way🍽️🔥

Book you table today on the Barbeque Nation website or app!

( Barbeque Nation, Togetherness, Celebration, Unlimited, Laughter, Fun, Happiness )",62,3,,,barbequenation,Barbeque Nation,506635909,,FALSE,,,,26-07-2026 11:49
3.77343E+18,Video,clips,DRd7g5RkpwW,https://www.instagram.com/p/DRd7g5RkpwW/,2025-11-25T05:29:03.000Z,"Step into a world shaped by centuries of khansamaa's craft, where every dish carries the slow-cooked soul of Lucknow. Chef Gul Ali brings her legendary Dum Pukht artistry to Barbeque Nation — and the aromas alone are transporting guests straight to Nawabi times.

From the signature Galouti to the royal Lucknowi Dum Biryani — this is your chance to savour recipes perfected across generations.

It’s only the second day, and tables are filling already.
Book now and dine at a true Dastarkhwan of the Nawabs.

📍 Ambience Mall, Gurugram
📅 24th–30th Nov

[Lucknowi Cuisine | Awadhi Food | Galouti Kebab | Dum Biryani | Nihari | Korma | Sheer Khurma | Chef Gul Ali | Royal Feast | Nawabi Cuisine | Barbeque Nation]",227,4,4881,17743,barbequenation,Barbeque Nation,506635909,,FALSE,,,,26-07-2026 11:49
3.79196E+18,Video,clips,DSfvkZ5Eok5,https://www.instagram.com/p/DSfvkZ5Eok5/,2025-12-20T18:53:29.000Z,"When our chef starts with “yeh bhaang ke beej hai”, we know it’s going to be a pahadi story 🌿
(No, not woh wala 😄)

We’re hosting Chef Yojana Khanduri as she brings traditional Uttarakhandi recipes to our grills — from earthy bhaang ki chutney to her family’s much-loved bhaang chicken, made with hemp seeds and generations of flavour.

This is Himalayan cooking the way it’s meant to be — personal, rooted, and full of stories.

Join us at Barbeque Nation, Kalyani Nagar, Pune for an exclusive Flavours of Uttarakhand pop-up.

📍 Kalyani Nagar, Pune
📅 19th – 24th December

Book your table on the Barbeque Nation website or app!",198,4,7398,27887,barbequenation,Barbeque Nation,506635909,,FALSE,,,,26-07-2026 11:49
3.77806E+18,Video,clips,DRuXN7wkjQp,https://www.instagram.com/p/DRuXN7wkjQp/,2025-12-01T14:37:28.000Z,"When the internet hacks met the Awadhi kitchen… chaos toh hona hi tha. 🔥

Microwave biryani in 12 minutes?
Air-fried seekh kebab “same taste”?
Sheermal dough in a blender? 👀

Chef ka reply:
“Shortcut se reel ban jaati hai… khana nahi.” 😌✨

Experience the real deal — the forgotten flavours, the lost techniques, the timeless Awadhi Viraasat.

📅 3rd–7th December
📍 Barbeque Nation, Lulu Mall Lucknow

#AwadhiViraasat #BarbequeNation #LucknowFood #AwadhiCuisine #NoShortcuts",364,16,6659,26435,barbequenation,Barbeque Nation,506635909,,FALSE,,"AwadhiViraasat, BarbequeNation, LucknowFood, AwadhiCuisine, NoShortcuts",,26-07-2026 11:49
3.76542E+18,Image,feed,DRBc3N_DMf8,https://www.instagram.com/p/DRBc3N_DMf8/,2025-11-14T03:59:51.000Z,"Some joys stay the same - like  the sparkle in your eyes when you spot dessert at Barbeque Nation🍨✨

Happy Children’s Day to the kid in all of us! 🧚

(Barbeque Nation, BBQN, joy , Celebration, Children’s day )",33,1,,,barbequenation,Barbeque Nation,506635909,,FALSE,,,,26-07-2026 11:49
3.76567E+18,Video,clips,DRCWFK4Er8q,https://www.instagram.com/p/DRCWFK4Er8q/,2025-11-14T12:26:51.000Z,"From the smoky warmth of the Terai to the comforting flavours of the Himalayas, Nepal’s cuisine is a journey of soul, heritage, and hidden gems.

Experience it all at ‘Flavours of Nepal’, curated by Chef Basant Rana at Barbeque Nation, Southern Park Mall, Saket. ✨

Join us till the 16th November 2025 and taste Nepal the way it’s meant to be — authentic, bold, and unforgettable. 🍛

[ Nepalese cuisine | Nepal food festival | Barbeque Nation Saket | Chef Basant Rana | Flavours of Nepal ]",117,4,2792,12690,barbequenation,Barbeque Nation,506635909,,FALSE,,,,26-07-2026 11:49
3.79174E+18,Image,feed,DSe-C3dDbGf,https://www.instagram.com/p/DSe-C3dDbGf/,2025-12-20T11:39:10.000Z,"Some dinner plans don’t need a debate.
Just good food, great company, and unlimited joy 🍽️

Book you table today on the Barbeque Nation website or app!

( Barbeque Nation, Togetherness, Celebration, Unlimited, Laughter, Fun, Happiness )",39,0,,,barbequenation,Barbeque Nation,506635909,,FALSE,,,,26-07-2026 11:49
3.76771E+18,Video,clips,DRJliEgDYMA,https://www.instagram.com/p/DRJliEgDYMA/,2025-11-17T07:50:02.000Z,"Faridabad, get ready to turn up the heat! 🔥
Barbeque Nation is now open at Pacific Mall, bringing unlimited grills, unlimited flavours, and unlimited good times to your city.
Your new sizzle spot is here!

#BarbequeNation #NowOpen #FaridabadEats #PacificMallFaridabad",154,3,5854,20652,barbequenation,Barbeque Nation,506635909,,FALSE,,"BarbequeNation, NowOpen, FaridabadEats, PacificMallFaridabad",,26-07-2026 11:49
3.90488E+18,Sidecar,carousel_container,DYw7tUxmDLe,https://www.instagram.com/p/DYw7tUxmDLe/,2026-05-25T14:13:26.000Z,"🔥 Lucknow, are you ready for a true taste of Bihar?✨

Experience BHANSA — a culinary tribute to Bihar’s timeless flavours, curated by the award-winning Chef Rachnaa Prasad 🍲🤎

From authentic rustic recipes to soul-satisfying regional delicacies, this is your chance to savour Bihar like never before.

📍 Phoenix United Mall, Alambagh, Lucknow
📅 5th–9th June, 2026

Tag your foodie gang 👇 who NEEDS to experience this with you!
Book your table now on the Barbeque Nation app or website.

#Bhansa #BihariCuisine #Lucknow #BarbequeNation",198,12,,,barbequenation,Barbeque Nation,506635909,,FALSE,,"Bhansa, BihariCuisine, Lucknow, BarbequeNation",,26-07-2026 11:49
3.78212E+18,Video,clips,DR8ziEVkusz,https://www.instagram.com/p/DR8ziEVkusz/,2025-12-07T05:13:55.000Z,"Odia Trails by Chef Abinas Nayak arrives at Barbeque Nation with the soul of Odisha’s temple kitchens, coastal comforts, and seasonal flavours — and trust us, you’ll want to be there from Day 1.

Think soothing Dalma, mustard-rich Macha Besara, tangy and creamy Dahi Macha, soft and smoky Chhena Poda, and the warmth of Odisha’s festive classics.
This isn’t just food — it’s a flavour journey crafted with balance, emotion, and pure Odia authenticity.

📍 Atria Mall, Worli, Mumbai
📅 8th–14th Dec — starts tomorrow!

Book you table today on the Barbeque Nation website or app!

Seats are expected to fill fast — book now and savour Odisha, one soulful dish at a time.

[Odia Cuisine | Dalma | Macha Besara | Dahi Macha | Chhena Poda | Regional Indian Food | Chef Abinas Nayak | Odia Trails | Barbeque Nation | Mumbai Food Festival | Coastal Cuisine | Temple Food | India’s Regional Flavours]",108,0,2351,13580,barbequenation,Barbeque Nation,506635909,,FALSE,,,,26-07-2026 11:49
3.77587E+18,Video,clips,DRmlBo6jE1L,https://www.instagram.com/p/DRmlBo6jE1L/,2025-11-28T14:04:11.000Z,"Delhi, get ready for a feast like never before! 🍢✨ Our biggest Barbeque Nation outlet in Delhi is now open at Regal building, Connaught Place. Come, grab your table, and dive into unlimited celebrations! 

[Barbeque Nation, New Store Opening, Delhi , Connaught Place, Regal Building ]",233,17,9897,34731,barbequenation,Barbeque Nation,506635909,,FALSE,,,,26-07-2026 11:49
3.81139E+18,Video,clips,DTkwxopDHJ9,https://www.instagram.com/p/DTkwxopDHJ9/,2026-01-16T14:11:29.000Z,"Dilli ki galiyon ka asli swaad, ab Barbeque Nation ke dastarkhwan par.🔥🍽️
Purani recipes, asli masale aur woh Delhi-style flavour jo har bite mein yaadein jagaa de.

Zaika-e-Delhi Food Festival
📅 13th–19th Jan

Aaiye, Dilli ka zaika unlimited tareeke se celebrate karein. 😋✨

Book your table now! 🍽️🔥",190,6,7597,27052,barbequenation,Barbeque Nation,506635909,,FALSE,,,,26-07-2026 11:49
3.77501E+18,Video,clips,DRjg6RIDVSu,https://www.instagram.com/p/DRjg6RIDVSu/,2025-11-27T09:30:26.000Z,"When Nepali flavours meet Indian hospitality, it’s pure delight!

We were honoured to host Dr. Shankar Sharma, Ambassador of Nepal to India, and his team, Dr. Sunedra Thapa - Deputy Ambassador, Mr. Rabindra Jung Thapa - Counsellor, and Mr. Ambika Joshi, at our Flavours of Nepal pop-up with Chef Basant Rana, celebrating authentic Nepali warmth, spice and stories at Barbeque Nation.",229,6,4492,18447,barbequenation,Barbeque Nation,506635909,,FALSE,,,,26-07-2026 11:49
3.79544E+18,Video,clips,DSsGJbUkr_-,https://www.instagram.com/p/DSsGJbUkr_-/,2025-12-25T14:02:18.000Z,"Delhi, it’s official — bigger just got better 🔥
Barbeque Nation has arrived (again) in Connaught Place with our largest restaurant in Delhi, and yes, it’s unmissable.

Housed at the iconic Regal Building, 1st Floor, this isn’t just a new outlet — it’s a whole new dining destination.
More space. Bigger energy. The same flavours you love, now on an even grander scale.

📍 Barbeque Nation, Regal Building, 1st Floor, Connaught Place

Book your table today on the Barbeque Nation website or app.

[BarbequeNation | BBQNationDelhi | ConnaughtPlace | Delhi]",103,1,3585,20273,barbequenation,Barbeque Nation,506635909,,FALSE,,,,26-07-2026 11:49
3.77138E+18,Image,feed,DRWoF-7DV9Z,https://www.instagram.com/p/DRWoF-7DV9Z/,2025-11-22T09:22:02.000Z,"Delhi, we're levelling up the buffet game!🤌🔥

Barbeque Nation's biggest outlet in Delhi is opening soon at Connaught place, and it's going to be legendary!

Bold flavours. Big space. Bigger vibes. Get ready to feast, Dillistyle.

📍Barbeque Nation, 1st Floor, Regal Building, Connaught Place, New Delhi, 110001

(New Store Opening, Dilli Style, Barbeque Nation 
Delhi, Connaught Place )",48,4,,,barbequenation,Barbeque Nation,506635909,,FALSE,,,,26-07-2026 11:49
3.7758E+18,Video,clips,DRmVpSBjAdU,https://www.instagram.com/p/DRmVpSBjAdU/,2025-11-28T11:49:50.000Z,"The smiles, the aromas, the compliments - everything at the Lucknowi Dastarkhwan says pure delight. Let Chef Gul Ali treat you to the royal flavours of Lucknow. 

2 days to go… indulge at our Lucknowi Dastarkhwan before it ends. Book Your Table TODAY!",116,3,4331,15872,barbequenation,Barbeque Nation,506635909,,FALSE,,,,26-07-2026 11:49
3.76785E+18,Image,feed,DRKGIS5DKdw,https://www.instagram.com/p/DRKGIS5DKdw/,2025-11-17T12:34:22.000Z,"Experience Andhra like never before as Chef Meera brings the essence of Shadruchulu to life - a balance of bold, vibrant and unforgettable flavours.👩‍🍳

Dive into an authentic spread that celebrates the heart of Andhra cuisine.🔥

Hurry, Andhra Utsavam is on for a few days only. Don’t miss the flavour journey!😋✨️

#BarbequeNation #BBQN #AndhraUtsavam #ʙᴇɴɢᴀʟᴜʀᴜ #foodfestival #foodpopup #flavours #shadruchulu🥗",139,6,,,barbequenation,Barbeque Nation,506635909,,FALSE,,"BarbequeNation, BBQN, AndhraUtsavam, ʙᴇɴɢᴀʟᴜʀᴜ, foodfestival, foodpopup, flavours, shadruchulu🥗",,26-07-2026 11:49
3.77375E+18,Video,clips,DRfEFxXkuTj,https://www.instagram.com/p/DRfEFxXkuTj/,2025-11-25T16:00:14.000Z,"A dish once begun in the quiet of the night…
left to simmer slowly as the world slept…
and unveiled at sunrise, that warmed both body and spirit.

What started as a humble, hearty meal for mazdoors
became a treasured favourite across generations —
and today, it arrives at our Dastarkhwan with the same respect and patience it was born from.

Experience Chef Gul Ali’s signature Nihari — slow-cooked, soulful, and steeped in Lucknow’s true tehzeeb.

Book your table and savour this timeless Nawabi classic.

📍 Ambience Mall, Gurugram
📅 24th–30th Nov

[Lucknowi Cuisine | Awadhi Food | Nihari | Dum Cooking | Chef Gul Ali | Dastarkhwan | Barbeque Nation | Royal Feast]",184,10,4764,18289,barbequenation,Barbeque Nation,506635909,,FALSE,,,,26-07-2026 11:49
3.77089E+18,Video,clips,DRU5ty4jdrI,https://www.instagram.com/p/DRU5ty4jdrI/,2025-11-21T17:20:15.000Z,"Get ready for Andhra Utsavam, a vibrant new pop-up where Chef Meera GT brings the 6 Shadruchulu of Andhra cuisine to life — in their truest, most soulful form.
Savour sweet, sour, salty, spicy, bitter and tangy notes in perfect harmony — a feast crafted by an architect-turned-chef who has dedicated her journey to showcasing Andhra food beyond just spice.

⏰ 26th–30th November 2025
📍 Barbeque Nation, Indiranagar, Bengaluru
👩‍🍳 Curated by Chef Meera — a specialist in Andhra cuisine 
☎️ 080 6902 8722 | Book via the Barbeque Nation App

A celebration of tradition, flavour and craftsmanship — this Andhra feast is here only for 5 days. Don’t miss it! 🌶️🌿✨

#AndhraUtsavam #Shadruchulu #BarbequeNation #ChefMeera #AndhraCuisine #FoodPopUp #BengaluruEats #LimitedEditionDining",166,3,3588,15442,barbequenation,Barbeque Nation,506635909,,FALSE,,"AndhraUtsavam, Shadruchulu, BarbequeNation, ChefMeera, AndhraCuisine, FoodPopUp, BengaluruEats, LimitedEditionDining",,26-07-2026 11:49
3.76575E+18,Video,clips,DRCpIyZkt--,https://www.instagram.com/p/DRCpIyZkt--/,2025-11-14T15:07:15.000Z,"Birthdays, bright faces, and memories we’ll hold close.
Thank you, Thayi Mane Government School, for letting us share this beautiful day with the kids. 💛

Happy Children’s Day! 

#KhushiyonKaPitara #SpreadJoy",63,1,2809,15129,barbequenation,Barbeque Nation,506635909,,FALSE,,"KhushiyonKaPitara, SpreadJoy",,26-07-2026 11:49
3.772E+18,Video,clips,DRY1foAEjFx,https://www.instagram.com/p/DRY1foAEjFx/,2025-11-23T05:58:21.000Z,"Get ready to experience Andhra Utsavam — a spirited culinary showcase where Chef Meera GT brings the 6 iconic Shadruchulu to your plate with unmatched authenticity.
From sweet and sour to spicy, salty, bitter and tangy — taste every note of Andhra cuisine in a menu crafted with precision, heritage and heart.

An architect-turned-chef with a deep-rooted love for Andhra flavours, Chef Meera reimagines traditional dishes while staying true to their soulful origins.

⏰ 26th–30th November 2025
📍 Barbeque Nation, Indiranagar, Bengaluru
👩‍🍳 Curated by Chef Meera — Andhra cuisine expert
☎️ 080 6902 8722 | Book now on the Barbeque Nation App

A rare 5-day culinary celebration of tradition, technique and taste — come be part of the Utsavam! 

#AndhraUtsavam #Shadruchulu #BarbequeNation #ChefMeera #AndhraCuisine #BengaluruFood #PopUpDining #LimitedEditionExperience",183,5,3121,17236,barbequenation,Barbeque Nation,506635909,,FALSE,,"AndhraUtsavam, Shadruchulu, BarbequeNation, ChefMeera, AndhraCuisine, BengaluruFood, PopUpDining, LimitedEditionExperience",,26-07-2026 11:49
3.75771E+18,Image,feed,DQmEWM4DN_e,https://www.instagram.com/p/DQmEWM4DN_e/,2025-11-03T12:46:07.000Z,"They've been serving flavour for
generations. Now they're serving victory, grilled to
perfection! Congratulations, Team India. 🎊💙

(Barbeque Nation, BBQN, Women's Worldcup '25,
Proud moment, Women in Blue, Champions
Victory, Celebration, team india)",76,0,,,barbequenation,Barbeque Nation,506635909,,FALSE,,,,26-07-2026 11:49
3.76125E+18,Sidecar,carousel_container,DQyp9_cjaJx,https://www.instagram.com/p/DQyp9_cjaJx/,2025-11-08T10:05:45.000Z,"Think Nepalese food is all about momos? Think again. 🤔

From the earthy flavours of the Terai plains to the aromatic spices of the Himalayas, Nepali cuisine is a rich tapestry of culture, comfort, and celebration. Experience this soulful journey at ‘Flavours of Nepal’, a special food festival curated by Chef Basant Rana, only at Barbeque Nation, Southern Park Mall, Saket, New Delhi. ✨

Join us from 10th to 16th November 2025 and discover what most haven’t — the true, authentic taste of Nepal. 🍛",133,2,,,barbequenation,Barbeque Nation,506635909,,FALSE,,,,26-07-2026 11:49
3.78229E+18,Sidecar,carousel_container,DR9YnsYjSzO,https://www.instagram.com/p/DR9YnsYjSzO/,2025-12-07T10:37:12.000Z,"Welcome you to Odia trail a Pop Up in collaboration with @barbequenation , Worli Atria Mall .
From 8-14th Dec , I will be serving some Odia Classics and my Signature Dishes .
So Book your seats now and see you soon at @barbequenation .
.
#odiapopup #barbequenations",2957,7,,,abimilano,MasterChef Abinas Nayak,1750503806,Atria Mall,FALSE,,"odiapopup, barbequenations",barbequenation,26-07-2026 11:49
3.78244E+18,Video,clips,DR977UcjUXZ,https://www.instagram.com/p/DR977UcjUXZ/,2025-12-07T15:45:14.000Z,"Respect the Roots, Remix the Rules ✨🔥

MasterChef India’s youngest semi-finalist, Kenneth Gopinath, is bringing progressive, fusion-driven South Indian flavours to Bengaluru… and trust us, these plates are nothing like the “idly–dosa” stereotypes.

A bold new pop-up crafted for the Gen Z palate, packed with innovation, nostalgia, and that unmistakable Kenny flair. 🌶️✨

Tables will fill fast — pre-book today to secure your spot on this flavour trail!

📍 Barbeque Nation, Forum Shantiniketan, Bengaluru
📆 10th–14th Dec 2025
📲 Book via our website or the Barbeque Nation App

(Barbeque Nation, South Indian flavours, Food Festival)",236,34,3224,21206,barbequenation,Barbeque Nation,506635909,,FALSE,,,,26-07-2026 11:49
3.77636E+18,Sidecar,carousel_container,DRoVXn4jN5d,https://www.instagram.com/p/DRoVXn4jN5d/,2025-11-29T06:24:45.000Z,"Get ready to enter a world where every bite feels like a story from Odisha’s timeless culinary heritage. ✨

Odia Trails by Chef Abinas Nayak is arriving at Barbeque Nation — bringing with it the soul of Odisha’s temple kitchens, coastal comforts, and seasonal flavours.

Think soothing Dalma, mustard-rich Macha Besara, tangy and creamy Dahi Macha, soft and smoky Chhena Poda, and the warmth of Odisha’s festive classics.
This isn’t just food — it’s a flavour journey crafted with balance, emotion, and pure Odia authenticity.

📍 Atria Mall, Worli, Mumbai
📅 8th–14th Dec
Book Your Table TODAY!

Come savour Odisha, one soulful dish at a time.

[Odia Cuisine | Dalma | Macha Besara | Dahi Macha | Chhena Poda | Regional Indian Food | Chef Abinas Nayak | Odia Trails | Barbeque Nation | Mumbai Food Festival | Coastal Cuisine | Temple Food | India’s Regional Flavours]",1365,45,,,barbequenation,Barbeque Nation,506635909,,FALSE,,,,26-07-2026 11:49
3.76189E+18,Image,feed,DQ07e8kjO2a,https://www.instagram.com/p/DQ07e8kjO2a/,2025-11-09T07:17:17.000Z,"Let the little ones turn into big-time foodies this Children’s Day! 😋 Join the fun, laughter, and unlimited grills at Barbeque Nation where every bite is a celebration! 🎉

*Avail our limited time offer: 
4 @ ₹1999 | 10th–14th Nov

Download our app to book and avail our limited time offer | *T&C Apply",364,42,,,barbequenation,Barbeque Nation,506635909,,FALSE,,,,26-07-2026 11:49
3.76337E+18,Video,clips,DQ6L3D3jT4R,https://www.instagram.com/p/DQ6L3D3jT4R/,2025-11-11T08:17:22.000Z,"The grill’s sizzling, laughter’s echoing, and everyone’s in full foodie mode, that’s how fun looks at Barbeque Nation!

( Barbeque Nation, BBQN , Celebration, Joy , Togetherness, Fun)",145,4,5761,17926,barbequenation,Barbeque Nation,506635909,,FALSE,,,,26-07-2026 11:49
3.76427E+18,Image,feed,DQ9YxV1jAy-,https://www.instagram.com/p/DQ9YxV1jAy-/,2025-11-12T14:07:07.000Z,"Barbeque Nation is here with a daawat that celebrates patience, passion, and perfection. Chef Gul Ali’s Lucknowi Dastarkhwan brings you the rich legacy of slow-cooked Awadhi delicacies. 💫

📍Ambience Mall, Gurugram | 📅 24th–30th Nov
Don’t miss… come, savour the art and taste of slow cooking.🔥

(Barbeque Nation, BBQN, Food Festival, Food Pop-up, Lucknowi Dastarkhwan)",111,7,,,barbequenation,Barbeque Nation,506635909,,FALSE,,,,26-07-2026 11:49
3.76143E+18,Video,clips,DQzRZe6kp6b,https://www.instagram.com/p/DQzRZe6kp6b/,2025-11-08T15:50:27.000Z,"Think Nepali food is all about momos? Think again. 🤔

🔥 Flavours of Nepal — an exclusive Nepali food festival in Delhi — starts this Monday, 10th Nov at Barbeque Nation, Saket! 🇳🇵✨

From the earthy flavours of the Terai plains to the bold, aromatic spices of the Himalayas, experience authentic Nepali cuisine curated by Chef Basant Rana — packed with culture, comfort, and soul. 🍛

📍 Barbeque Nation, Southern Park Mall, Saket, New Delhi
📅 10th–16th Nov 2025

Delhi food lovers — don’t miss this chef special Nepali feast! 🍴❤️

#FlavoursOfNepal #NepaliFoodFestival #BarbequeNationSaket #AuthenticNepaliCuisine #DelhiFoodies #FoodFestivalDelhi #NepaliFoodInDelhi #ChefBasantRana #MustTryInDelhi #DelhiEats #FoodieDelhi #NepaliFlavours",428,11,7903,24966,barbequenation,Barbeque Nation,506635909,,FALSE,,"FlavoursOfNepal, NepaliFoodFestival, BarbequeNationSaket, AuthenticNepaliCuisine, DelhiFoodies, FoodFestivalDelhi, NepaliFoodInDelhi, ChefBasantRana, MustTryInDelhi, DelhiEats, FoodieDelhi, NepaliFlavours",,26-07-2026 11:49
3.75689E+18,Image,feed,DQjK5hCjQqW,https://www.instagram.com/p/DQjK5hCjQqW/,2025-11-02T09:45:39.000Z,"🌊 Dive into flavour paradise! Hyderabad’s ultimate Seafood Pop-Up is here - curated by MasterChef Shyam Gopisetti!

From Tandoori Octopus to Meen Lopichedu, get to taste it all before it’s gone.

📍 Gachibowli | 🗓️ 7th–9th Nov | 

🍤 Don’t just scroll, come enjoy! Book your table now.",82,2,,,barbequenation,Barbeque Nation,506635909,,FALSE,,,,26-07-2026 11:49
3.76479E+18,Video,clips,DQ_NiTEk2lY,https://www.instagram.com/p/DQ_NiTEk2lY/,2025-11-13T07:11:13.000Z,"“Get ready for a culinary delight! Our The Big Buffet Special Menu is here at Barbeque Nation Meerut ! Unlimited starters, main course, and desserts at just ₹399+ tax. Don’t miss out! Book now!

Applicable - Monday To Saturday Lunch.
 
Call - 9068555679 / 9068555680 / 08069028711

https://bit.ly/visitusatBarbequeNation-Appetite 
#meerut #trendingreels #offers #trending #instalike #ritikachaudhary #viralreels #foryou",1118,12,34181,121584,ritikachaudhary9918,Ritika Chaudhary,34112713460,,FALSE,,"meerut, trendingreels, offers, trending, instalike, ritikachaudhary, viralreels, foryou",,26-07-2026 11:49
3.75117E+18,Image,feed,DQO194CDXcT,https://www.instagram.com/p/DQO194CDXcT/,2025-10-25T12:17:56.000Z,"Oh, the joy of indulging in your favourite food without worrying about anything else... This is your sign to come and enjoy live grills and unlimited food with your friends at Barbeque Nation😋

[ Barbeque Nation, BBQN, Unlimited, Grills, Togetherness ]",91,2,,,barbequenation,Barbeque Nation,506635909,,FALSE,,,,26-07-2026 11:49
3.78589E+18,Video,clips,DSKK7DMEjiP,https://www.instagram.com/p/DSKK7DMEjiP/,2025-12-12T09:48:49.000Z,"Say yes to those plans coz friendships in your 20s are built between refills and shared plates. 😉🥙

Book you table today on the Barbeque Nation website or app!

( Barbeque Nation, Foodie lovers, Unlimited, Buffet , grills , Flavours, Celebrate)",71,0,2694,13944,barbequenation,Barbeque Nation,506635909,,FALSE,,,,26-07-2026 11:49
3.74683E+18,Video,clips,DP_Z-V8klds,https://www.instagram.com/p/DP_Z-V8klds/,2025-10-19T12:25:41.000Z,"The flames are burning bright — and today’s your last chance to feel the heat! 🔥

It’s the final day of FLAMES OF ASIA, where Chef Vaibhav Bhargava is turning up the fire with bold, unforgettable Pan-Asian flavours. Don’t miss the feast everyone’s been talking about! 🍜

📍 Barbeque Nation, Gaur City Mall, Sector 4, Noida
👨‍🍳 Curated by Chef Vaibhav Bhargava
📅 Last day — 19th October!
☎️ 080 6902 8727 | Book via the Barbeque Nation app

Come indulge before the flames die out!

#FlamesOfAsia #BarbequeNation #PanAsianFlavours #NoidaEats #FoodieAlert #LastDayToFeast",248,7,6601,22730,barbequenation,Barbeque Nation,506635909,,FALSE,,"FlamesOfAsia, BarbequeNation, PanAsianFlavours, NoidaEats, FoodieAlert, LastDayToFeast",,26-07-2026 11:49
3.78465E+18,Video,clips,DSFynkiErLj,https://www.instagram.com/p/DSFynkiErLj/,2025-12-10T16:58:47.000Z,"Kenny has a confession:
He catches feelings.
Not for people.
For FOOD. 😭🔥

From the bold Chettinad Mushroom Pepper Fry
to the dramatic Fish Pollichathu,
to the flirty Prawns Veppudu Tacos…
this menu is basically a rom-com unfolding on a grill.

Then the Ragi Mudde Gnocchi with Nati Koli Saru shows up like “hi, I’m long-term potential.”

And dessert?
Palada Payasam Shahi Tukda = the final heartbreak + true love combo. 💘

Taste Kenny’s entire emotional journey at
Dakshin: Flavours Reimagined
📅 10th–14th Dec
📍 Nexus Shantiniketan, Bengaluru
Book you table today on the Barbeque Nation website or app!

Come hungry. Leave in love. 😉🔥

[ South Indian Pop Up | Modern South Indian Food | Bengaluru Food Festival | Chef Kenny | Dakshin Flavours Reimagined | Bangalore Events | South Indian Fusion | Food Festival India | Barbeque Nation Bengaluru]",211,14,2565,21385,barbequenation,Barbeque Nation,506635909,,FALSE,,,,26-07-2026 11:49
3.76504E+18,Video,clips,DRAGYf0khtb,https://www.instagram.com/p/DRAGYf0khtb/,2025-11-13T15:29:10.000Z,"A day filled with joy, laughter, and delicious food!🍽️

Our Paathshala kids from our Mohali Centre had a heartwarming experience at the grand opening of @barbequenation new outlet at @nirwanasquareone The children enjoyed every moment from the fun activities to the mouthwatering dishes served with love.

A heartfelt thank you to the @barbequenation team for their kindness, warmth, and for making this special event for underprivileged children truly memorable❤️

Grateful to @gottea_official for letting us create in such a gorgeous space🌱

#aashrayfoundation #barbequenation #childwelfare #ngoindia #pathshalakids #socialgood #csractivity #childrencelebration",241,129,3869,,aashrayngo,Aashray Foundation Regd.,1266832929,"Mohali, Chandigarh",FALSE,,"aashrayfoundation, barbequenation, childwelfare, ngoindia, pathshalakids, socialgood, csractivity, childrencelebration","barbequenation, nirwanasquareone, gottea_official",26-07-2026 11:49
3.75389E+18,Video,clips,DQYfPQDkatt,https://www.instagram.com/p/DQYfPQDkatt/,2025-10-29T06:15:31.000Z,"🔥 Barbeque Queens x Dwarka Moms! 🔥

Your Kitty • Your Way • Your Choice of Menu!

Our Dwarka Moms Community at Barbeque Nation, Pacific Mall, Dwarka — and it was an absolute hit! 💃✨

With 40+ amazing moms, the day was packed with laughter, games, gifts & unlimited fun — all while enjoying the Unlimited Buffet 🍢🍰 featuring mouth-watering grills, mains & desserts.

We loved the vibrant ambience, festive décor, and the super courteous staff who made sure our plates (and hearts) stayed full! Having our own private zone made it even more special. 🎉

And the best part — the Kitty Party Deal was super pocket-friendly, letting us feast like queens at just ₹599 + taxes! 👑

📅 Valid Monday to Friday (Lunch only)
Applicable on maximum outlets of North India outlets.
📞 Gather your squad of 8 or more and book your table now call 080 6902 8719.

T&C apply

#DwarkaMoms #BarbequeQueens #DiwaliKitty #BarbequeNation #DwarkaEvents #MomTribe #KittyConnect #PocketFriendlyFun #DwarkaCommunity
Short",215,0,7934,,dwarkamomsgroup,Dwarka Moms,5542562287,Barbeque Nation,TRUE,,"DwarkaMoms, BarbequeQueens, DiwaliKitty, BarbequeNation, DwarkaEvents, MomTribe, KittyConnect, PocketFriendlyFun, DwarkaCommunity",,26-07-2026 11:49
3.75272E+18,Image,feed,DQUV_wNks64,https://www.instagram.com/p/DQUV_wNks64/,2025-10-27T15:34:01.000Z,"When the grills start to glow and the pumpkins come alive 🎃
you know it’s Halloween at Barbeque Nation! 👻

Gather your Boo Crew for a night of sizzling grills, spooky vibes, and hauntingly good food. 
Because this Halloween, the only thing scary… is missing out on the fun!

From the 29th - 31st of October!
Book you spooky szn treating on the Barbeque Nation App!

[Halloween Buffet | Barbeque Nation | Halloween Dinner | Festive Dining | Spooky Food Vibes]",79,8,,,barbequenation,Barbeque Nation,506635909,,FALSE,,,,26-07-2026 11:49
3.77283E+18,Video,clips,DRbyrseEp5R,https://www.instagram.com/p/DRbyrseEp5R/,2025-11-24T09:30:28.000Z,"“Spice is only one chapter,” Chef Meera explains.
“The real Andhra story is told through the Shadruchulu — six flavour pillars that guide everything from tempering to plating.”

Think acidity meeting heat, bitterness balancing richness, sweetness mellowing spice… A flavour chemistry you just can't miss!

Experience the full spectrum at Andhra Utsavam — where Chef Meera brings the traditional Andhra flavour matrix to life.
📍 Barbeque Nation Indiranagar | 26–30 Nov

Bangalore, come taste the science of Shadruchulu.

[AndhraCuisine | SouthIndianFood | BangaloreFood | BangaloreEvents | FoodPopUp | ChefSpecial | BarbequeNation | Indiranagar | IndianFoodie | FoodReels | Shadruchulu | AndhraFlavours | ExploreFood | TrendingReels]",229,2,3728,15976,barbequenation,Barbeque Nation,506635909,,FALSE,,,,26-07-2026 11:49
3.76612E+18,Sidecar,carousel_container,DRD70koCCah,https://www.instagram.com/p/DRD70koCCah/,2025-11-15T03:08:51.000Z,"Some feasts aren’t just served, they’re experienced.

From the melt-in-your-mouth Galouti Kebab to the aromatic Dum Biryani, from the richness of Nihari and Korma to the sweetness of Sheer Khurma -  it’s a daawat that celebrates slow-cooked perfection.

📍Ambience Mall, Gurugram | 📅 24th–30th Nov

Come, taste the royal side of flavour. 👑",118,4,,,barbequenation,Barbeque Nation,506635909,,FALSE,,,,26-07-2026 11:49
3.75915E+18,Image,feed,DQrKv15jBQ_,https://www.instagram.com/p/DQrKv15jBQ_/,2025-11-05T12:18:15.000Z,"Beyond momos lies a world of Nepali wonders. 🏔️✨ Discover flavours you’ve never tasted before, crafted by Chef Basant Rana, only at ‘Flavours of Nepal’.

📅 10th–16th Nov ’25 | 📍 Saket, New Delhi

🔥 Book now and taste what most haven’t, this Himalayan feast won’t be here for long!",91,2,,,barbequenation,Barbeque Nation,506635909,,FALSE,,,,26-07-2026 11:49
3.7416E+18,Image,feed,DPs0aorDMqE,https://www.instagram.com/p/DPs0aorDMqE/,2025-10-12T07:10:13.000Z,"This Diwali, celebrations begin where the feast never ends at Barbeque Nation! Catch up with friends, family, and colleagues, and dive into unlimited flavours that make every moment festive. 

[Barbeque Nation, BBQN, Unlimited, Festive season , Diwali, Celebrations ]",60,2,,,barbequenation,Barbeque Nation,506635909,,FALSE,,,,26-07-2026 11:49
3.74681E+18,Image,feed,DP_Vssako0n,https://www.instagram.com/p/DP_Vssako0n/,2025-10-19T11:47:22.000Z,"Step out of your inbox and into the aroma of a live grill. 🥘This Diwali, press Esc on the digital chaos and log into real connections. 🤝

[Barbeque Nation, BBQN, Unlimited, Diwali , Celebration, Festive, Feast]",33,0,,,barbequenation,Barbeque Nation,506635909,,FALSE,,,,26-07-2026 11:49
3.76051E+18,Sidecar,carousel_container,DQwAWRiDdGp,https://www.instagram.com/p/DQwAWRiDdGp/,2025-11-07T09:23:35.000Z,"THE COASTAL FEAST IS HERE! 🌊🔥

Get ready for a seafood celebration like never before! From 7th–9th November, MasterChef India Telugu 1st Runner-up Shyam Gopisetti brings the heart of coastal India to Barbeque Nation.

From the shores of Vizag to the streets of Hyderabad, Chef Shyam’s fiery passion and soulful flavours are ready to make waves. Experience signature dishes like Tandoori Octopus, Meen Lopicheddu, and Tandoori Crab, each grilled to perfection and bursting with spice, soul, and story. 🦑🐟🦀

📍 Barbeque Nation, Gachibowli, Hyderabad
📅 7th–9th November, 2025
👨‍🍳 Curated by MasterChef Shyam Gopisetti
📞 080 6902 8727 | Download Barbeque Nation app to book

Bring your seafood squad and dive into a flavour-packed weekend you won’t forget! 🌶️🍋

#TheCoastalFeast #BarbequeNation #BarbequeVibes #HyderabadFoodies #SeafoodFestival #MasterChefIndiaTelugu #BNxShyam #CoastalFlavours #HyderabadEats #FoodPopUp #SeafoodLove",50,1,,,barbequenation,Barbeque Nation,506635909,,FALSE,,"TheCoastalFeast, BarbequeNation, BarbequeVibes, HyderabadFoodies, SeafoodFestival, MasterChefIndiaTelugu, BNxShyam, CoastalFlavours, HyderabadEats, FoodPopUp, SeafoodLove",,26-07-2026 11:49
3.74828E+18,Video,clips,DQEk1g-EvxT,https://www.instagram.com/p/DQEk1g-EvxT/,2025-10-21T12:36:40.000Z,"Barbeque Nation has fired up its grills at M5 Ecity Mall, bringing the city’s favourite unlimited dining experience closer than ever.

From smoky grills to indulgent desserts — get ready to celebrate togetherness, one sizzle at a time.🔥

Come join us at your new Unlimited Food Destination!

#BarbequeNation #NowOpen #BengaluruEats #UnlimitedFoodDestination #M5EcityMall",246,6,10306,33229,barbequenation,Barbeque Nation,506635909,,FALSE,,"BarbequeNation, NowOpen, BengaluruEats, UnlimitedFoodDestination, M5EcityMall",,26-07-2026 11:49
3.74681E+18,Image,feed,DP_VnPzkhJx,https://www.instagram.com/p/DP_VnPzkhJx/,2025-10-19T11:46:37.000Z,"This season, hit Enter on moments that melt stress and desserts that melt hearts. Happy Diwali ✨

[ Barbeque Nation, BBQN, Diwali , Celebration, Festive, Feast, Unlimited]",49,0,,,barbequenation,Barbeque Nation,506635909,,FALSE,,,,26-07-2026 11:49
3.74681E+18,Image,feed,DP_VXJCEpSw,https://www.instagram.com/p/DP_VXJCEpSw/,2025-10-19T11:44:25.000Z,"This Diwali, savour your conversations along with our food.✨️

[ Barbeque Nation, BBQN, Unlimited, Festive , Celebration, Diwali ]",36,0,,,barbequenation,Barbeque Nation,506635909,,FALSE,,,,26-07-2026 11:49
3.74295E+18,Video,clips,DPxpHrxEs2W,https://www.instagram.com/p/DPxpHrxEs2W/,2025-10-14T04:08:34.000Z,"Festive feasting made effortless! All you have to do is walk in, grab a plate, and let the unlimited flavours do the magic. Your celebration, your way, only at Barbeque Nation!

[ Barbeque Nation, BBQN, Unlimited, Festive season , Celebration]",73,2,3479,14774,barbequenation,Barbeque Nation,506635909,,FALSE,,,,26-07-2026 11:49
3.7417E+18,Video,clips,DPtMBPcEmJq,https://www.instagram.com/p/DPtMBPcEmJq/,2025-10-12T10:36:44.000Z,"Last chance to savour the hills! 

Today’s the final day to experience the authentic taste of Uttarakhand at Barbeque Nation, Saket — where the rustic flavours of the mountains meet the warmth of soulful dining. 

Join Chef Yojana Khanduri one last time as she serves up her special Himalayan Pop-Up featuring traditional recipes, earthy spices, and handpicked local ingredients 

📍 Barbeque Nation, Southern Park Mall, Saket, Delhi
📅 Today — 12th October

Don’t miss your chance to end the week with flavours straight from the heart of the hills!

#flavoursofuttarakhand #barbequenation #delhifoodies #lastday #HimalayanFlavours #popupdelhi",497,6,8808,26103,barbequenation,Barbeque Nation,506635909,,FALSE,,"flavoursofuttarakhand, barbequenation, delhifoodies, lastday, HimalayanFlavours, popupdelhi",,26-07-2026 11:49
3.74759E+18,Video,clips,DQCGfJVkeYj,https://www.instagram.com/p/DQCGfJVkeYj/,2025-10-20T13:33:37.000Z,"We’ve got the outfits. We’ve got the vibe.
But the real showstopper? 👀 The food that walked in! 🔥

This festive season, when the hearts are full and the laughter’s louder — you know it’s an Atmosfire | Catering by Barbeque Nation kinda party! ✨

Birthdays, weddings, or just a reason to gather your people — because for many of us, the party starts when the food walks in. 💫

#AtmosfireCatering #BarbequeNation #ThePartyStartsWithFood #FestiveFeels #FoodThatBringsPeopleTogether #BarbequeNationIndia",1752,22,41638,143751,barbequenation,Barbeque Nation,506635909,,FALSE,,"AtmosfireCatering, BarbequeNation, ThePartyStartsWithFood, FestiveFeels, FoodThatBringsPeopleTogether, BarbequeNationIndia",,26-07-2026 11:49
3.77208E+18,Video,clips,DRZGuQBkmqi,https://www.instagram.com/p/DRZGuQBkmqi/,2025-11-23T08:29:31.000Z,"Get ready to enter a world where every bite feels like a page from Lucknow’s royal kitchens. ✨

Lucknowi Dastarkhwan by Chef Gul Ali is arriving at Barbeque Nation — bringing with it the magic of Dum Pukht mastery.

Think melt-in-your-mouth Galouti Kebabs, aromatic Dum Biryani, rich and hearty Nihari, velvety Korma, and a sweet, luxurious finale with Sheer Khurma.
This isn’t just food — it’s a flavour experience crafted with patience, passion and pure Nawabi finesse.

📍 Ambience Mall, Gurugram
📅 24th–30th Nov

Come savour Lucknow, one royal dish at a time. 

[Lucknowi Cuisine | Awadhi Food | Galouti Kebab | Dum Biryani | Nihari | Korma | Sheer Khurma | Festive Desserts | Chef Gul Ali | Lucknowi Dastarkhwan | Barbeque Nation | Ambience Mall Gurugram | Royal Feast | Nawabi Cuisine]",495,12,13170,38222,barbequenation,Barbeque Nation,506635909,,FALSE,,,,26-07-2026 11:49
3.74681E+18,Image,feed,DP_VgBakrBM,https://www.instagram.com/p/DP_VgBakrBM/,2025-10-19T11:45:38.000Z,"Some flavours just feel like home. 🍛This Diwali, gather your people, share the warmth, order our UBQ box and let every bite remind you where happiness truly lives. 🤍

[ Barbeque Nation, BBQN, Celebration, Diwali, Festive , Homecoming , Comfort]",30,0,,,barbequenation,Barbeque Nation,506635909,,FALSE,,,,26-07-2026 11:49
3.75637E+18,Video,clips,DQhToNXEkfZ,https://www.instagram.com/p/DQhToNXEkfZ/,2025-11-01T16:24:21.000Z,"Barbeque Nation has fired up its grills at Nirwana Square One, Kharar, bringing the city’s favourite unlimited dining experience closer than ever!🔥

From 60+ live grills to indulgent main courses and desserts — it’s time to experience the joy of live grilling and celebrate togetherness, one sizzle at a time.

Come join us at your new Unlimited Food Destination!

#BarbequeNation #NowOpen #KhararEats #UnlimitedFoodDestination #NirwanaSquareOne",416,7,14362,41322,barbequenation,Barbeque Nation,506635909,,FALSE,,"BarbequeNation, NowOpen, KhararEats, UnlimitedFoodDestination, NirwanaSquareOne",,26-07-2026 11:49
3.7382E+18,Image,feed,DPgxKGNkkj4,https://www.instagram.com/p/DPgxKGNkkj4/,2025-10-07T14:50:51.000Z,"Barbeque Nation, JP Nagar presents
//BATTLEDRUMS// — a one-of-a-kind jugalbandi, where the timeless rhythm of the Ghatam meets the raw energy of beatboxing.

Experience a play of traditional and modern beats, as @avocadopazham brings alive the earthy resonance of the Ghatam, while Addison Miguel Bareh blends human voice, mouth-drums, and rhythm in ways that captivate.

//Vinod on Ghatam// Addison Miguel Bareh Beatboxing//

📍: Barbeque Nation, Dollar Layout, 3rd Phase, J.P. Nagar, Bengaluru 
📆: Saturday, 11th October
⌚️: 8 PM onwards
🔥: Enjoy live grill with live music
📞 080 6902 8722 | Download Barbeque Nation app to book

Bengaluru, what’s your flavor of music — Ghatam or Beatboxing? Tell us in the comments below!

#BarbequeNation #LiveMusic #BengaluruEvents #JPNagar",27,1,,,barbequenation,Barbeque Nation,506635909,,FALSE,,"BarbequeNation, LiveMusic, BengaluruEvents, JPNagar",avocadopazham,26-07-2026 11:49
3.73939E+18,Image,feed,DPk-TKhE4uZ,https://www.instagram.com/p/DPk-TKhE4uZ/,2025-10-09T06:02:39.000Z,"Unlimited grills. Unforgettable flavors!!
Something smokin’ good is coming your way, Barbeque Nation is opening soon at Nirwana Square One.
.
.
#openingsoon
#barbequenation
#nirwanasquareone #kharar #mohali #unlimitedfood #foodlovers #comingsoon",78,5,,,nirwanasquareone,Nirwana Square One,51322774110,,FALSE,,"openingsoon, barbequenation, nirwanasquareone, kharar, mohali, unlimitedfood, foodlovers, comingsoon",,26-07-2026 11:49
3.73747E+18,Video,clips,DPeJUIVgV6V,https://www.instagram.com/p/DPeJUIVgV6V/,2025-10-06T14:26:00.000Z,"Join us for a soulful evening with Befikra Tejas Live at Barbeque Nation, Gurugram.
Good food, great music & endless vibes! ✨#8th Oct | 🕢 7:30 PM onwards #barbequenation #music #musiclover lover",136,4,3373,16416,barbequenation,Barbeque Nation,506635909,,FALSE,,"8th, barbequenation, music, musiclover",,26-07-2026 11:49
3.73889E+18,Video,clips,DPjMEt5EkYi,https://www.instagram.com/p/DPjMEt5EkYi/,2025-10-08T13:25:11.000Z,"10 non-veg starters, endless temptation! From smoky grills to spicy bites, all lined up for you, just pick a plate and dig in. Unlimited, unforgettable, all yours!

[ Barbeque Nation, BBQN, Unlimited, starters, non veg starters]",173,17,6267,20334,barbequenation,Barbeque Nation,506635909,,FALSE,,,,26-07-2026 11:49
3.74681E+18,Image,feed,DP_VCL8EkvJ,https://www.instagram.com/p/DP_VCL8EkvJ/,2025-10-19T11:41:34.000Z,"Shift your focus from screens to smiles, from deadlines to dining delights. 📲🍛 This Diwali, celebrate every shift that brings people closer. 🧑‍🧑‍🧒‍🧒

[ Barbeque Nation, BBQN, Diwali, Festive , Celebration, Feast , Unlimited]",30,0,,,barbequenation,Barbeque Nation,506635909,,FALSE,,,,26-07-2026 11:49
3.81417E+18,Video,clips,DTuqutaEkY0,https://www.instagram.com/p/DTuqutaEkY0/,2026-01-20T10:30:53.000Z,"Purani Dilli didn’t just visit — it stayed, sizzled, and stole hearts ✨

From the clink of old-school plates to aromas straight from Dilli ke ghar, this pop-up was a full-blown walk through memory lane.
Live grills, soulful vegetarian recipes, chaat that demanded silence, and flavours that made strangers bond over bites.

Every laugh, every serving, every second — this was Zaika-e-Purani Dilli, lived and loved.

Missed it?
Don’t worry — Dilli ka zaika has a habit of coming back 😉

📍 Curated by Chef Pooja Bansal
🎥 Watch till the end for the feels

❤️ Tag the friend you’d bring next time

#ZaikaEPuraniDilli #PuraniDilliVibes #PopUpDiaries #barbequenation",289,7,7869,28765,barbequenation,Barbeque Nation,506635909,,FALSE,,"ZaikaEPuraniDilli, PuraniDilliVibes, PopUpDiaries, barbequenation",,26-07-2026 11:49
3.75594E+18,Video,clips,DQfw587jC-X,https://www.instagram.com/p/DQfw587jC-X/,2025-11-01T02:10:54.000Z,"मेरे लिए वो कुछ भी कर सकता है, क्योंकि उसके लिए मैं सब कुछ हूँ।❤️
@amisha_25___

Big Buffet Bonanza at Orion Mall, Panvel! 🍗
Enjoy 32+ Unlimited Dishes starting at ₹399 only! 😍
Indulge in Chicken Wings, Fish Tikka, Chicken Biryani, Desserts & more — all you can eat!
📍 Barbeque Nation, 3rd Floor, Orion Mall Panvel
📞 Call Now: 080 6902 8718
Available Monday–Friday Lunch Only! #foods #orianmallpanvel #panvel #barbequenation #instagram",1191,6,18797,,amisha_25___,Amisha Vaishnav🔥,31851525062,Barbeque Nation,FALSE,,"foods, orianmallpanvel, panvel, barbequenation, instagram",amisha_25___,26-07-2026 11:49
3.79447E+18,Video,clips,DSorkrQEkLX,https://www.instagram.com/p/DSorkrQEkLX/,2025-12-24T06:10:54.000Z,"Last call, Pune!

Today is the final day to experience Flavours of Uttarakhand at Barbeque Nation.

Curated by Chef Yojana Khanduri, this Himalayan pop-up brings soulful mountain recipes, earthy ingredients and flavours that rarely travel beyond Uttarakhand.

If this has been on your list — today is your only chance.

📍 Barbeque Nation, Kalyani Nagar
📅 Ends today (24th Dec, 2025)

Book your table through the Barbeque Nation website or app!

Come hungry. Leave nostalgic.

#FlavoursOfUttarakhand #LastDayAlert #PuneFoodies #HimalayanCuisine #ChefPopUp BarbequeNation LimitedTimeOnly",197,5,6972,21799,barbequenation,Barbeque Nation,506635909,,FALSE,,"FlavoursOfUttarakhand, LastDayAlert, PuneFoodies, HimalayanCuisine, ChefPopUp",,26-07-2026 11:49
3.79078E+18,Video,clips,DSbj7F9EoF0,https://www.instagram.com/p/DSbj7F9EoF0/,2025-12-19T03:54:38.000Z,"From the hills to your plate! 🗻

Barbeque Nation, Kalyani Nagar, Pune invites you to experience the rich, earthy Flavours of Uttarakhand in an exclusive Himalayan Pop-Up curated by Chef Yojana Khanduri 🍲🥘

Dive into soulful mountain recipes, aromatic pahadi spices, and comforting delicacies inspired by the Himalayas — thoughtfully crafted using locally sourced ingredients 🌿

📍 Barbeque Nation, Kalyani Nagar, Pune
📅 19th – 24th December
👩‍🍳 Curated by Chef Yojana Khanduri

Book you table through the Barbeque Nation website or app!

A limited-time culinary journey straight from the mountains — don’t miss it!

#FlavoursOfUttarakhand #BarbequeNation #PuneFoodies #KalyaniNagar #HimalayanCuisine",296,13,6372,23906,barbequenation,Barbeque Nation,506635909,,FALSE,,"FlavoursOfUttarakhand, BarbequeNation, PuneFoodies, KalyaniNagar, HimalayanCuisine",,26-07-2026 11:49
3.73869E+18,Video,clips,DPigbhYDFc7,https://www.instagram.com/p/DPigbhYDFc7/,2025-10-08T07:23:51.000Z,"BARBEQUE offer ‼️🔥…. @barbequenation 
.
.
.
.
#explore #reelsinstagram #barbeque #food",1175,10,14831,67751,_max_studios,Deepak Paswan,62616097023,,FALSE,,"explore, reelsinstagram, barbeque, food",barbequenation,26-07-2026 11:49
3.75101E+18,Video,clips,DQORHTljGjb,https://www.instagram.com/p/DQORHTljGjb/,2025-10-25T07:03:20.000Z,"Something smokin’ good is firing up nearby! 🍢 🔥

A new chapter of flavour opens soon at Nirwana Square One.✨
From the first spark to the final bite — indulge in perfection.
Your ultimate BBQ experience is just around the corner! 
. 
. 
. 
. 
. 
[Nirwana Square One, Barbeque Nation, grill, food, tricity]
#nirwanasquareone #food #bbq #barbequenationindia #sizzling #kharar #tricity",76,3,4180,,nirwanasquareone,Nirwana Square One,51322774110,Nirwana Square One,FALSE,,"nirwanasquareone, food, bbq, barbequenationindia, sizzling, kharar, tricity",,26-07-2026 11:49
3.73744E+18,Video,clips,DPeDDSRAXYh,https://www.instagram.com/p/DPeDDSRAXYh/,2025-10-06T13:30:08.000Z,"10 veg starters, zero choices to make. Just dive in, because here, it’s all about eating unlimited! Don’t wait, book your table now and feast without limits!

[Barbeque Nation, BBQN, Unlimited, Starters, 10+10 ]",53,4,2886,11968,barbequenation,Barbeque Nation,506635909,,FALSE,,,,26-07-2026 11:49
3.75533E+18,Image,feed,DQdmWCXjINi,https://www.instagram.com/p/DQdmWCXjINi/,2025-10-31T05:50:02.000Z,"Gather your ghouls and goblins, it’s time for a grill-tastic scare! 👻🎃

[ Barbeque Nation, Halloween, Buffet, Happy Halloween ]",81,9,,,barbequenation,Barbeque Nation,506635909,,FALSE,,,,26-07-2026 11:49
3.73873E+18,Video,clips,DPioc5YkqkE,https://www.instagram.com/p/DPioc5YkqkE/,2025-10-08T08:13:35.000Z,"Everyone will be at Mehfil-E-Nayab this weekend, except the ones who wait too long to book. 👀 Limited seats available, Reserve now! 

📍: Barbeque Nation, More Mega Mall, Marathahalli,
Bengaluru
📅: Friday, 10th October
⏰: 8 PM onwards
🔥: Enjoy live grill with live music
📞 : 080 6902 8722 | Download Barbeque Nation app to book

Send this to that friend who is a Sufi music lover!",57,0,1800,10619,barbequenation,Barbeque Nation,506635909,,FALSE,,,,26-07-2026 11:49
3.76907E+18,Image,feed,DROamSXklrz,https://www.instagram.com/p/DROamSXklrz/,2025-11-19T04:50:11.000Z,"Responsibilities off, grill on.
One table, one night, and suddenly the men become the boys they’ve always been. 🔥 Celebrate the gang spirit this Men’s Day!

(Barbeque Nation, BBQN, Men's Day, Celebration]",82,2,,,barbequenation,Barbeque Nation,506635909,,FALSE,,,,26-07-2026 11:49
3.74308E+18,Sidecar,carousel_container,DPyFOvYjJQg,https://www.instagram.com/p/DPyFOvYjJQg/,2025-10-14T08:13:20.000Z,"FLAMES OF ASIA IS HERE! 
Get ready for a culinary journey like no other! From October 17th-19th, Chef Vaibhav Bhargava brings his rebellious spirit and bold flavors to Barbeque Nation.

After two decades of pushing boundaries from Delhi to Denmark, he's here to make a statement. Swipe to meet the chef who believes comfort zones never created culinary legends! 🥢✨

📍 Barbeque Nation, Gaur City Mall, Sector 4, Noida
📅 17th–19th October, 2025
👨‍🍳 Curated by Chef Vaibhav Bhargava
☎️ 080 6902 8727 | Download Barbeque Nation app to book

Bring your friends and family for a flavour-packed weekend you won’t forget! 🍜🔥

#FlamesOfAsia #BarbequeNation #FoodPopUp #PanAsianFlavours #NoidaFoodies",117,14,,,barbequenation,Barbeque Nation,506635909,,FALSE,,"FlamesOfAsia, BarbequeNation, FoodPopUp, PanAsianFlavours, NoidaFoodies",,26-07-2026 11:49
3.74482E+18,Video,clips,DP4REHUEpXq,https://www.instagram.com/p/DP4REHUEpXq/,2025-10-16T17:53:04.000Z,"Get ready for FLAMES OF ASIA, a fiery new pop-up where Chef Vaibhav Bhargava takes you on a bold, Pan-Asian adventure that’s anything but ordinary.

⏰ Starts 17th October – Only for 3 Days!
📍 Barbeque Nation, Gaur City Mall, Sector 4, Noida
👨‍🍳 Curated by Chef Vaibhav Bhargava
☎️ 080 6902 8727 | Download Barbeque Nation app to book

Seats are filling up fast — this culinary storm won’t wait! 🍜🔥

#FlamesOfAsia #BarbequeNation #FoodPopUp #PanAsianFlavours #NoidaFoodies #LimitedEditionEats",177,9,4103,18968,barbequenation,Barbeque Nation,506635909,,FALSE,,"FlamesOfAsia, BarbequeNation, FoodPopUp, PanAsianFlavours, NoidaFoodies, LimitedEditionEats",,26-07-2026 11:49
3.76046E+18,Image,feed,DQv1mXEEoE2,https://www.instagram.com/p/DQv1mXEEoE2/,2025-11-07T07:49:40.000Z,"We’d like to sincerely apologize... for making you too full, too happy, and too unwilling to stop eating. We really didn’t know it’d be this irresistible!",635,38,,,barbequenation,Barbeque Nation,506635909,,FALSE,,,,26-07-2026 11:49
3.73426E+18,Image,feed,DPSxXOekjAl,https://www.instagram.com/p/DPSxXOekjAl/,2025-10-02T04:23:17.000Z,"Celebrating the spirit of togetherness he envisioned. At our tables, everyone feasts as one. 

Happy Gandhi Jayanti!

[Barbeque Nation, BBQN, Togetherness, Celebration, Gandhi Jayanti]",38,0,,,barbequenation,Barbeque Nation,506635909,,FALSE,,,,26-07-2026 11:49
3.74005E+18,Image,feed,DPnVgdWkY4k,https://www.instagram.com/p/DPnVgdWkY4k/,2025-10-10T04:03:55.000Z,"Share laughs, stories, and unlimited bites, and make every meal a memory to cherish!

[Barbeque Nation, bbqn , World Mental Health day ]",59,2,,,barbequenation,Barbeque Nation,506635909,,FALSE,,,,26-07-2026 11:49
3.76868E+18,Sidecar,carousel_container,DRNBj20Ek25,https://www.instagram.com/p/DRNBj20Ek25/,2025-11-18T15:52:09.000Z,"Get ready, Bengaluru! 🌶️✨

We’re bringing you an exclusive Andhra Food Pop-Up where Chef Meera GT showcases the rich tapestry of Shadruchulu - the six flavours that make Andhra cuisine so beautifully balanced. From tangy tamarind to aromatic spices, every plate tells a story of tradition, freshness, and craft. 🍛🌿
This one’s for true flavour explorers and it’s here for 5 days only.

 Don’t miss this culinary celebration!

📅 26th – 30th November ’25
 📍 Outlet: 4005, 100 Feet Rd, HAL 2nd Stage, Indiranagar, Bengaluru - 56007

#BarbequeNation #BBQN #FoodPopUp #foodfestival #Flavours #shadruchulu🥗 #Andra #AndraUtsavam #ʙᴇɴɢᴀʟᴜʀᴜ",89,4,,,barbequenation,Barbeque Nation,506635909,,FALSE,,"BarbequeNation, BBQN, FoodPopUp, foodfestival, Flavours, shadruchulu🥗, Andra, AndraUtsavam, ʙᴇɴɢᴀʟᴜʀᴜ",,26-07-2026 11:49
3.73379E+18,Video,clips,DPRGMbFge90,https://www.instagram.com/p/DPRGMbFge90/,2025-10-01T12:47:23.000Z,"Who said veg means fewer choices? 🤔
At our tables, it’s starters, mains, and desserts with endless options - all unlimited, all delicious! 🥗Book your table now.

[Barbeque Nation, BBQN, Unlimited, World Vegetarian day ]",68,0,1595,9588,barbequenation,Barbeque Nation,506635909,,FALSE,,,,26-07-2026 11:49
3.72917E+18,Video,clips,DPArhR3CGI7,https://www.instagram.com/p/DPArhR3CGI7/,2025-09-25T03:46:44.000Z,"Our spread isn’t made for ‘thinnest trend’, it’s made for full plates & fuller hearts. Come enjoy it live at Barbeque Nation! 😋

[ Barbeque Nation, BBQN, Unlimited, Thinnest trend ]",64,0,3081,18838,barbequenation,Barbeque Nation,506635909,,FALSE,,,,26-07-2026 11:49
3.73538E+18,Image,feed,DPWuNZlEvmI,https://www.instagram.com/p/DPWuNZlEvmI/,2025-10-03T17:12:41.000Z,"An evening where flavours meet mystical melodies.

Barbeque Nation, Marathahalli invites you to a soul-stirring Sufi Night with Mehfil-E-Nayab. Bring your fellow music lovers and immerse yourself in a mesmerizing world of Sufi and fusion.

📍: Barbeque Nation, More Mega Mall, Marathahalli, Bengaluru
📆: Friday, 10th October
⌚️: 8 PM onwards
🔥: Enjoy live grill with live music
📞 080 6902 8722 | Download Barbeque Nation app to book

Send this to that friend who is a Sufi music lover!

#BarbequeNation #SufiNight #LiveMusic #BringYourFriends #BengaluruEvents #Marathahalli",55,0,,,barbequenation,Barbeque Nation,506635909,,FALSE,,"BarbequeNation, SufiNight, LiveMusic, BringYourFriends, BengaluruEvents, Marathahalli",,26-07-2026 11:49
3.73542E+18,Image,feed,DPW4TqnAdQj,https://www.instagram.com/p/DPW4TqnAdQj/,2025-10-03T18:40:55.000Z,"Join us in celebrating the music of dreams, love, and freedom with Befikra Tejas at Barbeque Nation, M3M IFC. With heartfelt melodies and electrifying beats, he’s coming to win your hearts!

📍: Barbeque Nation, M3M International Financial Center, Sector 66, Gurugram
📆: Wednesday, 8th October
⌚️: 7:30 PM onwards
🔥: Enjoy live grill with live music
📞 080 6902 8728 | Download Barbeque Nation app to book

Yaar, eh send kar dio to that friend who lives for high-energy vibes!

#BarbequeNation #LiveMusic #GurugramEvents #BringYourFriends",38,7,,,barbequenation,Barbeque Nation,506635909,,FALSE,,"BarbequeNation, LiveMusic, GurugramEvents, BringYourFriends",,26-07-2026 11:49
3.74681E+18,Image,feed,DP_VVNakigb,https://www.instagram.com/p/DP_VVNakigb/,2025-10-19T11:44:09.000Z,"Make space for what matters - laughter, togetherness, and an extra plate of kebabs. 😉🍲This Diwali, reserve your table, not your joy! 

[Barbeque Nation, BBQN, Diwali , Celebration, Unlimited, Festive ]",24,0,,,barbequenation,Barbeque Nation,506635909,,FALSE,,,,26-07-2026 11:49
3.74526E+18,Video,clips,DP51L9IEnwL,https://www.instagram.com/p/DP51L9IEnwL/,2025-10-17T08:29:01.000Z,"The flames are already roaring — all that’s missing is you! 

FLAMES OF ASIA has kicked off, and Chef Vaibhav Bhargava is serving up a bold Pan-Asian feast that’s setting Noida ablaze! 🍜

📍 Barbeque Nation, Gaur City Mall, Sector 4, Noida
👨‍🍳 Curated by Chef Vaibhav Bhargava
📅 On till 19th October — don’t miss the heat!
☎️ 080 6902 8727 | Book via the Barbeque Nation app

Hurry — the tables are sizzling, and your spot’s waiting!

#FlamesOfAsia #BarbequeNation #NowServing #PanAsianFlavours #NoidaEats #LimitedEditionEats",398,14,6025,18565,barbequenation,Barbeque Nation,506635909,,FALSE,,"FlamesOfAsia, BarbequeNation, NowServing, PanAsianFlavours, NoidaEats, LimitedEditionEats",,26-07-2026 11:49
3.73585E+18,Video,clips,DPYZ5OQD1gE,https://www.instagram.com/p/DPYZ5OQD1gE/,2025-10-04T08:56:30.000Z,"From the Hills to Your Table! ⛰️

Experience the authentic taste of Uttarakhand at Barbeque Nation, Saket — where rustic flavours of the mountains meet the warmth of soulful dining. 🍲✨

Join Chef Yojana Khanduri as she brings a special Himalayan Pop-Up featuring traditional recipes, earthy spices, and dishes crafted with handpicked local ingredients 🌿

📍 Barbeque Nation, Southern Park Mall, Saket, Delhi
🗓 6th – 12th October

Embark on a week-long journey of flavours from the heart of the hills, only at Barbeque Nation!

#flavoursofuttarakhand #barbequenation #delhifoodies #popups #HimalayanFlavours",460,7,45103,377416,the_himalayan_rasoiya,Yojana Khanduri Chaudhary,2042514653,,FALSE,,"flavoursofuttarakhand, barbequenation, delhifoodies, popups, HimalayanFlavours",,26-07-2026 11:49
3.74105E+18,Video,clips,DPq4nN3EmN2,https://www.instagram.com/p/DPq4nN3EmN2/,2025-10-11T13:08:54.000Z,"From the Hills to Your Table! ⛰️

Experience the authentic taste of Uttarakhand at Barbeque Nation, Saket — where rustic flavours of the mountains meet the warmth of soulful dining. 🍲✨

Join Chef Yojana Khanduri as she brings a special Himalayan Pop-Up featuring traditional recipes, earthy spices, and dishes crafted with handpicked local ingredients 🌿

📍 Barbeque Nation, Southern Park Mall, Saket, Delhi
📅 6th – 12th October

Embark on a week-long journey of flavours from the heart of the hills, only at Barbeque Nation!

#flavoursofuttarakhand #barbequenation #delhifoodies #popups #HimalayanFlavours",4135,184,31153,69640,barbequenation,Barbeque Nation,506635909,,FALSE,,"flavoursofuttarakhand, barbequenation, delhifoodies, popups, HimalayanFlavours",,26-07-2026 11:49
3.75559E+18,Image,feed,DQeixfDjDTY,https://www.instagram.com/p/DQeixfDjDTY/,2025-10-31T14:38:04.000Z,"A feast for your soul awaits!
Join us for a mesmerizing Sufi Night with Mehfil-E-Nayab and let the music and flavours take over your senses.

📅 Friday, 7th November | 8 PM onwards
📍 Barbeque Nation, Electronics City Phase I, Neeladri Road
🎟️ Don’t miss the magic — book your table now!

[ Barbeque Nation, BBQN, Sufi Night]",55,3,,,barbequenation,Barbeque Nation,506635909,,FALSE,,,,26-07-2026 11:49
3.73426E+18,Video,clips,DPSwqXIAXV3,https://www.instagram.com/p/DPSwqXIAXV3/,2025-10-02T04:18:28.000Z,"This Dussehra, let’s put down the screens and pick up the skewers. Because the real joy isn’t in scrolling feeds, but in sharing feasts.✨️

[Barbeque Nation, BBQN, Dussehra, Togetherness, Celebration]",35,2,1322,12321,barbequenation,Barbeque Nation,506635909,,FALSE,,,,26-07-2026 11:49
3.72853E+18,Image,feed,DO-ZmZMkhAY,https://www.instagram.com/p/DO-ZmZMkhAY/,2025-09-24T06:30:49.000Z,"Some joys in life are simple, small, and unforgettable. Like unlimited Gulab Jamun. 
Go on, book your table at your nearest outlet and indulge in these bites of pure bliss.

[Barbeque Nation, BBQN, Unlimited ]",73,0,,,barbequenation,Barbeque Nation,506635909,,FALSE,,,,26-07-2026 11:49
3.72355E+18,Video,clips,DOstfBlDaQh,https://www.instagram.com/p/DOstfBlDaQh/,2025-09-17T09:39:10.000Z,"Every Chaat Paglu has one dream,  endless plates of street food, all in one place. Momos, pav bhaji dahi bhalla, samosa chaat, jalebi–rabdi and more…Khau Galli makes that dream come true. 

Go on, make it come true.

[Barbeque Nation, BBQN, Unlimited, Khau galli, Street Food Festival, Chaat Paglus]",113,3,4267,16961,barbequenation,Barbeque Nation,506635909,,FALSE,,,,26-07-2026 11:49
3.71839E+18,Video,clips,DOaYc4fgKgs,https://www.instagram.com/p/DOaYc4fgKgs/,2025-09-10T06:50:22.000Z,"✨ Street food ka asli swaad, ab ek hi jagah ✨
Barbeque Nation presents Khau Galli Food Festival – golgappe se tandoori momos, kebabs se kulfi tak… sab milega ek hi buffet mein! 🍴🔥
Chaliye, milte hain wahaan! 💃

Book your table now :- https://bit.ly/3BPtCw9 
Call :- 080 6902 8719

#BarbequeNation #KhauGalliFestival #StreetFoodLove #FoodiesOfIndia #BBNMagic #UnlimitedBuffet #FoodFestivalVibes #EatRepeat #BBNExperience #GrillAndChill",3,13,19126,102792,whatsupgurgaon,What's Up Gurgaon,1431630608,,FALSE,,"BarbequeNation, KhauGalliFestival, StreetFoodLove, FoodiesOfIndia, BBNMagic, UnlimitedBuffet, FoodFestivalVibes, EatRepeat, BBNExperience, GrillAndChill",,26-07-2026 11:49
3.72424E+18,Video,clips,DOvKCAijUcc,https://www.instagram.com/p/DOvKCAijUcc/,2025-09-18T08:27:01.000Z,"From the bustling lanes to your plate; all your favourite street food dishes are here under one roof at Barbeque Nation’s Khau Galli. 

And guess what? They’re all unlimited!

Book your table to enjoy them all, before 21st September.

[Barbeque Nation, BBQN, Unlimited, Khau galli, Street Food Festival, Chaat Paglus]",109,3,5137,16897,barbequenation,Barbeque Nation,506635909,,FALSE,,,,26-07-2026 11:49
3.72566E+18,Video,clips,DO0OI0YEvwy,https://www.instagram.com/p/DO0OI0YEvwy/,2025-09-20T07:39:00.000Z,"Chaatpaglus, this is your last chance to indulge unlimited in all your favourite street-style dishes. 

From chaats to momos, pav bhaji to jalebi, today’s final day to feast on it all. 🎉

Book your table right away because Khau Galli shuts tomorrow!

[ Barbeque Nation, BBQN, Unlimited, khau Gali, Street Food Festival, chaat paglus]",113,10,4209,16104,barbequenation,Barbeque Nation,506635909,,FALSE,,,,26-07-2026 11:49
3.7388E+18,Video,clips,DPi50TjErYJ,https://www.instagram.com/p/DPi50TjErYJ/,2025-10-08T10:45:41.000Z,"Barbeque Nation, JP Nagar presents //BATTLEDRUMS// — a one-of-a-kind jugalbandi. Experience a play of traditional and modern beats, where the timeless rhythm of the Ghatam meets the raw energy of beatboxing. 

//Vinod on Ghatam// Addison Miguel Bareh Beatboxing//

📍: Barbeque Nation, Dollar Layout, 3rd Phase, J.P. Nagar, Bengaluru 
📆: Saturday, 11th October
⌚️: 8 PM onwards
🔥: Enjoy live grill with live music
📞 080 6902 8722 | Download Barbeque Nation app to book

What’s your flavor of music — Ghatam or Beatboxing? Tell us in the comments below!

#BarbequeNation #LiveMusic #LiveGrill #BengaluruEvents #JPNagar",53,0,2559,11950,barbequenation,Barbeque Nation,506635909,,FALSE,,"BarbequeNation, LiveMusic, LiveGrill, BengaluruEvents, JPNagar",,26-07-2026 11:49
3.72293E+18,Video,clips,DOqhUevgXw6,https://www.instagram.com/p/DOqhUevgXw6/,2025-09-16T13:21:56.000Z,"Yummm-Time!! 
Get ready to dive into a world of flavours!  From tandoori momos to street-style pav bhaji, aloo tikki, falooda, and more — it’s all happening at the Khau Galli Food Festival at Barbeque Nation! 
 Unlimited bites, live grills, and that chatpata magic you’ve been craving! It’s on  till the 21st of September — don’t miss out, be there and feast like never before!

 #KhauGalliFestival #FoodieGoals #BarbequeNation#CelebrateGrillSe #AD",7147,26,411174,8065409,mymalishka,Malishka / MumbaiKiRani,32418893,,FALSE,,"KhauGalliFestival, FoodieGoals, BarbequeNation, CelebrateGrillSe, AD",,26-07-2026 11:49
3.72145E+18,Video,clips,DOlPo5xEvBo,https://www.instagram.com/p/DOlPo5xEvBo/,2025-09-14T12:03:23.000Z,"A special offer for the masterminds who power our world. This Engineer’s Day, step out for an unlimited celebration and enjoy our special 4+1 offer: Pay for 4 pax and the 5th eats FREE.

Offer valid on 15th & 16th September.

[Barbeque Nation, BBQN, Unlimited, Engineers day, Special offer, Celebration]",119,8,6369,23783,barbequenation,Barbeque Nation,506635909,,FALSE,,,,26-07-2026 11:49
3.72489E+18,Video,clips,DOxc40REoZa,https://www.instagram.com/p/DOxc40REoZa/,2025-09-19T05:50:39.000Z,"This is your cue to meet all your Chaatpaglu friends for an unlimited street food binge. Send this to your gang and plan a catch-up instantly.

[ Barbeque Nation, BBQN, Unlimited, Street Food Festival, Chaat Paglus, khau galli]",92,9,4054,15154,barbequenation,Barbeque Nation,506635909,,FALSE,,,,26-07-2026 11:49
3.73071E+18,Video,clips,DPGI0GtkuV7,https://www.instagram.com/p/DPGI0GtkuV7/,2025-09-27T06:38:53.000Z,"Comfort looks different to everyone. For some, it’s a blanket and a late-night movie.
For us, it’s a steaming plate of biryani; warm, hearty, and always just right.

Are you the same? Let us know in the comments.

[Barbeque Nation, BBQN, Unlimited, Biryani lovers, Comfort food ]",64,0,2250,10403,barbequenation,Barbeque Nation,506635909,,FALSE,,,,26-07-2026 11:49
3.72367E+18,Video,clips,DOtJHW6ErYg,https://www.instagram.com/p/DOtJHW6ErYg/,2025-09-17T13:43:13.000Z,"Love you my friends see you next year!!

Enjoy Khau Galli festival happening at Barbeque Nation till September 21st.

#Barbequenation
#KhauGalliFestival
#AD#Collab",5392,36,76934,181850,shreejachaturvedi,Shreeja Chaturvedi,1500088836,,FALSE,,"Barbequenation, KhauGalliFestival, AD, Collab",,26-07-2026 11:49
3.72277E+18,Video,clips,DOp8gBdDfZo,https://www.instagram.com/p/DOp8gBdDfZo/,2025-09-16T07:52:42.000Z,"Nothing beats the iconic Egg Benjo– fluffy eggs, soft pav, and that perfect street-style kick. And now, it’s all yours without limits at Khau Galli, Barbeque Nation’s street food festival for the Chaat Paglus. 

Book your table now and dig into unlimited egg benjo and more of your favourite street food dishes, all unlimited before 21 September.

[ Barbeque Nation, BBQN, Unlimited, Khau galli, Street food festival, Chaat paglus ]",84,1,5420,17495,barbequenation,Barbeque Nation,506635909,,FALSE,,,,26-07-2026 11:49
3.72163E+18,Image,feed,DOl5EO5Esie,https://www.instagram.com/p/DOl5EO5Esie/,2025-09-14T18:04:46.000Z,"India won, and so did you. 
Raise a toast to this victory with a FREE MOCKTAIL and an unlimited feast. 

Book your table right away and enjoy. 

Offer valid only on 15 September, 2025. 

[ Barbeque Nation, BBQN, Celebration, Mocktail, Unlimited ]",205,6,,,barbequenation,Barbeque Nation,506635909,,FALSE,,,,26-07-2026 11:49
3.71188E+18,Image,feed,DODO_rrkvJg,https://www.instagram.com/p/DODO_rrkvJg/,2025-09-01T07:02:58.000Z,"This Teachers' Day, show your mentors the gratitude they deserve! 

Celebrate the 137th birth anniversary of Dr. S. Radhakrishnan with an unlimited feast and enjoy ₹137 off per person. 

Book your table now and make it a memorable day for your mentors.

Valid from 1–4 September 2025. Not applicable at Big Buffet outlets. To avail the offer book via our app/website and select the deal under the “Deals” section.

[ Barbeque Nation, BBQN, Unlimited grills,  Teachers day, Celebration ]",119,22,,,barbequenation,Barbeque Nation,506635909,,FALSE,,,,26-07-2026 11:49
3.71401E+18,Image,feed,DOKzIXujFiP,https://www.instagram.com/p/DOKzIXujFiP/,2025-09-04T05:33:24.000Z,"If your evenings feel incomplete without street food and gossip… this festival’s for you.

Coming soon. 

[ Barbeque Nation, BBQN, Street Food Festival, Chaat Paglus ]",91,5,,,barbequenation,Barbeque Nation,506635909,,FALSE,,,,26-07-2026 11:49
3.70963E+18,Image,feed,DN7RVxeDG4i,https://www.instagram.com/p/DN7RVxeDG4i/,2025-08-29T04:49:32.000Z,"This festive season, skip the prep and dive straight into the celebration.

With Barbeque in a Box, get your favourite smoky starters, mains and desserts— all packed fresh and delivered to your door.

[Barbeque Nation, BBQN, Celebration, Barbeque in a Box]",72,8,,,barbequenation,Barbeque Nation,506635909,,FALSE,,,,26-07-2026 11:49
3.71253E+18,Video,clips,DOFkqFBjJC8,https://www.instagram.com/p/DOFkqFBjJC8/,2025-09-02T04:51:32.000Z,"Can't get enough of your favourite street food dishes? This food festival is made for you.Stay tuned!

[ Barbeque Nation, BBQN, Street Food, Coming soon ]",110,6,5803,22611,barbequenation,Barbeque Nation,506635909,,FALSE,,,,26-07-2026 11:49
3.71613E+18,Image,feed,DOSXH17khFs,https://www.instagram.com/p/DOSXH17khFs/,2025-09-07T04:02:35.000Z,"Grandparents made sure we always had second helpings (sometimes even third). That was their way of showing love. Now it’s our turn to spoil them

This Grandparents’ Day, let’s celebrate their endless love with endless flavours.
Bring them over for an unlimited feast they truly deserve! 

[ Barbeque Nation, BBQN, Grandparents day, Celebration ]",54,0,,,barbequenation,Barbeque Nation,506635909,,FALSE,,,,26-07-2026 11:49
3.71116E+18,Image,feed,DOArtZFjFOr,https://www.instagram.com/p/DOArtZFjFOr/,2025-08-31T07:16:09.000Z,"This is your chance to give back to your grandparents, for all the stories, support and unlimited love. 

This Grandparents’ Day, take them out for an unlimited feast.

Senior citizens aged 60 and above dine at just ₹499 at Barbeque Nation. 

Offer valid from 1 - 7 September. 

Book your table now.

[ Barbeque Nation, BBQN, Grandparents Day, Unlimited food, Offer, Family]",152,17,,,barbequenation,Barbeque Nation,506635909,,FALSE,,,,26-07-2026 11:49
3.74097E+18,Image,feed,DPqnLrHEhJO,https://www.instagram.com/p/DPqnLrHEhJO/,2025-10-11T10:36:05.000Z,"🔥 From the live grills of Barbeque Nation comes a new culinary adventure - FLAMES OF ASIA! 🔥

Get ready for an unforgettable fusion of Pan-Asian flavours as Chef Vaibhav Bhargava brings his rebellious spirit and bold creations to the table.

📍 Barbeque Nation, Gaur City Mall, Sector 4, Noida
📅 17th–19th October, 2025
👨‍🍳 Curated by Chef Vaibhav Bhargava
☎️ 080 6902 8727 | Download Barbeque Nation app to book

Bring your friends and family for a flavour-packed weekend you won’t forget! 🍜🔥

#FlamesOfAsia #BarbequeNation #FoodPopUp #PanAsianFlavours #NoidaFoodies",113,1,,,barbequenation,Barbeque Nation,506635909,,FALSE,,"FlamesOfAsia, BarbequeNation, FoodPopUp, PanAsianFlavours, NoidaFoodies",,26-07-2026 11:49
3.7169E+18,Video,clips,DOVFLXCjGLa,https://www.instagram.com/p/DOVFLXCjGLa/,2025-09-08T05:24:52.000Z,"From samosa chaat to butter chicken tikka, from pav bhaji to jalebi rabri, it’s all coming together at Barbeque Nation’s Khau Galli.
All your street food favourites, unlimited and under one roof, waiting just for you.
From 6th – 21st Sep, 2025. 

Book your tables and enjoy with your gang of foodies.

[ Barbeque Nation, BBQN, Street Food Festival, Unlimited, Khau Gali, Chaat ]",199,23,7270,27995,barbequenation,Barbeque Nation,506635909,,FALSE,,,,26-07-2026 11:49
3.73299E+18,Image,feed,DPOPrm9EhuV,https://www.instagram.com/p/DPOPrm9EhuV/,2025-09-30T10:12:00.000Z,"Every great feast deserves a little drama, and Paneer Tikka delivers it with flair. From the smoky char of the grill to the perfect balance of spice and tenderness, it’s bold flavors are unforgettable. 

Book your table now to indulge in this starter unlimited. 

[ Barbeque Nation, BBQN, Unlimited Starters ]",48,0,,,barbequenation,Barbeque Nation,506635909,,FALSE,,,,26-07-2026 11:49
3.71546E+18,Video,clips,DOP-L8_khH7,https://www.instagram.com/p/DOP-L8_khH7/,2025-09-06T05:48:25.000Z,"Street food lovers… the wait is finally over. From keema pav to pav bhaji, jalebi to chaats; the kings of street food are all coming together at Khau Galli, India’s biggest street food festival for the Chaatpaglus. 

From 6th – 21st Sep, 2025. 

Go on, book your tables and let the binge begin.

[Barbeque Nation, BBQN, Street Food, Chaat paglus, Khau Gali, Food Festival]",97,6,4208,20797,barbequenation,Barbeque Nation,506635909,,FALSE,,,,26-07-2026 11:49
3.71466E+18,Video,clips,DONIJTgiIoR,https://www.instagram.com/p/DONIJTgiIoR/,2025-09-05T03:16:31.000Z,"This Onam, let abundance find its way to your table and your heart. Wishing you prosperity, joy, and togetherness in every moment.

[Barbeque Nation, BBQN, Onam, Festive, Celebration, Unlimited, Togetherness]",128,0,2867,17254,barbequenation,Barbeque Nation,506635909,,FALSE,,,,26-07-2026 11:49
3.71848E+18,Image,feed,DOasEBSjY6a,https://www.instagram.com/p/DOasEBSjY6a/,2025-09-10T09:39:30.000Z,"Pav bhaji lovers, unite in the comments below. 

Whether you’re team extra butter, team spicy bhaji, or team ‘just one more pav,’ this one’s for you. 

Book your table to enjoy your favourite dish unlimited at your nearest Barbeque Nation.

[ Barbeque Nation, BBQN, Unlimited, Chaat Paglus, Khau Gali, Street Food Festival]",74,3,,,barbequenation,Barbeque Nation,506635909,,FALSE,,,,26-07-2026 11:49
3.71477E+18,Sidecar,carousel_container,DONh9wbkrVq,https://www.instagram.com/p/DONh9wbkrVq/,2025-09-05T07:01:08.000Z,"From classrooms to kitchens, teachers come in many forms.  We’re grateful to every mentor, guide, friend  and even our favourite dishes for shaping us into better versions of ourselves and and teaching us how to handle life’s flavours and twists.
Here’s to all our teachers, on and off the table.  Happy Teachers’ Day!

[ Barbeque Nation, BBQN, Teachers' day ]",72,4,,,barbequenation,Barbeque Nation,506635909,,FALSE,,,,26-07-2026 11:49
3.71978E+18,Video,clips,DOfUy4eDJ5I,https://www.instagram.com/p/DOfUy4eDJ5I/,2025-09-12T04:53:36.000Z,"Can't pick between your favourite street food dishes? Enjoy them all unlimited at Khau Galli, till 21st September, 2025 at your nearest Barbeque Nation. 

[ Barbeque Nation, BBQN, Unlimited, Khau galli, Street Food Festival, Chaat ]",120,12,6677,22183,barbequenation,Barbeque Nation,506635909,,FALSE,,,,26-07-2026 11:49
3.7343E+18,Sidecar,carousel_container,DPS4bxqEmKa,https://www.instagram.com/p/DPS4bxqEmKa/,2025-10-02T05:25:04.000Z,"From the hills to your plate!🗻

Barbeque Nation, Saket, Delhi  brings you the rich, earthy Flavours of Uttarakhand in an exclusive Himalayan Pop-Up with Chef Yojana Khanduri 🍲🥘

Indulge in soulful recipes, aromatic spices, and mountain-inspired delicacies crafted with locally sourced ingredients 🌿

📍 Barbeque Nation, Southern Park Mall, Saket, Delhi

📅 6th - 12th October
👩‍🍳 Curated by Chef Yojana Khanduri

A week-long culinary journey you don’t want to miss! 

#ComingSoon
#FlavoursOfUttarakhand #BarbequeNation #DelhiFoodies #PopUp #HimalayanCuisine",129,6,,,barbequenation,Barbeque Nation,506635909,,FALSE,,"ComingSoon, FlavoursOfUttarakhand, BarbequeNation, DelhiFoodies, PopUp, HimalayanCuisine",,26-07-2026 11:49
3.73817E+18,Image,feed,DPgpWQskpiK,https://www.instagram.com/p/DPgpWQskpiK/,2025-10-07T13:42:36.000Z,"Golden, syrupy, and perfectly spiraled, this jalebi isn’t just dessert, it’s pure happiness on a plate. One bite, and you’ll be hooked. Why wait? Treat yourself today!

[Barbeque Nation, BBQN, Unlimited, Dessert]",46,1,,,barbequenation,Barbeque Nation,506635909,,FALSE,,,,26-07-2026 11:49
3.71281E+18,Video,clips,DOGj3K9EzO6,https://www.instagram.com/p/DOGj3K9EzO6/,2025-09-02T14:12:01.000Z,"Outings feel incomplete without Grandparents.
Krish almost learned that the hard way 😉

From mock fights at home to grilling paneer together at the table every moment becomes special when grandparents are part of it.

🍴 Treat your grandparents to a delicious spread at Barbeque Nation!
👉 Buffet for Senior Citizens at just ₹499
📅 Offer valid from 1st to 7th September

#GrandparentsDay #BBQNation #FamilyOuting #BBQWithDadi#CelebrateGrillSe#Ad#Collab",5357,47,204698,3176657,dadikirasoi01,Vijay Nischal,62110225703,,FALSE,,"GrandparentsDay, BBQNation, FamilyOuting, BBQWithDadi, CelebrateGrillSe, Ad, Collab",,26-07-2026 11:49
3.70022E+18,Image,feed,DNZ0Z9GMJFB,https://www.instagram.com/p/DNZ0Z9GMJFB/,2025-08-16T05:01:45.000Z,"Wishing you a day filled with love, laughter, and flavours as sweet as Krishna’s charm. Happy Janmashtami.

[ Barbeque Nation, BBQN, Janmashtami]",80,1,,,barbequenation,Barbeque Nation,506635909,,FALSE,,,,26-07-2026 11:49
3.70477E+18,Video,clips,DNp_yIaM9Ts,https://www.instagram.com/p/DNp_yIaM9Ts/,2025-08-22T11:49:51.000Z,"Introducing 10+10 Super Starters. 

From timeless classics to your all-time favourites, this spread of 10 veg + 10 non-veg starters is packed with bold flavours.

Book your table now to enjoy these unlimited. 

[Barbeque Nation, BBQN, Super Starters, Unlimited ]",173,1,7006,27079,barbequenation,Barbeque Nation,506635909,,FALSE,,,,26-07-2026 11:49
3.69966E+18,Video,clips,DNX2VzgyIvz,https://www.instagram.com/p/DNX2VzgyIvz/,2025-08-15T10:41:22.000Z,"When everyone’s at the table, there’s only one language — the language of food. This Independence Day, let’s celebrate the flavours that unite us and the freedom to feast together.

[buffet dining, live grill, unlimited food, family dining, group celebrations, authentic Indian flavours, BBQ experience, foodie moments, flavourful dishes, dining together]",234,4,7080,25514,barbequenation,Barbeque Nation,506635909,,FALSE,,,,26-07-2026 11:49
3.69605E+18,Video,clips,DNK_y6iRRx5,https://www.instagram.com/p/DNK_y6iRRx5/,2025-08-10T11:00:13.000Z,"Bengaluru, here’s where the feast begins🤤

From the crispy & spicy Tandoori Chicken Tikka, juicy mutton kebabs, and prawns barbecue… to the juicy chicken tandoori that just melts in your mouth… and yes, for my vegetarian friends, the Tandoori Paneer Tikka, Signature dish Crispy Corn, Kulfi and much more 😍
 
Over 70+ varieties… Unlimited , from starters to desserts, barbecue to main course — each bite a celebration.
And this, my friends, is Bengaluru’s first Barbeque Nation outlet — the place where you come not just to eat, but to savour moments.❤️

Good food. Good times. Great company. That’s the magic of Barbeque Nation! 🔥

Location: Barbeque Nation
Address: Barbeque Nation Hospitality Limited, 4005, 100 Feet Rd, HAL 2nd Stage, Stage 2, Indiranagar, Bengaluru, Karnataka 560038 

#barbequenation #barbeque #Ashishvidyarthi #food #bengaluru #foodie",44497,228,596288,,ashishvidyarthi1,Ashish Vidyarthi,35480614,"Bengaluru,Karnataka",FALSE,,"barbequenation, barbeque, Ashishvidyarthi, food, bengaluru, foodie",,26-07-2026 11:49
3.7177E+18,Image,feed,DOX7DHBjSY_,https://www.instagram.com/p/DOX7DHBjSY_/,2025-09-09T07:52:43.000Z,"Chaatpaglus, this is your ultimate dream come true! All your favourite street food dishes, right from samosa chaat to pav bhaji, from tandoori momos to jalebi rabri, get everything under one roof, all unlimited.

Only at Barbeque Nation’s Khau Galli, till 21st Sep, 2025.

[ Barbeque Nation, BBQN, Unlimited, Street Food Festival, khau Gali]",103,6,,,barbequenation,Barbeque Nation,506635909,,FALSE,,,,26-07-2026 11:49
3.70252E+18,Video,clips,DNiAELWyloO,https://www.instagram.com/p/DNiAELWyloO/,2025-08-19T09:18:07.000Z,"Ragi Pani Puri has entered the chat!
Same chatpata flavour, with a guilt-free glow up. 

Binge unlimited. Regret nothing.
Only at Barbeque Nation.

[Barbeque Nation, BBQN, Ragi pani puri, Unlimited]",151,0,6009,23161,barbequenation,Barbeque Nation,506635909,,FALSE,,,,26-07-2026 11:49
3.70813E+18,Image,feed,DN17Y6o5EId,https://www.instagram.com/p/DN17Y6o5EId/,2025-08-27T03:01:31.000Z,"As we welcome the beloved guest home, may Lord Ganesha bless us with joy, prosperity, and sweet moments to cherish. Happy Ganesh Chaturthi!

[ Barbeque Nation, BBQN, Ganesh Chaturthi, Festive]",146,3,,,barbequenation,Barbeque Nation,506635909,,FALSE,,,,26-07-2026 11:49
3.70749E+18,Image,feed,DNzosJsWImi,https://www.instagram.com/p/DNzosJsWImi/,2025-08-26T05:39:38.000Z,"This Onam calls for a feast full of your favourite grills, with your loved ones by your side. 

Go on, book your table and make some flavourful memories this festive season. 

[ Barbeque Nation, BBQN, Onam, Festive season, Grills ]",71,0,,,barbequenation,Barbeque Nation,506635909,,FALSE,,,,26-07-2026 11:49
3.70608E+18,Image,feed,DNuoL8cZERG,https://www.instagram.com/p/DNuoL8cZERG/,2025-08-24T06:59:02.000Z,"Juicy? Check.
Perfectly grilled? Check.
Totally unmissable? Absolutely.
Eat them unlimited, only at Barbeque Nation

[ Barbeque Nation, BBQN, Unlimited]",101,4,,,barbequenation,Barbeque Nation,506635909,,FALSE,,,,26-07-2026 11:49
3.70544E+18,Video,clips,DNsXy3tZNx2,https://www.instagram.com/p/DNsXy3tZNx2/,2025-08-23T09:58:17.000Z,"This isn’t your everyday biryani. It’s the kind that lingers in your memory, and haunts your cravings until the next visit.

Come over and enjoy it to your heart's content. Book your table and enjoy

[Barbeque Nation, BBQN, Cravings ]",69,1,2579,15505,barbequenation,Barbeque Nation,506635909,,FALSE,,,,26-07-2026 11:49
3.69755E+18,Image,feed,DNQWWXtSjTO,https://www.instagram.com/p/DNQWWXtSjTO/,2025-08-12T12:45:58.000Z,"Pani Puri got a glow-up.

Say hello to Ragi Pani Puri at Barbeque Nation. Your favourite chaat with a healthy crunch. 
And yes, it’s unlimited. 😋

[ Barbeque Nation, BBQN, Ragi pani puri, unlimited ]",121,8,,,barbequenation,Barbeque Nation,506635909,,FALSE,,,,26-07-2026 11:49
3.69904E+18,Video,clips,DNVoPjwM-j9,https://www.instagram.com/p/DNVoPjwM-j9/,2025-08-14T14:00:28.000Z,"Freedom brought us together, but it’s the flavours from every corner of India that keep us one. They may change every few miles, yet the warmth and joy of sharing a meal never fade.

This Independence Day, we celebrate not just our unity, but these flavours that keep us united. 

Happy Independence Day.

[Barbeque Nation, BBQN, Independence Day]",275,3,6061,26025,barbequenation,Barbeque Nation,506635909,,FALSE,,,,26-07-2026 11:49
3.76536E+18,Video,clips,DRBPt6KEpTL,https://www.instagram.com/p/DRBPt6KEpTL/,2025-11-14T02:06:37.000Z,"Delhi, it’s now or never — only 2 days left! ⏳
Flavours of Nepal is LIVE at Barbeque Nation, Saket, serving soulful dishes from the Terai to the Himal.

Curated by Chef Basant Rana, this is your last chance to savour authentic Nepali flavours before the festival wraps up.

📍 Barbeque Nation, Southern Park Mall, Saket
📅 Ends 16th Nov 2025

Run, don’t walk — the feast ends soon! 🍛❤️

#FlavoursOfNepal #NepaliFoodFestival #BarbequeNationSaket #AuthenticNepaliCuisine #DelhiFoodies #FoodFestivalDelhi #NepaliFoodInDelhi #ChefBasantRana #MustTryInDelhi #DelhiEats #FoodieDelhi #NepaliFlavours",189,9,7124,28750,barbequenation,Barbeque Nation,506635909,,FALSE,,"FlavoursOfNepal, NepaliFoodFestival, BarbequeNationSaket, AuthenticNepaliCuisine, DelhiFoodies, FoodFestivalDelhi, NepaliFoodInDelhi, ChefBasantRana, MustTryInDelhi, DelhiEats, FoodieDelhi, NepaliFlavours",,26-07-2026 11:49
3.70329E+18,Video,clips,DNkvtiDSrcF,https://www.instagram.com/p/DNkvtiDSrcF/,2025-08-20T10:55:05.000Z,"Remember the last time you met your gang laughed till your stomach hurt? 

Maybe it’s time to make some new memories.

Tag your OG gang — it’s catch-up o’clock. The table’s waiting.

[Barbeque Nation, BBQN, Catch-up]",140,7,4507,17238,barbequenation,Barbeque Nation,506635909,,FALSE,,,,26-07-2026 11:49
3.68145E+18,Video,clips,DMXIfjitfdG,https://www.instagram.com/p/DMXIfjitfdG/,2025-07-21T07:29:01.000Z,"@_mp_10127
The party ended but the energy’s still high!
Your work-gang didn’t just show up, they turned our Paras One33 Mall outlet in Noida into a mini-concert. Glad we could be your hangout spot and a part of the memories. Waiting to host you again soon.",141,0,6365,22774,barbequenation,Barbeque Nation,506635909,,FALSE,,,_mp_10127,26-07-2026 11:49
3.68866E+18,Image,feed,DMwvJVKtKYG,https://www.instagram.com/p/DMwvJVKtKYG/,2025-07-31T06:06:56.000Z,"From smoky grills to flavour-packed bites, this trio sets the tone for a feast to remember.
Ready for your feast? Book your table right away at ️Barbeque Nation.

[ Barbeque Nation, BBQN, Grills, Feast]",82,1,,,barbequenation,Barbeque Nation,506635909,,FALSE,,,,26-07-2026 11:49
3.68733E+18,Image,feed,DMsBBqiN42C,https://www.instagram.com/p/DMsBBqiN42C/,2025-07-29T10:06:58.000Z,"Extra juicy, extra fiery and extra hard to resist. Our Chicken Tangdi doesn’t just show up, it steals the spotlight. Go on, book your table and enjoy it unlimited.

[ Barbeque Nation, BBQN, Unlimited]",110,0,,,barbequenation,Barbeque Nation,506635909,,FALSE,,,,26-07-2026 11:49
3.69089E+18,Video,clips,DM4r9Bbye1w,https://www.instagram.com/p/DM4r9Bbye1w/,2025-08-03T08:14:38.000Z,"From the fiery drama queen to the reliable wingman, every squad is full of flavours. This Friendship Day, gather everyone on one table and enjoy unlimited drama, laughter, and food.

Btw… who’s who in your gang? Tag them all in the comments.

[Barbeque Nation, BBQN, Friendshipday]",78,5,3891,21838,barbequenation,Barbeque Nation,506635909,,FALSE,,,,26-07-2026 11:49
3.68227E+18,Video,clips,DMaECcjN_-0,https://www.instagram.com/p/DMaECcjN_-0/,2025-07-22T10:48:38.000Z,"From grills to gravies, our coolers are here to keep the balance just right. Don’t forget to get these cool sips as you enjoy your next meal at Barbeque Nation

[Barbeque Nation, BBQN, Coolers]",106,2,3667,17103,barbequenation,Barbeque Nation,506635909,,FALSE,,,,26-07-2026 11:49
3.68657E+18,Image,feed,DMpVR6RtUrm,https://www.instagram.com/p/DMpVR6RtUrm/,2025-07-28T09:06:14.000Z,Grateful for all the love that's been coming our way! Your reviews keep us going strong. What’s do you love the most about Barbeque Nation? Let us know in the comments.,61,2,,,barbequenation,Barbeque Nation,506635909,,FALSE,,,,26-07-2026 11:49
3.67863E+18,Video,clips,DMNHStlSTsD,https://www.instagram.com/p/DMNHStlSTsD/,2025-07-17T10:08:22.000Z,"@smrsharma We absolutely loved hosting your crew at our Vasant Kunj, Delhi restaurant. We hope every bit of your get-together was as special as you imagined. Here's to more epic moments, unfiltered fun and celebrations!",864,2,78583,1056802,barbequenation,Barbeque Nation,506635909,,FALSE,,,smrsharma,26-07-2026 11:49
3.69313E+18,Image,feed,DNAo1iyN6LG,https://www.instagram.com/p/DNAo1iyN6LG/,2025-08-06T10:19:39.000Z,"This Rakshabandhan, call a truce. 

No nok-jhok, no fights over the remote, or what to order. Just come over,  enjoy your favourite tikkas and celebrate your bond. 

[ Barbeque Nation, BBQN, Rakshabandhan, Togetherness ]",75,0,,,barbequenation,Barbeque Nation,506635909,,FALSE,,,,26-07-2026 11:49
3.67947E+18,Video,clips,DMQGQsQSdOB,https://www.instagram.com/p/DMQGQsQSdOB/,2025-07-18T13:58:21.000Z,"@remysinns__ @heyitsbrizzy @kevin.clemenceau just.curtis__ @kelvin_sinje your crew brought the moves, the laughs, the love and made the night super memorable at our Greater Noida Beta 2 location! Thanks for celebrating your college graduation with us. Here’s to more fun and celebrations to come!",685,12,45842,1010312,barbequenation,Barbeque Nation,506635909,,FALSE,,,"remysinns__, heyitsbrizzy, kevin.clemenceau, kelvin_sinje",26-07-2026 11:49
3.67074E+18,Image,feed,DLxFuDlSxg0,https://www.instagram.com/p/DLxFuDlSxg0/,2025-07-06T12:52:48.000Z,"Some dishes don’t need an introduction—just instincts. 
Think you know this one?
Drop your guess in the comments and tag your foodie squad.

[Barbeque Nation, BBQN,  guess the dish, Food lovers ]",75,24,,,barbequenation,Barbeque Nation,506635909,,FALSE,,,,26-07-2026 11:49
3.67627E+18,Image,feed,DMEv0DtI1Py,https://www.instagram.com/p/DMEv0DtI1Py/,2025-07-14T04:06:11.000Z,"Rains, grills, and good company, that's monsoon done right. Go on, book your table and make some unforgettable memories this season. 

Book your table now

[Barbeque Nation, BBQN, GrillandChill, MonsoonMood]",60,2,,,barbequenation,Barbeque Nation,506635909,,FALSE,,,,26-07-2026 11:49
3.65828E+18,Video,clips,DLE0PyTyJSv,https://www.instagram.com/p/DLE0PyTyJSv/,2025-06-19T08:14:06.000Z,"Send this to a friend whose birthday is in June and let them know that you’re waiting for legendary celebration at Barbeque Nation.

[ Barbeque Nation, BBQN , Celebrate together, Birthday Celebration]",345,22,1390,46307,barbequenation,Barbeque Nation,506635909,,FALSE,,,,26-07-2026 11:49
3.65421E+18,Video,clips,DK2XPueov8W,https://www.instagram.com/p/DK2XPueov8W/,2025-06-13T17:34:43.000Z,"“Aane do Papa ko”— a line that put an end to every mischief. But this Father’s Day, it means something else; not complaints, but a celebration.
This time, “Aane do Papa ko” is not a threat — it’s an invitation to enjoy unlimited food, unlimited love, and a FREE mocktail at Barbeque Nation.
Do share this with your Dad and remind him of the good old days.
#fathersday #father #son #memories #relatable #kids #papa #family #nostalgia #food #barbeque",1387,59,3136,181380,shivank_panwanda,Shivank Panwanda,340041767,,FALSE,,"fathersday, father, son, memories, relatable, kids, papa, family, nostalgia, food, barbeque",,26-07-2026 11:49
3.68452E+18,Image,feed,DMiC2u2NH38,https://www.instagram.com/p/DMiC2u2NH38/,2025-07-25T13:10:33.000Z,"They've spent their lives pampering you with unlimited love and everything you've wished for. This Parents' Day, treat them to unlimited grills and a free cake on the house.

Because nothing says love like great food
and thoughtful moments. 

[Barbeque Nation, BBQN,Unlimited fest, Parents day ]",81,2,,,barbequenation,Barbeque Nation,506635909,,FALSE,,,,26-07-2026 11:49
3.67008E+18,Video,clips,DLuvsnISuBT,https://www.instagram.com/p/DLuvsnISuBT/,2025-07-05T15:02:51.000Z,"Cancerians, we’re all set to make your birthday unforgettable! 

With unlimited food, fun, and celebrations, Barbeque Nation is here to turn your big day into a flavour-packed memory.

Book your table and celebrate your birthday the Barbeque Nation way.

[Barbeque Nation, BBQN, Birthday celebration, Unlimited food ]",680,29,3565,47108,barbequenation,Barbeque Nation,506635909,,FALSE,,,,26-07-2026 11:49
3.65899E+18,Image,feed,DLHVHE5N2Mn,https://www.instagram.com/p/DLHVHE5N2Mn/,2025-06-20T07:39:11.000Z,"Chicken lovers, how many of these fiery, flavour-packed drumsticks can you eat in one go? 

Go on, take the challenge at the nearest store before 10 July, 2025  and drop your answers in the comments below!

[ Barbeque Nation, BBQN, Challenge , Chicken lovers ]",120,6,,,barbequenation,Barbeque Nation,506635909,,FALSE,,,,26-07-2026 11:49
3.67867E+18,Video,clips,DMNPuUoN5Ke,https://www.instagram.com/p/DMNPuUoN5Ke/,2025-07-17T11:32:47.000Z,"For our special day, we headed to Barbeque Nation… and let’s just say, it was a birthday feast to remember!

From unlimited grills sizzling right on our table to a buffet that had everything from Indian classics to global delights — every bite was a celebration!

✨ The live counters, the desserts, the vibrant vibe — and yes, they surprised us with a birthday cake and a song too! 

✅ Exclusive birthday benefits – including complimentary cakes, decorated tables, and fun surprises
✅ Special discounts and offers available only for app users
✅ And yes — App se book karne par milte hain 10% Smiles Coins on the bill (pretax), automatically credited to your account!

It’s not just a meal — it’s a celebration that gives back! 🎉
So go ahead, download the app, book your table, and make your next meal at Barbeque Nation even more deliciously rewarding.

#TannazAndBakhtiyar #BirthdayVibes #BarbequeNation #MumbaiEats #FoodieCouple #UnlimitedHappiness #GrillAndChill #BirthdayGoals #BBQFeast #CelebrateWithBBQ #MumbaiFoodies #FunRepublicMall #FoodExperience #ActorsLife #BakhtiyarIrani #TannazIrani #BirthdayCelebration",7192,115,41251,248319,tannazirani_,Tannaz Irani,2778407203,,FALSE,,"TannazAndBakhtiyar, BirthdayVibes, BarbequeNation, MumbaiEats, FoodieCouple, UnlimitedHappiness, GrillAndChill, BirthdayGoals, BBQFeast, CelebrateWithBBQ, MumbaiFoodies, FunRepublicMall, FoodExperience, ActorsLife, BakhtiyarIrani, TannazIrani, BirthdayCelebration",,26-07-2026 11:49
3.66267E+18,Video,clips,DLUaYubyxTx,https://www.instagram.com/p/DLUaYubyxTx/,2025-06-25T09:36:21.000Z,"Weekday meals just got legendary with bold, unlimited prices and buffet prices so low,everyone will be racing to grab the bill. 

Book your table now at Barbeque Nation!

Available at most outlets with some exceptions 

[Barbeque Nation, BBQN, Weekday meal, Unlimited, Buffet]",216,11,1815,31461,barbequenation,Barbeque Nation,506635909,,FALSE,,,,26-07-2026 11:49
3.67572E+18,Video,clips,DMCx0hKytOU,https://www.instagram.com/p/DMCx0hKytOU/,2025-07-13T09:47:31.000Z,"Overwhelmed by the incredible surprise elements @barbequenation organized. Each minor detailing was superb including food, arrangements, decoration and the cartoon character 😎
Thank you for making my birthday absolutely magical. #trendingreels #trending #birthday #birthdayfun #barbecue #birthdayprincess #dance #modelkids #kidsofinsta #birthdaygirl",333,6,4136,32193,riddhisha_rajawat,Riddhisha Rajawat,55961544290,,FALSE,TRUE,"trendingreels, trending, birthday, birthdayfun, barbecue, birthdayprincess, dance, modelkids, kidsofinsta, birthdaygirl",barbequenation,26-07-2026 11:49
3.69244E+18,Video,clips,DM-MQn3Nm3s,https://www.instagram.com/p/DM-MQn3Nm3s/,2025-08-05T11:32:33.000Z,"Tag that friend who says they’ll just “taste a little” and ends up enjoying everything. Bring them along for your next visit to Barbeque Nation. We’ll ensure that the food’s unlimited. 

[Barbeque Nation, BBQN, Unlimited]",361,13,16083,40747,barbequenation,Barbeque Nation,506635909,,FALSE,,,,26-07-2026 11:49
3.66417E+18,Sidecar,carousel_container,DLZvCuISrGD,https://www.instagram.com/p/DLZvCuISrGD/,2025-06-27T11:12:06.000Z,"This is your sign to book your seats to Kukkad Carnival. Where an Unlimited chicken buffet with 16 sizzling dishes including wings, biryani, tangdis & more await.

Go on, enjoy before 10 July.

Available at most outlets with some  exceptions

[Barbeque Nation, BBQN, Kukkad Carnival,  Chicken Celebration, Unlimited]",159,14,,,barbequenation,Barbeque Nation,506635909,,FALSE,,,,26-07-2026 11:49
3.6748E+18,Image,feed,DL_hsnUyZh-,https://www.instagram.com/p/DL_hsnUyZh-/,2025-07-12T03:26:38.000Z,"Turn rainy days into sizzling memories ☔🔥 Ditch the usual coffee dates and bond over smoky grills and laughter at Barbeque Nation.

Book your table now 

 [Barbeque Nation, BBQN, MonsoonMood GrillAndChill, CoupleGoals]",41,4,,,barbequenation,Barbeque Nation,506635909,,FALSE,,,,26-07-2026 11:49
3.69162E+18,Video,clips,DM7QjMvzv3P,https://www.instagram.com/p/DM7QjMvzv3P/,2025-08-04T08:11:57.000Z,"The party ended but the energy's still high! Your work-gang didn't just show up, they turned our barbequenation Laxmi Nagar into a mini-concert. Glad we could be your hangout spot and a part of the memories.
Waiting to host you again soon.
#musicalnight #bolywoodmusicalnight
#mastitime #fullenjoy #explore #livesinging",3,47,7290,,deepachhabra24,Million dollar girl😍💎,48513244571,Laxmi Nagar Delhi,FALSE,,"musicalnight, bolywoodmusicalnight, mastitime, fullenjoy, explore, livesinging",,26-07-2026 11:49
3.64764E+18,Video,clips,DKfBtsDtGrg,https://www.instagram.com/p/DKfBtsDtGrg/,2025-06-04T16:01:09.000Z,"Bengaluru, we're turning up the heat! 

Barbeque Nation has arrived at the 4th Floor, Garuda Mall, Magrath Road, serving a sizzling, unlimited experience like never before. Gather your squad and dive into a feast that promises flavourful memories at the unlimited celebration destination!",248,4,597,30908,barbequenation,Barbeque Nation,506635909,,FALSE,,,,26-07-2026 11:49
3.64815E+18,Image,feed,DKg09vDSNIt,https://www.instagram.com/p/DKg09vDSNIt/,2025-06-05T08:47:09.000Z,"It’s the last day to savour our special mango menu!

Don’t miss out on your favourites. Reserve your table now for the ultimate feast.",88,4,,,barbequenation,Barbeque Nation,506635909,,FALSE,,,,26-07-2026 11:49
3.67146E+18,Video,clips,DLzp0AIy964,https://www.instagram.com/p/DLzp0AIy964/,2025-07-07T12:47:58.000Z,"Fresh off the stove and onto your plate, 16+ chicken dishes, with unlimited servings. Don't miss the feast!

Serving till 10 July at the Kukkad Carnival at your nearest Barbeque Nation.

Available at most outlets with some exceptions

[Barbeque Nation, BBQN, Kukkad Carnival,
Chicken, Unlimited]",244,2,2134,32009,barbequenation,Barbeque Nation,506635909,,FALSE,,,,26-07-2026 11:49
3.66859E+18,Image,feed,DLpcw6ttI4l,https://www.instagram.com/p/DLpcw6ttI4l/,2025-07-03T13:40:14.000Z,"Calling all queens! It’s time to laugh louder, eat better, and host a kitty party like never before. Only at Barbeque Nation! 

Available in select few outlets

[Barbeque Nation, BBQN, Kitty party, Celebrate]",86,2,,,barbequenation,Barbeque Nation,506635909,,FALSE,,,,26-07-2026 11:49
3.69508E+18,Image,feed,DNHkuQby9sM,https://www.instagram.com/p/DNHkuQby9sM/,2025-08-09T02:58:23.000Z,"This Rakshabandhan, keep the roasting to the grill. Come over with your siblings and enjoy unlimited, at Barbeque Nation.

[ Barbeque Nation, BBQN, Raksha bandhan, Siblings, Unlimited ]",96,10,,,barbequenation,Barbeque Nation,506635909,,FALSE,,,,26-07-2026 11:49
3.65174E+18,Image,feed,DKtllTaySZJ,https://www.instagram.com/p/DKtllTaySZJ/,2025-06-10T07:42:52.000Z,"Chicken lovers , get ready for the Unlimited Chicken Celebration! 

Introducing Kukkad Carnival at Barbeque Nation. Indulge in unlimited crispy wings, grilled delights, tangdis, tikkas, biryani, and 16 other mouth-watering chicken dishes. 

Book your table now to enjoy! 

Available at most outlets with some exceptions.",292,40,,,barbequenation,Barbeque Nation,506635909,,FALSE,,,,26-07-2026 11:49
3.64831E+18,Video,clips,DKhYkI2yBaK,https://www.instagram.com/p/DKhYkI2yBaK/,2025-06-05T13:58:26.000Z,"Calling all the grill lovers in Hyderabad! 

Barbeque Nation is now open at Aparna Neo Mall, 3rd Floor, and the feast is waiting!

Get ready to dive into sizzling starters, smoky grills, and an all-you-can-eat spread that never ends!",182,2,883,28802,barbequenation,Barbeque Nation,506635909,,FALSE,,,,26-07-2026 11:49
3.66475E+18,Image,feed,DLbzl-UyJwD,https://www.instagram.com/p/DLbzl-UyJwD/,2025-06-28T06:30:21.000Z,"How many starters are too many starters?
At Kukkad Carnival, the answer's always: not enough.

Dig into 10+ chicken starters at the unlimited chicken celebration. Go on, book your table before 10 July, 2025 to enjoy.

Available at most outlets with some exceptions.

[Barbeque Nation, BBQN, Unlimited, Kukkad Carnival ]",117,13,,,barbequenation,Barbeque Nation,506635909,,FALSE,,,,26-07-2026 11:49
3.6438E+18,Video,clips,DKRYJ5cyhC_,https://www.instagram.com/p/DKRYJ5cyhC_/,2025-05-30T08:50:53.000Z,"Aam-azing Mango Tango Festival at Barbeque Nation, Jammu – Until 5th June Only! 🎉 🥭 
.
Location: Barbeque Nation, Near 1st Floor, RV Square Lane No. 11, R V Seven Square, Opposite New Choice Resort Club, Greater Kailash, Jammu, Jammu and Kashmir 180011
.
• 🥭 Mango Lovers’ Paradise: Unlimited mango-infused feast like never before!
• 🌶️ Flavor Fiesta: Mango Salsa, Mango Chili Dip & Som Tam Mango Salad with sizzling tikkas & kebabs.
• 🤩 Quirky Bites: Aam Panna Pani Puri – tangy, spicy & totally Instagrammable!
• 🍰 Sweet Ending: Mango Pastry, Custard, Ice Cream, Chilli Kulfi & more mango desserts.
• 🥤 Cool Down: Mango Lassi & Chilled Aam Panna – perfect summer sippers!
• 🕐 Daily Delight: Available for both lunch & dinner sessions till 5th June.
.
DM @sahajsabharwal for Paid Promotions/Collaborations
📚 Content Writer || Author of 3 Books:
“Poems by Sahaj Sabharwal”
“Pedagogical Thoughts Made Facts”
“Anecdote – A Multi Category Content Book”
✈️ Aeronautical Engineer || 🎤 Guest Speaker || 🧠 Motivational Speaker
📱 Social Media Influencer || Blogger || Poet || Creative Writer
📦 Product Reviewer || 🎥 Multi-category Content Creator
🌟 Famous & Trending Celebrity from Jammu – SAHAJ SABHARWAL

➼ Author of 3 Bestsellers 📚 || Writer • Influencer • Brand Collaborator
💌 DM for Paid Promotions & Collaborations
📧 sahajsabharwal12345@gmail.com
📞 +91 7780977469 (Sahaj)
.
#food #streetfood #placestoeat #jammuuniversity #jammu #kashmir #udhampur #jammufood #jammufoodblogger #foodblogger #indianblogger #jammutourism #tourguide #indiatourguide #delhistreetfood #mumbaistreetfood #kolkatastreetfood #punestreetfood #chandigarhstreetfood #katra #reasi #chennaifoodblogger #sahajsabharwal #delhifoodblogger #indianstreetfood #barbequenation #mango #mangotangofestival #aampanna #greaterkailashjammu

[Mango Tango Festival, Trending Jammu Food, Best Buffet, Food Review, Sahaj Sabharwal, Greater Kailash Jammu]",741,54,1240,57442,sahajsabharwal,SAHAJ SABHARWAL | Influencer | Author | Blogger | Poet | Rapper,3471835808,,FALSE,,"food, streetfood, placestoeat, jammuuniversity, jammu, kashmir, udhampur, jammufood, jammufoodblogger, foodblogger, indianblogger, jammutourism, tourguide, indiatourguide, delhistreetfood, mumbaistreetfood, kolkatastreetfood, punestreetfood, chandigarhstreetfood, katra, reasi, chennaifoodblogger, sahajsabharwal, delhifoodblogger, indianstreetfood, barbequenation, mango, mangotangofestival, aampanna, greaterkailashjammu",sahajsabharwal,26-07-2026 11:49
3.65111E+18,Image,feed,DKrV8jjSCOY,https://www.instagram.com/p/DKrV8jjSCOY/,2025-06-09T10:47:45.000Z,"Your favourite Celebration Destination just earned another title! 

We’re thrilled to be crowned Best BBQ Restaurant in West India at the 8th Food Connoisseurs India Awards. 
Here’s to adding more flavours and fun to your celebrations.

[ Barbeque Nation, BBQ Nation, India’s Celebration Destination, Award Winning Restaurant, Unlimited Buffet ]",113,11,,,barbequenation,Barbeque Nation,506635909,,FALSE,,,,26-07-2026 11:49
3.65256E+18,Video,clips,DKwgKcoS9v7,https://www.instagram.com/p/DKwgKcoS9v7/,2025-06-11T10:54:10.000Z,"The grills are hot, the vibe’s fun, and the chicken? UNLIMITED! 

The Kukkad Carnival is officially LIVE — from June 10 to July 10, 2025 at your nearest Barbeque Nation. Get ready for juicy bites, grilled delights, and full-on chicken madness.

Book your table now to enjoy! 

Available at most outlets with some exceptions.",267,40,907,36789,barbequenation,Barbeque Nation,506635909,,FALSE,,,,26-07-2026 11:49
3.62994E+18,Video,clips,DJgI_lEI1LH,https://www.instagram.com/p/DJgI_lEI1LH/,2025-05-11T05:52:13.000Z,"She knows every little detail about us - our favourite foods, our habits… But how much do we truly know about her?
This #MothersDay, Barbeque Nation invites you to pause and discover the woman she has always been.
Join us and get to #knowtherealher",3724,24,967,,fatema.bahrainwala,Fatema Bahrainwala,2143602916,Barbeque Nation,FALSE,,"MothersDay,, knowtherealher",,26-07-2026 11:49
3.64617E+18,Video,clips,DKZy_ocMyw2,https://www.instagram.com/p/DKZy_ocMyw2/,2025-06-02T15:15:53.000Z,"Bangalore, the grill just got hotter! Barbeque Nation is now open at Garuda Mall, bringing you unlimited flavours, fiery grills, and the ultimate dining experience. Gather your friends, family and come indulge in a celebration of taste like never before. 

Your new favourite food spot is ready to serve, see you there! ✨",105,0,381,21279,barbequenation,Barbeque Nation,506635909,,FALSE,,,,26-07-2026 11:49
3.64301E+18,Video,clips,DKOlXhkRmQS,https://www.instagram.com/p/DKOlXhkRmQS/,2025-05-29T06:44:58.000Z,"Queens, it’s time to turn your kitty parties into the ultimate fun fiesta! @barbequenation 

At @BarbequeNation, enjoy unlimited food, exciting games (yes, including Tambola!), and special gifts for the host — all starting at just ₹599! 

Choose your menu, relax with dedicated staff handling the fun, and make your get-together truly unforgettable.
Your Kitty. Your Way. Your Choice. Ready to party like royalty? Book your Barbeque Queens experience today!

#Celebrategrillse#Kittyparty#barbequenation#fun#games",1161,64,1025,133322,aasthasharmaofficiall,AASTHA SHARMA BHASIN,4115777304,,FALSE,,"Celebrategrillse, Kittyparty, barbequenation, fun, games","barbequenation, BarbequeNation",26-07-2026 11:49
3.641E+18,Video,clips,DKHbh8OPK6z,https://www.instagram.com/p/DKHbh8OPK6z/,2025-05-26T12:04:34.000Z,"Mango Tango Festival at barbeque nation @barbequenation 

Aam Panna
Mango lassi 
Salsa 
30+ items 

#barbequenation😋 #mango",292,6,120,16362,the_foooddd,the food  ☕🍔🍹🥪🍕🍟🧿,52233535789,,FALSE,,"barbequenation😋, mango",barbequenation,26-07-2026 11:49
3.63017E+18,Sidecar,carousel_container,DJg8NbUNf5D,https://www.instagram.com/p/DJg8NbUNf5D/,2025-05-11T13:19:04.000Z,"Think you know your mom? Take this fun challenge and comment your answers below.

#HappyMothersDay #KnowTheRealHer",203,55,,,barbequenation,Barbeque Nation,506635909,,FALSE,,"HappyMothersDay, KnowTheRealHer",,26-07-2026 11:49
3.65336E+18,Video,clips,DKzWWYgNL_u,https://www.instagram.com/p/DKzWWYgNL_u/,2025-06-12T13:27:34.000Z,"From crispy Chicken Strips to smoky Tandoori Tangdi, Malai Skewers, and more — we have everything to manage your chicken cravings. 

At the Kukkad Carnival at Barbeque Nation, serving from June 10 to July 10, 2025. 

Book your table now to enjoy!

Available at most outlets with some exceptions.",201,15,345,36658,barbequenation,Barbeque Nation,506635909,,FALSE,,,,26-07-2026 11:49
3.64611E+18,Video,clips,DKZlc1FS_EZ,https://www.instagram.com/p/DKZlc1FS_EZ/,2025-06-02T13:19:34.000Z,"Sab pet bhar ke khaaye aur birthday party aisi mere jaise difficult guest bhi khush hoke jaaye @Barbequenation

#celebrategrillse#Barbequenation#Birthdaycelebrations#unlimitedfood",4191,19,2718,2745563,ichaadhari_naag,Chirag Panjwani,2157332809,,FALSE,,"celebrategrillse, Barbequenation, Birthdaycelebrations, unlimitedfood",Barbequenation,26-07-2026 11:49
3.67225E+18,Image,feed,DL2cVtBylrP,https://www.instagram.com/p/DL2cVtBylrP/,2025-07-08T14:46:39.000Z,"Last call, chicken lovers! The Kukkad Carnival ends in just 2 days.

Feast unlimited on 16+ mouthwatering chicken dishes before it's gone.

Book your table right away.

[Barbeque Nation, BBQN, Chicken, Unlimited, Kukkad Carnival ]",127,7,,,barbequenation,Barbeque Nation,506635909,,FALSE,,,,26-07-2026 11:49
3.62842E+18,Video,clips,DJauL1my7yF,https://www.instagram.com/p/DJauL1my7yF/,2025-05-09T03:23:11.000Z,"She knows every little detail about us - our favourite foods, our habits… But how much do we truly know about her? 
This #MothersDay, Barbeque Nation invites you to pause and discover the woman she has always been.
Join us and get to #KnowTheRealHer",8584,19,358,3843545,barbequenation,Barbeque Nation,506635909,,FALSE,,"MothersDay,, KnowTheRealHer",,26-07-2026 11:49
3.6396E+18,Video,clips,DKCcjGdMPIM,https://www.instagram.com/p/DKCcjGdMPIM/,2025-05-24T13:37:06.000Z,"Phirni, chutneys, dips, and more—mango madness has officially taken over Barbeque Nation! 

Savour it all before it disappears.

*Available at select restaurants till 5th June 2025*",108,4,268,29434,barbequenation,Barbeque Nation,506635909,,FALSE,,,,26-07-2026 11:49
3.63277E+18,Image,feed,DJqM8vBoOTm,https://www.instagram.com/p/DJqM8vBoOTm/,2025-05-15T03:38:30.000Z,"This Family Day, bring the entire family on one table at Barbeque Nation. Celebrate with live grills and an unlimited feast.",96,17,,,barbequenation,Barbeque Nation,506635909,,FALSE,,,,26-07-2026 11:49
3.76056E+18,Video,clips,DQwMilxDfsY,https://www.instagram.com/p/DQwMilxDfsY/,2025-11-07T11:12:57.000Z,"Warning: Missing The Coastal Feast might cause lifelong regret (and major seafood cravings). Catch the wave while it’s in Hyderabad! Join our MasterChef Shyam as he prepares amazing seafood delicacies for you to enjoy.✨️😋

#TheCoastalFeast #BarbequeNation
#BarbequeVibes #HyderabadFoodies
#SeafoodFestival #MasterChefIndiaTelugu
#BNxShyam #CoastalFlavours #HyderabadEats
#FoodPopUp #SeafoodLove",417,5,7970,25033,barbequenation,Barbeque Nation,506635909,,FALSE,,"TheCoastalFeast, BarbequeNation, BarbequeVibes, HyderabadFoodies, SeafoodFestival, MasterChefIndiaTelugu, BNxShyam, CoastalFlavours, HyderabadEats, FoodPopUp, SeafoodLove",,26-07-2026 11:49
3.6287E+18,Video,clips,DJbvPNWtVhq,https://www.instagram.com/p/DJbvPNWtVhq/,2025-05-09T12:53:51.000Z,"Mango special menu @barbequenation is a new indulgence you can try, along with their regular buffet! 🤗

Open till 25th May!

Tag a 🥭lover and check out this exciting festival! 🥳

#bangaloreblogger #barbequenation #foodloversindia #bangalorebuffets #mangospecial #mangobuffet #viralfoodreel",244,33,320,,rasoisaga,Rasoi Saga,9862978312,"Bangalore, India",FALSE,,"bangaloreblogger, barbequenation, foodloversindia, bangalorebuffets, mangospecial, mangobuffet, viralfoodreel",barbequenation,26-07-2026 11:49
3.66627E+18,Image,feed,DLhMtoUS5yF,https://www.instagram.com/p/DLhMtoUS5yF/,2025-06-30T08:46:03.000Z,"Time's running out, chicken lovers!⏰️
Kukkad Carnival at Barbeque Nation will end on 10 July, 2025. Don't miss out on this chance to feast on the juiciest,crispiest, most finger-licking chicken dishes.
Book your table now to enjoy this special menu before it's gone!

Available at most outlets with some exceptions.

[Barbeque Nation, BBQN,  Chicken Celebration, Kukkad Carnival, Unlimited ]",146,5,,,barbequenation,Barbeque Nation,506635909,,FALSE,,,,26-07-2026 11:49
3.66129E+18,Video,clips,DLPgj2qt6Pm,https://www.instagram.com/p/DLPgj2qt6Pm/,2025-06-23T11:53:22.000Z,"Tag a Chicken paglu and remind
them that to not miss out on
the unlimited chicken celebration - Kukkad
Carnival!

Feast on 16 mouthwatering chicken
dishes--unlimited,
unbeatable, and unapologetically delicious.

Book before 10 July!

Available at most outlets with some exceptions.

[Barbeque Nation, BBQN, Chickenpaglu, unlimited,
Kukkad Carnival]",452,70,1710,47277,barbequenation,Barbeque Nation,506635909,,FALSE,,,,26-07-2026 11:49
3.64107E+18,Video,clips,DKHqYKXS7KW,https://www.instagram.com/p/DKHqYKXS7KW/,2025-05-26T14:14:00.000Z,"Looking to get some extra discounts on your next meal at Barbeque Nation? Just pay for your dine in or delivery order through our app/website and earn 5% back as Smiles Coins—each worth ₹1.

It’s that easy!",78,5,253,23957,barbequenation,Barbeque Nation,506635909,,FALSE,,,,26-07-2026 11:49
3.64324E+18,Video,clips,DKPYl34BUzN,https://www.instagram.com/p/DKPYl34BUzN/,2025-05-29T14:16:18.000Z,"Start your feast with the perfect summer sipper – Mango Lassi or the ever-refreshing Aam Panna 🥤

Then brace yourself for unlimited starters – sizzling Chicken, juicy Prawns, and flavorful Paneer, all served with our iconic Mango Chilli Dip and Mango Salsa 🌶️🍢

Looking for a fun twist? Try the one-of-a-kind Aam Panna Pani Puri – tangy, spicy, and totally Insta-worthy 🤳

And you better leave room for desserts!
We’re talking Mango Pastry, Custard, Ice Cream, Chilli Kulfi, Creamy Mango – basically, mango in every magical form 🍨🍰💛

Because nothing says summer like a plate full of mango and unlimited good vibes!

#MangoTangoFestival #BarbequeNation #UnlimitedStarters #MangoMadness #SummerVibes #__CITYNAME__Eats #foodiefiesta",390,10,149,20945,vloggertanish,Vlogger tanish,33018162861,,FALSE,,"MangoTangoFestival, BarbequeNation, UnlimitedStarters, MangoMadness, SummerVibes, __CITYNAME__Eats, foodiefiesta",,26-07-2026 11:49
3.65767E+18,Video,clips,DLCpKg2JnqX,https://www.instagram.com/p/DLCpKg2JnqX/,2025-06-18T11:59:10.000Z,"Chicken Lovers ke liye Khaas! 🍗🔥

Barbeque Nation pe KUKKAD CARNIVAL shuru ho chuka hai jee – 10th June se leke 10th July tak!

Matlab, jo log chicken ke deewane hai, unke liye toh yeh ek chicken ka Tyohaar hai!

Ab Barbeque Nation ki regular variety ke saath-saath mileinge 10 naye chicken starters – har ek item aisa ki mooh mein paani aur chehre pe muskaan aa jaaye 😋

Aur sirf starters hi nahi jee...
Main course mein bhi nayi variety aa gayi hai. Murgh changezi, haleem aur toh aur dum ka murgh bhi.🍗

Weekdays ke lunch time pe jaoge toh milega ek complimentary beverage bhi! 🥤

Toh fer soch kya rahe ho?
Chhutti lo, doston ko tag karo, aur niklo Barbeque Nation ki taraf!

Aur haan, agar birthday aaraha ho kisi ka, toh Barbeque Nation jaana banta hai kyunki unke cute se birthday celebrations toh already mashhoor hai jee! 🎉🎂

Kukkad Carnival Live At all Barbeque Nation Outlets, Pan India.
10 June to 10 July

#KukkadFestival #Ad #BarBeQueNation",21169,208,12060,2242259,mistertikku,Gurpreet Singh Tikku,2115955144,,FALSE,,"KukkadFestival, Ad, BarBeQueNation",,26-07-2026 11:49
3.63666E+18,Video,clips,DJ3_1jBy9s4,https://www.instagram.com/p/DJ3_1jBy9s4/,2025-05-20T12:14:47.000Z,"Mango lovers, assemble! Barbeque Nation’s menu is bursting with golden goodness. 
Head over for the ultimate indulgence of the season.",168,9,104,23606,barbequenation,Barbeque Nation,506635909,,FALSE,,,,26-07-2026 11:49
3.64945E+18,Image,feed,DKldg24yBtn,https://www.instagram.com/p/DKldg24yBtn/,2025-06-07T03:58:26.000Z,"The grills are hot, the flavours are bold, and your seat’s waiting. This Bakri Eid, continue the celebrations with a feast and the ones who matter the most.

Book your table now!

[Bakri Eid , BBQ Nation, Celebrate together,  Eid with family , Barbeque Nation, Unlimited BBQ]",92,9,,,barbequenation,Barbeque Nation,506635909,,FALSE,,,,26-07-2026 11:49
3.6896E+18,Video,clips,DM0G536tkGN,https://www.instagram.com/p/DM0G536tkGN/,2025-08-01T13:33:46.000Z,"Can’t agree on one place that satisfies everyone’s cravings? Plan your catch-up at Barbeque Nation.Tag your gang, unlimited grills and unlimited fun await!

[Barbeque Nation, BBQN, all under one roof]",70,2,2901,15562,barbequenation,Barbeque Nation,506635909,,FALSE,,,,26-07-2026 11:49
3.63815E+18,Video,clips,DJ9Ta7QP39A,https://www.instagram.com/p/DJ9Ta7QP39A/,2025-05-22T13:41:49.000Z,"🥭 Mango Mania is here! 🍽️
The Mango Tango Festival is now live across all Barbeque Nation outlets, and I visited the Vadapalani branch to experience this juicy celebration! 😍🔥

From chill Mango Lassi & tangy Aam Panna, to unlimited grills with their signature Mango Chilli Dip – the flavours are next level! 🌶️🍢
Don’t skip the unique Aam Panna Pani Puri – spicy, fun, and totally reel-worthy! 🤳

Dessert lovers, brace yourselves – Mango Pastry, Custard, Ice Cream, and even Chilli Kulfi! 🍨💛
Plus, tropical salads and the good old Aam ka Achar – this is summer on a plate! 🥗🌿

📍Catch the Mango Tango Festival till May 25th at any Barbeque Nation near you!
✨ I visited the Vadapalani outlet – check out the full experience!

🎥 by: @foodofchennai

#MangoTangoFestival #BarbequeNation #FoodOfChennai #ChennaiFoodie #VadapalaniEats #SummerVibes #UnlimitedBuffet #instafoodblogger #instafoodie #walkwithchennai #yummy #nonveglover #walkwithchennai",3,1,781,,food.of.chennai,𝐌𝐀𝐇𝐀 𝐅𝐎𝐎𝐃𝐈𝐄 | Chennai Food Blogger | E Mahalakshmi,38648479848,"Vadapalani, Chennai",FALSE,,"MangoTangoFestival, BarbequeNation, FoodOfChennai, ChennaiFoodie, VadapalaniEats, SummerVibes, UnlimitedBuffet, instafoodblogger, instafoodie, walkwithchennai, yummy, nonveglover",foodofchennai,26-07-2026 11:49
3.67374E+18,Video,clips,DL7wsmqtkyR,https://www.instagram.com/p/DL7wsmqtkyR/,2025-07-10T16:22:07.000Z,"This party was unforgettable @sanjana_grewal02

It was an absolute pleasure to host your gang at our Vasant Kunj, Delhi restaurant. We hope we were able to make your get together a bit extra special. Here's to many more!

[Barbeque Nation, BBQN, Kitty party, Celebration]",176,10,1992,28432,barbequenation,Barbeque Nation,506635909,,FALSE,,,sanjana_grewal02,26-07-2026 11:49
3.61616E+18,Video,clips,DIvMaRFPIs6,https://www.instagram.com/p/DIvMaRFPIs6/,2025-04-22T05:41:50.000Z,"Unlimited Buffet 💥at just ₹429 😱 

The Big Buffet 😎 by Barbaque Nation 

Timing: 12:30 pm to 3:30 pm 
From Monday to Saturday 

Location : Barbaque Nation, Gokul road, Hubli 

Voice over by @sanjana.sc 

#food #barbecue #bbq #barbequenation #nonveg #veg #nonvegetarian #",2353,10,31765,,walk_with_hubli,Walk with Hubballi  | FOOD 🥘. FASHION 🧥. TRAVEL 🏕️,7746469943,Hubli,FALSE,,"food, barbecue, bbq, barbequenation, nonveg, veg, nonvegetarian",sanjana.sc,26-07-2026 11:49
3.61644E+18,Video,clips,DIwKOD5NkqF,https://www.instagram.com/p/DIwKOD5NkqF/,2025-04-22T14:39:18.000Z,"Dhanbad, Barbeque Nation is now in your town, serving up a sizzling, unlimited experience. Get ready to make some flavourful memories with your loved ones at the Unlimited Food Destination!",2176,16,310940,846497,barbequenation,Barbeque Nation,506635909,,FALSE,,,,26-07-2026 11:49
3.61777E+18,Video,clips,DI05rJ2zGsd,https://www.instagram.com/p/DI05rJ2zGsd/,2025-04-24T10:52:28.000Z,"Celebrate your special day in style at Barbeque Nation! From a warm welcome at the entrance to a delicious buffet, live counters, cozy interiors, and yes — a free birthday cake 🎂 to make your day even sweeter!

#BarbequeNation #BirthdayCelebration #FreeBirthdayCake #FoodieDiaries #BBQNationVibes #LiveGrillExperience #BuffetLovers #BirthdaySpecial #FoodBloggerIndia #CelebrateWithBBQN #DeliciousMoments #TrendingNow #birthdayvibes",3,54,1720,,nidhichauhan0605,Nidhi Chauhan,54691907060,Barbeque Nation,FALSE,,"BarbequeNation, BirthdayCelebration, FreeBirthdayCake, FoodieDiaries, BBQNationVibes, LiveGrillExperience, BuffetLovers, BirthdaySpecial, FoodBloggerIndia, CelebrateWithBBQN, DeliciousMoments, TrendingNow, birthdayvibes",,26-07-2026 11:49
3.61859E+18,Video,clips,DI30Pu0PuLf,https://www.instagram.com/p/DI30Pu0PuLf/,2025-04-25T14:00:00.000Z,"Best Birthday Destination  lBarbeque Nation l Unlimited Buffet

Celebrating my friend Deepan's special day at Barbeque Nation with the best company! From the birthday song and the team clapping to the crown he wore while cutting the cake, every moment was made even more memorable. The delicious spread, favorite dishes, and the unbeatable vibe make @barbequenation my go-to spot for birthdays. It’s not just about the food, it’s about the experience! 

 #BirthdayBash #BBQNationCelebration #celebrategrillse #dilsefoodie #streetfood #food",15302,78,182986,1774596,dilsefoodie,Karan Dua,357773830,,FALSE,,"BirthdayBash, BBQNationCelebration, celebrategrillse, dilsefoodie, streetfood, food",barbequenation,26-07-2026 11:49
3.61463E+18,Image,feed,DIpwypAMoN0,https://www.instagram.com/p/DIpwypAMoN0/,2025-04-20T03:01:04.000Z,"Gather with your loved ones and celebrate the joy of Easter over a delightful feast at Barbeque Nation. Good food, great company, and festive vibes, just the way Easter should be!",121,0,,,barbequenation,Barbeque Nation,506635909,,FALSE,,,,26-07-2026 11:49
3.61029E+18,Image,feed,DIaT81ti1ZZ,https://www.instagram.com/p/DIaT81ti1ZZ/,2025-04-14T03:00:27.000Z,"This Bihu, let the celebrations begin with a feast as grand as the festival itself! Enjoy our festive special menu at Barbeque Nation.

*Available in Kolkata, Durgapur, Asansol (only dinner) and Siliguri(only dinner) restaurants*",80,0,,,barbequenation,Barbeque Nation,506635909,,FALSE,,,,26-07-2026 11:49
3.65122E+18,Video,clips,DKrvrasNCMV,https://www.instagram.com/p/DKrvrasNCMV/,2025-06-09T14:33:10.000Z,"No spoilers, but let’s just say your taste buds are in for a party. It’s going to be chicken like you’ve never seen. And surprises that'll have you saying ""Waaah!""
Stay tuned. The Carnival gates open soon.",147,4,266,27392,barbequenation,Barbeque Nation,506635909,,FALSE,,,,26-07-2026 11:49
3.6179E+18,Video,clips,DI1WsS9tmi8,https://www.instagram.com/p/DI1WsS9tmi8/,2025-04-24T15:04:05.000Z,"Come enjoy the smoky flavours of our perfectly grilled prawns, each bite bursting with juiciness. Trust us, you'll come back craving more.",146,6,4187,29958,barbequenation,Barbeque Nation,506635909,,FALSE,,,,26-07-2026 11:49
3.62215E+18,Video,clips,DJEekctytjk,https://www.instagram.com/p/DJEekctytjk/,2025-04-30T12:04:18.000Z,"Unlimited buffet at just ₹429/- 

Timing - 12:30 pm to 3:30 pm 
From Monday to Saturday only 

📍 @barbequenation , Gokul road Hubballi 

.

.

#hubballisquad #hubballi #hubli #hubballidharwad #hubballile #hubballihaida #hubballimandi #barbeque_nation #chicken #seafood #panner #mojito #trending #boi #tandoori  #gulabjamun #dharwad #dharwadmandi",11235,109,101649,,hubballi_squad,Hubballi Squad | Influencer | Lifestyle Vlogger,39069811178,Hubballi,FALSE,,"hubballisquad, hubballi, hubli, hubballidharwad, hubballile, hubballihaida, hubballimandi, barbeque_nation, chicken, seafood, panner, mojito, trending, boi, tandoori, gulabjamun, dharwad, dharwadmandi",barbequenation,26-07-2026 11:49
3.60094E+18,Video,clips,DH5HfOAN3Js,https://www.instagram.com/p/DH5HfOAN3Js/,2025-04-01T05:37:00.000Z,"Why pay by pieces, when you can go unlimited? Skip the bucket, savour the feast!

#Aprilfools
.
.
.
.
.
.
.
.

..
.
.
.
.
.
.
.
.

.
@officialsocialsamosa @socialmediadissect_india @afaqsdotcom",923,11,59726,2180341,barbequenation,Barbeque Nation,506635909,,FALSE,,Aprilfools,"officialsocialsamosa, socialmediadissect_india, afaqsdotcom",26-07-2026 11:49
3.61134E+18,Video,clips,DIeD7ekybxk,https://www.instagram.com/p/DIeD7ekybxk/,2025-04-15T13:57:36.000Z,"From classic malai to paan and more, there’s a kulfi flavour for everyone at Barbeque Nation. Come over and enjoy.",89,0,2786,21868,barbequenation,Barbeque Nation,506635909,,FALSE,,,,26-07-2026 11:49
3.61352E+18,Video,clips,DIlzLdHNckB,https://www.instagram.com/p/DIlzLdHNckB/,2025-04-18T14:06:28.000Z,Which is your favourite Kulfi flavour?,81,0,2561,17150,barbequenation,Barbeque Nation,506635909,,FALSE,,,,26-07-2026 11:49
3.60412E+18,Video,clips,DIEZ_EVNM2e,https://www.instagram.com/p/DIEZ_EVNM2e/,2025-04-05T14:50:04.000Z,It’s been too long since you enjoyed this experience. Come over. And don’t forget to tag that friend you’re bringing along.,162,4,4473,24984,barbequenation,Barbeque Nation,506635909,,FALSE,,,,26-07-2026 11:49
3.61708E+18,Video,clips,DIyb7LlyHDS,https://www.instagram.com/p/DIyb7LlyHDS/,2025-04-23T12:00:23.000Z,"📍Unlimited big buffet at ₹429 @barbequenation 
Gokul road,Hubballi

#unlimitedbuffet #bigbuffet #barbequenation #hubballiflavours #hubballidharwad #hubballi #dharwad",1117,26,20105,,hubballi_flavours,Hubballi_Flavours ♥️,55316961986,Hubballi,FALSE,,"unlimitedbuffet, bigbuffet, barbequenation, hubballiflavours, hubballidharwad, hubballi, dharwad",barbequenation,26-07-2026 11:49
3.59618E+18,Video,clips,DHoLmlGycJL,https://www.instagram.com/p/DHoLmlGycJL/,2025-03-25T15:46:43.000Z,"Savour an experience that goes beyond a meal. Explore the timeless flavours of mutton at Lazeez-e-Gosht.Serving now at your nearest Barbeque Nation outlets only till 31st March.

*Available only at select outlets with some exceptions*",105,1,2551,14020,barbequenation,Barbeque Nation,506635909,,FALSE,,,,26-07-2026 11:49
3.59687E+18,Image,feed,DHqqARONpNm,https://www.instagram.com/p/DHqqARONpNm/,2025-03-26T14:49:36.000Z,"The name speaks for itself. Indulge in the legendary flavours of Lazeez-e-Gosht and treat your taste buds.

Book your table before 31 March to enjoy.

*Available at most outlets with some exceptions.*",55,1,,,barbequenation,Barbeque Nation,506635909,,FALSE,,,,26-07-2026 11:49
3.66933E+18,Video,clips,DLsFOvVy3cB,https://www.instagram.com/p/DLsFOvVy3cB/,2025-07-04T14:22:12.000Z,"Follow @SahajSabharwal & Share Video for Offer Birthday Celebrations in New Barbeque Ambience – Unlimited Food, Live Music & Drinks in Jammu! 🎶🍢🥂🥳
Unlimited drinks for Rs 299/-
.
📍 Location: Barbeque Nation, Near 1st Floor, RV Square Lane No. 11, R V Seven Square, Opposite New Choice Resort Club, Greater Kailash, Jammu, Jammu and Kashmir 180011
.
• 🆕 New Ambience: Refreshed interiors – vibrant and cozy!
• 🎵 Live Music: Enjoy tunes while you dine!
• 🥟 Momos Counter: Unlimited Veg & Non-Veg Momos.
• 🥂 Drinks @ ₹249: Unlimited mocktails & soft drinks.
• 🍱 Buffet Spread: Chicken, Fish, Paneer, Starters, Mains, Salads, Desserts & more!
• 🎂 Birthday Ready: Perfect setup for celebrations.
• 🥳 Veg & Non-Veg Options: Unlimited variety for all.
.
📆 Open Daily – Lunch & Dinner
.
DM @sahajsabharwal for Paid Promotions/Collaborations
📚 Content Writer || Author of 3 Books:
“Poems by Sahaj Sabharwal”
“Pedagogical Thoughts Made Facts”
“Anecdote – A Multi Category Content Book”
✈️ Aeronautical Engineer || 🎤 Guest Speaker || 🧠 Motivational Speaker
📱 Social Media Influencer || Blogger || Poet || Creative Writer
📦 Product Reviewer || 🎥 Multi-category Content Creator
🌟 Famous & Trending Celebrity from Jammu – SAHAJ SABHARWAL

➼ Author of 3 Bestsellers 📚 || Writer • Influencer • Brand Collaborator
💌 DM for Paid Promotions & Collaborations
📧 sahajsabharwal12345@gmail.com
📞 +91 7780977469 (Sahaj Sabharwal Food blogger ) 
.
#food #streetfood #placestoeat #jammuuniversity #jammu #kashmir #udhampur #jammufood #jammufoodblogger #foodblogger #indianblogger #jammutourism #tourguide #indiatourguide #delhistreetfood #mumbaistreetfood #kolkatastreetfood #punestreetfood #chandigarhstreetfood #katra #reasi #chennaifoodblogger #sahajsabharwal #delhifoodblogger #indianstreetfood #barbequenation #momos #livemusic #birthdaycelebration #greaterkailashjammu

[Barbeque Nation Jammu, Unlimited Buffet, ₹249 Drinks, Live Music, Sahaj Sabharwal, New Ambience Jammu, Birthday Spot]",1055,58,6433,74984,sahajsabharwal,SAHAJ SABHARWAL | Influencer | Author | Blogger | Poet | Rapper,3471835808,,FALSE,,"food, streetfood, placestoeat, jammuuniversity, jammu, kashmir, udhampur, jammufood, jammufoodblogger, foodblogger, indianblogger, jammutourism, tourguide, indiatourguide, delhistreetfood, mumbaistreetfood, kolkatastreetfood, punestreetfood, chandigarhstreetfood, katra, reasi, chennaifoodblogger, sahajsabharwal, delhifoodblogger, indianstreetfood, barbequenation, momos, livemusic, birthdaycelebration, greaterkailashjammu","SahajSabharwal, sahajsabharwal",26-07-2026 11:49
3.59327E+18,Video,clips,DHd3x9ZK-lU,https://www.instagram.com/p/DHd3x9ZK-lU/,2025-03-21T15:40:23.000Z,"Marinated and grilled to perfection—Mutton Shekhawati Seekh Kebab is a timeless delicacy brought to life on your plate.

Relish unlimited servings of these legendary kebabs at Lazeez-e-Gosht, till 31 March.

*Available at most outlets with some exceptions*",455,8,20747,47035,barbequenation,Barbeque Nation,506635909,,FALSE,,,,26-07-2026 11:49
3.58885E+18,Video,clips,DHOLAUNOi-l,https://www.instagram.com/p/DHOLAUNOi-l/,2025-03-15T13:20:21.000Z,"We’re serving the finest authentic 
mutton specialities to your table at 
Barbeque Nation! 

Book a table before 31 March to 
enjoy. 

*Available at most outlets with some exceptions*",144,3,4695,18139,barbequenation,Barbeque Nation,506635909,,FALSE,,,,26-07-2026 11:49
3.588E+18,Image,feed,DHLIHWlSOgN,https://www.instagram.com/p/DHLIHWlSOgN/,2025-03-14T08:57:00.000Z,"Add a pinch of fun, a dash of colours, and unlimited flavours to to your Holi celebrations with Barbeque Nation.",88,0,,,barbequenation,Barbeque Nation,506635909,,FALSE,,,,26-07-2026 11:49
3.58672E+18,Image,feed,DHGlJW6tQaR,https://www.instagram.com/p/DHGlJW6tQaR/,2025-03-12T14:34:29.000Z,"Nihari Gosht at Lazeez-e-Gosht >>>>> Comforting and rich in flavours, it’s made to evoke cherished memories with every bite. Available at your nearest Barbeque Nation outlet till March 31st.

Book your table to enjoy!

*Available at most outlets with some exceptions*",81,6,,,barbequenation,Barbeque Nation,506635909,,FALSE,,,,26-07-2026 11:49
3.61101E+18,Image,feed,DIc4wO0ROyA,https://www.instagram.com/p/DIc4wO0ROyA/,2025-04-15T03:00:31.000Z,"Ring in the Bengali New Year with our festive special menu, crafted to bring you the authentic flavors of tradition. Make new beginnings delicious at Barbeque Nation!

*Available in Kolkata, Durgapur, Asansol (only dinner) and Siliguri(only dinner) restaurants*",204,9,,,barbequenation,Barbeque Nation,506635909,,FALSE,,,,26-07-2026 11:49
3.66793E+18,Sidecar,carousel_container,DLnGhKVye1z,https://www.instagram.com/p/DLnGhKVye1z/,2025-07-02T15:47:22.000Z,"Chicken lovers, don't miss out on this festival. Dive into your favourite chicken dishes at Kukkad Carnival at Barbeque Nation.

Book your table before 10 July and enjoy 16+ chicken dishes, all unlimited

Available at most outlets with some exceptions

[ Barbeque Nation, BBQN, Kukkad Carnival, Chicken, Unlimited]",141,5,,,barbequenation,Barbeque Nation,506635909,,FALSE,,,,26-07-2026 11:49
3.62409E+18,Video,clips,DJLWBZ7y_uM,https://www.instagram.com/p/DJLWBZ7y_uM/,2025-05-03T04:03:14.000Z,"STUDENTS, this one’s for YOU!
60+ dishes. Just at ₹649. Unlimited. All you need is your college ID. 😍🔥

Tag your foodie gang & head to Barbeque Nation NOW — before this deal disappears! 🍗🍰👀",1260,14,15375,79717,officialbrokebrothers,Broke Brothers,55947344383,,FALSE,,,,26-07-2026 11:49
3.58169E+18,Image,feed,DG0ts4JygHy,https://www.instagram.com/p/DG0ts4JygHy/,2025-03-05T16:02:55.000Z,"At Barbeque Nation, we don’t just serve unlimited celebrations—we create a workplace where people thrive! 

Proud to be recognised as one of India’s Top 10 Best Workplaces in Retail 2025. Cheers to our incredible team who made this happen!",78,3,,,barbequenation,Barbeque Nation,506635909,,FALSE,,,,26-07-2026 11:49
3.58445E+18,Video,clips,DG-iPuZvuMY,https://www.instagram.com/p/DG-iPuZvuMY/,2025-03-09T11:40:12.000Z,"Lazeez E Gosht Festival

Unlimited Buffet at Barbeque Nation at all outlets with special mutton delicacies.

Available till 31st March 

#specialmenu #foodporn #food  #trending
#luxeindieamoments #wowkolkata  #thekolkatabuzz #whatshotkolkata#kolkataphotography #calcuttatrending #ours_clickz #biryani
#agomoni #kolkatawithin #igcalcutta  #unmited #duck #hottogoler_howrah #kolkatahub #buffet #trending #noodles #chillichicken🍗 

[ chicken mutton biryani chicken biryani pocket friendly ]",14177,87,329263,,ganguly_foodytraveler,Travel✈️Food🍔Photography📸,5045889639,Barbeque Nation,FALSE,,"specialmenu, foodporn, food, trending, luxeindieamoments, wowkolkata, thekolkatabuzz, whatshotkolkata, kolkataphotography, calcuttatrending, ours_clickz, biryani, agomoni, kolkatawithin, igcalcutta, unmited, duck, hottogoler_howrah, kolkatahub, buffet, noodles, chillichicken🍗",,26-07-2026 11:49
3.58602E+18,Video,clips,DHEFmOLyVRv,https://www.instagram.com/p/DHEFmOLyVRv/,2025-03-11T15:31:16.000Z,"Unlimited Mutton Food Festival 😍😱

🎯 Lazeez-e-Gosht – A Limited-Time Mutton Food Festival at Barbeque Nation! 🍖🔥

Weekdays 
Veg ₹829/-
Non Veg ₹929

Weekends:
Veg ₹929/- 
Non Veg 1029/- 

🥩 Unlimited Mutton Delicacies Await!
Indulge in:
🍢 Galouti Kebab
🍲 Nihari Gosht
🥘 Hyderabadi Haleem
🍛 Zaffrani Mutton Biryani
🥩 Keema Kaleji
👑 Shahi Mutton Korma & More!

Rich, royal, and authentic flavors – A must-visit for mutton lovers! ❤️

I visited Barbeque Nation fwith my foodie gang, and Lazeez-e-Gosht made the celebration even more special! 🎉

📅 Hurry! Available till April 6th
📍 Available at all Barbeque Nation outlets – Tag your foodie squad and plan your visit now!

#LazeezEGosht #BarbequeNation #MuttonFeast #FoodFestival #HyderabadFoodie #FoodieGoals #MeatLovers",8660,41,411054,,explorewithsaikumar,Saikumar | HyderabadBlogger,8511119479,Hyderabad,FALSE,,"LazeezEGosht, BarbequeNation, MuttonFeast, FoodFestival, HyderabadFoodie, FoodieGoals, MeatLovers",,26-07-2026 11:49
3.62266E+18,Image,feed,DJGRWSVsu7Y,https://www.instagram.com/p/DJGRWSVsu7Y/,2025-05-01T04:44:17.000Z,"It's time to enjoy the fruits of your labour. 
Dive into unlimited tikkas, tangdis, prawns and more of your favourites.",91,3,,,barbequenation,Barbeque Nation,506635909,,FALSE,,,,26-07-2026 11:49
3.58301E+18,Image,feed,DG5ZCsKyk6m,https://www.instagram.com/p/DG5ZCsKyk6m/,2025-03-07T11:38:35.000Z,"This Women’s Day, celebrate the incredible women in your life with an unforgettable feast! 🍽️✨Enjoy unlimited flavours and a complimentary drink at your nearest Barbeque Nation. 

Book your table now!",1108,1,,,barbequenation,Barbeque Nation,506635909,,FALSE,,,,26-07-2026 11:49
3.58097E+18,Video,clips,DGyJ7uKsGDo,https://www.instagram.com/p/DGyJ7uKsGDo/,2025-03-04T16:12:14.000Z,"From Haleem to Nihari and more, come indulge in the legendary flavours of Lazeez-e-Gosht, where we bring you the finest mutton dishes. 

Book your table from 3 to 31 March to enjoy the 
flavours.

*Available at most outlets with some exceptions*",3935,74,594432,2304408,barbequenation,Barbeque Nation,506635909,,FALSE,,,,26-07-2026 11:49
3.62511E+18,Video,clips,DJO_FyItSzi,https://www.instagram.com/p/DJO_FyItSzi/,2025-05-04T13:58:14.000Z,"Send this to your office gang and let them know that it's time to put plans into action! 
Enough of cancelling - head over to enjoy unlimited starters, live grills, mains, and more!",138,5,1458,24881,barbequenation,Barbeque Nation,506635909,,FALSE,,,,26-07-2026 11:49
3.58521E+18,Video,clips,DHBOo_mTMB8,https://www.instagram.com/p/DHBOo_mTMB8/,2025-03-10T12:43:41.000Z,"Iftar Special 💫
📍 
Barbeque nation, hotel metro park inn, raja st, town hall, Coimbatore. 

Lazeez-e-Gosht 💫

A limited-time Mutton Food Festival at Barbeque Nation, running till 31st March 📆 

Unlimited mutton delicacies – Indulge in Galouti Kebab, Nihari Gosht, Hyderabadi Haleem, Zaffrani Mutton Biryani, Keema Kaleji, Shahi Mutton Korma, and more!

💫Rich, royal, and authentic flavors – A must-visit for mutton lovers!
💫Barbeque Nation has always been my go-to celebration destination! I was here for (mention celebration: birthday, anniversary, reunion, etc.) with my friends/family, and Lazeez-e-Gosht is another perfect reason to celebrate!

▶️Available at all Barbeque Nation outlets – Gather your foodie gang and indulge in this unlimited mutton feast!

#barbequenation #coimbatorefoodblogger #muttonfestival #iftarspecial #iftarsnacks #kovaifoodie #covaifoodies #barbequenation❤ #foodblogger #muttonlover",1266,22,24063,,the_coimbatore_finds,Veronica A,34222646791,"Coimbatore, Tamil Nadu",FALSE,,"barbequenation, coimbatorefoodblogger, muttonfestival, iftarspecial, iftarsnacks, kovaifoodie, covaifoodies, barbequenation❤, foodblogger, muttonlover",,26-07-2026 11:49
3.57515E+18,Image,feed,DGdfVXTSx0Y,https://www.instagram.com/p/DGdfVXTSx0Y/,2025-02-24T15:34:50.000Z,Drop by and make your day better. Good times and great food await.,72,5,,,barbequenation,Barbeque Nation,506635909,,FALSE,,,,26-07-2026 11:49
3.59814E+18,Video,clips,DHvKL0AC_7H,https://www.instagram.com/p/DHvKL0AC_7H/,2025-03-28T08:50:21.000Z,"Tabletop grills, an epic buffet, and moments worth reliving. Here’s a quick wrap of how we turned up the heat on opening night. 

Colombo, this is just the beginning!

#GrillingGoodTimes #BarbequeNationSriLanka #BarbequeNationColombo #BarbequeNationLanka #FlameOnColombo #BarbequeNation #BBQnationCMB",740,11,13887,,barbequenation.srilanka,Barbeque Nation Sri Lanka,72934493755,Colombo City Center,FALSE,,"GrillingGoodTimes, BarbequeNationSriLanka, BarbequeNationColombo, BarbequeNationLanka, FlameOnColombo, BarbequeNation, BBQnationCMB",,26-07-2026 11:49
3.59298E+18,Video,clips,DHc0IOLBwkF,https://www.instagram.com/p/DHc0IOLBwkF/,2025-03-21T05:50:14.000Z,"Indulge in a royal feast at Barbeque Nation's ultimate food festival happening from **March 3rd to March 31st**. Experience the rich flavors of mouthwatering curries, kebabs, and biryanis-because every bite is a celebration!

#BarbequeNation #Food Festival #MeatLovers #RoyalFlavors #FoodieDelight #ghaziabadEats #DesiTadka #biryanilovers #kebablove",702,51,15210,55447,pragatishank,Pragati Agarwal,48178854913,,FALSE,,"BarbequeNation, Food, MeatLovers, RoyalFlavors, FoodieDelight, ghaziabadEats, DesiTadka, biryanilovers, kebablove",,26-07-2026 11:49
3.59035E+18,Image,feed,DHTeLPfSW9n,https://www.instagram.com/p/DHTeLPfSW9n/,2025-03-17T14:43:42.000Z,"Give this dish a name & describe it in the quirkiest way possible! The most creative answer wins a special prize. Drop your replies in the comments below!

Lazeez-E-Ghost festival available at your nearest Barbeque Nation outlet. Try today!

*Available at most outlets with some exceptions*",265,145,,,barbequenation,Barbeque Nation,506635909,,FALSE,,,,26-07-2026 11:49
3.60558E+18,Image,feed,DIJmRDFT79m,https://www.instagram.com/p/DIJmRDFT79m/,2025-04-07T15:13:23.000Z,"What are you waiting for? Go on, click on the share button now!",102,9,,,barbequenation,Barbeque Nation,506635909,,FALSE,,,,26-07-2026 11:49
3.58376E+18,Video,clips,DG8EQGAP2E4,https://www.instagram.com/p/DG8EQGAP2E4/,2025-03-08T12:37:38.000Z,"“Lazeez e Gosht,” a new festival organized by @barbequenation offers a range of mutton dishes, including haleem, nihari gosht, mutton korma, mutton biryani, and many other items❤️😍

🕐 Festival starts from 3rd March to 31st March 

🔖 Available in every outlets

So, what are you waiting for!
 — Tag your foodie gang & visit your nearest outlet❤️✨

#barbequenation #kolkata_capture_official #kolkatablogger #kolkatagram #calcutta #explorepage✨ #lareezegosht #instareels #foryou",2324,5,15825,,kolkata_captures_official,Kolkata Captures | Kolkata Blogger,45995414865,Kolkata - The City of Joy,FALSE,,"barbequenation, kolkata_capture_official, kolkatablogger, kolkatagram, calcutta, explorepage✨, lareezegosht, instareels, foryou",barbequenation,26-07-2026 11:49
3.58573E+18,Video,clips,DHDEz3BvbQX,https://www.instagram.com/p/DHDEz3BvbQX/,2025-03-11T05:54:49.000Z,"Tag & Share with Mutton lovers ⭐️💥

Follow us & Comment “LINK” Will send you DM Directly.

Unique Mutton Based Food Festival in all Branches of Barbeque Nation. Upto March 31st 2025.

“LAZEEZ E GOSHT” - A Legacy of Flavourful Mutton Delicacies .

Book now at - 08069028724 / 08069028721

#Food #FoodPorn #FoodPhotography #Foodie #Foods #Foodstagram #Foodgasm #Foody #Foodies #FoodLover #FoodBlogger #InstaFood #FoodPics #FoodLovers #EatingForThelnsta #FoodLove #Food52 #FoodPornShare #FoodStyling #FoodBeast #FoodArt #FoodSpotting #FoodBlogFeed #FoodOfTheDay #chennaifoodblogger
#thediningchennai",7460,369,254117,,the.dining.chennai,CHENNAI FOOD BLOGGER / RAGAVAN,10856759460,T.nagar,FALSE,,"Food, FoodPorn, FoodPhotography, Foodie, Foods, Foodstagram, Foodgasm, Foody, Foodies, FoodLover, FoodBlogger, InstaFood, FoodPics, FoodLovers, EatingForThelnsta, FoodLove, Food52, FoodPornShare, FoodStyling, FoodBeast, FoodArt, FoodSpotting, FoodBlogFeed, FoodOfTheDay, chennaifoodblogger, thediningchennai",,26-07-2026 11:49
3.56573E+18,Image,feed,DF8B4aryYrd,https://www.instagram.com/p/DF8B4aryYrd/,2025-02-11T15:42:32.000Z,"Dropping a delicious wallpaper for your phone, which will always make you hungry. 

Loved it? Let us know in the comments which wallpaper would you want us to make next :)",153,1,,,barbequenation,Barbeque Nation,506635909,,FALSE,,,,26-07-2026 11:49
3.58027E+18,Sidecar,carousel_container,DGvrJbBS-PM,https://www.instagram.com/p/DGvrJbBS-PM/,2025-03-03T17:04:23.000Z,"Presenting Lazeez-e-Gosht by Barbeque Nation —where the timeless flavours of succulent mutton come to life.

Come indulge in mouthwatering mutton delicacies, crafted to perfection, from 3 to 31 March, at your nearest outlets.

*Available in most outlets with some exceptions*",233,17,,,barbequenation,Barbeque Nation,506635909,,FALSE,,,,26-07-2026 11:49
3.58383E+18,Video,clips,DG8Tr89Tczo,https://www.instagram.com/p/DG8Tr89Tczo/,2025-03-08T14:53:37.000Z,"For those who know me well, there are two things I survive on - Good poetry and good food! I recently visited @BarbequeNation for their Lazeez-e-ghosht festival that's going on until 31st of March! My my! There's nothing there that you wouldn't crave! From mouth watering starters to soul filling main course and of course zaffrani hyderabadi dum biryani to some magical desserts...and all of it with some really crazy offers! You absolutely don't want to miss this one...I definitely won't!

Thank you @defenceagainstdarkaarsh for helping out with this lovely vlog! 

#shayari #poet #poetryforthesoul #food #barbequenation #art #foodvlog",2762,14,430705,834030,parthetic,Parth Vasani,1536464260,,FALSE,,"shayari, poet, poetryforthesoul, food, barbequenation, art, foodvlog","BarbequeNation, defenceagainstdarkaarsh",26-07-2026 11:49
3.56719E+18,Sidecar,carousel_container,DGBMFCCyxWW,https://www.instagram.com/p/DGBMFCCyxWW/,2025-02-13T15:47:51.000Z,It’s all about celebrating love the old-school way this season. Send this to the one who’ll relate to this the most.,96,0,,,barbequenation,Barbeque Nation,506635909,,FALSE,,,,26-07-2026 11:49
3.55917E+18,Image,feed,DFkuIzfy74n,https://www.instagram.com/p/DFkuIzfy74n/,2025-02-02T14:27:29.000Z,"Turns out, it’s not just about the food – it boosts your mood and productivity too! 

Come over soon😎

[Good food good mood, grills, yummy, biryani, desserts, flavours, food love, foodie]",146,3,,,barbequenation,Barbeque Nation,506635909,,FALSE,,,,26-07-2026 11:49
3.55993E+18,Sidecar,carousel_container,DFnbIGdNK2i,https://www.instagram.com/p/DFnbIGdNK2i/,2025-02-03T15:39:05.000Z,Got them all in your group? Tag them in the comments below and tell us who's who!,195,5,,,barbequenation,Barbeque Nation,506635909,,FALSE,,,,26-07-2026 11:49
3.57431E+18,Video,clips,DGagWxsIKbr,https://www.instagram.com/p/DGagWxsIKbr/,2025-02-23T12:23:03.000Z,"🔥 Unlimited Buffet at Just ₹449! 🍽️🎉

📍Barbeque Nation, 4th Floor, Tapdiya City Centre, Amravati! 

Experience the ultimate feast From sizzling starters to aromatic biryanis, rich curries & heavenly desserts, every bite is a delight! 🍢🍛🍨

And it’s not just about food—it’s about warm hospitality & an unforgettable dining experience! 💛

✨ Don’t wait—come, grill, and chill with us today! ✨

#BarbequeNation #UnlimitedBuffet #449Only #GrillAndChill #TasteTheCelebration #HospitalityAtItsBest #BBQMagic #bbqnation #explorepage #instafeed #trendingreels #unlimitedfood #desserts #offer #reelsinstagram #foodblogger #fyp #reels #starters #amravaticity #trending #amravati",1054,48,22263,59642,athashree.official,Atharv & Dhanashree | Couple Content,4212027273,,FALSE,,"BarbequeNation, UnlimitedBuffet, 449Only, GrillAndChill, TasteTheCelebration, HospitalityAtItsBest, BBQMagic, bbqnation, explorepage, instafeed, trendingreels, unlimitedfood, desserts, offer, reelsinstagram, foodblogger, fyp, reels, starters, amravaticity, trending, amravati",,26-07-2026 11:49
3.565E+18,Image,feed,DF5cKeqSzfh,https://www.instagram.com/p/DF5cKeqSzfh/,2025-02-10T15:34:28.000Z,"Here’s to the ones adding sparks and sizzles to your 
conversations and making them unforgettable since day 1! 

Come over to enjoy unlimited servings of both.

[Good food good mood, food love, bond over food, food is bae, foodie, yummy, tasty, delicious, try now, Barbeque Nation]",125,5,,,barbequenation,Barbeque Nation,506635909,,FALSE,,,,26-07-2026 11:49
3.56423E+18,Image,feed,DF2rEcgSsNx,https://www.instagram.com/p/DF2rEcgSsNx/,2025-02-09T13:47:00.000Z,We have the perfect solution to add flavours to your day — with our irresistible Cajun spiced potatoes and a variety of delectable starters. Drop by and let us turn your day around!,76,3,,,barbequenation,Barbeque Nation,506635909,,FALSE,,,,26-07-2026 11:49
3.57225E+18,Image,feed,DGTLJKltc8E,https://www.instagram.com/p/DGTLJKltc8E/,2025-02-20T15:26:00.000Z,"Taste the magic of tender and juicy chicken tangdi, seasoned with just the right amount of spices. Each bite offers a burst of flavours that will leave you craving more. Perfectly grilled and truly irresistible!

[Good food good mood, food love, bond over food, food is bae, foodie, yummy, tasty, delicious, try now, Barbeque Nation, unlimited, buffet, grills, grilling, DIY Grill]",68,4,,,barbequenation,Barbeque Nation,506635909,,FALSE,,,,26-07-2026 11:49
3.56932E+18,Image,feed,DGIyNs-t9N3,https://www.instagram.com/p/DGIyNs-t9N3/,2025-02-16T14:35:46.000Z,Loving the love that's pouring in from our customers. What do you like the most at Barboque Nation? Let us know in the comments,86,0,,,barbequenation,Barbeque Nation,506635909,,FALSE,,,,26-07-2026 11:49
3.56354E+18,Image,feed,DF0OGTlNYpt,https://www.instagram.com/p/DF0OGTlNYpt/,2025-02-08T14:55:22.000Z,"Can totally relate🍮😅. If you’re the same, unlimited Gulab Jamun await at your nearest Barbeque Nation outlet.

[Gulab jamun, dessert, sweet, food love, foodie, good food good mood]",95,2,,,barbequenation,Barbeque Nation,506635909,,FALSE,,,,26-07-2026 11:49
3.59835E+18,Video,clips,DHv6GEgSy9g,https://www.instagram.com/p/DHv6GEgSy9g/,2025-03-28T15:47:12.000Z,"Mutton has long been a royal favorite, celebrated for its rich, indulgent flavours and the mastery of slow cooking. Hear our chef share what makes this choice of meat truly extraordinary. 

Join us at the Lazeez-e-Gosht festival at Barbeque Nation and savour these legendary delights, only till 31 March!

*Available at most outlets with some exceptions*",198,6,4319,17538,barbequenation,Barbeque Nation,506635909,,FALSE,,,,26-07-2026 11:49
3.57946E+18,Video,clips,DGszzN4txwa,https://www.instagram.com/p/DGszzN4txwa/,2025-03-02T14:22:33.000Z,Something new and exciting is cooking in our kitchens. What do you think it is? Drop your guess in the comments.,222,10,5007,19640,barbequenation,Barbeque Nation,506635909,,FALSE,,,,26-07-2026 11:49
3.58523E+18,Video,clips,DHBSwcfzVZd,https://www.instagram.com/p/DHBSwcfzVZd/,2025-03-10T13:19:13.000Z,"I recently uploaded my vlog of my visit to Barbeque nation's lazeez-e-ghosht festival..but it didn't really feel enough! I was going through the pictures of the delicious starters and soups and some really mouth watering main course dishes and desserts..and that brought a poem out of me! So here it goes....

Also Don’t forget to visit barbeque nation to experience their mutton food  festival, lazeez-e-gosht till 31st March.

Thank you @defenceagainstdarkaarsh for helping out with this one!

#celebrategrillse #poet #poetryforthesoul #shayari #art #foodvlog #barbequenation 

[Poetry, shayari, food shayari, food vlog, biryani, Barbeque nation, Parthetic]",4327,6,719748,1623082,parthetic,Parth Vasani,1536464260,,FALSE,,"celebrategrillse, poet, poetryforthesoul, shayari, art, foodvlog, barbequenation",defenceagainstdarkaarsh,26-07-2026 11:49
3.5556E+18,Video,clips,DFYA8ZxSLeH,https://www.instagram.com/p/DFYA8ZxSLeH/,2025-01-28T16:02:06.000Z,"Good food makes life’s best moments extra special. So go on, host your next celebration with unlimited food, and make extra special memories.",224,3,9331,24507,barbequenation,Barbeque Nation,506635909,,FALSE,,,,26-07-2026 11:49
3.58241E+18,Video,clips,DG3RelnTzQZ,https://www.instagram.com/p/DG3RelnTzQZ/,2025-03-06T15:54:34.000Z,"Lazeez-e-Gosht – The Ultimate Mutton Food Festival is ON at Barbeque Nation till March 31st! ✨

Unlimited mutton magic awaits – Galouti Kebab, Nihari Gosht, Hyderabadi Haleem, Zaffrani Biryani, Shahi Mutton Korma & SO much more! 🍗🍛

Rich, royal & bursting with authentic flavors — this is every mutton lover’s dream come true! ❤️‍🔥

My celebration spot = Park Street Barbeque Nation 🥂🍴 and now, Lazeez-e-Gosht just made it even more special!

Don’t miss out — grab your foodie gang & dive into this epic feast! 🍖🎉

#LazeezEGosht #BarbequeNation #MuttonFestival #FoodieGoals #ParkStreetVibes #UnlimitedMutton #MeatLovers #FoodFestival #FoodieLife #KolkataEats #BBQNation #MuttonMadness #GaloutiToBiryani",2631,45,92431,,thespiritualboi,Arnab Nandi,2921129689,Kolkata - The City of Joy,FALSE,TRUE,"LazeezEGosht, BarbequeNation, MuttonFestival, FoodieGoals, ParkStreetVibes, UnlimitedMutton, MeatLovers, FoodFestival, FoodieLife, KolkataEats, BBQNation, MuttonMadness, GaloutiToBiryani",,26-07-2026 11:49
3.55374E+18,Image,feed,DFRbh7lodbd,https://www.instagram.com/p/DFRbh7lodbd/,2025-01-26T02:39:19.000Z,"When people come together, it makes way for incredible things—like forming our Constitution, or making memories. 
Let’s come together and celebrate unity in every way this Republic Day!",124,1,,,barbequenation,Barbeque Nation,506635909,,FALSE,,,,26-07-2026 11:49
3.55704E+18,Video,clips,DFdI5yRyE4p,https://www.instagram.com/p/DFdI5yRyE4p/,2025-01-30T15:48:03.000Z,Did you just hear what you were craving the most? This is your sign to have a delicious meal at Barbeque Nation 🤔 Go book your table this moment.,112,9,7911,31185,barbequenation,Barbeque Nation,506635909,,FALSE,,,,26-07-2026 11:49
3.55628E+18,Sidecar,carousel_container,DFadCmHt5ad,https://www.instagram.com/p/DFadCmHt5ad/,2025-01-29T14:45:41.000Z,"Boondi, but make it dreamy. ✨

Baked to perfection, this creamy delight promises magic in every bite! 

Ready to indulge? Come over and treat yourself!",99,2,,,barbequenation,Barbeque Nation,506635909,,FALSE,,,,26-07-2026 11:49
3.55482E+18,Video,clips,DFVQ15xtB_v,https://www.instagram.com/p/DFVQ15xtB_v/,2025-01-27T14:23:01.000Z,Know them all? Tag them in the comments and plan your next outing at Barbeque Nation.,106,2,5550,20419,barbequenation,Barbeque Nation,506635909,,FALSE,,,,26-07-2026 11:49
3.55269E+18,Sidecar,carousel_container,DFNra80STu5,https://www.instagram.com/p/DFNra80STu5/,2025-01-24T15:41:13.000Z,"You’ve had ice cream, but never like this! 🍨✨ Crispy, creamy, and utterly indulgent—fried ice cream awaits you. Drop by your nearest outlet and treat yourself",135,5,,,barbequenation,Barbeque Nation,506635909,,FALSE,,,,26-07-2026 11:49
3.59468E+18,Sidecar,carousel_container,DHi3aBDScvX,https://www.instagram.com/p/DHi3aBDScvX/,2025-03-23T14:12:47.000Z,"The plates are loaded and the spread is set. Swipe to feast your eyes on what’s waiting for you at Lazeez-e-Gosht. 

Visit your nearest Barbeque Nation outlet till 31st March to indulge!

*Available at most outlets with some exceptions*",90,1,,,barbequenation,Barbeque Nation,506635909,,FALSE,,,,26-07-2026 11:49
3.56792E+18,Image,feed,DGDzXNaSM8R,https://www.instagram.com/p/DGDzXNaSM8R/,2025-02-14T16:09:36.000Z,This >>>>>,50,0,,,barbequenation,Barbeque Nation,506635909,,FALSE,,,,26-07-2026 11:49
3.59252E+18,Image,feed,DHbLjROtUgx,https://www.instagram.com/p/DHbLjROtUgx/,2025-03-20T14:34:53.000Z,"Love biryani? You gotta try the Hyderabadi Zafrani Mutton Dum Biryani at Lazeez-e-Gosht. We promise you’ll love it more. 

Book your table till 31 March to enjoy.

*Available at most outlets with some exceptions*",77,0,,,barbequenation,Barbeque Nation,506635909,,FALSE,,,,26-07-2026 11:49
3.60011E+18,Image,feed,DH2J-sFO8Nj,https://www.instagram.com/p/DH2J-sFO8Nj/,2025-03-31T02:00:39.000Z,"It’s the season to reunite with your loved ones, share the joy, and celebrate the blessings. Eid Mubarak!",104,6,,,barbequenation,Barbeque Nation,506635909,,FALSE,,,,26-07-2026 11:49
3.55776E+18,Video,clips,DFfszjUNT07,https://www.instagram.com/p/DFfszjUNT07/,2025-01-31T15:40:11.000Z,"Because making the most of your Barbeque Nation experience is an art not everyone can excel at. 

Book your table now and master the art of indulgence!",84,0,3410,15502,barbequenation,Barbeque Nation,506635909,,FALSE,,,,26-07-2026 11:49
3.55844E+18,Image,feed,DFiHGVFSnOb,https://www.instagram.com/p/DFiHGVFSnOb/,2025-02-01T14:07:52.000Z,"Crunchy, flavourful, and oh-so-addictive — you won’t stop at just one serving of the Crispy Corn at Barbeque Nation.

Book your table to dive into the crunch.",82,3,,,barbequenation,Barbeque Nation,506635909,,FALSE,,,,26-07-2026 11:49
3.66981E+18,Sidecar,carousel_container,DLtyRamxFTn,https://www.instagram.com/p/DLtyRamxFTn/,2025-07-05T06:05:08.000Z,"Barbeque is an experience that goes beyond taste. It's about creating memories and moments..

So created the awesome time @barbequenation

#foodblogger

#barbequenation

#viralreels

#instagramreels

#trending

#chickelover

less",5678,26,,,lalitasen16,Lalita Sen,4695768944,,FALSE,,"foodblogger, barbequenation, viralreels, instagramreels, trending, chickelover",barbequenation,26-07-2026 11:49
3.61933E+18,Image,feed,DI6dQGtNyHY,https://www.instagram.com/p/DI6dQGtNyHY/,2025-04-26T14:37:24.000Z,Find this fun template on our story and tick off everything that you’ve enjoyed as a kid. Don’t forget to reshare it on your profile and tag your friends and us!,87,3,,,barbequenation,Barbeque Nation,506635909,,FALSE,,,,26-07-2026 11:49
3.59983E+18,Image,feed,DH1KHQhNwgP,https://www.instagram.com/p/DH1KHQhNwgP/,2025-03-30T16:42:34.000Z,"It’s the last day to feast on legendary mutton dishes. Book your table now to enjoy Lazeez-e-Gosht at Barbeque Nation till 31st March.

*Available at most outlets with some exceptions*",64,5,,,barbequenation,Barbeque Nation,506635909,,FALSE,,,,26-07-2026 11:49
3.60697E+18,Video,clips,DIOincnShJ2,https://www.instagram.com/p/DIOincnShJ2/,2025-04-09T13:18:35.000Z,Relatable? Let us know your appraisal stories in the comments.,705,15,25052,89494,barbequenation,Barbeque Nation,506635909,,FALSE,,,,26-07-2026 11:49
