postId,pageName,text,time,likes,comments,shares,viewsCount,videoPostViewCount,url,link,year,month,weekday,hour,clean_text,word_count,character_count,engagement,engagement_rate
1505560000000000.0,BarbequeNation,"When the rains arrive, so do the flavours we've all been craving.

From spicy Misal to comforting monsoon favourites from across India, Chef Sadik Mullani brings the season to your plate—one delicious bite at a time. ❤️🍲

📍 Barbeque Nation, Deccan Mall, Pune
📅 21st – 27th July 2026

Reserve your table now on the Barbeque Nation App or Website.
08069026720 for reservations!

#BarbequeNation #TasteOfMonsoon #Pune #MonsoonFood",2026-07-14 15:17:43+00:00,5,0.0,0,0.0,0.0,https://www.facebook.com/BarbequeNation/posts/pfbid021JcucLHPWDQJqVBVpL9gVGR3SyT5NsgfxePTqJof59nGhUhBVCQXiGWkFfbmti2ul,No Link,2026,July,Tuesday,15,when the rains arrive so do the flavours weve all been craving from spicy misal to comforting monsoon favourites from across india chef sadik mullani brings the season to your plateone delicious bite at a time barbeque nation deccan mall pune st th july reserve your table now on the barbeque nation app or website for reservations barbequenation tasteofmonsoon pune monsoonfood,61,378,5.0,0.0
1505540000000000.0,BarbequeNation,"This July, discover The Nawab's Table with Chef Aditya Sahu—a limited-time culinary experience that reimagines Mughlai classics with a contemporary twist.

Expect bold flavours, rich aromas, and dishes crafted to celebrate the royal legacy of Mughlai cuisine.

📍 Barbeque Nation, Fun Republic, Lokhandwala, Mumbai
📅 15th – 19th July, 2026

Reserve your table now on the Barbeque Nation App or Website.
08069026720 for reservations!

#BarbequeNation #BarbequeVibes #Mumbai

Mumbai food festival | Mumbai chef pop up | Mughlai food Mumbai | Lokhandwala restaurants | Andheri West restaurants | Buffet in Mumbai | Unlimited buffet Mumbai",2026-07-14 14:40:18+00:00,13,0.0,0,2332.0,783.0,https://www.facebook.com/reel/1586192019687501/,No Link,2026,July,Tuesday,14,this july discover the nawabs table with chef aditya sahua limitedtime culinary experience that reimagines mughlai classics with a contemporary twist expect bold flavours rich aromas and dishes crafted to celebrate the royal legacy of mughlai cuisine barbeque nation fun republic lokhandwala mumbai th th july reserve your table now on the barbeque nation app or website for reservations barbequenation barbequevibes mumbai mumbai food festival mumbai chef pop up mughlai food mumbai lokhandwala restaurants andheri west restaurants buffet in mumbai unlimited buffet mumbai,83,573,13.0,0.005574614065180103
1505530000000000.0,BarbequeNation,"For the first time ever, the flavours of Southern India arrive at Barbeque Nation UAE. 🌴

Experience Aromas of Southern India, an exclusive chef takeover by Chef Kenneth Gopinath, the youngest contestant on MasterChef India 2023.

Discover South Indian cuisine like you've never tasted before, every dish has been crafted to celebrate the richness of the South with a fresh perspective.

📍 Barbeque Nation, Al Barsha, Dubai
📅 20th–26th July, 2026
📞+971 4 872 3613

#BarbequeNation #BarbequeVibes #Dubai",2026-07-14 14:34:38+00:00,13,0.0,1,2309.0,446.0,https://www.facebook.com/reel/913646545108873/,No Link,2026,July,Tuesday,14,for the first time ever the flavours of southern india arrive at barbeque nation uae experience aromas of southern india an exclusive chef takeover by chef kenneth gopinath the youngest contestant on masterchef india discover south indian cuisine like youve never tasted before every dish has been crafted to celebrate the richness of the south with a fresh perspective barbeque nation al barsha dubai thth july barbequenation barbequevibes dubai,69,446,14.0,0.006063230835859679
1504710000000000.0,BarbequeNation,"This July, your city's serving more than just great food. 🔥
Limited-time chef-curated menus. Unlimited reasons to visit.

📍 Mumbai | Chef Aditya Sahu | 15–19 July
📍 Hyderabad | Chef Suraj Thapa | 20–26 July
📍 Bengaluru | Chef Sherie Mehtaa | 22–26 July
📍 Chennai | Chef Nithya Franklyn | 22–26 July

Which stop are you making first? 👀

Book your table on the Barbeque Nation App or website.

#BarbequeNation #BarbequeVibes #ChefTakeover",2026-07-13 16:30:39+00:00,8,0.0,1,2311.0,382.0,https://www.facebook.com/reel/1847094816273048/,No Link,2026,July,Monday,16,this july your citys serving more than just great food limitedtime chefcurated menus unlimited reasons to visit mumbai chef aditya sahu july hyderabad chef suraj thapa july bengaluru chef sherie mehtaa july chennai chef nithya franklyn july which stop are you making first book your table on the barbeque nation app or website barbequenation barbequevibes cheftakeover,56,368,9.0,0.0038944180008654264
1504660000000000.0,BarbequeNation,"The best recipes aren't always the most famous, sometimes they're the ones waiting to be rediscovered. ✨

Join Chef Sherie Mehta for Saanjha, a celebration of Punjab's forgotten flavours, where every dish carries the warmth of home and the richness of tradition.

📍 Indiranagar, Bengaluru
🗓️ 22nd – 26th July, 2026

Tag your food partner and experience a menu that's been waiting to be remembered. ❤️

#Saanjha #BarbequeNation #ChefSherry",2026-07-13 15:18:25+00:00,9,0.0,2,0.0,0.0,https://www.facebook.com/BarbequeNation/posts/pfbid0RhSNkMQwocqo4VGvcouoqKGx1Ndo4EuhgpvqdFt7JbXcvigyXazkZSQD2jBTd3yml,No Link,2026,July,Monday,15,the best recipes arent always the most famous sometimes theyre the ones waiting to be rediscovered join chef sherie mehta for saanjha a celebration of punjabs forgotten flavours where every dish carries the warmth of home and the richness of tradition indiranagar bengaluru nd th july tag your food partner and experience a menu thats been waiting to be remembered saanjha barbequenation chefsherry,63,398,11.0,0.0
1503770000000000.0,BarbequeNation,"This July, discover The Nawab's Table with Chef Aditya Sahu—a limited-time culinary experience that reimagines Mughlai classics with a contemporary twist.

Expect bold flavours, rich aromas, and dishes crafted to celebrate the royal legacy of Mughlai cuisine.

📍 Barbeque Nation, Fun Republic, Lokhandwala, Mumbai
📅 15th – 19th July, 2026

Reserve your table now on the Barbeque Nation App or Website.
08069026720 for reservations!

#BarbequeNation #BarbequeVibes #Mumbai

Mumbai food festival | Mumbai chef pop up | Mughlai food Mumbai | Lokhandwala restaurants | Andheri West restaurants | Buffet in Mumbai | Unlimited buffet Mumbai",2026-07-12 13:58:02+00:00,54,2.0,1,7365.0,2892.0,https://www.facebook.com/reel/1071204995255179/,No Link,2026,July,Sunday,13,this july discover the nawabs table with chef aditya sahua limitedtime culinary experience that reimagines mughlai classics with a contemporary twist expect bold flavours rich aromas and dishes crafted to celebrate the royal legacy of mughlai cuisine barbeque nation fun republic lokhandwala mumbai th th july reserve your table now on the barbeque nation app or website for reservations barbequenation barbequevibes mumbai mumbai food festival mumbai chef pop up mughlai food mumbai lokhandwala restaurants andheri west restaurants buffet in mumbai unlimited buffet mumbai,83,573,57.0,0.007739307535641548
1502180000000000.0,BarbequeNation,"This July, pull up a chair at The Royal Bengal Table, where Chef Suraj Thapa brings Bengal's forgotten culinary treasures back to life—one heirloom recipe at a time.

From royal kitchens to family heirlooms, every bite tells a story worth rediscovering.

📍 Barbeque Nation, Kukatpally, Hyderabad
📅 20th – 26th July, 2026

Reserve your table and taste the Bengal you've never known.

#BengaliCuisine #Hyderabad #BarbequeNation",2026-07-10 15:27:45+00:00,15,0.0,0,0.0,0.0,https://www.facebook.com/BarbequeNation/posts/pfbid0pACrnk1NV4PDkbNWb71knSt9YEd6VuE2opyaPrShjHm7udfCr625k8eAP6mYkMnDl,No Link,2026,July,Friday,15,this july pull up a chair at the royal bengal table where chef suraj thapa brings bengals forgotten culinary treasures back to lifeone heirloom recipe at a time from royal kitchens to family heirlooms every bite tells a story worth rediscovering barbeque nation kukatpally hyderabad th th july reserve your table and taste the bengal youve never known bengalicuisine hyderabad barbequenation,61,391,15.0,0.0
1501090000000000.0,BarbequeNation,"For the first time ever, the flavours of Southern India arrive at Barbeque Nation UAE. 🌴

Experience Aromas of Southern India, an exclusive chef takeover by Chef Kenneth Gopinath, the youngest contestant on MasterChef India 2023.

Discover South Indian cuisine like you've never tasted before, every dish has been crafted to celebrate the richness of the South with a fresh perspective.

📍 Barbeque Nation, Al Barsha, Dubai
📅 20th–26th July, 2026
📞+971 4 872 3613

#BarbequeNation #BarbequeVibes #Dubai",2026-07-09 10:44:11+00:00,3,0.0,0,0.0,0.0,https://www.facebook.com/BarbequeNation/posts/pfbid0iKsYrsqaPv3kn7gmwQUqL83dNCcmpxK1dGT3e3eAi1Lk2D4PmYRsciMZDj1UM1a2l,No Link,2026,July,Thursday,10,for the first time ever the flavours of southern india arrive at barbeque nation uae experience aromas of southern india an exclusive chef takeover by chef kenneth gopinath the youngest contestant on masterchef india discover south indian cuisine like youve never tasted before every dish has been crafted to celebrate the richness of the south with a fresh perspective barbeque nation al barsha dubai thth july barbequenation barbequevibes dubai,69,446,3.0,0.0
1499090000000000.0,BarbequeNation,"Some points are earned.
Some are brownie points. 😉

Because the sweetest rewards are always on the table at Barbeque Nation. ❤️🍽️

#WorldChocolateDay #BarbequeNation",2026-07-07 06:21:06+00:00,6,2.0,1,0.0,0.0,https://www.facebook.com/BarbequeNation/posts/pfbid02QjxXNwUAvE1ARzQwvqKU25p6njAwbqCb4gAzsxzau4RLWRtDcEDthTNkGmsCSLTal,No Link,2026,July,Tuesday,6,some points are earned some are brownie points because the sweetest rewards are always on the table at barbeque nation worldchocolateday barbequenation,22,151,9.0,0.0
1497440000000000.0,BarbequeNation,"This July, discover The Nawab's Table with Chef Aditya Sahu—a limited-time culinary experience that reimagines Mughlai classics with a contemporary twist.

Expect bold flavours, rich aromas, and dishes crafted to celebrate the royal legacy of Mughlai cuisine.

📍 Barbeque Nation, Fun Republic, Lokhandwala, Mumbai
📅 15th – 19th July, 2026

Reserve your table now on the Barbeque Nation App or Website.
08069026720 for reservations!

#BarbequeNation #BarbequeVibes #Mumbai

Mumbai food festival | Mumbai chef pop up | Mughlai food Mumbai | Lokhandwala restaurants | Andheri West restaurants | Buffet in Mumbai | Unlimited buffet Mumbai",2026-07-05 12:43:49+00:00,7,1.0,0,0.0,0.0,https://www.facebook.com/BarbequeNation/posts/pfbid02rGQn7YJ7jfY7U2RPSS8Q1h9rsGqPnMNkMZLVBPRdGopty43RLV5AFFGRtR9jmf8wl,No Link,2026,July,Sunday,12,this july discover the nawabs table with chef aditya sahua limitedtime culinary experience that reimagines mughlai classics with a contemporary twist expect bold flavours rich aromas and dishes crafted to celebrate the royal legacy of mughlai cuisine barbeque nation fun republic lokhandwala mumbai th th july reserve your table now on the barbeque nation app or website for reservations barbequenation barbequevibes mumbai mumbai food festival mumbai chef pop up mughlai food mumbai lokhandwala restaurants andheri west restaurants buffet in mumbai unlimited buffet mumbai,83,573,8.0,0.0
1496730000000000.0,BarbequeNation,"This July, your city's serving more than just great food. 🔥
Limited-time chef-curated menus. Unlimited reasons to visit.

📍 Mumbai | Chef Aditya Sahu | 15–19 July
📍 Hyderabad | Chef Suraj Thapa | 20–26 July
📍 Bengaluru | Chef Sherie Mehtaa | 22–26 July
📍 Chennai | Chef Nithya Franklyn | 22–26 July

Which stop are you making first? 👀

Book your table on the Barbeque Nation App or website.

#BarbequeNation #BarbequeVibes #ChefTakeover",2026-07-04 16:41:41+00:00,13,1.0,1,0.0,0.0,https://www.facebook.com/BarbequeNation/posts/pfbid0VoJD4Xayx7rPyqcAGnmXNtZfhZD5y4qmbk5ywardoZv24fxmFi1m5PpjbMH7vcdPl,No Link,2026,July,Saturday,16,this july your citys serving more than just great food limitedtime chefcurated menus unlimited reasons to visit mumbai chef aditya sahu july hyderabad chef suraj thapa july bengaluru chef sherie mehtaa july chennai chef nithya franklyn july which stop are you making first book your table on the barbeque nation app or website barbequenation barbequevibes cheftakeover,56,368,15.0,0.0
1496380000000000.0,BarbequeNation,"This July, your city's serving more than just great food. 🔥
Limited-time chef-curated menus. Unlimited reasons to visit.

📍 Mumbai | Chef Aditya Sahu | 15–19 July
📍 Hyderabad | Chef Suraj Thapa | 20–26 July
📍 Bengaluru | Chef Sherie Mehtaa | 22–26 July
📍 Chennai | Chef Nithya Franklyn | 22–26 July

Which stop are you making first? 👀

Book your table on the Barbeque Nation App or website.

#BarbequeNation #BarbequeVibes #ChefTakeover",2026-07-04 07:52:56+00:00,13,1.0,1,0.0,0.0,https://www.facebook.com/BarbequeNation/posts/pfbid0X4o98AAQarLYWqHwgTtKcgccVLbLqLPaXihL7EzdAqiNFETfdqyuYs1pLF5UHEL6l,No Link,2026,July,Saturday,7,this july your citys serving more than just great food limitedtime chefcurated menus unlimited reasons to visit mumbai chef aditya sahu july hyderabad chef suraj thapa july bengaluru chef sherie mehtaa july chennai chef nithya franklyn july which stop are you making first book your table on the barbeque nation app or website barbequenation barbequevibes cheftakeover,56,368,15.0,0.0
1496370000000000.0,BarbequeNation,"This July, your city's serving more than just great food. 🔥
Limited-time chef-curated menus. Unlimited reasons to visit.

📍 Mumbai | Chef Aditya Sahu | 15–19 July
📍 Hyderabad | Chef Suraj Thapa | 20–26 July
📍 Bengaluru | Chef Sherie Mehtaa | 22–26 July
📍 Chennai | Chef Nithya Franklyn | 22–26 July

Which stop are you making first? 👀

Book your table on the Barbeque Nation App or website.

#BarbequeNation #BarbequeVibes #ChefTakeover",2026-07-04 07:52:13+00:00,5,0.0,0,0.0,0.0,https://www.facebook.com/BarbequeNation/posts/pfbid0oS3s2WgN8nJUL5JtKqsXi1FscbPBRx5kwHy1KENsoyMera1kaXg2wJLWqUYRERFRl,No Link,2026,July,Saturday,7,this july your citys serving more than just great food limitedtime chefcurated menus unlimited reasons to visit mumbai chef aditya sahu july hyderabad chef suraj thapa july bengaluru chef sherie mehtaa july chennai chef nithya franklyn july which stop are you making first book your table on the barbeque nation app or website barbequenation barbequevibes cheftakeover,56,368,5.0,0.0
1495760000000000.0,BarbequeNation,"Only 2 days left to experience the royal flavours of Magadh. ✨

Curated by Chef Shacchi Anand, this limited-time culinary journey brings the rich heritage and authentic flavours of Bihar straight to your table. Every dish has a story—come savour it before it's gone.

📍 Barbeque Nation, Vegas Mall, Dwarka, Delhi
📅 Till 5th July, 2026

Reserve your table now on the Barbeque Nation app or website.

#BarbequeNation #Magadh #BiharFood",2026-07-03 15:01:33+00:00,103,1.0,4,13878.0,4557.0,https://www.facebook.com/reel/2091770471773022/,No Link,2026,July,Friday,15,only days left to experience the royal flavours of magadh curated by chef shacchi anand this limitedtime culinary journey brings the rich heritage and authentic flavours of bihar straight to your table every dish has a storycome savour it before its gone barbeque nation vegas mall dwarka delhi till th july reserve your table now on the barbeque nation app or website barbequenation magadh biharfood,65,400,108.0,0.007782101167315175
1494660000000000.0,BarbequeNation,"Asli kesar aur malai ka shahi milan, pesh karte hai - Malai Kesari Shaan Kulfi!

#MalaiKesari #Kulfi #BarbequeNation",2026-07-02 13:49:24+00:00,15,0.0,1,8381.0,883.0,https://www.facebook.com/reel/1258052506245727/,No Link,2026,July,Thursday,13,asli kesar aur malai ka shahi milan pesh karte hai malai kesari shaan kulfi malaikesari kulfi barbequenation,17,108,16.0,0.001909080062045102
1494650000000000.0,BarbequeNation,"Malai ki richness mein paan ka classic swaad, pesh karte hai - Malai Paan Mastana Kulfi!

#MalaiPaan #Kulfi #BarbequeNation",2026-07-02 13:47:01+00:00,17,0.0,0,4645.0,571.0,https://www.facebook.com/reel/889030943632594/,No Link,2026,July,Thursday,13,malai ki richness mein paan ka classic swaad pesh karte hai malai paan mastana kulfi malaipaan kulfi barbequenation,18,115,17.0,0.0036598493003229277
1494630000000000.0,BarbequeNation,"Pesh karte hai, double flavour wale Ku-ku-ku Kulfis!

#Kulfi #BarbequeNation",2026-07-02 13:36:37+00:00,5,0.0,0,2765.0,262.0,https://www.facebook.com/reel/1755832098764593/,No Link,2026,July,Thursday,13,pesh karte hai double flavour wale kukuku kulfis kulfi barbequenation,10,69,5.0,0.0018083182640144665
1493670000000000.0,BarbequeNation,"Turns out... social media managers don't always know what day it is. 🤦‍♀️

#SocialMediaDay #BetterLateThanNever #BarbequeNation",2026-07-01 13:41:08+00:00,7,0.0,0,0.0,0.0,https://www.facebook.com/BarbequeNation/posts/pfbid035BvGsDQHJMGGNH77TLPwJq93SkA1Ra69Q2GB7xDb4GJGCCKQ85roS8ceHDvGaB5Fl,No Link,2026,July,Wednesday,13,turns out social media managers dont always know what day it is socialmediaday betterlatethannever barbequenation,15,113,7.0,0.0
1491940000000000.0,BarbequeNation,"When every dish looks too good to skip... the answer is simple. Have it all! ❤️🔥

#BarbequeNation #FoodLovers #UnlimitedBuffet",2026-06-29 16:58:19+00:00,62,0.0,1,10278.0,3454.0,https://www.facebook.com/reel/1195901839330013/,No Link,2026,June,Monday,16,when every dish looks too good to skip the answer is simple have it all barbequenation foodlovers unlimitedbuffet,18,113,63.0,0.006129597197898424
1491870000000000.0,BarbequeNation,"The flavours of Magadh are here, and every dish has a story to tell. Curated by Chef Shacchi Anand, this is your chance to experience a culinary journey inspired by the heart of Bihar.

📍 Barbeque Nation, Vegas Mall, Dwarka, Delhi
📅 1st - 5th July, 2026

Reserve your table on the Barbeque Nation app or website.

#Delhi #Dwarka #Magadh #BarbequeNation",2026-06-29 15:31:20+00:00,10,0.0,0,2976.0,443.0,https://www.facebook.com/reel/1045941261104600/,No Link,2026,June,Monday,15,the flavours of magadh are here and every dish has a story to tell curated by chef shacchi anand this is your chance to experience a culinary journey inspired by the heart of bihar barbeque nation vegas mall dwarka delhi st th july reserve your table on the barbeque nation app or website delhi dwarka magadh barbequenation,57,323,10.0,0.003360215053763441
1490720000000000.0,BarbequeNation,"Just 2 days left to savour the flavours of the Konkan coast. 🌊

From the rich, comforting Mutton Sagoti and freshly baked Goan Poi to the iconic Goan Fish Curry, this limited-time culinary journey is almost at its final stop.

If Goa has been on your mind, this is your sign to experience its authentic flavours—right here at Barbeque Nation.

📅 Only 2 days remaining. Book your table now on the Barbeque Nation app or website.

#BarbequeNation #BarbequeVibes #WhereKonkanMeetsGoa",2026-06-28 09:43:02+00:00,44,2.0,0,5600.0,2457.0,https://www.facebook.com/reel/1031388722813974/,https://www.barbequenation.com/,2026,June,Sunday,9,just days left to savour the flavours of the konkan coast from the rich comforting mutton sagoti and freshly baked goan poi to the iconic goan fish curry this limitedtime culinary journey is almost at its final stop if goa has been on your mind this is your sign to experience its authentic flavoursright here at barbeque nation only days remaining book your table now on the barbeque nation app or website barbequenation barbequevibes wherekonkanmeetsgoa,75,455,46.0,0.008214285714285714
1490110000000000.0,BarbequeNation,"Our kind of superpower? Never saying no to great food. 💪😉

#BarbequeNation #FoodLovers #UnlimitedBuffet",2026-06-27 16:03:27+00:00,30,0.0,4,8790.0,2906.0,https://www.facebook.com/reel/1747544223091999/,No Link,2026,June,Saturday,16,our kind of superpower never saying no to great food barbequenation foodlovers unlimitedbuffet,13,94,34.0,0.0038680318543799774
1490020000000000.0,BarbequeNation,"This July, embark on a culinary journey through the rich flavours of Magadh, thoughtfully curated by Chef Saachi Anand.

📍 Barbeque Nation, Vegas Mall, Dwarka
📅 1st - 5th July, 2026

Come hungry for authentic Bihari delicacies, regional favourites, and an unlimited buffet experience unlike any other.

Reserve your table on the Barbeque Nation app or website.

Bihari Food | Magadh Cuisine | Regional Delicacies | Food Festival | Unlimited Buffet

#Delhi #Dwarka #Magadh #BihariFood #BarbequeNation",2026-06-27 13:57:03+00:00,46,1.0,2,5395.0,1430.0,https://www.facebook.com/reel/2783938095299265/,No Link,2026,June,Saturday,13,this july embark on a culinary journey through the rich flavours of magadh thoughtfully curated by chef saachi anand barbeque nation vegas mall dwarka st th july come hungry for authentic bihari delicacies regional favourites and an unlimited buffet experience unlike any other reserve your table on the barbeque nation app or website bihari food magadh cuisine regional delicacies food festival unlimited buffet delhi dwarka magadh biharifood barbequenation,68,458,49.0,0.009082483781278962
1489760000000000.0,BarbequeNation,"Gurugram, we're here yet again! 🎉🔥

We're excited to welcome you to our Barbeque Nation outlet in Gurugram, now open at:

📍 Ground Floor, MGF Metropolitan Mall, MG Road, Sector 25, Gurugram

See you at the grill! ❤️

#BarbequeNation #Gurugram #NewStore #NewLaunch #BarbequeVibes",2026-06-27 07:09:55+00:00,24,0.0,0,7080.0,2159.0,https://www.facebook.com/reel/4479201049034444/,No Link,2026,June,Saturday,7,gurugram were here yet again were excited to welcome you to our barbeque nation outlet in gurugram now open at ground floor mgf metropolitan mall mg road sector gurugram see you at the grill barbequenation gurugram newstore newlaunch barbequevibes,39,247,24.0,0.003389830508474576
1489200000000000.0,BarbequeNation,"Some signs are just too delicious to ignore😋🔥

#Grills #Cravings #BarbequeNation",2026-06-26 15:50:45+00:00,20,0.0,4,5827.0,1963.0,https://www.facebook.com/reel/1029944916208723/,No Link,2026,June,Friday,15,some signs are just too delicious to ignore grills cravings barbequenation,11,74,24.0,0.004118757508151707
1489000000000000.0,BarbequeNation,"This July, discover the rich culinary heritage of Bihar with the soulful flavours of Magadh, curated by Chef Shacchi Anand. ❤️

📍 Barbeque Nation, Vegas Mall, Dwarka
📅 1st-5th July, 2026

Come hungry for authentic Bihari delicacies, traditional recipes, regional favourites and an unlimited buffet experience unlike any other.

Reserve your table on the Barbeque Nation app or website.

Bihar Food | Magadh Cuisine | Bihari Delicacies | Regional Food Festival | Delhi Food Festival | Unlimited Buffet

#Delhi #Dwarka #Bihar #Magadh #BarbequeNation BarbequeVibes",2026-06-26 11:16:37+00:00,21,0.0,0,3695.0,1361.0,https://www.facebook.com/reel/1384943806871962/,No Link,2026,June,Friday,11,this july discover the rich culinary heritage of bihar with the soulful flavours of magadh curated by chef shacchi anand barbeque nation vegas mall dwarka stth july come hungry for authentic bihari delicacies traditional recipes regional favourites and an unlimited buffet experience unlike any other reserve your table on the barbeque nation app or website bihar food magadh cuisine bihari delicacies regional food festival delhi food festival unlimited buffet delhi dwarka bihar magadh barbequenation barbequevibes,75,516,21.0,0.005683355886332882
1488850000000000.0,BarbequeNation,This will bring a hugeeee smile to your face :),2026-06-26 07:22:49+00:00,4,0.0,0,2797.0,294.0,https://www.facebook.com/reel/1554926822631319/,No Link,2026,June,Friday,7,this will bring a hugeeee smile to your face,9,44,4.0,0.0014301036825169824
1488270000000000.0,BarbequeNation,"For five days only, Chef Shacchi Anand brings the rich culinary heritage of Magadh to Barbeque Nation with authentic recipes, regional flavours, and dishes that celebrate the heart of Bihar.

From age-old family recipes to flavours that have travelled through generations, discover a dining experience that's as soulful as it is delicious.

📍 Vegas Mall, Dwarka
📅 1st - 5th July, 2026

Seats are limited. Book your table now on the Barbeque Nation app or website and be part of this culinary journey.

#BarbequeNation #BarbequeVibes #FlavoursOfMagadh #BiharFood",2026-06-25 15:31:51+00:00,4,0.0,1,0.0,0.0,https://www.facebook.com/BarbequeNation/posts/pfbid02godU5u7WqnUZMCpvfdk9ov9EdUgLV6oZarMS8qrAsfBXHtKpRxz31AZEfAFiBWeHl,No Link,2026,June,Thursday,15,for five days only chef shacchi anand brings the rich culinary heritage of magadh to barbeque nation with authentic recipes regional flavours and dishes that celebrate the heart of bihar from ageold family recipes to flavours that have travelled through generations discover a dining experience thats as soulful as it is delicious vegas mall dwarka st th july seats are limited book your table now on the barbeque nation app or website and be part of this culinary journey barbequenation barbequevibes flavoursofmagadh biharfood,83,528,5.0,0.0
1488020000000000.0,BarbequeNation,"Aur bhi muskurahat, aur bhi sizzle! 😋🔥
Bas thoda sa intezaar... kuch khaas aapke liye aa raha hai.

Coming Soon❤️

#BarbequeNation #BarbequeVibes #StayTuned",2026-06-25 09:40:55+00:00,19,1.0,0,0.0,0.0,https://www.facebook.com/BarbequeNation/posts/pfbid0JkzsgHaLvNqHKinR1Aau9RhTErXJxnY8nj96Zpi7to4QUtLFPxt39DFdtnkfgvMQl,No Link,2026,June,Thursday,9,aur bhi muskurahat aur bhi sizzle bas thoda sa intezaar kuch khaas aapke liye aa raha hai coming soon barbequenation barbequevibes staytuned,22,140,20.0,0.0
1487980000000000.0,BarbequeNation,"From the misty hills of Northeast India come flavours that tell stories of tradition, heritage, and community.

Welcome to Taste of the Seven Sisters, a specially curated culinary journey by Chef Nambie Marak, celebrating the rich and diverse cuisines of the Northeast.

📍 Barbeque Nation, JP Nagar, Bengaluru
📅 24th - 28th June, 2026

Book your table now on the Barbeque Nation app or website. ✨

#TasteOfTheSevenSisters #BarbequeNation #NorthEastCuisine #Bengaluru",2026-06-25 08:48:22+00:00,17,0.0,0,3971.0,701.0,https://www.facebook.com/reel/1330084589080836/,No Link,2026,June,Thursday,8,from the misty hills of northeast india come flavours that tell stories of tradition heritage and community welcome to taste of the seven sisters a specially curated culinary journey by chef nambie marak celebrating the rich and diverse cuisines of the northeast barbeque nation jp nagar bengaluru th th june book your table now on the barbeque nation app or website tasteofthesevensisters barbequenation northeastcuisine bengaluru,65,431,17.0,0.004281037522034752
1487870000000000.0,BarbequeNation,"Every dish has a story. These ones come straight from the Konkan coast.

From rich Mutton Sagoti and comforting Goan Poi to the iconic Goan Fish Curry, discover the authentic flavours of Goa and Konkan, crafted for a limited-time culinary journey.

Book your table now on the Barbeque Nation app or website.

#BarbequeNation #BarbequeVibes #WhereKonkanMeetsGoa #GoanCuisine #KonkanCuisine",2026-06-25 05:43:31+00:00,1,0.0,0,0.0,0.0,https://www.facebook.com/BarbequeNation/posts/pfbid02GMeRBhGrjMtGjcUwQkftL8fqewgHg2UF2DxeeagZbwGVmKfZxp4GsrKMk5RRS8k4l,No Link,2026,June,Thursday,5,every dish has a story these ones come straight from the konkan coast from rich mutton sagoti and comforting goan poi to the iconic goan fish curry discover the authentic flavours of goa and konkan crafted for a limitedtime culinary journey book your table now on the barbeque nation app or website barbequenation barbequevibes wherekonkanmeetsgoa goancuisine konkancuisine,57,373,1.0,0.0
1487430000000000.0,BarbequeNation,"🌅🍲 From the heart of Bihar to your plate in Delhi.

Join Chef Saachi Anand as she brings the rich, authentic flavours of Magadh to Barbeque Nation. A limited-time culinary journey featuring traditional recipes, regional delicacies, and the soulful tastes that define Bihar's food heritage.

📍 Vegas Mall, Dwarka
📅 1st–5th July 2026

Book your table on the Barbeque Nation app or website.

#FlavoursOfMagadh #BiharCuisine #DelhiFoodies #Dwarka #BarbequeNation",2026-06-24 16:49:28+00:00,3,0.0,0,0.0,0.0,https://www.facebook.com/BarbequeNation/posts/pfbid0dfMo66zvfWVpc4AA2rtENrDpRHqDzX5GDWiHoNC1LCmvmWADoJM5jCBnDkCmdSynl,No Link,2026,June,Wednesday,16,from the heart of bihar to your plate in delhi join chef saachi anand as she brings the rich authentic flavours of magadh to barbeque nation a limitedtime culinary journey featuring traditional recipes regional delicacies and the soulful tastes that define bihars food heritage vegas mall dwarka stth july book your table on the barbeque nation app or website flavoursofmagadh biharcuisine delhifoodies dwarka barbequenation,64,424,3.0,0.0
1487410000000000.0,BarbequeNation,"For five days only, Chef Saachi Anand brings the rich culinary heritage of Magadh to Barbeque Nation with authentic recipes, regional flavours, and dishes that celebrate the heart of Bihar.

From age-old family recipes to flavours that have travelled through generations, discover a dining experience that's as soulful as it is delicious.

📍 Vegas Mall, Dwarka
📅 1st – 5th July, 2026

Seats are limited. Book your table now on the Barbeque Nation app or website and be part of this culinary journey.

#BarbequeNation #BarbequeVibes #FlavoursOfMagadh #BiharFood",2026-06-24 16:21:45+00:00,15,0.0,0,0.0,0.0,https://www.facebook.com/BarbequeNation/posts/pfbid0E8ZSk8SJzPWBDwYAGU1YYScHjkUecvvrRUn5rtqzc1WridccFrDPsWvFZKefVopel,No Link,2026,June,Wednesday,16,for five days only chef saachi anand brings the rich culinary heritage of magadh to barbeque nation with authentic recipes regional flavours and dishes that celebrate the heart of bihar from ageold family recipes to flavours that have travelled through generations discover a dining experience thats as soulful as it is delicious vegas mall dwarka st th july seats are limited book your table now on the barbeque nation app or website and be part of this culinary journey barbequenation barbequevibes flavoursofmagadh biharfood,83,527,15.0,0.0
1487260000000000.0,BarbequeNation,"Join Celebrity Chef Anish Deshmukh as he decodes the language, flavours, and stories behind the rich culinary heritage of the Konkan coast. 🍛✨

📍 Barbeque Nation, Atria Worli Mall, Mumbai
📅 25th - 29th June 2026

#KonkanCuisine #KonkanCoast #BarbequeNation #MumbaiFoodies #FoodFestival",2026-06-24 12:58:44+00:00,12,1.0,1,2837.0,632.0,https://www.facebook.com/reel/1760135332006002/,No Link,2026,June,Wednesday,12,join celebrity chef anish deshmukh as he decodes the language flavours and stories behind the rich culinary heritage of the konkan coast barbeque nation atria worli mall mumbai th th june konkancuisine konkancoast barbequenation mumbaifoodies foodfestival,36,255,14.0,0.004934790271413465
1487140000000000.0,BarbequeNation,"Muskurane ki wajah aane wala hai....

Coming soon!!

#BarbequeNation #MoreSmilesComingSoon #StayTuned",2026-06-24 10:20:05+00:00,6,1.0,0,0.0,0.0,https://www.facebook.com/BarbequeNation/posts/pfbid0YTcQxu2Xjmo54GAaFMHexdNbQC7yRLegUPjDXsQ697zNYs98uhBPMiVkhWLVMHWDl,No Link,2026,June,Wednesday,10,muskurane ki wajah aane wala hai coming soon barbequenation moresmilescomingsoon staytuned,11,90,7.0,0.0
1486380000000000.0,BarbequeNation,"From the hills of the Northeast to the grills of Bengaluru. 🌄✨

Swipe through a spread inspired by the Seven Sisters, curated by Chef Nambie Marak. From cherished regional recipes to ingredients native to the Northeast, every dish brings a taste of a culture rich in flavour and tradition.

📍 JP Nagar, Bengaluru
📅 24th–28th June 2026

Book your table on the Barbeque Nation app or website.

#NorthEastIndia #Bengaluru #SevenSisters #BarbequeNation",2026-06-23 13:12:13+00:00,2,0.0,0,0.0,0.0,https://www.facebook.com/BarbequeNation/posts/pfbid02B4z2GbyhsLNdKZtL4CrSSehVXcacd1kmYKi8E8iwCy8dBoBEGxmhGgSQKatNi41Xl,No Link,2026,June,Tuesday,13,from the hills of the northeast to the grills of bengaluru swipe through a spread inspired by the seven sisters curated by chef nambie marak from cherished regional recipes to ingredients native to the northeast every dish brings a taste of a culture rich in flavour and tradition jp nagar bengaluru thth june book your table on the barbeque nation app or website northeastindia bengaluru sevensisters barbequenation,67,416,2.0,0.0
1486360000000000.0,BarbequeNation,"From the misty hills of the Northeast to your plate in Bengaluru. 🌄🍽️

Join Chef Nambie Marak as she brings the bold, soulful flavours of the Seven Sisters to Barbeque Nation. A limited-time culinary journey packed with authentic recipes, local ingredients, and stories from the region.

📍 JP Nagar, Bengaluru
📅 24th–28th June 2026

Book your table on the Barbeque Nation app or website.

#NorthEastIndia #Bengaluru #Arunachal #Meghalaya #BarbequeNation",2026-06-23 12:35:28+00:00,5,1.0,1,2138.0,311.0,https://www.facebook.com/reel/1641854670232276/,No Link,2026,June,Tuesday,12,from the misty hills of the northeast to your plate in bengaluru join chef nambie marak as she brings the bold soulful flavours of the seven sisters to barbeque nation a limitedtime culinary journey packed with authentic recipes local ingredients and stories from the region jp nagar bengaluru thth june book your table on the barbeque nation app or website northeastindia bengaluru arunachal meghalaya barbequenation,65,417,7.0,0.003274087932647334
1485190000000000.0,BarbequeNation,"This June, travel down the coast through the vibrant flavours of Talkonkan, curated by Celebrity Chef Anish Deshmukh. 

📍 Barbeque Nation, Atria Worli Mall, Mumbai
📅 25th – 29th June, 2026

Come hungry for authentic Konkan cuisine, Goan food favourites, seafood specials, regional delicacies and an unlimited buffet experience unlike any other.

Reserve your table on the Barbeque Nation app or website. 

Konkan Food | Goan Cuisine | Coastal Cuisine | Seafood Festival | Mumbai Food Festival | Unlimited Buffet

#Mumbai #Goan #KonkanCoast #Goa #BarbequeNation",2026-06-22 06:02:43+00:00,35,10.0,0,7131.0,2654.0,https://www.facebook.com/reel/926261663814230/,No Link,2026,June,Monday,6,this june travel down the coast through the vibrant flavours of talkonkan curated by celebrity chef anish deshmukh barbeque nation atria worli mall mumbai th th june come hungry for authentic konkan cuisine goan food favourites seafood specials regional delicacies and an unlimited buffet experience unlike any other reserve your table on the barbeque nation app or website konkan food goan cuisine coastal cuisine seafood festival mumbai food festival unlimited buffet mumbai goan konkancoast goa barbequenation,76,512,45.0,0.006310475389145982
1484690000000000.0,BarbequeNation,"The crackle of a grill.
The simmer of mom's mutton curry.
The laughter around a biryani.

Some of the best music you'll ever hear isn't played. It's shared around a table.

Happy World Music Day. ❤️🎶

#WorldMusicDay #BarbequeNation #SoundsLikeHome",2026-06-21 16:04:57+00:00,4,3.0,0,0.0,0.0,https://www.facebook.com/BarbequeNation/posts/pfbid0mZAhogrAPUmjwgZpi6gtWrTYUSEJsscgmxk8ZMs8pg8CJntbXJg7juC7Pu9gr5fPl,No Link,2026,June,Sunday,16,the crackle of a grill the simmer of moms mutton curry the laughter around a biryani some of the best music youll ever hear isnt played its shared around a table happy world music day worldmusicday barbequenation soundslikehome,38,227,7.0,0.0
1484450000000000.0,BarbequeNation,"Ab baap toh baap hota hai, main character energy with a side serving of roasts! 

#BaapOfGrills #FathersDay #BarbequeNation",2026-06-21 10:35:22+00:00,3,2.0,0,2845.0,402.0,https://www.facebook.com/reel/871332749344250/,No Link,2026,June,Sunday,10,ab baap toh baap hota hai main character energy with a side serving of roasts baapofgrills fathersday barbequenation,18,116,5.0,0.0017574692442882249
1484250000000000.0,BarbequeNation,"Finding balance? ✔️
Finding happiness? ✔️
Finding that one extra piece on your plate? ✔️✔️✔️

Welcome to The Art Of Inner Piece.

#YogaDay #TheArtOfInnerPiece #BarbequeNation",2026-06-21 05:10:12+00:00,6,1.0,0,0.0,0.0,https://www.facebook.com/BarbequeNation/posts/pfbid02F6hA35UJjo3fXqE7a8VTyAgnj2fbVS8j93frWbV1JiJtSABF4JLixvDaxodi9znel,No Link,2026,June,Sunday,5,finding balance finding happiness finding that one extra piece on your plate welcome to the art of inner piece yogaday theartofinnerpiece barbequenation,22,152,7.0,0.0
1483740000000000.0,BarbequeNation,"Meet Chef Manikandan, the culinary force behind Dum-e-Karam.

Drawing inspiration from generations of home kitchens and regional traditions, Chef Manikandan brings together bold spices, slow-cooked delicacies, and authentic flavours that tell a story with every bite.

Join us as he takes you through the inspiration behind this special pop-up and the dishes that make Andhra and Hyderabadi cuisine truly unforgettable.

📍 Barbeque Nation, Porur, Chennai
📅 Only till 21st June, 2026

Book your table on the Barbeque Nation app or website.

#Chennai #BarbequeNation #Andhra #Hyderabadi",2026-06-20 14:33:36+00:00,23,1.0,0,4978.0,1568.0,https://www.facebook.com/reel/1338648984906436/,No Link,2026,June,Saturday,14,meet chef manikandan the culinary force behind dumekaram drawing inspiration from generations of home kitchens and regional traditions chef manikandan brings together bold spices slowcooked delicacies and authentic flavours that tell a story with every bite join us as he takes you through the inspiration behind this special popup and the dishes that make andhra and hyderabadi cuisine truly unforgettable barbeque nation porur chennai only till st june book your table on the barbeque nation app or website chennai barbequenation andhra hyderabadi,82,549,24.0,0.004821213338690237
1483620000000000.0,BarbequeNation,"RESULT ANNOUNCEMENT!

THE ROAST-OFF IS OVER

Hundreds of dad jokes.
Countless dad roasts.
But only a few could take home the win.

Congratulations to our winners!
Keep a lookout on your DMs today for details on enjoying the ultimate family feast tomorrow.

#BaapOfGrills #BarbequeNation #FathersDay",2026-06-20 11:58:16+00:00,11,1.0,1,0.0,0.0,https://www.facebook.com/BarbequeNation/posts/pfbid0UXMzLZGfHYtrHCk3qqmwmGxh1A7pmAnbkhA8dmGcueFbMYhkamd9CkWCVP4Drub6l,No Link,2026,June,Saturday,11,result announcement the roastoff is over hundreds of dad jokes countless dad roasts but only a few could take home the win congratulations to our winners keep a lookout on your dms today for details on enjoying the ultimate family feast tomorrow baapofgrills barbequenation fathersday,45,284,13.0,0.0
1481950000000000.0,BarbequeNation,"#CONTESTALERT

Tell us your dad' best roast!

Results will be announced on
20th June 2026
5:00 PM IST

Winners will be selected through a random online raffle from all eligible entries.
Good luck, and may the best roast win!

#BaapOfGrills #BarbequeNation #FathersDay",2026-06-18 14:16:43+00:00,114,106.0,20,0.0,0.0,https://www.facebook.com/BarbequeNation/posts/pfbid0z7GhXe2VzGm6EwEe85ZJa6sq9crTUXYvVGuaCSUXzYBaHEeTrLiss3UHbHSTLTNjl,No Link,2026,June,Thursday,14,contestalert tell us your dad best roast results will be announced on th june pm ist winners will be selected through a random online raffle from all eligible entries good luck and may the best roast win baapofgrills barbequenation fathersday,40,242,240.0,0.0
1481690000000000.0,BarbequeNation,"Wapas kab grill karne milega? ☹️

#BaapOfGrills #FathersDay #BarbequeNation",2026-06-18 08:28:22+00:00,15,1.0,1,8545.0,2310.0,https://www.facebook.com/reel/27718289207802243/,No Link,2026,June,Thursday,8,wapas kab grill karne milega baapofgrills fathersday barbequenation,8,67,17.0,0.001989467524868344
1481620000000000.0,BarbequeNation,"Meet Chef Manikandan, the culinary force behind Dum-e-Karam.

Drawing inspiration from generations of home kitchens and regional traditions, Chef Manikandan brings together bold spices, slow-cooked delicacies, and authentic flavours that tell a story with every bite.

Join us as he takes you through the inspiration behind this special pop-up and the dishes that make Andhra and Hyderabadi cuisine truly unforgettable.

📍 Barbeque Nation, Porur, Chennai
📅 17th–21st June, 2026

Book your table on the Barbeque Nation app or website.

#Chennai #BarbequeNation #Andhra #Hyderabadi",2026-06-18 06:48:10+00:00,19,3.0,0,5757.0,1482.0,https://www.facebook.com/reel/1660123288606024/,No Link,2026,June,Thursday,6,meet chef manikandan the culinary force behind dumekaram drawing inspiration from generations of home kitchens and regional traditions chef manikandan brings together bold spices slowcooked delicacies and authentic flavours that tell a story with every bite join us as he takes you through the inspiration behind this special popup and the dishes that make andhra and hyderabadi cuisine truly unforgettable barbeque nation porur chennai thst june book your table on the barbeque nation app or website chennai barbequenation andhra hyderabadi,80,541,22.0,0.003821434775056453
1480900000000000.0,BarbequeNation,"This June, travel down the coast through the vibrant flavours of Talkonkan, curated by Celebrity Chef Anish Deshmukh. From coastal spices and coconut-rich delicacies to recipes inspired by generations of culinary heritage, every dish tells a story of the Western shoreline.

📍 Barbeque Nation, Atria Worli Mall, Mumbai
📅 25th – 29th June, 2026

Come hungry for authentic Konkan cuisine, Goan food favourites, seafood specials, regional delicacies and an unlimited buffet experience unlike any other.

Reserve your table on the Barbeque Nation app or website. 

Konkan Food | Goan Cuisine | Coastal Cuisine | Seafood Festival | Mumbai Food Festival | Unlimited Buffet
#Mumbai #Goan #KonkanCoast #Goa #BarbequeNation",2026-06-17 11:19:32+00:00,7,1.0,0,0.0,0.0,https://www.facebook.com/BarbequeNation/posts/pfbid09q8AREd4bKRR8h3fpEgF3eMGq9BvEn9e4zQu9euZMfnAKPHyoC7kCCggrSZYC51Kl,No Link,2026,June,Wednesday,11,this june travel down the coast through the vibrant flavours of talkonkan curated by celebrity chef anish deshmukh from coastal spices and coconutrich delicacies to recipes inspired by generations of culinary heritage every dish tells a story of the western shoreline barbeque nation atria worli mall mumbai th th june come hungry for authentic konkan cuisine goan food favourites seafood specials regional delicacies and an unlimited buffet experience unlike any other reserve your table on the barbeque nation app or website konkan food goan cuisine coastal cuisine seafood festival mumbai food festival unlimited buffet mumbai goan konkancoast goa barbequenation,99,665,8.0,0.0
1480890000000000.0,BarbequeNation,"This June, travel down the coast through the vibrant flavours of Talkonkan, curated by Celebrity Chef Anish Deshmukh. From coastal spices and coconut-rich delicacies to recipes inspired by generations of culinary heritage, every dish tells a story of the Western shoreline.

📍 Barbeque Nation, Atria Worli Mall, Mumbai
📅 25th – 29th June, 2026

Come hungry for authentic Konkan cuisine, Goan food favourites, seafood specials, regional delicacies and an unlimited buffet experience unlike any other.

Reserve your table on the Barbeque Nation app or website. 

Konkan Food | Goan Cuisine | Coastal Cuisine | Seafood Festival | Mumbai Food Festival | Unlimited Buffet
#Mumbai #Goan #KonkanCoast #Goa #BarbequeNation",2026-06-17 10:59:15+00:00,5,4.0,0,0.0,0.0,https://www.facebook.com/BarbequeNation/posts/pfbid0317G6L2tfX9F28mUpiiRzoMk5VfvhQhzsA4hoK4quBjAWo9yPa7z6XzEaqqFWsGY9l,No Link,2026,June,Wednesday,10,this june travel down the coast through the vibrant flavours of talkonkan curated by celebrity chef anish deshmukh from coastal spices and coconutrich delicacies to recipes inspired by generations of culinary heritage every dish tells a story of the western shoreline barbeque nation atria worli mall mumbai th th june come hungry for authentic konkan cuisine goan food favourites seafood specials regional delicacies and an unlimited buffet experience unlike any other reserve your table on the barbeque nation app or website konkan food goan cuisine coastal cuisine seafood festival mumbai food festival unlimited buffet mumbai goan konkancoast goa barbequenation,99,665,9.0,0.0
1480850000000000.0,BarbequeNation,"Dekho sab log, Sneha aur humare social media ke liye kya kya karna pad raha hai. 

#Sneha #SocialMedia #BarbequeNation",2026-06-17 09:51:46+00:00,31,1.0,1,5527.0,2069.0,https://www.facebook.com/reel/1375612207720903/,No Link,2026,June,Wednesday,9,dekho sab log sneha aur humare social media ke liye kya kya karna pad raha hai sneha socialmedia barbequenation,19,111,33.0,0.0059706893432241726
1480170000000000.0,BarbequeNation,"Because the best gatherings aren't built around one dish.
They're built around abundance.

Welcome to the महफ़िल of flavours, where every plate brings something new to the conversation.

📍Gather your people. Bring your appetite.

Book your table now on the Barbeque Nation app or website. 

#BarbequeNation #MehfilOfFlavours",2026-06-16 16:20:09+00:00,12,0.0,1,0.0,0.0,https://www.facebook.com/BarbequeNation/posts/pfbid0i9w92SA5usJTUL2yf2GAj8nA2NjRLoXbPoCjG2LSUJxCXVhmRgkxvwVAdEkXzDZTl,No Link,2026,June,Tuesday,16,because the best gatherings arent built around one dish theyre built around abundance welcome to the महफल of flavours where every plate brings something new to the conversation gather your people bring your appetite book your table now on the barbeque nation app or website barbequenation mehfilofflavours,47,305,13.0,0.0
1478840000000000.0,BarbequeNation,"From the misty hills of the Northeast to your plate in Bengaluru. 🌄🍽️

Join Chef Nambie Marak as she brings the bold, soulful flavours of the Seven Sisters to Barbeque Nation. A limited-time culinary journey packed with authentic recipes, local ingredients, and stories from the region.

📍 JP Nagar, Bengaluru
📅 24th–28th June 2026

Book your table on the Barbeque Nation app or website.

#NorthEastIndia #Bengaluru #Arunachal #Meghalaya #BarbequeNation",2026-06-15 06:30:34+00:00,6,0.0,2,0.0,0.0,https://www.facebook.com/BarbequeNation/posts/pfbid02wGUMQbEReXXRmvpocF2rXgdKCHZJtvv4KdbdzNfVBoAQUtZeS9gPiwdC2VY28k37l,No Link,2026,June,Monday,6,from the misty hills of the northeast to your plate in bengaluru join chef nambie marak as she brings the bold soulful flavours of the seven sisters to barbeque nation a limitedtime culinary journey packed with authentic recipes local ingredients and stories from the region jp nagar bengaluru thth june book your table on the barbeque nation app or website northeastindia bengaluru arunachal meghalaya barbequenation,65,417,8.0,0.0
1478300000000000.0,BarbequeNation,"Meet Chef Manikandan, the culinary force behind Dum-e-Karam.

Drawing inspiration from generations of home kitchens and regional traditions, Chef Manikandan brings together bold spices, slow-cooked delicacies, and authentic flavours that tell a story with every bite.

Join us as he takes you through the inspiration behind this special pop-up and the dishes that make Andhra and Hyderabadi cuisine truly unforgettable.

📍 Barbeque Nation, Porur, Chennai
📅 17th–21st June, 2026

Book your table on the Barbeque Nation app or website.

##Chennai #BarbequeNation #Andhra #Hyderabadi",2026-06-14 15:05:30+00:00,125,0.0,4,12721.0,4441.0,https://www.facebook.com/reel/2104313080500038/,No Link,2026,June,Sunday,15,meet chef manikandan the culinary force behind dumekaram drawing inspiration from generations of home kitchens and regional traditions chef manikandan brings together bold spices slowcooked delicacies and authentic flavours that tell a story with every bite join us as he takes you through the inspiration behind this special popup and the dishes that make andhra and hyderabadi cuisine truly unforgettable barbeque nation porur chennai thst june book your table on the barbeque nation app or website chennai barbequenation andhra hyderabadi,80,541,129.0,0.010140712208159736
1478050000000000.0,BarbequeNation,"Five days. Countless flavours. One unforgettable celebration of Rajasthan. ✨

From royal recipes to heartfelt stories, Marurasa curated by Dr. Chef Saurabh Sharma brought the spirit of Rajasthan alive at Barbeque Nation, Kalyani Nagar.

And if you haven't experienced it yet — this is your sign.

⏳ Just 1 day left to be part of the journey.

📍 Barbeque Nation, Kalyani Nagar, Pune
📅 Till 15th June 2026

#Marurasa #BarbequeNation #Rajasthan #Pune",2026-06-14 09:35:41+00:00,51,5.0,0,7479.0,1760.0,https://www.facebook.com/reel/987202637644397/,No Link,2026,June,Sunday,9,five days countless flavours one unforgettable celebration of rajasthan from royal recipes to heartfelt stories marurasa curated by dr chef saurabh sharma brought the spirit of rajasthan alive at barbeque nation kalyani nagar and if you havent experienced it yet this is your sign just day left to be part of the journey barbeque nation kalyani nagar pune till th june marurasa barbequenation rajasthan pune,65,407,56.0,0.007487632036368499
1475440000000000.0,BarbequeNation,"Experience the flavours of Rajasthan — recipes that have journeyed through generations, carrying stories of tradition, pride, and hospitality.

Welcome to Marurasa, a celebration of Rajasthan’s rich culinary heritage, thoughtfully curated by Dr. Chef Saurabh Sharma.

📍 Barbeque Nation, Kalyani Nagar, Pune
📅 11th–15th June 2026

Come savour a feast by booking your table on the Barbeque Nation app or website. ✨

#Marurasa #BarbequeNation #Rajasthan #Pune",2026-06-11 11:48:04+00:00,84,3.0,2,10458.0,3450.0,https://www.facebook.com/reel/1664771507907564/,https://www.instagram.com/p/DZ5f0TdoPnG/?igsh=MWt2enE1YTd2NTFkeA%3D%3D,2026,June,Thursday,11,experience the flavours of rajasthan recipes that have journeyed through generations carrying stories of tradition pride and hospitality welcome to marurasa a celebration of rajasthans rich culinary heritage thoughtfully curated by dr chef saurabh sharma barbeque nation kalyani nagar pune thth june come savour a feast by booking your table on the barbeque nation app or website marurasa barbequenation rajasthan pune,61,418,89.0,0.008510231401797666
1474510000000000.0,BarbequeNation,"But the ones shaped by generations of flavour always do.

This June, immerse yourself in the rich culinary traditions of Andhra and Hyderabad, where bold spices, slow-cooked recipes, and timeless techniques come together on every plate.

Welcome to Dum-e-Karam — a celebration of regional heritage, curated by Chef Manikandan, MasterChef India Tamil Top 5.

📍 Barbeque Nation, Porur, Chennai
📅 17th–21st June, 2026

Book your table on Barbeque Nation app or website. 

#Chennai #BarbequeNation #Andhra #Hyderabad",2026-06-10 12:00:54+00:00,3,1.0,1,0.0,0.0,https://www.facebook.com/BarbequeNation/posts/pfbid02kqfdSDWYLRQyoL6semPTWyuYK37F8KVF6fBR65BcJ2nmTvutv29nkZLPGNSrE2XKl,No Link,2026,June,Wednesday,12,but the ones shaped by generations of flavour always do this june immerse yourself in the rich culinary traditions of andhra and hyderabad where bold spices slowcooked recipes and timeless techniques come together on every plate welcome to dumekaram a celebration of regional heritage curated by chef manikandan masterchef india tamil top barbeque nation porur chennai thst june book your table on barbeque nation app or website chennai barbequenation andhra hyderabad,71,468,5.0,0.0
1474390000000000.0,BarbequeNation,"Have you w̶a̶t̶c̶h̶e̶d̶ tried it yet?

#Obsession #BarbequeNation",2026-06-10 09:02:07+00:00,11,2.0,1,0.0,0.0,https://www.facebook.com/BarbequeNation/posts/pfbid02u5ThCtUXxEmTLxBRLr43xDL3D8eN69pz2JhMZdv5xwFqGe5LKLEw91fypofinCKil,No Link,2026,June,Wednesday,9,have you watched tried it yet obsession barbequenation,8,54,14.0,0.0
1473740000000000.0,BarbequeNation,"When Sneha says it's reel time, the crew has no choice but to join in 💃✨

#Sneha #OrpheliaChallenge #BarbequeNation",2026-06-09 16:02:16+00:00,48,0.0,0,7170.0,2625.0,https://www.facebook.com/reel/984298050848966/,No Link,2026,June,Tuesday,16,when sneha says its reel time the crew has no choice but to join in sneha orpheliachallenge barbequenation,18,106,48.0,0.0066945606694560665
1472820000000000.0,BarbequeNation,"""It's the traditional fusion of Andhra and Hyderabad. Two lands that once shared one culinary heritage.""

Experience a dish where bold Andhra spices meet the royal richness of Hyderabadi cooking, crafted by Chef Manikandan for an unforgettable culinary journey.

Join us as we celebrate flavours rooted in history, culture, and a shared love for great food.

📍 Barbeque Nation, Porur, Chennai
📅 17th – 21st June, 2026

Come hungry. Leave with a story. ❤️

#Chennai #BarbequeNation #Andhra #Hyderabadi",2026-06-08 16:33:23+00:00,10,3.0,0,0.0,0.0,https://www.facebook.com/BarbequeNation/posts/pfbid02mfHLLaaH76p13L4EhKqZ1bo6YWPN5J4P3BbnYc1tPfFEfsoAAiNPkLpvpZUsQNvJl,No Link,2026,June,Monday,16,its the traditional fusion of andhra and hyderabad two lands that once shared one culinary heritage experience a dish where bold andhra spices meet the royal richness of hyderabadi cooking crafted by chef manikandan for an unforgettable culinary journey join us as we celebrate flavours rooted in history culture and a shared love for great food barbeque nation porur chennai th st june come hungry leave with a story chennai barbequenation andhra hyderabadi,73,458,13.0,0.0
1472400000000000.0,BarbequeNation,"Only 2 Days Left, Lucknow!

Nawabo ke Shehar mein le aayi hoon Bihar Kitchens ka swaad — and the response has been incredible! 🤎🍲

Don't miss your chance to experience BHANSA, a celebration of Bihar's rich culinary heritage curated by the award-winning Chef Rachnaa Prasad.

From rustic home-style favourites to regional delicacies packed with flavour, every dish tells a story.

📍 Phoenix United Mall, Alambagh, Lucknow
📅 Till 9th June, 2026

Tag your foodie gang 👇 and book your table now on the Barbeque Nation app or website.

#Bhansa #BihariCuisine #Lucknow #BarbequeNation",2026-06-08 06:29:24+00:00,10,1.0,0,3800.0,1015.0,https://www.facebook.com/reel/1044780471398285/,No Link,2026,June,Monday,6,only days left lucknow nawabo ke shehar mein le aayi hoon bihar kitchens ka swaad and the response has been incredible dont miss your chance to experience bhansa a celebration of bihars rich culinary heritage curated by the awardwinning chef rachnaa prasad from rustic homestyle favourites to regional delicacies packed with flavour every dish tells a story phoenix united mall alambagh lucknow till th june tag your foodie gang and book your table now on the barbeque nation app or website bhansa biharicuisine lucknow barbequenation,85,534,11.0,0.0028947368421052633
1471380000000000.0,BarbequeNation,"Rajasthan ki mitti ki khushboo, asli swaad aur unki kahaniyan — sab ek hi jagah. ✨

Main, Dr. Chef Saurabh, lekar aa raha hoon MaruRasa — ek exclusive Rajasthani food pop-up featuring Sangri ki Tikki, Mathania Murgh, traditional mithaiyan aur bahot kuch.

Padharo Mhare Nation. ❤️

#MaruRasa #BarbequeNation #Rajasthani #Pune",2026-06-07 03:19:03+00:00,8,3.0,0,5416.0,987.0,https://www.facebook.com/reel/1026862416345815/,No Link,2026,June,Sunday,3,rajasthan ki mitti ki khushboo asli swaad aur unki kahaniyan sab ek hi jagah main dr chef saurabh lekar aa raha hoon marurasa ek exclusive rajasthani food popup featuring sangri ki tikki mathania murgh traditional mithaiyan aur bahot kuch padharo mhare nation marurasa barbequenation rajasthani pune,46,299,11.0,0.0020310192023633676
1470080000000000.0,BarbequeNation,"Not every meal becomes a memory.

But the ones rooted in tradition often do.

This June, discover the flavours that have travelled through generations, carrying with them the warmth, pride and spirit of Rajasthan.

Welcome to Marurasa — a celebration of heritage, curated by Dr. Chef Saurabh Sharma.

📍 Barbeque Nation, Kalyani Nagar, Pune
📅 11th–15th June 2026

Because some journeys are best experienced one bite at a time. ✨

#Marurasa #BarbequeNation #Rajasthan #Pune",2026-06-05 17:20:42+00:00,3,5.0,0,0.0,0.0,https://www.facebook.com/BarbequeNation/posts/pfbid0ZzBSRG7keW3dCgubE366WDhHjY3QJSwfF8QPQhThpocySdowGwbHJbW4Ly3g9oiJl,No Link,2026,June,Friday,17,not every meal becomes a memory but the ones rooted in tradition often do this june discover the flavours that have travelled through generations carrying with them the warmth pride and spirit of rajasthan welcome to marurasa a celebration of heritage curated by dr chef saurabh sharma barbeque nation kalyani nagar pune thth june because some journeys are best experienced one bite at a time marurasa barbequenation rajasthan pune,69,431,8.0,0.0
1467920000000000.0,BarbequeNation,"What if Rajasthan could be experienced on a plate? 👑✨

This June, join us for Marurasa — a celebration of Rajasthan’s iconic flavours, curated by Dr. Chef Saurabh Sharma, MasterChef India Judge.

Expect authentic recipes, royal inspirations, and dishes that bring the desert state's rich culinary heritage to life.

📍 Kalyani Nagar, Pune
📅 11th – 15th June 2026

Gather your food-loving crew and come hungry.

Book Your Table on the Barbeque Nation app or website. 

#Marurasa #BarbequeNation #Pund #Rajasthan",2026-06-03 14:45:45+00:00,8,2.0,1,0.0,0.0,https://www.facebook.com/BarbequeNation/posts/pfbid02NvF2pktLFt1p85kGf8EufcKKePqxTgc8PkoiEuazUJBU4xpok8TvzR45MjG1ZPJal,No Link,2026,June,Wednesday,14,what if rajasthan could be experienced on a plate this june join us for marurasa a celebration of rajasthans iconic flavours curated by dr chef saurabh sharma masterchef india judge expect authentic recipes royal inspirations and dishes that bring the desert states rich culinary heritage to life kalyani nagar pune th th june gather your foodloving crew and come hungry book your table on the barbeque nation app or website marurasa barbequenation pund rajasthan,74,463,11.0,0.0
1465850000000000.0,BarbequeNation,"Nawabo ke Shehar mein le aayi hoon Bihar Kitchens ka swaad! ✨

Experience BHANSA — a culinary tribute to Bihar’s timeless flavours, curated by the award-winning Chef Rachnaa Prasad 🍲🤎

From authentic rustic recipes to soul-satisfying regional delicacies, this is your chance to savour Bihar like never before.

📍 Phoenix United Mall, Alambagh, Lucknow
📅 5th–9th June, 2026

Tag your foodie gang 👇 who NEEDS to experience this with you!

Book your table now on the Barbeque Nation app or website.

#Bhansa #BihariCuisine #Lucknow #BarbequeNation",2026-06-01 15:56:02+00:00,14,4.0,2,4444.0,745.0,https://www.facebook.com/reel/1696820421449830/,No Link,2026,June,Monday,15,nawabo ke shehar mein le aayi hoon bihar kitchens ka swaad experience bhansa a culinary tribute to bihars timeless flavours curated by the awardwinning chef rachnaa prasad from authentic rustic recipes to soulsatisfying regional delicacies this is your chance to savour bihar like never before phoenix united mall alambagh lucknow thth june tag your foodie gang who needs to experience this with you book your table now on the barbeque nation app or website bhansa biharicuisine lucknow barbequenation,78,501,20.0,0.004500450045004501
1462970000000000.0,BarbequeNation,"Dilwalo ka dil ka karar lootne...
Main aayi hoon Barbeque Nation lootne! ❤️

Experience BHANSA – The Bihar Kitchen, an exclusive culinary celebration by Chef Rachnaa Prasad, where Bihar's most loved recipes take centre stage.

📍 Barbeque Nation, Phoenix United Mall, Alambagh
📅 5th–9th June, 2026

Comment ""BHANSA"" if you're ready to taste Bihar's finest cuisine. 👇

Book Your Table on the Barbeque Nation app or website.

#UPBiharLootne #Bhansa #Bihar #barbequenation",2026-05-29 16:17:44+00:00,33,1.0,1,6689.0,2435.0,https://www.facebook.com/reel/1036368328905031/,No Link,2026,May,Friday,16,dilwalo ka dil ka karar lootne main aayi hoon barbeque nation lootne experience bhansa the bihar kitchen an exclusive culinary celebration by chef rachnaa prasad where bihars most loved recipes take centre stage barbeque nation phoenix united mall alambagh thth june comment bhansa if youre ready to taste bihars finest cuisine book your table on the barbeque nation app or website upbiharlootne bhansa bihar barbequenation,65,423,35.0,0.005232471221408282
1461530000000000.0,BarbequeNation,"June is about to taste different 🔥

Something exciting is hitting your city—bold flavours, fresh cuisines, and chefs you’ll definitely want to keep an eye on 👀🍢

👩‍🍳 Chef Rachnaa Prasad — Lucknow
👨‍🍳 Chef ManiKandan — Chennai
👩‍🍳 Chef Nambie Jessica Marak — Bengaluru
👨‍🍳 Dr. Saurabh Sharma — Pune

From Lucknow to Chennai, Bengaluru to Pune, we’re bringing together barbecue vibes and must-try culinary experiences that are anything but ordinary.

Get ready to discover, indulge, and keep coming back for more.

📍 Coming soon to your city

Book your table on the Barbeque Nation app or website.

#BarbequeNation #BarbequeVibes #ComingSoon",2026-05-28 05:20:27+00:00,7,2.0,0,4927.0,915.0,https://www.facebook.com/reel/977446628223648/,No Link,2026,May,Thursday,5,june is about to taste different something exciting is hitting your citybold flavours fresh cuisines and chefs youll definitely want to keep an eye on chef rachnaa prasad lucknow chef manikandan chennai chef nambie jessica marak bengaluru dr saurabh sharma pune from lucknow to chennai bengaluru to pune were bringing together barbecue vibes and musttry culinary experiences that are anything but ordinary get ready to discover indulge and keep coming back for more coming soon to your city book your table on the barbeque nation app or website barbequenation barbequevibes comingsoon,91,584,9.0,0.0018266693728435153
1461010000000000.0,BarbequeNation,"June is about to get a whole lot more flavourful 🔥

Something exciting is headed your way—fresh culinary experiences, bold new flavours, and chefs bringing their signature magic to your city 👀🍢

👩‍🍳 Chef Rachnaa Prasad — Phoenix United Mall, Lucknow
👨‍🍳 Chef ManiKandan — Porur, Chennai
👩‍🍳 Chef Nambie Jessica Marak — JP Nagar, Bengaluru
👨‍🍳 Dr. Saurabh Sharma — Kalyani Nagar, Pune

From Lucknow to Chennai, Bengaluru to Pune, we’re serving up barbecue vibes with must-try cuisines and exciting new flavour stories.

Get ready to discover, indulge, and keep coming back for more.

📍 Coming soon to your city

Book your table on the Barbeque Nation app or website.

#BarbequeNation #BarbequeVibes #ComingSoon",2026-05-27 15:40:08+00:00,8,1.0,2,0.0,0.0,https://www.facebook.com/BarbequeNation/posts/pfbid026ezgyYsymZbJ3D4x7djhKa7qsEkntnS1p5jWACPVw1HHzoXnLwoXhesfyrgNW6vBl,No Link,2026,May,Wednesday,15,june is about to get a whole lot more flavourful something exciting is headed your wayfresh culinary experiences bold new flavours and chefs bringing their signature magic to your city chef rachnaa prasad phoenix united mall lucknow chef manikandan porur chennai chef nambie jessica marak jp nagar bengaluru dr saurabh sharma kalyani nagar pune from lucknow to chennai bengaluru to pune were serving up barbecue vibes with musttry cuisines and exciting new flavour stories get ready to discover indulge and keep coming back for more coming soon to your city book your table on the barbeque nation app or website barbequenation barbequevibes comingsoon,103,651,11.0,0.0
1460050000000000.0,BarbequeNation,"Mitti ki khushboo. Bihar ka dil. A feast with a story. 🌾🔥

This June, Barbeque Nation brings Bhansa — a heartfelt tribute to Bihar’s timeless flavours, curated by award-winning Bihari cuisine expert Chef Rachna Prasad. From forgotten heirloom recipes to bold, soul-satisfying classics, this is Bihar served with pride. ❤️

📍 Phoenix United Mall, Alambagh, Lucknow
📅 5th–9th June 2026

Book you table today on the Barbeque Nation app or website.

#Bhansa #BihariCuisine #BarbequeNation #Lucknow",2026-05-26 15:44:43+00:00,4,1.0,2,0.0,0.0,https://www.facebook.com/BarbequeNation/posts/pfbid02HynTjADV9PpQmTkJRMFNZ2ocHLQpY8EiLnUxYAcu2xbkTnteeZcHew4VRKzQwrNDl,No Link,2026,May,Tuesday,15,mitti ki khushboo bihar ka dil a feast with a story this june barbeque nation brings bhansa a heartfelt tribute to bihars timeless flavours curated by awardwinning bihari cuisine expert chef rachna prasad from forgotten heirloom recipes to bold soulsatisfying classics this is bihar served with pride phoenix united mall alambagh lucknow thth june book you table today on the barbeque nation app or website bhansa biharicuisine barbequenation lucknow,69,450,7.0,0.0
1459110000000000.0,BarbequeNation,"🔥 Lucknow, are you ready for a true taste of Bihar?✨

Experience BHANSA — a culinary tribute to Bihar’s timeless flavours, curated by the award-winning Chef Rachnaa Prasad 🍲🤎

From authentic rustic recipes to soul-satisfying regional delicacies, this is your chance to savour Bihar like never before.

📍 Phoenix United Mall, Alambagh, Lucknow
📅 5th–9th June, 2026

Tag your foodie gang 👇 who NEEDS to experience this with you!
Book your table now on the Barbeque Nation app or website.

#Bhansa #BihariCuisine #Lucknow #BarbequeNation",2026-05-25 14:13:39+00:00,15,2.0,0,0.0,0.0,https://www.facebook.com/BarbequeNation/posts/pfbid0dGCww8zhrHKADeor8AaC67fVFkuAHRwJJpdnWiGmRfK5f6e1zfQJxmFAmDhuurkKl,No Link,2026,May,Monday,14,lucknow are you ready for a true taste of bihar experience bhansa a culinary tribute to bihars timeless flavours curated by the awardwinning chef rachnaa prasad from authentic rustic recipes to soulsatisfying regional delicacies this is your chance to savour bihar like never before phoenix united mall alambagh lucknow thth june tag your foodie gang who needs to experience this with you book your table now on the barbeque nation app or website bhansa biharicuisine lucknow barbequenation,77,490,17.0,0.0
1458090000000000.0,BarbequeNation,"👑 Hyderabad’s royal feast takes its final bow tonight! ✨

This is your last chance to experience Nizam-E-Dastarkhwan with Chef Kenneth Gopinath at Barbeque Nation, Phoenix Marketcity, Whitefield. From regal Hyderabadi flavours to chef-curated indulgence—don’t miss the grand finale. 🍢🔥

📍 Phoenix Marketcity, Whitefield, Bengaluru
⏰ Ends today!

#NizamEDastarkhwan #BarbequeNation #HyderabadiFood",2026-05-24 10:41:02+00:00,43,3.0,2,9895.0,3157.0,https://www.facebook.com/reel/2403517256740454/,No Link,2026,May,Sunday,10,hyderabads royal feast takes its final bow tonight this is your last chance to experience nizamedastarkhwan with chef kenneth gopinath at barbeque nation phoenix marketcity whitefield from regal hyderabadi flavours to chefcurated indulgencedont miss the grand finale phoenix marketcity whitefield bengaluru ends today nizamedastarkhwan barbequenation hyderabadifood,46,365,48.0,0.004850934815563416
1457240000000000.0,BarbequeNation,"Pine Melody Bites 🍍🍫 are here at Barbeque Nation this Saturday & Sunday only (23rd–24th May) — because some #Melodi pairings just taste like perfect timing 😉✨

#BarbequeNation #PineMelodyBites #Melodi #Melody",2026-05-23 11:26:26+00:00,66,4.0,1,17744.0,3400.0,https://www.facebook.com/reel/1826639288722059/,No Link,2026,May,Saturday,11,pine melody bites are here at barbeque nation this saturday sunday only rdth may because some melodi pairings just taste like perfect timing barbequenation pinemelodybites melodi melody,27,185,71.0,0.004001352569882777
1456530000000000.0,BarbequeNation,"The sweetest reason to meet this weekend – Pine Melody Pastry🍍🍫✨
Only at Barbeque Nation this Saturday & Sunday, 23rd–24th May.

#BarbequeNation #PineMelodyPastry #LimitedEdition #MelodyMoments",2026-05-22 15:03:39+00:00,9,0.0,1,0.0,0.0,https://www.facebook.com/BarbequeNation/posts/pfbid02SUefm2yUiWssTytnsjPp1YrizxUrW8zWvTq8AumNeLrRac7yu3FmKbFbJetp9zQEl,No Link,2026,May,Friday,15,the sweetest reason to meet this weekend pine melody pastry only at barbeque nation this saturday sunday rdth may barbequenation pinemelodypastry limitededition melodymoments,23,174,10.0,0.0
1455520000000000.0,BarbequeNation,"Only 3 days left to experience the rich, soulful flavours of Punjab—beyond borders 🇮🇳✨

Step into Punjab Beyond Borders with Chef Anshmeet Singh and savour a specially curated culinary journey celebrating the flavours of undivided Punjab—where every dish brings together heritage, heart, and bold Punjabi indulgence. 🔥🥘

From robust curries to iconic regional favourites, this is your final chance to taste a feast that transcends boundaries before it’s gone!

📍 Sector 26, Chandigarh
📅 Ending 24th May

Don’t miss out—reserve your table now on the Barbeque Nation app or website.

#PunjabBeyondBorders #BarbequeNation #Chandigarh",2026-05-21 12:35:01+00:00,17,1.0,0,7699.0,1788.0,https://www.facebook.com/reel/1489228563215403/,No Link,2026,May,Thursday,12,only days left to experience the rich soulful flavours of punjabbeyond borders step into punjab beyond borders with chef anshmeet singh and savour a specially curated culinary journey celebrating the flavours of undivided punjabwhere every dish brings together heritage heart and bold punjabi indulgence from robust curries to iconic regional favourites this is your final chance to taste a feast that transcends boundaries before its gone sector chandigarh ending th may dont miss outreserve your table now on the barbeque nation app or website punjabbeyondborders barbequenation chandigarh,87,591,18.0,0.0023379659696064425
1453850000000000.0,BarbequeNation,"Enter the royal world of Nizam-E-Dastarkhwan 👑🍽️ A grand celebration of authentic Hyderabadi flavours, rich aromas, and timeless recipes ❤️‍🔥

Featuring Chef Kenneth Gopinath — MasterChef India 2023’s youngest contestant 🌟

📍 Phoenix Market City, Whitefield, Bengaluru
📅 20th–24th May 2026

From iconic biryanis to royal indulgences, experience the true taste of Hyderabad—only at Barbeque Nation 🔥

Book now on the Barbeque Nation app or website.

#BarbequeNation #NizamEDastarkhwan #HyderabadiFood #Bengaluru",2026-05-19 15:17:54+00:00,46,2.0,3,11189.0,2877.0,https://www.facebook.com/reel/1164739329116721/,No Link,2026,May,Tuesday,15,enter the royal world of nizamedastarkhwan a grand celebration of authentic hyderabadi flavours rich aromas and timeless recipes featuring chef kenneth gopinath masterchef india s youngest contestant phoenix market city whitefield bengaluru thth may from iconic biryanis to royal indulgences experience the true taste of hyderabadonly at barbeque nation book now on the barbeque nation app or website barbequenation nizamedastarkhwan hyderabadifood bengaluru,62,458,51.0,0.004558048082938601
1453630000000000.0,BarbequeNation,"Whether you’re here for the sizzling barbeque, the playlist-worthy moments, or the crew that turns every outing into a celebration—this is your spot 💃🕺🔥

#Disco #Spotify #BarbequeNation",2026-05-19 10:31:10+00:00,15,1.0,1,0.0,0.0,https://www.facebook.com/BarbequeNation/posts/pfbid02jQmytPfbhoZmALNJxkHxJXSQ6DqU2zGiBvrEuSiTC2RpJhai3Z9pfDp72ByhZtjDl,No Link,2026,May,Tuesday,10,whether youre here for the sizzling barbeque the playlistworthy moments or the crew that turns every outing into a celebrationthis is your spot disco spotify barbequenation,26,172,17.0,0.0
1452810000000000.0,BarbequeNation,"Barbeque Nation is now LIVE at Phoenix Mall of the Millennium, Wakad! 🥳🍢
Get ready for unlimited grills at your table, flavour-packed buffet spreads, live counters, indulgent desserts, and the BBQ experience you already love—now closer to you ❤️

Tag your food gang & plan your BBQ outing NOW 👇🍖

#BarbequeNation #Pune #Wakad #PhoenixMallOfTheMillennium",2026-05-18 11:58:53+00:00,12,2.0,1,10966.0,3406.0,https://www.facebook.com/reel/4543578059205802/,No Link,2026,May,Monday,11,barbeque nation is now live at phoenix mall of the millennium wakad get ready for unlimited grills at your table flavourpacked buffet spreads live counters indulgent desserts and the bbq experience you already lovenow closer to you tag your food gang plan your bbq outing now barbequenation pune wakad phoenixmallofthemillennium,50,328,15.0,0.0013678643078606602
1450200000000000.0,BarbequeNation,"Step into a royal feast with Nizam-E-Dastarkhwan – Royal Flavours of Hyderabad, a limited-time culinary celebration at Barbeque Nation, Phoenix Market City, Whitefield! 🔥

Curated with regal flavours and hosted by Kenneth Gopinath, youngest contestant on MasterChef India 2023, this is your chance to experience Hyderabad’s iconic richness—one unforgettable bite at a time. 🤤💛

📍 Phoenix Market City, Whitefield, Bengaluru
📅 20th–24th May 2026

From aromatic biryanis to rich Nizami delicacies, this is not just a meal—it’s a royal experience fit for food lovers. 👑✨

🎟️ Seats fill fast—book your table now on the Barbeque Nation app or website!

#BarbequeNation #NizamEDastarkhwan #HyderabadiFood #Bengaluru",2026-05-15 13:30:50+00:00,60,2.0,3,13777.0,4333.0,https://www.facebook.com/reel/1277605654526795/,No Link,2026,May,Friday,13,step into a royal feast with nizamedastarkhwan royal flavours of hyderabad a limitedtime culinary celebration at barbeque nation phoenix market city whitefield curated with regal flavours and hosted by kenneth gopinath youngest contestant on masterchef india this is your chance to experience hyderabads iconic richnessone unforgettable bite at a time phoenix market city whitefield bengaluru thth may from aromatic biryanis to rich nizami delicacies this is not just a mealits a royal experience fit for food lovers seats fill fastbook your table now on the barbeque nation app or website barbequenation nizamedastarkhwan hyderabadifood bengaluru,94,647,65.0,0.004718008274660667
1449990000000000.0,BarbequeNation,"Punjab Beyond Borders – Flavours of Undivided Punjab leke aa raha hai oh swaad jo dil nu ghar wali feeling de jaave 🤌✨ From dhuaandaar tandoors to rich, makhan-maar gravies, har bite ch Punjab da asli pyaar te warmth milegi 🫶

Curated by Chef Anshmeet Singh (MasterChef Jodi India | Top 4, 2026), this is a celebration of bold flavours, timeless recipes, te oh Punjabi mehmaan-nawaazi jo plate ton seedha dil tak pahunchdi hai 💛

Khul ke khao, dil khol ke aao—kyunki Punjab da swaad borders nahi menda 🇮🇳🔥

📍 Barbeque Nation, Sector 26 - Chandigarh
📅 18th – 24th May, 2026

Book your table now on the Barbeque Nation app or website.

#PunjabBeyondBorders #BarbequeNation #PunjabDaSwaad",2026-05-15 09:47:43+00:00,43,1.0,1,13831.0,3674.0,https://www.facebook.com/reel/1295328515508836/,No Link,2026,May,Friday,9,punjab beyond borders flavours of undivided punjab leke aa raha hai oh swaad jo dil nu ghar wali feeling de jaave from dhuaandaar tandoors to rich makhanmaar gravies har bite ch punjab da asli pyaar te warmth milegi curated by chef anshmeet singh masterchef jodi india top this is a celebration of bold flavours timeless recipes te oh punjabi mehmaannawaazi jo plate ton seedha dil tak pahunchdi hai khul ke khao dil khol ke aaokyunki punjab da swaad borders nahi menda barbeque nation sector chandigarh th th may book your table now on the barbeque nation app or website punjabbeyondborders barbequenation punjabdaswaad,102,620,45.0,0.003253560841587738
1449980000000000.0,BarbequeNation,"POV: your reaction just made the chef’s entire day 😭✨
One happy bite = mission accomplished 🤌🔥

#BarbequeNation
[POV reels | chef life | food content | viral food reels | dining experience]",2026-05-15 09:42:28+00:00,55,4.0,0,12795.0,4516.0,https://www.facebook.com/reel/1681388099977474/,No Link,2026,May,Friday,9,pov your reaction just made the chefs entire day one happy bite mission accomplished barbequenation pov reels chef life food content viral food reels dining experience,26,167,59.0,0.0046111762407190305
1448380000000000.0,BarbequeNation,"Step into the grandeur of Nizam-E-Dastarkhwan — a regal celebration of authentic Hyderabadi flavours, rich aromas, and timeless recipes curated to delight every foodie soul 🤍🍽️

Featuring Chef Kenneth Gopinath — the youngest contestant from MasterChef India 2023 — bringing his signature flair to this royal culinary experience 🌟

📍 Phoenix Market City, Whitefield, Bengaluru
📅 20th–24th May 2026

From aromatic biryanis to indulgent royal delicacies, this is your chance to experience the true taste of Hyderabad—only at Barbeque Nation 🔥

Book your table now on the Barbeque Nation app or website. 

#BarbequeNation #BarbequeVibes #NizamEDastarkhwan #Hyderabad",2026-05-13 16:27:22+00:00,12,2.0,0,0.0,0.0,https://www.facebook.com/BarbequeNation/posts/pfbid0svQZdfy5NDmb8AopdWc7NTimKu5wKnoTrVokmMSUNkt52SF9crhbz71dGhnVePf1l,No Link,2026,May,Wednesday,16,step into the grandeur of nizamedastarkhwan a regal celebration of authentic hyderabadi flavours rich aromas and timeless recipes curated to delight every foodie soul featuring chef kenneth gopinath the youngest contestant from masterchef india bringing his signature flair to this royal culinary experience phoenix market city whitefield bengaluru thth may from aromatic biryanis to indulgent royal delicacies this is your chance to experience the true taste of hyderabadonly at barbeque nation book your table now on the barbeque nation app or website barbequenation barbequevibes nizamedastarkhwan hyderabad,86,610,14.0,0.0
1448040000000000.0,BarbequeNation,"Dekho kya kya karna pad raha hai… tandoor sambhalte sambhalte recruitment bhi kar rahe hain 🔥

₹100 per hour hai boss!
Service industry mein kaam karo, hustle karo, aur BBQ vibes ka hissa bano 🤝✨
Kabhi kabhi staffing ke liye thoda dramatic hona padta hai 😌😂

Download Saathi app & join the Barbeque Nation fam! 🚀

#BarbequeNation #HiringNow #SaathiApp",2026-05-13 08:09:29+00:00,21,1.0,4,8757.0,1774.0,https://www.facebook.com/reel/1519671119821879/,No Link,2026,May,Wednesday,8,dekho kya kya karna pad raha hai tandoor sambhalte sambhalte recruitment bhi kar rahe hain per hour hai boss service industry mein kaam karo hustle karo aur bbq vibes ka hissa bano kabhi kabhi staffing ke liye thoda dramatic hona padta hai download saathi app join the barbeque nation fam barbequenation hiringnow saathiapp,53,323,26.0,0.002969053328765559
1447940000000000.0,BarbequeNation,"Presenting Punjab Beyond Borders – Flavours of Undivided Punjab, a soulful celebration of Punjab’s rich culinary legacy, where every bite tells a story of tradition, warmth, and bold flavour.

With Chef Anshmeet Singh (MasterChef Jodi India | Top 4, 2026) at the helm, get ready for smoky tandoors, indulgent gravies, and iconic recipes that bring the spirit of Punjab alive—one delicious frame at a time. 🤎✨

This isn’t just food. It’s nostalgia, heritage, and a full-blown Punjabi feast.

📍 Barbeque Nation, Sector 26 - Chandigarh
📅 18th – 24th May, 2026

Book your table now on the Barbeque Nation app or website.

#PunjabBeyondBorders #BarbequeNation #PunjabiCuisine #Chandigarh",2026-05-13 05:03:26+00:00,59,0.0,0,17928.0,8429.0,https://www.facebook.com/reel/2396904104127890/,No Link,2026,May,Wednesday,5,presenting punjab beyond borders flavours of undivided punjab a soulful celebration of punjabs rich culinary legacy where every bite tells a story of tradition warmth and bold flavour with chef anshmeet singh masterchef jodi india top at the helm get ready for smoky tandoors indulgent gravies and iconic recipes that bring the spirit of punjab aliveone delicious frame at a time this isnt just food its nostalgia heritage and a fullblown punjabi feast barbeque nation sector chandigarh th th may book your table now on the barbeque nation app or website punjabbeyondborders barbequenation punjabicuisine chandigarh,95,615,59.0,0.003290941543953592
1444660000000000.0,BarbequeNation,"Punjab isn’t just a cuisine. It’s an emotion served on a sizzling grill. 🔥🌾

Presenting Punjab Beyond Borders — a soulful culinary journey celebrating the rich flavours of undivided Punjab with Chef Anshmeet Singh, MasterChef Jodi India Top 4, 2026. ❤️👨🏻‍🍳

From smoky dhaba-style indulgence to timeless Punjabi classics, expect bold spices, slow-cooked gravies, and stories plated with every bite.

📍 Barbeque Nation, Sector 26, Chandigarh
📅 18th – 24th May, 2026

Book your table on the Barbeque Nation app or website.

#PunjabBeyondBorders #BarbequeNation",2026-05-09 14:35:38+00:00,26,4.0,4,10384.0,1602.0,https://www.facebook.com/reel/1339305368114902/,No Link,2026,May,Saturday,14,punjab isnt just a cuisine its an emotion served on a sizzling grill presenting punjab beyond borders a soulful culinary journey celebrating the rich flavours of undivided punjab with chef anshmeet singh masterchef jodi india top from smoky dhabastyle indulgence to timeless punjabi classics expect bold spices slowcooked gravies and stories plated with every bite barbeque nation sector chandigarh th th may book your table on the barbeque nation app or website punjabbeyondborders barbequenation,74,497,34.0,0.0032742681047765792
1444500000000000.0,BarbequeNation,"🚨 LAST DAY ALERT: MIRCHI MEXICANO 🌶️🇮🇳🇲🇽

Tomorrow’s your final chance to experience the boldest flavour crossover in Hyderabad — where smoky Mexican grills meet the spice and soul of Hyderabad 💥

Curated with Chef Kanak Khathuria (MasterChef India S1 Top 12), this is not your regular food pop-up… this is a full-blown flavour fiesta 🌮🍢🍛

📍 Nexus Mall Kukatpally, Hyderabad
📅 LAST DAY: 10th May, 2026

Come hungry. Leave obsessed. 😮‍💨✨

#MirchiMexicano #Hyderabad #mexican #BarbequeNation",2026-05-09 10:53:05+00:00,36,7.0,2,11191.0,1821.0,https://www.facebook.com/reel/964317346354528/,No Link,2026,May,Saturday,10,last day alert mirchi mexicano tomorrows your final chance to experience the boldest flavour crossover in hyderabad where smoky mexican grills meet the spice and soul of hyderabad curated with chef kanak khathuria masterchef india s top this is not your regular food popup this is a fullblown flavour fiesta nexus mall kukatpally hyderabad last day th may come hungry leave obsessed mirchimexicano hyderabad mexican barbequenation,66,430,45.0,0.004021088374586722
1443380000000000.0,BarbequeNation,"Punjab isn’t just a place—it’s an emotion, a legacy, and a burst of bold flavours that travel beyond borders 🔥🌾

Introducing Punjab Beyond Borders – Flavours of Undivided Punjab, a celebration of rich culinary heritage, where every dish is rooted in tradition and elevated with soul.

Curated by Chef Anshmeet Singh (MasterChef Jodi India | Top 4, 2026), this experience brings together smoky tandoors, robust gravies, and timeless recipes that capture the essence of Punjab on every plate. 

📍 Barbeque Nation, Sector 26 - Chandigarh
📅 18th – 24th May, 2026

Book your table on the Barbeque Nation app or website. 

#PunjabBeyondBorders #BarbequeNation #PunjabiFood #Chandigarh",2026-05-08 05:27:36+00:00,16,7.0,3,0.0,0.0,https://www.facebook.com/BarbequeNation/posts/pfbid0RLaXCQcteM6b4Ume5HZv9tTBRDKQZrwQANDkoZdvCbexvSrKs1peg8ai6wtwv5J4l,No Link,2026,May,Friday,5,punjab isnt just a placeits an emotion a legacy and a burst of bold flavours that travel beyond borders introducing punjab beyond borders flavours of undivided punjab a celebration of rich culinary heritage where every dish is rooted in tradition and elevated with soul curated by chef anshmeet singh masterchef jodi india top this experience brings together smoky tandoors robust gravies and timeless recipes that capture the essence of punjab on every plate barbeque nation sector chandigarh th th may book your table on the barbeque nation app or website punjabbeyondborders barbequenation punjabifood chandigarh,94,615,26.0,0.0
1442520000000000.0,BarbequeNation,"May is about to taste different 🔥

Something exciting is hitting your city—bold flavours, fresh ideas, and chefs you’ll want to keep an eye on 👀🍢

👨‍🍳 Chef Kenneth Gopinath — Bengaluru
👩‍🍳 Chef Kanak Khathuria — Hyderabad
👨‍🍳 Chef Anshmeet Singh — Chandigarh

From Bengaluru to Hyderabad to Chandigarh, we’re bringing together new culinary vibes that are anything but ordinary.

Get ready to discover, indulge, and keep coming back for more.

📍 Coming soon to your city

Book your table on Barbeque Nation app or website.

#BarbequeNation #Vibes #ComingSoon",2026-05-07 05:34:24+00:00,11,0.0,0,7576.0,965.0,https://www.facebook.com/reel/954146513927760/,No Link,2026,May,Thursday,5,may is about to taste different something exciting is hitting your citybold flavours fresh ideas and chefs youll want to keep an eye on chef kenneth gopinath bengaluru chef kanak khathuria hyderabad chef anshmeet singh chandigarh from bengaluru to hyderabad to chandigarh were bringing together new culinary vibes that are anything but ordinary get ready to discover indulge and keep coming back for more coming soon to your city book your table on barbeque nation app or website barbequenation vibes comingsoon,81,511,11.0,0.0014519535374868005
1441980000000000.0,BarbequeNation,"Somewhere in every mother, there is a woman who deeply loves good food and finds her happy place at the table.

This Mother’s Day, Barbeque Nation celebrates the foodie in every Mom.

#BarbequeNation #HappyMothersDay",2026-05-06 13:19:20+00:00,34,1.0,2,7815.0,1393.0,https://www.facebook.com/reel/1285942467024198/,No Link,2026,May,Wednesday,13,somewhere in every mother there is a woman who deeply loves good food and finds her happy place at the table this mothers day barbeque nation celebrates the foodie in every mom barbequenation happymothersday,34,207,37.0,0.00473448496481126
1440050000000000.0,BarbequeNation,"Hyderabad 🤝 Mexico — a bold, flavour-packed match 🔥🌮

Smoky grills, zesty salsas, and spice in every bite — where tandoor meets tortilla and cultures collide deliciously 🌶️✨

⏳ Just 2 days to go for the Mirchi Mexicano pop-up!

📍 Nexus Hyderabad Mall, 4th floor, Kukatpally, Hyderabad
📅 6th – 10th May

#MirchiMexicano #Hyderabad #Mexican #BarbequeNation",2026-05-04 07:28:51+00:00,16,2.0,3,7871.0,1804.0,https://www.facebook.com/reel/2424148744741071/,No Link,2026,May,Monday,7,hyderabad mexico a bold flavourpacked match smoky grills zesty salsas and spice in every bite where tandoor meets tortilla and cultures collide deliciously just days to go for the mirchi mexicano popup nexus hyderabad mall th floor kukatpally hyderabad th th may mirchimexicano hyderabad mexican barbequenation,46,310,21.0,0.0026680218523694576
1437740000000000.0,BarbequeNation,"From the rich spices of Malabar to flavours beyond borders — this wasn’t just a festival, it was a full-blown coastal celebration.

Sizzling grills, soulful curries, endless conversations, and plates that told stories… every moment was unforgettable.

With Mohammed Ashiq bringing his magic to the table, the experience hit a whole new level.

Bengaluru showed up. And how. 💥

If you were here — you know the vibe.
If you missed it — we’ve got stories waiting for you next time.

#MalabarAndBeyond #BarbequeNation #CoastalFoodFestival",2026-05-01 12:33:53+00:00,29,0.0,2,8810.0,1881.0,https://www.facebook.com/reel/1945315426092785/,No Link,2026,May,Friday,12,from the rich spices of malabar to flavours beyond borders this wasnt just a festival it was a fullblown coastal celebration sizzling grills soulful curries endless conversations and plates that told stories every moment was unforgettable with mohammed ashiq bringing his magic to the table the experience hit a whole new level bengaluru showed up and how if you were here you know the vibe if you missed it weve got stories waiting for you next time malabarandbeyond barbequenation coastalfoodfestival,80,502,31.0,0.003518728717366629
1437030000000000.0,BarbequeNation,"Hyderabad just got a spicy twist 🌶️🇲🇽

Mirchi Mexicano is here — where bold Indian flavours meet zesty Mexican vibes! ✨
Experience an exclusive culinary takeover by Chef Kanak Khathuria (MasterChef India S1 Top 12) with dishes that bring the heat, the crunch, and all the fiesta feels 🔥🌮

📍 Kukatpally, Hyderabad
📅 6th – 10th May, 2026

Come hungry. Leave obsessed.

#MirchiMexicano #BarbequeNation #Hyderabad",2026-04-30 16:46:22+00:00,46,0.0,3,8922.0,1898.0,https://www.facebook.com/reel/2270173056848985/,No Link,2026,April,Thursday,16,hyderabad just got a spicy twist mirchi mexicano is here where bold indian flavours meet zesty mexican vibes experience an exclusive culinary takeover by chef kanak khathuria masterchef india s top with dishes that bring the heat the crunch and all the fiesta feels kukatpally hyderabad th th may come hungry leave obsessed mirchimexicano barbequenation hyderabad,56,363,49.0,0.00549204214301726
1433240000000000.0,BarbequeNation,"Only 2 days left to experience the bold, soulful flavours of the Konkan coast 🌶️🌊

Step into The Konkan Spice Table with Chef Shraddha Palande and indulge in a specially curated Maharashtrian culinary journey—where every dish tells a story of spice, tradition, and coastal indulgence.

From rich curries to irresistible regional favourites, this is your last chance to savour it all before it’s gone!

📍 Westend Mall, Aundh, Pune
📅 Ending 28th April

Don’t miss out—reserve your table now on the Barbeque Nation app or website.

#KonkanSpiceTable #BarbequeNation #PuneEats #FoodFestival #MaharashtrianCuisine",2026-04-26 12:02:13+00:00,57,0.0,0,10967.0,4684.0,https://www.facebook.com/reel/1204122281645881/,No Link,2026,April,Sunday,12,only days left to experience the bold soulful flavours of the konkan coast step into the konkan spice table with chef shraddha palande and indulge in a specially curated maharashtrian culinary journeywhere every dish tells a story of spice tradition and coastal indulgence from rich curries to irresistible regional favourites this is your last chance to savour it all before its gone westend mall aundh pune ending th april dont miss outreserve your table now on the barbeque nation app or website konkanspicetable barbequenation puneeats foodfestival maharashtriancuisine,87,573,57.0,0.0051974104130573535
1432500000000000.0,BarbequeNation,"May is about to taste different 🔥

Something exciting is hitting your city—bold flavours, fresh ideas, and chefs you’ll want to keep an eye on 👀🍢

👨‍🍳 Chef Kenneth Gopinath — Bengaluru
👩‍🍳 Chef Kanak Khathuria — Hyderabad
👨‍🍳 Chef Anshmeet Singh — Chandigarh

From Bengaluru to Hyderabad to Chandigarh, we’re bringing together new culinary vibes that are anything but ordinary.

Get ready to discover, indulge, and keep coming back for more.

📍 Coming soon to your city

Book your table on Barbeque Nation app or website. 

#BarbequeNation #Vibes #ComingSoon",2026-04-25 14:34:27+00:00,11,0.0,0,0.0,0.0,https://www.facebook.com/BarbequeNation/posts/pfbid0535MEUhxoefL5r9wpYBkADQP9RBFKs8X2s9SudFZCeMyj3XubVMKepqhsuUDFgCUl,No Link,2026,April,Saturday,14,may is about to taste different something exciting is hitting your citybold flavours fresh ideas and chefs youll want to keep an eye on chef kenneth gopinath bengaluru chef kanak khathuria hyderabad chef anshmeet singh chandigarh from bengaluru to hyderabad to chandigarh were bringing together new culinary vibes that are anything but ordinary get ready to discover indulge and keep coming back for more coming soon to your city book your table on barbeque nation app or website barbequenation vibes comingsoon,81,511,11.0,0.0
1432100000000000.0,BarbequeNation,"The coast comes alive… and it starts today 🌊✨

Introducing Malabar & Beyond – Coastal Food Festival 🍤🥥
A celebration of bold coastal flavours, rich traditions, and soulful dishes curated by MasterChef Winner Mohammed Ashiq.

From comforting curries to irresistible starters, every plate is a journey across India’s coastline.

📍 Lulu Global Mall, Bengaluru
📅 25th – 29th April, 2026

Book your experience now on the Barbeque Nation app or website.

#MalabarAndBeyond #CoastalFoodFestival #BarbequeNation",2026-04-25 04:12:28+00:00,82,3.0,7,15131.0,5506.0,https://www.facebook.com/reel/27537905389130556/,No Link,2026,April,Saturday,4,the coast comes alive and it starts today introducing malabar beyond coastal food festival a celebration of bold coastal flavours rich traditions and soulful dishes curated by masterchef winner mohammed ashiq from comforting curries to irresistible starters every plate is a journey across indias coastline lulu global mall bengaluru th th april book your experience now on the barbeque nation app or website malabarandbeyond coastalfoodfestival barbequenation,66,460,92.0,0.006080232634987774
1431130000000000.0,BarbequeNation,"Marabu Manam is in full swing—and Chennai is showing up for it 🔥

From 22nd–26th April, Chef Selva Sunitha brings a bold, reimagined take on South Asian flavours to Barbeque Nation, Marina Mall, Chennai 📍

The standouts everyone’s coming back for:
Sticky Mutton Ribs 🔥🍖
Curry Leaves Crème Brûlée 🍮✨
Kongunadu Chicken Vellai Biryani 🍗🍚

With just two days to go ⏳, this is your last chance to experience it before it wraps on 26th April.

Book your table now on the Barbeque Nation app or website 📲

#MarabuManam #BarbequeNation #ChennaiEats",2026-04-24 04:00:55+00:00,28,3.0,2,9687.0,1648.0,https://www.facebook.com/reel/2711617979204793/,No Link,2026,April,Friday,4,marabu manam is in full swingand chennai is showing up for it from ndth april chef selva sunitha brings a bold reimagined take on south asian flavours to barbeque nation marina mall chennai the standouts everyones coming back for sticky mutton ribs curry leaves crème brûlée kongunadu chicken vellai biryani with just two days to go this is your last chance to experience it before it wraps on th april book your table now on the barbeque nation app or website marabumanam barbequenation chennaieats,84,499,33.0,0.0034066274388355527
1428950000000000.0,BarbequeNation,"From Naatukozhi Rasam to Puli-then glazed Mutton Ribs… this isn’t just a menu, it’s a full-blown flavour trip 🌶️🔥

Marabu Manam brings together Tamil classics with Sri Lankan flair — think:
🍤 Poondu Podi Prawn Skewers
🍗 Ilangai Fiery Chicken Bites
🍛 Kongunadu Chicken Vellai Biryani
🥥 Curry Leaves Crème Brûlée

Crafted by Chef Selva Sunitha, this limited-time experience is not to be missed.

📍 Marina Mall, Chennai
📅 22nd–26th April

Book Your Table on the Barbeque Nation app or website. 

#MarabuManam #BarbequeNation #ChennaiEats #TamilCuisine",2026-04-21 16:25:12+00:00,112,0.0,3,21801.0,7749.0,https://www.facebook.com/reel/979809174580251/,No Link,2026,April,Tuesday,16,from naatukozhi rasam to pulithen glazed mutton ribs this isnt just a menu its a fullblown flavour trip marabu manam brings together tamil classics with sri lankan flair think poondu podi prawn skewers ilangai fiery chicken bites kongunadu chicken vellai biryani curry leaves crème brûlée crafted by chef selva sunitha this limitedtime experience is not to be missed marina mall chennai ndth april book your table on the barbeque nation app or website marabumanam barbequenation chennaieats tamilcuisine,77,503,115.0,0.00527498738589973
1428080000000000.0,BarbequeNation,"Asli Marathi swaad, straight from the Konkan coast 🌴🔥

Chef Shraddha Palande brings you a celebration of authentic Maharashtrian flavours — from kokum-infused starters to rich Malvani curries.

No shortcuts. Just real, regional recipes done right.

📍 Westend Mall, Aundh, Pune
📅 24th – 28th April

Pune, तुमचं जेवण तयार आहे ❤️

Book your table on the Barbeque Nation app or website!

#BarbequeNation #MarathiCuisine #KonkanFood #PuneFoodies #MalvaniFlavours",2026-04-20 15:29:42+00:00,49,1.0,2,13585.0,5488.0,https://www.facebook.com/reel/992891846504275/,No Link,2026,April,Monday,15,asli marathi swaad straight from the konkan coast chef shraddha palande brings you a celebration of authentic maharashtrian flavours from kokuminfused starters to rich malvani curries no shortcuts just real regional recipes done right westend mall aundh pune th th april pune तमच जवण तयर आह book your table on the barbeque nation app or website barbequenation marathicuisine konkanfood punefoodies malvaniflavours,61,413,52.0,0.003827751196172249
1426220000000000.0,BarbequeNation,"Vanakkam Chennai! 🌴✨
Chef Selva Sunitha is inviting you to experience Marabu Manam — a soulful celebration of Tamil roots infused with bold Sri Lankan flavours 🇮🇳🤝🇱🇰

From nostalgic aromas to reimagined classics, this is where tradition meets fire, spice, and storytelling on a plate 🔥🍢

📍 Marina Mall, Chennai
📅 22nd – 26th April, 2026

Come hungry. Leave with memories. ❤️
Book you table on the Barbeque Nation app or website. 

#MarabuManam #BarbequeNation #Chennai #SouthIndianCuisine #SriLankan",2026-04-18 08:49:35+00:00,27,0.0,1,10355.0,1767.0,https://www.facebook.com/reel/1660849748264349/,No Link,2026,April,Saturday,8,vanakkam chennai chef selva sunitha is inviting you to experience marabu manam a soulful celebration of tamil roots infused with bold sri lankan flavours from nostalgic aromas to reimagined classics this is where tradition meets fire spice and storytelling on a plate marina mall chennai nd th april come hungry leave with memories book you table on the barbeque nation app or website marabumanam barbequenation chennai southindiancuisine srilankan,68,448,28.0,0.002704007725736359
1425280000000000.0,BarbequeNation,"“Ghar ki yaad nahi aayi tujhe, Jassi?” 👀❤️

Aayi hogi… bas taste nahi mila hoga.

Ab milega. 🤌🔥
Presenting The Konkan Spice Table — jahan har bite mein hai ghar ka swaad, coastal masalon ka pyaar, aur asli Maharashtrian warmth. 🍲✨

Chef Shraddha Palande la rahi hain woh recipes… jo sirf khaane nahi, yaadein hain.

📍 Westend Mall, Aundh, Pune
📅 24th – 28th April

Book now on the Barbeque Nation app or website.",2026-04-17 06:00:08+00:00,28,0.0,2,9747.0,2530.0,https://www.facebook.com/reel/1496150798541493/,No Link,2026,April,Friday,6,ghar ki yaad nahi aayi tujhe jassi aayi hogi bas taste nahi mila hoga ab milega presenting the konkan spice table jahan har bite mein hai ghar ka swaad coastal masalon ka pyaar aur asli maharashtrian warmth chef shraddha palande la rahi hain woh recipes jo sirf khaane nahi yaadein hain westend mall aundh pune th th april book now on the barbeque nation app or website,67,369,30.0,0.0030778701138811943
1424900000000000.0,BarbequeNation,"Bengaluru, your coastal getaway just arrived 🌴🌊

Dive into Malabar & Beyond — a limited-time coastal food festival curated by MasterChef Winner Mohammed Ashiq 👨‍🍳🔥
From rich Fish Curries to indulgent Squid Ghee Roast, every bite is a journey down the coast.

📍 Lulu Global Mall, Bengaluru
📅 25th – 29th April 2026

Come hungry. Leave coastal. 😉

Book your table now on the Barbeque Nation app or website. 

#MalabarAndBeyond #BarbequeNation #ChefAshiq #MasterChefIndia #CoastalCuisine",2026-04-16 17:17:27+00:00,22,1.0,0,0.0,0.0,https://www.facebook.com/BarbequeNation/posts/pfbid0363U2iZDwTobqUA5ht6G2rmS7oVTuLGLrPdm9QG1yWxUQQbKnBoQ9Gq1cbvZmyfBl,No Link,2026,April,Thursday,17,bengaluru your coastal getaway just arrived dive into malabar beyond a limitedtime coastal food festival curated by masterchef winner mohammed ashiq from rich fish curries to indulgent squid ghee roast every bite is a journey down the coast lulu global mall bengaluru th th april come hungry leave coastal book your table now on the barbeque nation app or website malabarandbeyond barbequenation chefashiq masterchefindia coastalcuisine,65,436,23.0,0.0
1424860000000000.0,BarbequeNation,"Bengaluru, your coastal getaway just arrived 🌴🌊

Dive into Malabar & Beyond — a limited-time coastal food festival curated by MasterChef Winner Mohammed Ashiq 👨‍🍳🔥
From rich Fish Curries to indulgent Prawn Ghee Roast, every bite is a journey down the coast.

📍 Lulu Global Mall, Bengaluru
📅 25th – 29th April 2026

Come hungry. Leave coastal. 😉

Book your table now 👉 www.barbequenation.com

#MalabarAndBeyond #BarbequeNation #ChefAshiq #MasterChefIndia #CoastalCuisine",2026-04-16 16:20:57+00:00,20,0.0,1,0.0,0.0,https://www.facebook.com/BarbequeNation/posts/pfbid0ZFv7Gq2yNMuBitFAKwjVsLL6kjwvKpLCCgf5Yuz6pqbBcxhWyN7ymWr11V2hGHz6l,http://www.barbequenation.com/,2026,April,Thursday,16,bengaluru your coastal getaway just arrived dive into malabar beyond a limitedtime coastal food festival curated by masterchef winner mohammed ashiq from rich fish curries to indulgent prawn ghee roast every bite is a journey down the coast lulu global mall bengaluru th th april come hungry leave coastal book your table now malabarandbeyond barbequenation chefashiq masterchefindia coastalcuisine,58,398,21.0,0.0
1423660000000000.0,BarbequeNation,"Pune, an experience worth slowing down for. ✨

Presenting The Konkan Spice Table 🍲
A refined celebration of Maharashtrian cuisine—where coastal flavours meet timeless tradition, brought together with thoughtful finesse.

Curated by Chef Shraddha Palande 👩‍🍳 (Times Power Food Creator, 2026), this limited-time menu captures the depth, warmth, and quiet elegance of Konkan’s culinary heritage.

📍 Westend Mall, Aundh, Pune
📅 24th – 28th April

An intimate journey of flavour awaits.
Reserve your table on the Barbeque Nation app or website.

#KonkanSpiceTable #MaharashtrianCuisine #PuneDining #BarbequeNation",2026-04-15 09:01:18+00:00,19,1.0,0,0.0,0.0,https://www.facebook.com/BarbequeNation/posts/pfbid02QsbvB8JPuaZrHP7EcNJWAo2rfR2EFroK8HzqpVDAKBtFPM5fa9CK2EEhwwMLc5EPl,No Link,2026,April,Wednesday,9,pune an experience worth slowing down for presenting the konkan spice table a refined celebration of maharashtrian cuisinewhere coastal flavours meet timeless tradition brought together with thoughtful finesse curated by chef shraddha palande times power food creator this limitedtime menu captures the depth warmth and quiet elegance of konkans culinary heritage westend mall aundh pune th th april an intimate journey of flavour awaits reserve your table on the barbeque nation app or website konkanspicetable maharashtriancuisine punedining barbequenation,78,558,20.0,0.0
1421430000000000.0,BarbequeNation,"Marabu Manam arrives in Chennai!
A celebration of Tamil flavours, reimagined with depth, fire & soul of Sri Lanka. 

Curated by Chef Selva Sunitha — MasterChef India Season 1 Top 7 

This limited-time pop-up brings together coastal influences, bold spice profiles, and stories rooted in tradition, served with a contemporary edge.

📍 Marina Mall, Chennai
📅 22nd – 26th April, 2026

👉 Book now on the Barbeque Nation app or website

#MarabuManam #BarbequeNation #Chennai",2026-04-12 14:45:38+00:00,16,1.0,0,0.0,0.0,https://www.facebook.com/BarbequeNation/posts/pfbid012gCdCdZEUk7pYSXgHeejbZnhdyHuZRgGVo4HhBYRsZCqdmtaLgJqfXDzgFoNyqbl,No Link,2026,April,Sunday,14,marabu manam arrives in chennai a celebration of tamil flavours reimagined with depth fire soul of sri lanka curated by chef selva sunitha masterchef india season top this limitedtime popup brings together coastal influences bold spice profiles and stories rooted in tradition served with a contemporary edge marina mall chennai nd th april book now on the barbeque nation app or website marabumanam barbequenation chennai,65,422,17.0,0.0
1420230000000000.0,BarbequeNation,"That one senior who just can’t stay out of the frame 😂🧤

Tag the “supervisor” of your group who can’t sit still.",2026-04-11 04:30:15+00:00,95,6.0,4,31793.0,13642.0,https://www.facebook.com/reel/1480649326901472/,No Link,2026,April,Saturday,4,that one senior who just cant stay out of the frame tag the supervisor of your group who cant sit still,21,103,105.0,0.0033026137829081873
1417840000000000.0,BarbequeNation,"The era of Old Dilli’s Mughlai heritage is coming to an end in Ahmedabad. 🥘👑

If you haven’t experienced Chef Yashita’s royal takeover yet, this is your sign! From the melt-in-the-mouth Khumb Galauti to the rich, aromatic Vegetarian Nihari, every dish has been a “super hit” with our guests. Don’t let these authentic, layered flavors slip away without a taste.

📍 Venue: Barbeque Nation, Nexus One Mall, Ahmedabad

📅 Last Day: Tomorrow, April 9th, 2026

Hurry! You’ll miss out on this Old Mughlai Culinary Heritage if you don’t visit by tomorrow.

Book your final table now via the Barbeque Nation app or the link in our bio.",2026-04-08 06:26:02+00:00,50,0.0,2,11750.0,3195.0,https://www.facebook.com/reel/1457950255740067/,No Link,2026,April,Wednesday,6,the era of old dillis mughlai heritage is coming to an end in ahmedabad if you havent experienced chef yashitas royal takeover yet this is your sign from the meltinthemouth khumb galauti to the rich aromatic vegetarian nihari every dish has been a super hit with our guests dont let these authentic layered flavors slip away without a taste venue barbeque nation nexus one mall ahmedabad last day tomorrow april th hurry youll miss out on this old mughlai culinary heritage if you dont visit by tomorrow book your final table now via the barbeque nation app or the link in our bio,103,580,52.0,0.004425531914893617
1417100000000000.0,BarbequeNation,"Hospitality training: 10/10. Responding to pspspsp: 11/10 💅

#barbequenation #explorepage #hospitalitystaff #fyp #ᴛʀᴇɴᴅɪɴɢᴘᴏsᴛ",2026-04-07 09:06:16+00:00,160,4.0,3,42931.0,16294.0,https://www.facebook.com/reel/1609953210269927/,No Link,2026,April,Tuesday,9,hospitality training responding to pspspsp barbequenation explorepage hospitalitystaff fyp ᴛʀᴇɴᴅɪɴɢᴘᴏsᴛ,10,103,167.0,0.0038899629638256736
1416450000000000.0,BarbequeNation,"Experience the flavors that Ahmedabad can’t stop talking about! 🥘🌟

Our guests at Nexus One Mall have spoken! The standout stars of Shahi Zaika from the “excellent” Badami Shorba 
 to the unique Vegetarian Nihari are winning hearts across the city. 
Chef Yashita invites you to taste the heritage of Old Dilli, crafted with the same precision and love that made these dishes legendary.

Don’t just take our word for it come see why our guests are calling it an “unforgettable” feast!

📍 Venue: Nexus One Mall, Ahmedabad

📅 Date: 3rd – 9th April, 2026

Treat yourself to a legacy of flavor.

Reserve your table now via the Barbeque Nation app or the link in our bio.",2026-04-06 12:52:21+00:00,78,2.0,1,13167.0,4995.0,https://www.facebook.com/reel/1312533660757031/,No Link,2026,April,Monday,12,experience the flavors that ahmedabad cant stop talking about our guests at nexus one mall have spoken the standout stars of shahi zaika from the excellent badami shorba to the unique vegetarian nihari are winning hearts across the city chef yashita invites you to taste the heritage of old dilli crafted with the same precision and love that made these dishes legendary dont just take our word for it come see why our guests are calling it an unforgettable feast venue nexus one mall ahmedabad date rd th april treat yourself to a legacy of flavor reserve your table now via the barbeque nation app or the link in our bio,111,622,81.0,0.006151742993848257
1414490000000000.0,BarbequeNation,"Just delivering what “best hospitality” looks like 🔥😌

#barbequenation #explorepage #hospitalitystaff #fyp #trending",2026-04-04 03:52:40+00:00,99,4.0,3,24717.0,10027.0,https://www.facebook.com/reel/1216673853824052/,No Link,2026,April,Saturday,3,just delivering what best hospitality looks like barbequenation explorepage hospitalitystaff fyp trending,12,105,106.0,0.004288546344621111
1412750000000000.0,BarbequeNation,"This is your sign to take a break… 🍫and indulge in unlimited desserts at Barbeque Nation 😌🍰

#barebequenation #unlimitedbuffet #dessert",2026-04-02 03:24:36+00:00,81,13.0,1,0.0,0.0,https://www.facebook.com/BarbequeNation/posts/pfbid038SpTBAGNBUzfoM8PJAqmKXUGszuMyCW8k2oV1Wcu8RYZH8ED1dxHSy4QvdeKxfnl,No Link,2026,April,Thursday,3,this is your sign to take a break and indulge in unlimited desserts at barbeque nation barebequenation unlimitedbuffet dessert,19,126,95.0,0.0
1412240000000000.0,BarbequeNation,"This is your sign to take a break… 🍫and indulge in unlimited desserts at Barbeque Nation 😌🍰

#barbequenation #kitkat #unlimitedbuffet #desserts",2026-04-01 13:06:19+00:00,301,19.0,1,0.0,0.0,https://www.facebook.com/BarbequeNation/posts/pfbid02BiLKBv6dNXPnMhqBwMzBwbWgAbFb2RFiXiwhNBRdva9PSgYkv9MtjJDj53whzojul,No Link,2026,April,Wednesday,13,this is your sign to take a break and indulge in unlimited desserts at barbeque nation barbequenation kitkat unlimitedbuffet desserts,20,133,321.0,0.0
1412190000000000.0,BarbequeNation,"Old Dilli’s best-kept culinary secrets, now in Ahmedabad. 🏰✨

Join us for Shahi Zaika, an exclusive royal feast curated by Chef Yashita. From the melt-in-the-mouth Khumb Galauti and Veg Shammi Kebab to the rich Shahi Kaju Aloo and Arbi ki Nihari, taste the authentic flavors that have traveled from the lanes of Delhi to your plate.

📍 Venue: Barbeque Nation, Nexus Ahmedabad One Mall

📅 Date: 3rd – 9th April, 2026

Book your table now on the Barbeque Nation website.

#barebequenation #foodpopup #ChefYashtika #ahmedabad",2026-04-01 11:58:34+00:00,30,1.0,1,9220.0,2204.0,https://www.facebook.com/reel/1472593864530541/,No Link,2026,April,Wednesday,11,old dillis bestkept culinary secrets now in ahmedabad join us for shahi zaika an exclusive royal feast curated by chef yashita from the meltinthemouth khumb galauti and veg shammi kebab to the rich shahi kaju aloo and arbi ki nihari taste the authentic flavors that have traveled from the lanes of delhi to your plate venue barbeque nation nexus ahmedabad one mall date rd th april book your table now on the barbeque nation website barebequenation foodpopup chefyashtika ahmedabad,79,481,32.0,0.0034707158351409977
1411970000000000.0,BarbequeNation,"April Fool’s? That’s just the start 😉

Because this April, there are a lot of celebrations to look forward to… and even more to feast on. 

From exclusive food pop-ups to festive deals and summer specials it’s all happening at Barbeque Nation.

Stay tuned for what’s coming this April, and visit barbequenation.com to explore all the offers.

#barebequenation #aprilfoolsday #barbequevibes",2026-04-01 06:28:03+00:00,10,0.0,1,0.0,0.0,https://www.facebook.com/BarbequeNation/posts/pfbid031SGEwJDT4HyCisVToz2MWmhBXge5Mf73KKQHWfLnzKaf1XGEGhUGnvHq3rDQaSz2l,http://barbequenation.com/,2026,April,Wednesday,6,april fools thats just the start because this april there are a lot of celebrations to look forward to and even more to feast on from exclusive food popups to festive deals and summer specials its all happening at barbeque nation stay tuned for whats coming this april and visit barbequenationcom to explore all the offers barebequenation aprilfoolsday barbequevibes,59,366,11.0,0.0
1410550000000000.0,BarbequeNation,"Monali, from Assam, joined Barbeque Nation in 2022—and in just 3.5 years, has carved her journey across bakery, display, and live kitchen, now thriving as a cuisine chef.

Through every challenge, it was the people who stood by her teaching, supporting, and growing together. Because sometimes, a workplace becomes more than just work it becomes your biggest strength.

At Barbeque Nation, we are proud to have strong, determined, and inspiring women like Monali who are building their own paths, one step at a time.

To every girl out there your journey may begin with uncertainty, but it can lead to something powerful. 💪

#WomenInHospitality #BarbequeNation #SheAte",2026-03-30 11:54:30+00:00,22,2.0,0,10560.0,1531.0,https://www.facebook.com/reel/1954061045986860/,No Link,2026,March,Monday,11,monali from assam joined barbeque nation in and in just years has carved her journey across bakery display and live kitchen now thriving as a cuisine chef through every challenge it was the people who stood by her teaching supporting and growing together because sometimes a workplace becomes more than just work it becomes your biggest strength at barbeque nation we are proud to have strong determined and inspiring women like monali who are building their own paths one step at a time to every girl out there your journey may begin with uncertainty but it can lead to something powerful womeninhospitality barbequenation sheate,104,630,24.0,0.0022727272727272726
1410370000000000.0,BarbequeNation,"Something BIG is grilling its way to your city this April… and trust us, you don’t want to miss this 🔥👀

Barbeque Nation VIBES is bringing together some of the finest culinary talent for an experience that’s loaded with bold flavours, limited-time dishes, and serious food FOMO. 🍢✨

✴️Chef Yashita Agarwal – Nexus One Mall, Ahmedabad
✴️Chef Mohammed Ashiq – Lulu Global Mall, Bengaluru
✴️Chef Selva Sunitha – Marina Mall, Chennai

Each chef is curating exclusive pop-up specials you won’t find on the regular menu — think unique takes, regional inspirations, and dishes crafted just for this moment.

This isn’t just a meal… it’s a limited-time vibe. And once it’s gone, it’s gone. ⏳🔥

📍 Coming soon to your city
👉 Stay tuned & be the first to experience it

#BarbequeNation #BNVibes #FoodFOMO #LimitedTimeOnly",2026-03-30 06:20:01+00:00,17,1.0,0,9582.0,1283.0,https://www.facebook.com/reel/1525060452375834/,No Link,2026,March,Monday,6,something big is grilling its way to your city this april and trust us you dont want to miss this barbeque nation vibes is bringing together some of the finest culinary talent for an experience thats loaded with bold flavours limitedtime dishes and serious food fomo chef yashita agarwal nexus one mall ahmedabad chef mohammed ashiq lulu global mall bengaluru chef selva sunitha marina mall chennai each chef is curating exclusive popup specials you wont find on the regular menu think unique takes regional inspirations and dishes crafted just for this moment this isnt just a meal its a limitedtime vibe and once its gone its gone coming soon to your city stay tuned be the first to experience it barbequenation bnvibes foodfomo limitedtimeonly,124,746,18.0,0.001878522229179712
1409160000000000.0,BarbequeNation,"KEM CHO AMDAVAD!

Join Chef Yashita, an expert in Old Delhi Mughlai cuisine, as she brings alive the richness of Shahi Zaika – A Royal Mughlai Feast. 👑

And here’s what makes it truly special — indulge in rare & exquisite vegetarian Mughlai dishes, a side of Mughlai cuisine you don’t often get to experience. From indulgent gravies to delicately spiced kebabs, every bite is crafted to surprise. 🌿

📍 Venue: Nexus One Mall, Ahmedabad
📅 Dates: 3rd – 9th April, 2026

In collaboration with @chefp.in

👉 Book your table now on the Barbeque Nation website or app!

Ahmedabad food lovers | Amdavad food scene | Mughlai food festival | Veg Mughlai dishes | Fine dining Ahmedabad",2026-03-28 17:40:48+00:00,29,10.0,0,7810.0,2033.0,https://www.facebook.com/reel/1482467416595647/,No Link,2026,March,Saturday,17,kem cho amdavad join chef yashita an expert in old delhi mughlai cuisine as she brings alive the richness of shahi zaika a royal mughlai feast and heres what makes it truly special indulge in rare exquisite vegetarian mughlai dishes a side of mughlai cuisine you dont often get to experience from indulgent gravies to delicately spiced kebabs every bite is crafted to surprise venue nexus one mall ahmedabad dates rd th april in collaboration with in book your table now on the barbeque nation website or app ahmedabad food lovers amdavad food scene mughlai food festival veg mughlai dishes fine dining ahmedabad,103,612,39.0,0.00499359795134443
1408910000000000.0,BarbequeNation,"Chef Ankita, from Himachal and now a proud part of Barbeque Nation, Sona Road, is a reflection of what happens when determination meets opportunity. With every passing day, she’s turned fear into confidence, and effort into excellence.

At Barbeque Nation, we don’t just build teams—we build people. And we are incredibly proud to have strong, resilient, and exemplary women like Chef Ankita shaping our kitchens and inspiring everyone around them.

To every girl watching—there is no role you cannot step into, no space you cannot own.

#WomenInHospitality #BarbequeNation #SheAte",2026-03-28 11:38:57+00:00,16,2.0,1,5698.0,642.0,https://www.facebook.com/reel/1488740266144962/,No Link,2026,March,Saturday,11,chef ankita from himachal and now a proud part of barbeque nation sona road is a reflection of what happens when determination meets opportunity with every passing day shes turned fear into confidence and effort into excellence at barbeque nation we dont just build teamswe build people and we are incredibly proud to have strong resilient and exemplary women like chef ankita shaping our kitchens and inspiring everyone around them to every girl watchingthere is no role you cannot step into no space you cannot own womeninhospitality barbequenation sheate,89,557,19.0,0.0033345033345033347
1407810000000000.0,BarbequeNation,"Navratri is as much about the shared smiles as it is about the prayers. 🥘💛

Celebrate the spirit of these nine nights with a feast that brings everyone closer. Because the best part of any festival is the family gathered around the table.

( Barbeque Nation, Navratri, Feast, Fasting, Grills, Vibes )",2026-03-27 05:00:09+00:00,14,2.0,1,0.0,0.0,https://www.facebook.com/BarbequeNation/posts/pfbid027cFng6mwXMR1JtyZv7BaSZkri9VP3rQFsfK1zn1CXiU44j8CmzUk5puDDqJ3vpRLl,No Link,2026,March,Friday,5,navratri is as much about the shared smiles as it is about the prayers celebrate the spirit of these nine nights with a feast that brings everyone closer because the best part of any festival is the family gathered around the table barbeque nation navratri feast fasting grills vibes,49,283,17.0,0.0
1406350000000000.0,BarbequeNation,"Your city is about to get loaded with new flavors! 🥗🔥

Get ready for a massive culinary takeover as MasterChef winners and experts bring their signature touch to your favorite table. From the royal lanes of Old Dilli to the soulful tastes of the South, this April is all about “Barbeque Vibes.”

• Ahmedabad: Chef Yashita Agarwal
• Bengaluru: Chef Mohammed Ashiq
• Chennai: Chef Selva Sunitha

Coming soon to your city... Stay tuned!",2026-03-25 13:53:53+00:00,12,1.0,0,0.0,0.0,https://www.facebook.com/BarbequeNation/posts/pfbid02xx77dmxwcHHnyGWjKQdomMHTUbFCyC4TMizM5srnqMpAaYNDjvpHwKJUEZUD3Gryl,No Link,2026,March,Wednesday,13,your city is about to get loaded with new flavors get ready for a massive culinary takeover as masterchef winners and experts bring their signature touch to your favorite table from the royal lanes of old dilli to the soulful tastes of the south this april is all about barbeque vibes ahmedabad chef yashita agarwal bengaluru chef mohammed ashiq chennai chef selva sunitha coming soon to your city stay tuned,70,408,13.0,0.0
1405320000000000.0,BarbequeNation,"Scene set hai, table loaded hai… bas entry aapki baaki hai. 😎",2026-03-24 09:28:15+00:00,4210,141.0,67,0.0,0.0,https://www.facebook.com/BarbequeNation/posts/pfbid02YEwcXQDcTLKTPjhFvoEJVUGKTNfofy69gQwVtvgVHjLzxcEiUkQhoAq6S2XRKSxcl,No Link,2026,March,Tuesday,9,scene set hai table loaded hai bas entry aapki baaki hai,11,56,4418.0,0.0
1402430000000000.0,BarbequeNation,"The era of Old Mughlai heritage arrives in Ahmedabad. 🥘👑

Prepare for a royal takeover as Chef Yashita brings Shahi Zaika to Barbeque Nation. Indulge in a specially curated menu featuring Awadhi Murgh Biryani, Shahi Tukda, and more each crafted with the precision and soul of the past.

📍 Venue: Nexus One Mall, Ahmedabad

📅 Date: 3rd – 9th April, 2026

Experience the soul of an Old Mughlai Culinary Heritage.

Book your table now on the Barbeque Nation website or app.

#barbeque_nation #foodpopup #chefyashita #mughlaifood",2026-03-21 03:30:11+00:00,37,4.0,0,0.0,0.0,https://www.facebook.com/BarbequeNation/posts/pfbid02cuM2uyJVG5uvTFRabeHkUrr8QPahewBQd2PTg5e59RqfCZP4P6VVRVdPBj8Ms37gl,No Link,2026,March,Saturday,3,the era of old mughlai heritage arrives in ahmedabad prepare for a royal takeover as chef yashita brings shahi zaika to barbeque nation indulge in a specially curated menu featuring awadhi murgh biryani shahi tukda and more each crafted with the precision and soul of the past venue nexus one mall ahmedabad date rd th april experience the soul of an old mughlai culinary heritage book your table now on the barbeque nation website or app barbeque_nation foodpopup chefyashita mughlaifood,80,488,41.0,0.0
1401910000000000.0,BarbequeNation,"A feast shared with loved ones makes Eid even more special. Wishing you warmth, joy, and togetherness this festive season. 🌙🍽️

#barebequenation #eid #feast",2026-03-20 16:05:26+00:00,23,0.0,0,0.0,0.0,https://www.facebook.com/BarbequeNation/posts/pfbid0Edq1LShuntPCRwUrc6CM2b8FKWAxvnAwLteorEUUSwkU1g21TbhYpeoUjEDsBxczl,No Link,2026,March,Friday,16,a feast shared with loved ones makes eid even more special wishing you warmth joy and togetherness this festive season barebequenation eid feast,23,144,23.0,0.0
1398100000000000.0,BarbequeNation,"Where there’s Chicken Tikka, conversations never stop. 🔥
The perfect recipe for team bonding!

Find your reason to meet at Barbeque Nation. 
Kyonki Milne Ki Bhookh, Acchi Bhookh Hai. ❤️

#MilneKiBhookh #BarbequeNation",2026-03-16 11:55:01+00:00,16,0.0,0,0.0,0.0,https://www.facebook.com/BarbequeNation/posts/pfbid0vYs7TqDZDC8QSFBs65i16jpon6NMnb2hesr49cSZjUrGVQuSVxczr5mVDtxyLCD2l,No Link,2026,March,Monday,11,where theres chicken tikka conversations never stop the perfect recipe for team bonding find your reason to meet at barbeque nation kyonki milne ki bhookh acchi bhookh hai milnekibhookh barbequenation,30,200,16.0,0.0
1395910000000000.0,BarbequeNation,"Can you see this crowd? Mumbai has fallen in love! 🌊🔥👯‍♀️

The response to Konkan to Kolhapur at Kurla has been absolutely overwhelming! From Chef Prachi Agarkar’s family recipes to the “super hit” flavors seen on MasterChef, everyone is here to grab a seat at this Maharashtrian feast.
 
Whether it’s the signature Thecha Paneer or the innovative Coconut Jaggery Parfait, the vibes are unmatched!

📍 Location: Barbeque Nation, Phoenix Marketcity, Kurla
📅 Only 2 Days Left! (Pop-up ends 15th March)

Savor the tradition before it’s gone!

Reserve a table now via the Barbeque Nation app or website.

#barbequenation #foodpopup #chefprachiagarkar #maharashtra",2026-03-13 17:05:22+00:00,85,7.0,2,14949.0,5278.0,https://www.facebook.com/reel/925035566783903/,No Link,2026,March,Friday,17,can you see this crowd mumbai has fallen in love the response to konkan to kolhapur at kurla has been absolutely overwhelming from chef prachi agarkars family recipes to the super hit flavors seen on masterchef everyone is here to grab a seat at this maharashtrian feast whether its the signature thecha paneer or the innovative coconut jaggery parfait the vibes are unmatched location barbeque nation phoenix marketcity kurla only days left popup ends th march savor the tradition before its gone reserve a table now via the barbeque nation app or website barbequenation foodpopup chefprachiagarkar maharashtra,97,611,94.0,0.006288046023145361
1393950000000000.0,BarbequeNation,"🔥✨ It’s Tikka Time! ✨🔥
Smoky, juicy, straight-off-the-grill Chicken Tikka that sparks endless conversations.

One of the most loved starters at the table, and the perfect excuse for team bonding!

Find your reason to meet at Barbeque Nation.
Kyon ki milne ki bhookh acchi bhookh hai. 🤗

#MilneKiBhookh #BarbequeNation",2026-03-11 10:01:02+00:00,59,0.0,3,16862.0,3481.0,https://www.facebook.com/reel/1484274366536807/,No Link,2026,March,Wednesday,10,its tikka time smoky juicy straightoffthegrill chicken tikka that sparks endless conversations one of the most loved starters at the table and the perfect excuse for team bonding find your reason to meet at barbeque nation kyon ki milne ki bhookh acchi bhookh hai milnekibhookh barbequenation,46,292,62.0,0.003676906654014945
1393110000000000.0,BarbequeNation,"Experience a legacy passed down through three generations. Chef Prachi Agarkar brings you the authentic Maharashtrian flavors she learned from her mother, who learned them from her grandmother. 

From the “zanzanit” spice of Kolhapur to the soulful coastal recipes of Konkan, every dish is a piece of her history.

📍 Location: Barbeque Nation, Phoenix Marketcity, Kurla
📅 Date: 11th – 15th March, 2026

Savor the tradition before it’s gone!

Reserve a table now via the Barbeque Nation app or website! 

#barbequenation #foodpopup #chefprachiagarkar #maharashtra",2026-03-10 09:30:16+00:00,33,2.0,1,10282.0,2560.0,https://www.facebook.com/reel/777305261710399/,No Link,2026,March,Tuesday,9,experience a legacy passed down through three generations chef prachi agarkar brings you the authentic maharashtrian flavors she learned from her mother who learned them from her grandmother from the zanzanit spice of kolhapur to the soulful coastal recipes of konkan every dish is a piece of her history location barbeque nation phoenix marketcity kurla date th th march savor the tradition before its gone reserve a table now via the barbeque nation app or website barbequenation foodpopup chefprachiagarkar maharashtra,80,521,36.0,0.003501264345458082
1392980000000000.0,BarbequeNation,"Today is your last chance to experience the Southern Sangam! 🌶️⌛

Pune, the journey is coming to an end. Today is the final day to witness the “Four Flavours of Dakshin” curated by MasterChef India’s Chef Suvarna Vijay Bagul. If you haven’t tasted this bold, fire-kissed South Indian feast yet, now is the time!

Don’t let these authentic flavors slip away once the day is over, the legacy travels on. 🍛👑

📍 Location: Barbeque Nation, Amanora Mall, Pune
📅 Last Day: Today, 10th March, 2026

Savor the tradition before it’s gone!

Reserve a table now via the Barbeque Nation app or website! 

#barbequenation #foodpopup #southernsangam #chefsuvarna #pune",2026-03-10 05:33:23+00:00,17,0.0,0,7233.0,1583.0,https://www.facebook.com/reel/912165591417223/,No Link,2026,March,Tuesday,5,today is your last chance to experience the southern sangam pune the journey is coming to an end today is the final day to witness the four flavours of dakshin curated by masterchef indias chef suvarna vijay bagul if you havent tasted this bold firekissed south indian feast yet now is the time dont let these authentic flavors slip away once the day is over the legacy travels on location barbeque nation amanora mall pune last day today th march savor the tradition before its gone reserve a table now via the barbeque nation app or website barbequenation foodpopup southernsangam chefsuvarna pune,102,599,17.0,0.0023503387252868796
1392450000000000.0,BarbequeNation,"Experience Maharashtra like never before with Konkan to Kolhapur.

Chef Prachi Agarkar invites you to a specially curated feast at Barbeque Nation, bringing together the soul of the coastline and the warmth of the countryside. 

Come taste an amazing spread that celebrates the vibrant flavors of Maharashtra, from fresh coastal delicacies to the fiery spice of Kolhapur.

📍 Location: Barbeque Nation, Phoenix Marketcity, Kurla

📅 Date: 11th – 15th March, 2026
Come taste Maharashtra the way it’s meant to be!

Reserve a table now via the Barbeque Nation app or website! 

#barbequenation #foodpopup #ChefPrachiAgarkar #konkan",2026-03-09 13:20:55+00:00,10,0.0,1,5978.0,1249.0,https://www.facebook.com/reel/908074361936838/,No Link,2026,March,Monday,13,experience maharashtra like never before with konkan to kolhapur chef prachi agarkar invites you to a specially curated feast at barbeque nation bringing together the soul of the coastline and the warmth of the countryside come taste an amazing spread that celebrates the vibrant flavors of maharashtra from fresh coastal delicacies to the fiery spice of kolhapur location barbeque nation phoenix marketcity kurla date th th march come taste maharashtra the way its meant to be reserve a table now via the barbeque nation app or website barbequenation foodpopup chefprachiagarkar konkan,91,586,11.0,0.0018400802944128472
1392210000000000.0,BarbequeNation,"Chef Suvarna Vijay Bagul is bringing her signature flair to Barbeque Nation with a limited-time culinary pop-up. From the first sizzle to the final bite, experience a legacy of warmth and soul that has our guests saying, “It’s just that good!” 👑🍽️

Don’t miss this chance to taste the authentic yet innovative flavors of the South, curated by one of the best.

📍 Location: Barbeque Nation, Amanora Mall, Pune
📅 Date: 6th – 10th March, 2026
Experience the magic of the South!

Reserve a table now via the Barbeque Nation app or the link in our bio.

#barbequenation #foodpopup #southfood #chefsuvarna #southernsangamam",2026-03-09 06:26:49+00:00,16,4.0,0,8028.0,1947.0,https://www.facebook.com/reel/1483563196624757/,No Link,2026,March,Monday,6,chef suvarna vijay bagul is bringing her signature flair to barbeque nation with a limitedtime culinary popup from the first sizzle to the final bite experience a legacy of warmth and soul that has our guests saying its just that good dont miss this chance to taste the authentic yet innovative flavors of the south curated by one of the best location barbeque nation amanora mall pune date th th march experience the magic of the south reserve a table now via the barbeque nation app or the link in our bio barbequenation foodpopup southfood chefsuvarna southernsangamam,97,571,20.0,0.002491280518186348
1391510000000000.0,BarbequeNation,"She ate doubt.
She ate fear.
She ate every “no” they served her.

And today, she runs the show and rules the grill. 🔥

This Women’s Day, we celebrate the women who bring the fire to Barbeque Nation every single day. 

#SheAte #WomensDay #BarbequeNation",2026-03-08 10:54:27+00:00,23,0.0,1,5871.0,1240.0,https://www.facebook.com/reel/1981130212805710/,No Link,2026,March,Sunday,10,she ate doubt she ate fear she ate every no they served her and today she runs the show and rules the grill this womens day we celebrate the women who bring the fire to barbeque nation every single day sheate womensday barbequenation,43,233,24.0,0.004087889626980072
1389360000000000.0,BarbequeNation,"Step into a world of southern flavors with The Southern Sangam, an exclusive pop-up curated by MasterChef India’s own Chef Suvarna Vijay Bagul.

Witness the mastery behind the “Four Flavours of Dakshin” as Chef Suvarna brings her signature flair and soulful recipes to your table. It’s a limited-time celebration of South Indian heritage you won’t want to miss.

📍 Location: Barbeque Nation, Amanora Mall, Pune
📅 Date: 6th – 10th March, 2026

Experience the magic of the South!

Reserve a table now via the Barbeque Nation app or the link in our bio.

#barbequenation #foodpopup #southindianfood #masterchef #SouthernSangam",2026-03-05 15:26:54+00:00,25,0.0,0,8284.0,2157.0,https://www.facebook.com/reel/1560833411696671/,No Link,2026,March,Thursday,15,step into a world of southern flavors with the southern sangam an exclusive popup curated by masterchef indias own chef suvarna vijay bagul witness the mastery behind the four flavours of dakshin as chef suvarna brings her signature flair and soulful recipes to your table its a limitedtime celebration of south indian heritage you wont want to miss location barbeque nation amanora mall pune date th th march experience the magic of the south reserve a table now via the barbeque nation app or the link in our bio barbequenation foodpopup southindianfood masterchef southernsangam,94,581,25.0,0.003017865765330758
1388500000000000.0,BarbequeNation,"A taste of Bengal that felt just like home. 🏠❤️

Guests at our Sarjapura Road, Bengaluru; experienced The Royal Bengal Table as a nostalgic journey back to their roots. Curated by Chef Suraj Thapa, the spread brought together comforting flavours and timeless Bengali classics that won hearts with their honesty and warmth.

From the simple comfort of Aloo Posto to the rich aroma of Chicken Pulao, every dish celebrated the soul and heritage of Bengali cuisine.

#barbequenation #RoyalBengalTable #TasteOfBengal #BarbequeNation #KolkataCuisine",2026-03-04 13:03:37+00:00,49,2.0,7,9759.0,2372.0,https://www.facebook.com/reel/2054810965093125/,No Link,2026,March,Wednesday,13,a taste of bengal that felt just like home guests at our sarjapura road bengaluru experienced the royal bengal table as a nostalgic journey back to their roots curated by chef suraj thapa the spread brought together comforting flavours and timeless bengali classics that won hearts with their honesty and warmth from the simple comfort of aloo posto to the rich aroma of chicken pulao every dish celebrated the soul and heritage of bengali cuisine barbequenation royalbengaltable tasteofbengal barbequenation kolkatacuisine,80,523,58.0,0.005943231888513168
1388410000000000.0,BarbequeNation,"Step into the world of Chef Suvarna Vijay Bagul for an exclusive culinary pop-up: The Southern Sangam.

Go beyond the familiar and dive into a vibrant spread of zanzanit and chamchamit flavors that will make your mouth water.

Four states. Four bold flavors. One unforgettable experience. 🌶️🌊

📍 Venue: Amanora Mall, Barbeque Nation
🗓️ Date: 6th - 10th March

Experience the royal hospitality of the South.

Reserve a table now via the Barbeque Nation app or the link in our bio.

#barbequenation #foodpopup #southindian #masterchef #food",2026-03-04 10:33:24+00:00,55,0.0,0,8073.0,2296.0,https://www.facebook.com/reel/1223489323225278/,No Link,2026,March,Wednesday,10,step into the world of chef suvarna vijay bagul for an exclusive culinary popup the southern sangam go beyond the familiar and dive into a vibrant spread of zanzanit and chamchamit flavors that will make your mouth water four states four bold flavors one unforgettable experience venue amanora mall barbeque nation date th th march experience the royal hospitality of the south reserve a table now via the barbeque nation app or the link in our bio barbequenation foodpopup southindian masterchef food,82,501,55.0,0.006812832899789421
1388280000000000.0,BarbequeNation,"Splash into celebration mode 🍢✨ 
Where every plate is a burst of color and every bite feels like a party!

( Holi vibes, Holi, Barbeque Nation, BBQ dining, Colourful feast, Festival of flavours )",2026-03-04 06:41:20+00:00,15,0.0,2,0.0,0.0,https://www.facebook.com/BarbequeNation/posts/pfbid02A29t3ibEmRr6e2s5D9GUbh9zRQ2NaF2W3V9fTwhmtLm2faSzJYfBiYvrgYeBraHdl,No Link,2026,March,Wednesday,6,splash into celebration mode where every plate is a burst of color and every bite feels like a party holi vibes holi barbeque nation bbq dining colourful feast festival of flavours,31,180,17.0,0.0
1387900000000000.0,BarbequeNation,"We’re bringing Maharashtra’s boldest flavours under one roof with Chef Prachi Agarkar, Times Best Female Food Creator 2025 — for a feast that’s coastal, fiery, and unapologetically authentic.

From spicy Kolhapuri favourites to rich Konkan curries, this limited-edition spread is a celebration of everything you love about Maharashtrian cuisine.

📍 Barbeque Nation, Phoenix Marketcity, Kurla
📅 11th – 15th March, 2026

Five days. Countless flavours. One epic feast at Barbeque Nation.

Tag your foodie gang and book your table now!

#KonkanToKolhapur #BarbequeNation #MaharashtrianFood #MumbaiFoodies #FoodFestival",2026-03-03 17:20:13+00:00,28,0.0,1,0.0,0.0,https://www.facebook.com/BarbequeNation/posts/pfbid02JMqy46fxgCmRxSoHJ4U5N6RGpaMT32inh7zDgdJrt9seUC267VPev2s8wEQfGTWFl,No Link,2026,March,Tuesday,17,were bringing maharashtras boldest flavours under one roof with chef prachi agarkar times best female food creator for a feast thats coastal fiery and unapologetically authentic from spicy kolhapuri favourites to rich konkan curries this limitededition spread is a celebration of everything you love about maharashtrian cuisine barbeque nation phoenix marketcity kurla th th march five days countless flavours one epic feast at barbeque nation tag your foodie gang and book your table now konkantokolhapur barbequenation maharashtrianfood mumbaifoodies foodfestival,79,565,29.0,0.0
1386670000000000.0,BarbequeNation,"The ‘hmmmmm’ hits different after a hearty, unlimited feast.

(Barbeque Nation, Celebration, Togetherness, love, Unlimited, Grills, Buffet)",2026-03-02 07:22:36+00:00,20,2.0,3,7375.0,1070.0,https://www.facebook.com/reel/1956852701707120/,No Link,2026,March,Monday,7,the hmmmmm hits different after a hearty unlimited feast barbeque nation celebration togetherness love unlimited grills buffet,17,126,25.0,0.003389830508474576
1385820000000000.0,BarbequeNation,"At Barbeque Nation, every grill tells a story, every bite brings people closer, and every table turns into a celebration. Come, speak the flavour of fun.

(Barbeque Nation, Celebration, Togetherness, Unlimited, Buffet, Grill)",2026-03-01 06:30:46+00:00,35,4.0,0,8594.0,2114.0,https://www.facebook.com/reel/1229387656009917/,No Link,2026,March,Sunday,6,at barbeque nation every grill tells a story every bite brings people closer and every table turns into a celebration come speak the flavour of fun barbeque nation celebration togetherness unlimited buffet grill,33,211,39.0,0.004538049802187573
1383380000000000.0,BarbequeNation,"Four states. Four bold flavours. One unforgettable Sangam. 🌶️🔥

Presenting The Southern Sangam – The Four Flavours of Dakshin with Chef Suvarna Vijay Bagul, MasterChef India S7 2nd Runner Up. Watch her bring together the iconic tastes of Telangana, Andhra, Karnataka & Kerala in a celebration that breaks every stereotype of South Indian cuisine.

📅 6th – 10th March 2026
📍 Amanora Mall, Pune

Come hungry. Leave amazed.
Reserve your table now – limited days only! 🍽️✨

#TheSouthernSangam #FourFlavoursOfDakshin #BarbequeNation #PuneFoodies #SouthIndianFusion",2026-02-26 12:34:17+00:00,13,0.0,0,0.0,0.0,https://www.facebook.com/BarbequeNation/posts/pfbid02mRXFYH7myNXBpdDr6X9zAeeTrVTeBGzyKepNfSVTvP8M4xbWsn1Tqsh6E2AfSEoql,No Link,2026,February,Thursday,12,four states four bold flavours one unforgettable sangam presenting the southern sangam the four flavours of dakshin with chef suvarna vijay bagul masterchef india s nd runner up watch her bring together the iconic tastes of telangana andhra karnataka kerala in a celebration that breaks every stereotype of south indian cuisine th th march amanora mall pune come hungry leave amazed reserve your table now limited days only thesouthernsangam fourflavoursofdakshin barbequenation punefoodies southindianfusion,73,508,13.0,0.0
1383060000000000.0,BarbequeNation,"You’re invited to the Rajbari feast of the season. 🏰🍛
Step back in time to the era of grand estates and royal banquets. The Royal Bengal Table is a limited-time takeover by Chef Suraj Thapa, reviving the decadent flavors that once graced the tables of Bengal’s nobility.

📍 Location: Barbeque Nation, Sarjapura Road
📅 Date: 25th February – 1st March, 2026

Book your table now on the Barbeque Nation website or app.

#BarbequeNation #KolkataRajbari #BengaliFood #ChefSurajThapa #Bangalore",2026-02-26 04:29:23+00:00,88,8.0,15,11194.0,3065.0,https://www.facebook.com/reel/1628356271683804/,No Link,2026,February,Thursday,4,youre invited to the rajbari feast of the season step back in time to the era of grand estates and royal banquets the royal bengal table is a limitedtime takeover by chef suraj thapa reviving the decadent flavors that once graced the tables of bengals nobility location barbeque nation sarjapura road date th february st march book your table now on the barbeque nation website or app barbequenation kolkatarajbari bengalifood chefsurajthapa bangalore,72,451,111.0,0.00991602644273718
1381210000000000.0,BarbequeNation,"Experience the authentic flavours of Kashmiri Pandit cuisine with Chef Rajni Jinsi. ✨

From the crisp, spice-kissed richness of Mutton Kabargah, to the delicate saffron notes of Chaman Kaliya, and the comforting, home-style warmth of Bandh Patra — every dish is rooted in tradition and crafted with care.

Join us at Riwaayat-e-Kashmir at Crown Interiorz Mall

🗓️ 23rd – 27th February
📍 Crown Interiorz Mall, Faridabad

Come savour recipes that celebrate heritage, balance, and the true essence of Kashmiri Pandit cuisine.

#RiwaayateKashmir #ChefRajniJinsi #KashmiriCuisine #BarbequeNation #FaridabadEvents",2026-02-24 02:00:54+00:00,14,0.0,0,5680.0,1223.0,https://www.facebook.com/reel/675825688927284/,No Link,2026,February,Tuesday,2,experience the authentic flavours of kashmiri pandit cuisine with chef rajni jinsi from the crisp spicekissed richness of mutton kabargah to the delicate saffron notes of chaman kaliya and the comforting homestyle warmth of bandh patra every dish is rooted in tradition and crafted with care join us at riwaayatekashmir at crown interiorz mall rd th february crown interiorz mall faridabad come savour recipes that celebrate heritage balance and the true essence of kashmiri pandit cuisine riwaayatekashmir chefrajnijinsi kashmiricuisine barbequenation faridabadevents,81,568,14.0,0.0024647887323943664
1380940000000000.0,BarbequeNation,"They thought South Indian food was predictable.
Chef Rohit thought otherwise.

“South Indian cuisine has never been limited. It’s bold, layered and endlessly versatile — you just have to let it evolve.”

From crisp dosas layered with fiery chicken ghee roast to a tiramisu that surprised every table — this pop-up wasn’t about fusion for the sake of it. It was about breaking perception.

At Barbeque Nation, we’re proud to host experiences that challenge the stereotype and celebrate the true depth of regional Indian flavours.

If you were there, you witnessed it.
If you missed it — this is your sign to never underestimate South Indian cuisine again.

#DakshinExpress #SouthIndianFusion #BarbequeNation #ChefRohitGhosh",2026-02-23 17:21:43+00:00,15,0.0,1,5501.0,1665.0,https://www.facebook.com/reel/1918075075475426/,No Link,2026,February,Monday,17,they thought south indian food was predictable chef rohit thought otherwise south indian cuisine has never been limited its bold layered and endlessly versatile you just have to let it evolve from crisp dosas layered with fiery chicken ghee roast to a tiramisu that surprised every table this popup wasnt about fusion for the sake of it it was about breaking perception at barbeque nation were proud to host experiences that challenge the stereotype and celebrate the true depth of regional indian flavours if you were there you witnessed it if you missed it this is your sign to never underestimate south indian cuisine again dakshinexpress southindianfusion barbequenation chefrohitghosh,109,689,16.0,0.0029085620796218867
1380040000000000.0,BarbequeNation,"Discover the delicate flavours of Kashmiri Pandit cuisine with Chef Rajni Jinsi. ✨

From the light, aromatic comfort of Chicken Yakhni to the rich, soulful depth of Matsch (Mutton Kofta), each dish reflects generations of tradition and balance.

Join us at Riwaayat-e-Kashmir at Crown Interiorz Mall

🗓️ 23rd – 27th February
📍 Crown Interiorz Mall, Faridabad

Experience authentic flavours, thoughtfully prepared and beautifully presented.

#RiwaayateKashmir #KashmiriPandit #barbequenation
#faridabad",2026-02-22 16:04:34+00:00,23,0.0,0,5565.0,1117.0,https://www.facebook.com/reel/4209153602729533/,No Link,2026,February,Sunday,16,discover the delicate flavours of kashmiri pandit cuisine with chef rajni jinsi from the light aromatic comfort of chicken yakhni to the rich soulful depth of matsch mutton kofta each dish reflects generations of tradition and balance join us at riwaayatekashmir at crown interiorz mall rd th february crown interiorz mall faridabad experience authentic flavours thoughtfully prepared and beautifully presented riwaayatekashmir kashmiripandit barbequenation faridabad,64,467,23.0,0.004132973944294699
1379220000000000.0,BarbequeNation,"From the streets of Madras to the live grill 🔥
Chef Praveen Kumar brings Theeyil Thamizhan to Barbeque Nation — a fiery celebration of Tamil flavours, smoke-kissed spices, and stories served straight from the heart of the South.

This isn’t just a pop-up, it’s a culinary journey crafted exclusively for Chennai. 🌶️🍃

📍 Grand Square Mall, Chennai
📅 18th – 22nd February 2026

Come experience bold Tamil flavours, signature creations, and grills that speak the language of fire.

Book your table now on the Barbeque Nation app or website. 

#TheeyilThamizhan #BarbequeNation #ChennaiEvents #PopUpExperience",2026-02-21 17:40:39+00:00,22,0.0,0,6864.0,1821.0,https://www.facebook.com/reel/1880366675942727/,No Link,2026,February,Saturday,17,from the streets of madras to the live grill chef praveen kumar brings theeyil thamizhan to barbeque nation a fiery celebration of tamil flavours smokekissed spices and stories served straight from the heart of the south this isnt just a popup its a culinary journey crafted exclusively for chennai grand square mall chennai th nd february come experience bold tamil flavours signature creations and grills that speak the language of fire book your table now on the barbeque nation app or website theeyilthamizhan barbequenation chennaievents popupexperience,86,558,22.0,0.003205128205128205
1378810000000000.0,BarbequeNation,"In Bangla, there’s a word called Pet Pujo. 

And the moment you hear it?
Jibe jol chole ashe.
Maa’er haather ranna flashes before your eyes.
And someone is definitely saying, “Eee baba, arektu naao!” 😌

But this time…
we’re taking Pet Pujo to the Rajbaris of Bengal.

Chef Suraj Thapa brings you
The Royal Bengal Table: Stories of Bengal’s Rajbaris

📍 Barbeque Nation, Sarjapur
📅 25th Feb – 1st March

Ei experience ta miss korle regret korben.

Book your table now on the Barbeque Nation app or website.

#PetPujo #RajbariRanna #Bengali #BengaliFlavours #BarbequeNation",2026-02-21 07:26:53+00:00,106,12.0,12,11516.0,2125.0,https://www.facebook.com/reel/770511855677260/,No Link,2026,February,Saturday,7,in bangla theres a word called pet pujo and the moment you hear it jibe jol chole ashe maaer haather ranna flashes before your eyes and someone is definitely saying eee baba arektu naao but this time were taking pet pujo to the rajbaris of bengal chef suraj thapa brings you the royal bengal table stories of bengals rajbaris barbeque nation sarjapur th feb st march ei experience ta miss korle regret korben book your table now on the barbeque nation app or website petpujo rajbariranna bengali bengaliflavours barbequenation,89,526,130.0,0.011288641889544981
1378780000000000.0,BarbequeNation,"You’re invited to the Rajbari feast of the season. 🏰🍛
Step back in time to the era of grand estates and royal banquets. The Royal Bengal Table is a limited-time takeover byMasterChef Suraj Thapa , reviving the decadent flavors that once graced the tables of Bengal’s nobility.

📍 Location: Barbeque Nation, Sarjapura
📅 Date: 25th February – 1st March, 2026

Book your table now on the Barbeque Nation website or app.

#BarbequeNation #KolkataRajbari #BengaliFood #ChefSurajThapa #Bangalore",2026-02-21 06:35:25+00:00,70,4.0,10,0.0,0.0,https://www.facebook.com/BarbequeNation/posts/pfbid05stjM55DnaKwkMXfrkumyQiCCyFER2Ck1JTGufPmapHAWkKYxcYCGE6XmRGH85TBl,No Link,2026,February,Saturday,6,youre invited to the rajbari feast of the season step back in time to the era of grand estates and royal banquets the royal bengal table is a limitedtime takeover bymasterchef suraj thapa reviving the decadent flavors that once graced the tables of bengals nobility location barbeque nation sarjapura date th february st march book your table now on the barbeque nation website or app barbequenation kolkatarajbari bengalifood chefsurajthapa bangalore,70,451,84.0,0.0
1378250000000000.0,BarbequeNation,"You’re invited to the Rajbari feast of the season. 🏰🍛
Step back in time to the era of grand estates and royal banquets. The Royal Bengal Table is a limited-time takeover by MasterChef Suraj Thapa , reviving the decadent flavors that once graced the tables of Bengal’s nobility.

📍 Location: Barbeque Nation, Sarjapura
📅 Date: 25th February – 1st March, 2026

Book your table now on the Barbeque Nation website or app.",2026-02-20 15:30:07+00:00,48,0.0,2,0.0,0.0,https://www.facebook.com/BarbequeNation/posts/pfbid02fpJ27VsqSuBGaWECf9tqinsR3DFHtFAiUFfB6jzG36sfY2aJgQi3BczvKwNrWzCCl,No Link,2026,February,Friday,15,youre invited to the rajbari feast of the season step back in time to the era of grand estates and royal banquets the royal bengal table is a limitedtime takeover by masterchef suraj thapa reviving the decadent flavors that once graced the tables of bengals nobility location barbeque nation sarjapura date th february st march book your table now on the barbeque nation website or app,66,385,50.0,0.0
1378180000000000.0,BarbequeNation,"From the first fold of the momo to the last bite of Sel Roti, Kolkata showed up for the true Haat to Thaali ❤️

For 7 unforgettable days, Barbeque Nation Park Street turned into a Himalayan kitchen — where Sadheko Momo, Alu Dum, Chicken Curry with timboor, and Mula ko Achar became the heroes of your table 

With Chef Arati Thapa bringing stories from the mountains to your thaali, this wasn’t just a pop-up — it was a celebration of togetherness, warmth, and bold Himalayan flavours 

To everyone who joined us between 9th–15th February — thank you for making it magical.
And if you missed it… tell us in the comments if we should bring Nepal back to Kolkata 🇳🇵🔥

#HaatToThaali #BarbequeNation",2026-02-20 13:56:28+00:00,27,0.0,0,5543.0,1357.0,https://www.facebook.com/reel/2443622336070767/,No Link,2026,February,Friday,13,from the first fold of the momo to the last bite of sel roti kolkata showed up for the true haat to thaali for unforgettable days barbeque nation park street turned into a himalayan kitchen where sadheko momo alu dum chicken curry with timboor and mula ko achar became the heroes of your table with chef arati thapa bringing stories from the mountains to your thaali this wasnt just a popup it was a celebration of togetherness warmth and bold himalayan flavours to everyone who joined us between thth february thank you for making it magical and if you missed it tell us in the comments if we should bring nepal back to kolkata haattothaali barbequenation,116,656,27.0,0.004871008479162909
1377290000000000.0,BarbequeNation,"From chaats to sizzling chicken starters to comforting daal chawal, one place where three generations happily share the same table. 

( Barbeque Nation, Celebration, Togetherness, Trending, trend , First in my bloodline )",2026-02-19 13:14:10+00:00,11,0.0,1,0.0,0.0,https://www.facebook.com/BarbequeNation/posts/pfbid02gB3Wr1H1qc2ygAwqpaGHmE3RYAFYPuDPZv4zE9ANjeBcewXVPGF4cgv36gJbQEwZl,No Link,2026,February,Thursday,13,from chaats to sizzling chicken starters to comforting daal chawal one place where three generations happily share the same table barbeque nation celebration togetherness trending trend first in my bloodline,30,207,12.0,0.0
1377270000000000.0,BarbequeNation,"This February, we bring you a culinary story straight from the heart of Kashmir. ✨

Presenting Riwaayat-e-Kashmir – A Kashmiri Pandit Culinary Journey, curated and led by Chef Rajni Jinsi, an expert in authentic Kashmiri Pandit cuisine.

From the soulful warmth of Chicken Yakhni to the richness of Matsch (Mutton Kofta) and the comforting flavours of Chaman Kaliya, every dish on this limited-period menu carries tradition, legacy and love.

Join us as Chef Rajni shares the essence of generations through every bite.

📅 23rd – 28th February, 2026
📍 Crown Interiorz Mall, Faridabad

Book Your Table Today on the Barbeque Nation website or app

#RiwaayatEKashmir #BarbequeNation #KashmiriPanditCuisine #FoodFestival #FaridabadFoodies",2026-02-19 12:48:23+00:00,15,2.0,1,4739.0,870.0,https://www.facebook.com/reel/1842335763088812/,No Link,2026,February,Thursday,12,this february we bring you a culinary story straight from the heart of kashmir presenting riwaayatekashmir a kashmiri pandit culinary journey curated and led by chef rajni jinsi an expert in authentic kashmiri pandit cuisine from the soulful warmth of chicken yakhni to the richness of matsch mutton kofta and the comforting flavours of chaman kaliya every dish on this limitedperiod menu carries tradition legacy and love join us as chef rajni shares the essence of generations through every bite rd th february crown interiorz mall faridabad book your table today on the barbeque nation website or app riwaayatekashmir barbequenation kashmiripanditcuisine foodfestival faridabadfoodies,103,687,18.0,0.0037982696771470775
1376510000000000.0,BarbequeNation,"Riwaayat-e-Kashmir brings you an authentic Kashmiri Pandit culinary journey where every dish carries legacy, warmth, and soul. A legacy served for a limited time reserve your table and be part of the experience. 🍽️✨

📍 Location: Crown Interiorz Mall, Faridabad

📅 Date: 23rd – 28th February, 2026",2026-02-18 15:50:07+00:00,62,3.0,2,0.0,0.0,https://www.facebook.com/BarbequeNation/posts/pfbid0jbUpJiAmxSvWokdGuB5kq8aS2pqHyrmgz9uTZuXnvBfKxf35dc6rf1pHVZu3osQal,No Link,2026,February,Wednesday,15,riwaayatekashmir brings you an authentic kashmiri pandit culinary journey where every dish carries legacy warmth and soul a legacy served for a limited time reserve your table and be part of the experience location crown interiorz mall faridabad date rd th february,42,265,67.0,0.0
1376160000000000.0,BarbequeNation,"Perfect excuse to meet? This creamy, chilled, melt-in-your-mouth kulfi. 🍨💛

Find your reason to meet at Barbeque Nation. Kyon ki milne ki bhookh acchi bhookh hai. 🤗

#MilneKiBhookh #BarbequeNation",2026-02-18 06:53:28+00:00,14,0.0,1,0.0,0.0,https://www.facebook.com/BarbequeNation/posts/pfbid033khec1w7ij3xtu7D8bZr98z4Vr7NLGd3QQxCJ9FdSb2VA6E1mheSsvXuSBoo2mN6l,No Link,2026,February,Wednesday,6,perfect excuse to meet this creamy chilled meltinyourmouth kulfi find your reason to meet at barbeque nation kyon ki milne ki bhookh acchi bhookh hai milnekibhookh barbequenation,27,178,15.0,0.0
1375610000000000.0,BarbequeNation,"At Barbeque Nation, we’re proud to present Theeyil Thamizhan — a fiery Tamil pop-up curated by Chef Praveen Kumar that celebrates smoke, spice, and soul.

From the bold Dindugal Chicken Biryani and indulgent Kayal Kalari Parotta Chaat to comforting Vadacurry, the dramatic Vetrilai Prawns Potlam, and the divine Pania Mirtham Mousse — this is a menu where every bite carries the heat and heart of Tamil Nadu. 🔥

📍 Grand Square Mall, Velachery Main Road, Chennai
📅 18th – 22nd February 2026

Seats are limited — book your table now and experience Theeyil Thamizhan straight from the grill. Tap the link in bio or call your nearest outlet to reserve today. 🔥

#TheeyilThamizhan #BarbequeNation #ChennaiEvents #ChennaiFoodies",2026-02-17 16:11:09+00:00,24,2.0,0,5832.0,1339.0,https://www.facebook.com/reel/2304643203357322/,No Link,2026,February,Tuesday,16,at barbeque nation were proud to present theeyil thamizhan a fiery tamil popup curated by chef praveen kumar that celebrates smoke spice and soul from the bold dindugal chicken biryani and indulgent kayal kalari parotta chaat to comforting vadacurry the dramatic vetrilai prawns potlam and the divine pania mirtham mousse this is a menu where every bite carries the heat and heart of tamil nadu grand square mall velachery main road chennai th nd february seats are limited book your table now and experience theeyil thamizhan straight from the grill tap the link in bio or call your nearest outlet to reserve today theeyilthamizhan barbequenation chennaievents chennaifoodies,107,676,26.0,0.004458161865569273
1375170000000000.0,BarbequeNation,"From the streets of Madras to the live grill 🔥
Chef Praveen Kumar brings Theeyil Thamizhan to Barbeque Nation — a fiery celebration of Tamil flavours, smoke-kissed spices, and stories served straight from the heart of the South.

This isn’t just a pop-up, it’s a culinary journey crafted exclusively for Chennai. 🌶️🍃

📍 Grand Square Mall, Chennai
📅 18th – 22nd February 2026

Come experience bold Tamil flavours, signature creations, and grills that speak the language of fire.

Book your table now on the Barbeque Nation app or website. 

#TheeyilThamizhan #BarbequeNation #ChennaiEvents #PopUpExperience",2026-02-17 05:00:46+00:00,18,0.0,0,4735.0,558.0,https://www.facebook.com/reel/1636950573980744/,No Link,2026,February,Tuesday,5,from the streets of madras to the live grill chef praveen kumar brings theeyil thamizhan to barbeque nation a fiery celebration of tamil flavours smokekissed spices and stories served straight from the heart of the south this isnt just a popup its a culinary journey crafted exclusively for chennai grand square mall chennai th nd february come experience bold tamil flavours signature creations and grills that speak the language of fire book your table now on the barbeque nation app or website theeyilthamizhan barbequenation chennaievents popupexperience,86,558,18.0,0.0038014783526927136
1375090000000000.0,BarbequeNation,"Final boarding call for The Dakshin Express: Journey between Rasam & Roast. 🔥

Today, 17th February 2026, is the last day of this exclusive pop-up at Barbeque Nation, Ghodbunder Road. One final chance to savour the bold rasams, fiery roasts, and everything in between.

No second service. Just tonight.

📍 Barbeque Nation – Ghodbunder Road
📅 17th February 2026

Reserve your table now and take the last ride.

#TheDakshinExpress #RasamAndRoast #SouthIndianFusion #BarbequeNation",2026-02-17 03:06:19+00:00,14,0.0,0,3627.0,950.0,https://www.facebook.com/reel/904297899126748/,No Link,2026,February,Tuesday,3,final boarding call for the dakshin express journey between rasam roast today th february is the last day of this exclusive popup at barbeque nation ghodbunder road one final chance to savour the bold rasams fiery roasts and everything in between no second service just tonight barbeque nation ghodbunder road th february reserve your table now and take the last ride thedakshinexpress rasamandroast southindianfusion barbequenation,65,432,14.0,0.0038599393438103115
1374300000000000.0,BarbequeNation,"Zero Civic Sense? We're SORRY but, we just couldn't hold back on this fusion south indian curated by @_rohit_ghosh 

The journey from Rasam to Roast is soon going to be over so all aboard on the Dakshin Express! 

🗓️ 13th - 17th February, 2026
📍 Ghodbunder Road, Mumbai 

Book your seat today on the barbeque nation app or website! 

#BarbequeNation #FusionSouthIndian",2026-02-16 06:18:13+00:00,45,2.0,0,11509.0,5331.0,https://www.facebook.com/reel/1695746121391714/,No Link,2026,February,Monday,6,zero civic sense were sorry but we just couldnt hold back on this fusion south indian curated by the journey from rasam to roast is soon going to be over so all aboard on the dakshin express th th february ghodbunder road mumbai book your seat today on the barbeque nation app or website barbequenation fusionsouthindian,56,320,47.0,0.004083760535233296
1373840000000000.0,BarbequeNation,"From powerplays to power-packed plates, tonight was all about India! 💙🔥 And what’s a historic win without an unlimited celebration?

( BBQIndia, IndiaVsPakistan, IndVsPak, BleedBlue, GrillAndThrill, Victory, UnlimitedCelebration,Colombo, T20 World Cup 2026, T20 WC)",2026-02-15 16:47:48+00:00,10,0.0,0,3532.0,405.0,https://www.facebook.com/reel/896458146469767/,No Link,2026,February,Sunday,16,from powerplays to powerpacked plates tonight was all about india and whats a historic win without an unlimited celebration bbqindia indiavspakistan indvspak bleedblue grillandthrill victory unlimitedcelebrationcolombo t world cup t wc,31,235,10.0,0.0028312570781426952
1372460000000000.0,BarbequeNation,"Forget the fancy gifts, gift them an experience✨ 
An unlimited spread, sizzling grills, and a table full of love because nothing brings hearts closer than sharing food.",2026-02-14 05:30:10+00:00,31,2.0,4,0.0,0.0,https://www.facebook.com/BarbequeNation/posts/pfbid0wzjmTUrUCRKpm7GbAeZns1s2SNd6sNTBG9sEowgjahzMAF4ZG4aR7o6UHbuSRwq5l,No Link,2026,February,Saturday,5,forget the fancy gifts gift them an experience an unlimited spread sizzling grills and a table full of love because nothing brings hearts closer than sharing food,27,162,37.0,0.0
1371820000000000.0,BarbequeNation,"When Chef Rohit Ghosh walks into the kitchen,
you don’t just cook… you compete 👀

From spice level debates 🌶️
to “yeh asli Chettinad hai?” arguments 😆
this EGC banter got a little too real.

Catch the madness, the masala & the magic at our South Indian Fusion Pop-Up.

📍 Barbeque Nation, Ghodbunder Road
📅 13th – 17th Feb 2026
🎟️ Book your table now before the chefs finish it all.

Tag the friend who argues about “authentic” food.

#ChefPopUp #SouthIndianFusion #BarbequeNation #RohitGhosh",2026-02-13 12:37:31+00:00,41,0.0,5,6889.0,2277.0,https://www.facebook.com/reel/3077164222472829/,No Link,2026,February,Friday,12,when chef rohit ghosh walks into the kitchen you dont just cook you compete from spice level debates to yeh asli chettinad hai arguments this egc banter got a little too real catch the madness the masala the magic at our south indian fusion popup barbeque nation ghodbunder road th th feb book your table now before the chefs finish it all tag the friend who argues about authentic food chefpopup southindianfusion barbequenation rohitghosh,74,440,46.0,0.006677311656263609
1369970000000000.0,BarbequeNation,"Barbeque Nation's official statement on service charge.

#OfficialStatement #BarbequeNation",2026-02-11 14:09:22+00:00,239,25.0,2,0.0,0.0,https://www.facebook.com/BarbequeNation/posts/pfbid04cWA6stfvQEP3cU2zApLXq9QbHDnYqgT6aKz2aCHoPnUUa95MScePUFpoDDTX4Q8l,No Link,2026,February,Wednesday,14,barbeque nations official statement on service charge officialstatement barbequenation,9,86,266.0,0.0
1369960000000000.0,BarbequeNation,"“Momoooo… khush hua.” 🥟✨

When the momo approves, the kitchen celebrates.
When the momo approves, Kolkata wins.

From fiery Sadheko Momo to comforting Jhol Momo, from crisp golden Sel Roti to bold Alu Dum — every plate carries a story from the mountains.

Welcome to Haat to Thali: Stories from the Himalayan Kitchen — a limited-time culinary journey you don’t want to miss.

📍 Barbeque Nation, Park Street, Kolkata
📅 9th – 15th February 2026

Book your table now and taste the Himalayas.

#HaatToThali #StoriesFromTheHimalayanKitchen #BarbequeNation #KolkataEvents",2026-02-11 13:53:38+00:00,28,1.0,1,7851.0,2628.0,https://www.facebook.com/reel/1898997994040186/,No Link,2026,February,Wednesday,13,momoooo khush hua when the momo approves the kitchen celebrates when the momo approves kolkata wins from fiery sadheko momo to comforting jhol momo from crisp golden sel roti to bold alu dum every plate carries a story from the mountains welcome to haat to thali stories from the himalayan kitchen a limitedtime culinary journey you dont want to miss barbeque nation park street kolkata th th february book your table now and taste the himalayas haattothali storiesfromthehimalayankitchen barbequenation kolkataevents,80,517,30.0,0.0038211692777990066
1369130000000000.0,BarbequeNation,"From the streets of Madras to the live grill 🔥

Theeyil Thamizhan is a bold, soulful celebration of Tamil flavours — curated by Chef Praveen Kumar, MasterChef India Tamil Top 6. Expect nostalgic spices, reimagined classics, and plates that tell a story with every bite ✨

📍 Venue: Grand Square Mall, Chennai
📅 Dates: 18th – 22nd February 2026

It’s a limited-period food festival you don’t want to scroll past.

👉 Book your table now and experience Tamil cuisine like never before.

#BarbequeVibes #SheezhilThamizhan #ChennaiFoodScene #FoodFestival #Chennai",2026-02-10 14:53:18+00:00,8,0.0,1,0.0,0.0,https://www.facebook.com/BarbequeNation/posts/pfbid02r7TNivQbcVzYU1ZPTmecqXVqmgscvDLyx96um74aekqQqQrHy3PEYQ6i4mCjs3Svl,No Link,2026,February,Tuesday,14,from the streets of madras to the live grill theeyil thamizhan is a bold soulful celebration of tamil flavours curated by chef praveen kumar masterchef india tamil top expect nostalgic spices reimagined classics and plates that tell a story with every bite venue grand square mall chennai dates th nd february its a limitedperiod food festival you dont want to scroll past book your table now and experience tamil cuisine like never before barbequevibes sheezhilthamizhan chennaifoodscene foodfestival chennai,78,509,9.0,0.0
1369080000000000.0,BarbequeNation,"A South Indian menu that goes big on flavour.
From the heat of Malabar Pepper Chicken, to the indulgence of Ghee Roast on Mini Dosa, and the depth of Chettinad Kofta Curry — this pop-up is all about bold, layered plates.

📍 Barbeque Nation, Ghodbunder Road
🗓️ 13th – 17th February, 2026

🎟️ Limited time only. Book now on the Barbeque Nation app or website. 

#TheDakshinExpress #BarbequeNation #SouthIndianFlavours #MumbaiEats #FoodPopUp",2026-02-10 13:47:35+00:00,23,0.0,2,0.0,0.0,https://www.facebook.com/BarbequeNation/posts/pfbid02F8zB5LKaEcabTD1seZETGo3UNJtygtxFZjkiMveUMtRto2CrAqV4HrWuSXNZSaLul,No Link,2026,February,Tuesday,13,a south indian menu that goes big on flavour from the heat of malabar pepper chicken to the indulgence of ghee roast on mini dosa and the depth of chettinad kofta curry this popup is all about bold layered plates barbeque nation ghodbunder road th th february limited time only book now on the barbeque nation app or website thedakshinexpress barbequenation southindianflavours mumbaieats foodpopup,64,398,25.0,0.0
1368290000000000.0,BarbequeNation,"All aboard the Dakshin Express.

Chef Rohit Ghosh presents a travelling pop-up that moves through the soul of South India—one bold stop at a time.

From Tamil Nadu’s fire 🔥
to Kerala’s coastal calm 🌴
Andhra’s spice rush 🌶️
and Karnataka’s comfort 🍛

This is Travelling to Dakshin Express — a limited-edition South Indian fusion experience, reimagined on the grill.

📅 13th – 17th February, 2026
📍 Barbeque Nation Ghodbunder Road

Book now on the Barbeque Nation app or website.

#TravellingToDakshinExpress #ChefRohitGhosh #SouthIndianFusion #BarbequeNation",2026-02-09 16:02:20+00:00,20,0.0,1,6073.0,1554.0,https://www.facebook.com/reel/763211443068585/,No Link,2026,February,Monday,16,all aboard the dakshin express chef rohit ghosh presents a travelling popup that moves through the soul of south indiaone bold stop at a time from tamil nadus fire to keralas coastal calm andhras spice rush and karnatakas comfort this is travelling to dakshin express a limitededition south indian fusion experience reimagined on the grill th th february barbeque nation ghodbunder road book now on the barbeque nation app or website travellingtodakshinexpress chefrohitghosh southindianfusion barbequenation,75,508,21.0,0.0034579285361435864
1367230000000000.0,BarbequeNation,"When rasam simmers and the ghee roasts, a whole new South Indian journey begins. 🔥🌿

Presenting The Dakshin Express at Barbeque Nation — a limited-time culinary pop-up by Chef Rohit Ghosh, where familiar southern flavours take a bold, fire-kissed turn. Expect comfort, drama, and serious flavour on every plate.

📍 Rosa Vista, Ghodbunder Road, Mumbai
📅 13th – 17th February

Book you table today on the Barbeque Nation website or app

#TheDakshinExpress #BarbequeNation #SouthIndianFlavours #MumbaiEats #FoodPopUp LimitedEditionMenu ChefRohitGhosh RasamAndRoast",2026-02-08 12:38:02+00:00,18,0.0,2,0.0,0.0,https://www.facebook.com/BarbequeNation/posts/pfbid02Qb7TNXLRikdRcMUhCgJFLdb7hozE8vpn3YTaGdpcjchvKe7Yb59TCqvERgfZejDWl,No Link,2026,February,Sunday,12,when rasam simmers and the ghee roasts a whole new south indian journey begins presenting the dakshin express at barbeque nation a limitedtime culinary popup by chef rohit ghosh where familiar southern flavours take a bold firekissed turn expect comfort drama and serious flavour on every plate rosa vista ghodbunder road mumbai th th february book you table today on the barbeque nation website or app thedakshinexpress barbequenation southindianflavours mumbaieats foodpopup limitededitionmenu chefrohitghosh rasamandroast,74,524,20.0,0.0
1365490000000000.0,BarbequeNation,"Love comes in many flavours…
And this Valentine Week, we’re serving them all...
Celebrate love, laughter & unlimited grills at Barbeque Nation 💕
#SeasonOfLove #ValentineVibes",2026-02-06 14:41:17+00:00,38,0.0,3,14593.0,3812.0,https://www.facebook.com/reel/26089777453990060/,No Link,2026,February,Friday,14,love comes in many flavours and this valentine week were serving them all celebrate love laughter unlimited grills at barbeque nation seasonoflove valentinevibes,23,161,41.0,0.002809566230384431
1365160000000000.0,BarbequeNation,"Pehle kya pighlega, friend ka dil ya faloode wali kulfi? 🍨💛
Miloge toh jaanoge.

Toh Barbeque Nation mein zaroor miliye kyunki ‘Milne ki bhookh acchi bhookh hai.’ 🤗

#MilneKiBhookh #BarbequeNation",2026-02-06 06:49:44+00:00,21,2.0,0,9106.0,2663.0,https://www.facebook.com/reel/796277303484378/,No Link,2026,February,Friday,6,pehle kya pighlega friend ka dil ya faloode wali kulfi miloge toh jaanoge toh barbeque nation mein zaroor miliye kyunki milne ki bhookh acchi bhookh hai milnekibhookh barbequenation,28,181,23.0,0.0025258071601142102
1364440000000000.0,BarbequeNation,"From the first fold of a Momo to the final garnish on a steaming bowl of Thukpa, witness the artistry behind our ‘From Haat to Thaali’ pop-up. Authentic flavors and nostalgic recipes, served with love at Barbeque Nation Kolkata.

Signature Dishes: Sadheko Momo, Jhol Momo, Sel Roti, and Spicy Aloo Dum.

📍 Park Center Building, Kolkata
🗓️ 9th - 15th Feb",2026-02-05 13:04:51+00:00,36,2.0,1,6029.0,1126.0,https://www.facebook.com/reel/2648302878871229/,https://www.barbequenation.com/,2026,February,Thursday,13,from the first fold of a momo to the final garnish on a steaming bowl of thukpa witness the artistry behind our from haat to thaali popup authentic flavors and nostalgic recipes served with love at barbeque nation kolkata signature dishes sadheko momo jhol momo sel roti and spicy aloo dum park center building kolkata th th feb,58,328,39.0,0.006468734450157572
1363300000000000.0,BarbequeNation,"Cheers to speed, skill, and victory!🏎🏆
Congratulations @ishaanmadesh MRF
Formula 2000, 2025 Champion",2026-02-04 10:41:19+00:00,9,0.0,0,0.0,0.0,https://www.facebook.com/BarbequeNation/posts/pfbid02amq6PzLV7XDk7kpC5UCbw5aUqu2v1agFFryYJkqecQ6UiKUg5Hh8PCiKJVRCB2vgl,No Link,2026,February,Wednesday,10,cheers to speed skill and victory congratulations mrf formula champion,10,70,9.0,0.0
1362310000000000.0,BarbequeNation,"Our ‘From Haat to Thaali’ menu is a tribute to the vibrant flavors of the hills. Swipe through to see the curated selection of starters, mains, and live counter specials we’ve prepared for you in collaboration with Chef Arati Thapa.
Experience the warmth of Himalayan hospitality right here in Kolkata.

📅 9th – 15th Feb
📍 Park Center Building, Kolkata",2026-02-03 11:12:07+00:00,13,0.0,0,0.0,0.0,https://www.facebook.com/BarbequeNation/posts/pfbid02mKBsLXLr8H9pnTaqSw7ugrKxfMhRcf35qsYrXhC6S2v4Vuv6VtBnPAYAgHzuGTp5l,No Link,2026,February,Tuesday,11,our from haat to thaali menu is a tribute to the vibrant flavors of the hills swipe through to see the curated selection of starters mains and live counter specials weve prepared for you in collaboration with chef arati thapa experience the warmth of himalayan hospitality right here in kolkata th th feb park center building kolkata,57,333,13.0,0.0
1362260000000000.0,BarbequeNation,"Our ‘From Haat to Thaali’ menu is a tribute to the vibrant flavors of the hills. Swipe through to see the curated selection of starters, mains, and live counter specials we’ve prepared for you in collaboration with Chef Arati Thapa.
Experience the warmth of Himalayan hospitality right here in Kolkata.

📅 9th – 15th Feb
📍 Park Center Building, Kolkata",2026-02-03 09:46:07+00:00,30,0.0,0,0.0,0.0,https://www.facebook.com/BarbequeNation/posts/pfbid0ytbxZN7k94XwvUQ8ZDKKaUxuerDXoJtcrajRikSJcN7cenzDrB6psV756kk7Pqd2l,No Link,2026,February,Tuesday,9,our from haat to thaali menu is a tribute to the vibrant flavors of the hills swipe through to see the curated selection of starters mains and live counter specials weve prepared for you in collaboration with chef arati thapa experience the warmth of himalayan hospitality right here in kolkata th th feb park center building kolkata,57,333,30.0,0.0
1360670000000000.0,BarbequeNation,"Barbeque Nation brings Haat to Thali: Stories from the Himalayan Kitchen, a heartfelt Himalayan journey by Chef Arati Thapa.

From hand-tossed Sadheko Momos and slow-simmered chicken with timboor, to comforting Thukpa, crisp Sel Roti and nostalgic achars — every dish carries memory, warmth, and belonging.

📍 Park Street, Kolkata
📅 9th–15th February

Book your table now on the Barbeque Nation website or app.

#HaatToThali #StoriesFromTheHimalayas #barbequenation #Himalayanfood",2026-02-01 09:51:37+00:00,50,1.0,4,8388.0,1848.0,https://www.facebook.com/reel/2039129256667402/,No Link,2026,February,Sunday,9,barbeque nation brings haat to thali stories from the himalayan kitchen a heartfelt himalayan journey by chef arati thapa from handtossed sadheko momos and slowsimmered chicken with timboor to comforting thukpa crisp sel roti and nostalgic achars every dish carries memory warmth and belonging park street kolkata thth february book your table now on the barbeque nation website or app haattothali storiesfromthehimalayas barbequenation himalayanfood,64,450,55.0,0.006556986170720076
1359880000000000.0,BarbequeNation,"Kolkata, get ready for a Himalayan Takeover! 🏔️🔥
Chef Arati Thapa is bringing the magic of Boju’s Kitchen to Barbeque Nation. Authentic flavors, traditional techniques, and stories from the hills all on one plate.

📍 Park Centre Building, Park Street, Kolkata
🗓️ 9th - 15th Feb

Book your table now on the Barbeque Nation website or app.",2026-01-31 08:15:29+00:00,34,2.0,2,0.0,0.0,https://www.facebook.com/BarbequeNation/posts/pfbid022zN2exQnEZnL7WTGkL6jdGbCDG3qwuLnPLSTxMoj7t1AvAP7DmrPAxLtAFLX1aYjl,No Link,2026,January,Saturday,8,kolkata get ready for a himalayan takeover chef arati thapa is bringing the magic of bojus kitchen to barbeque nation authentic flavors traditional techniques and stories from the hills all on one plate park centre building park street kolkata th th feb book your table now on the barbeque nation website or app,53,311,38.0,0.0
1357460000000000.0,BarbequeNation,"Not doing what everyone else does that’s what the penguin taught us 🐧
Feast your way, unlimited style!",2026-01-28 16:11:09+00:00,30,1.0,1,0.0,0.0,https://www.facebook.com/BarbequeNation/posts/pfbid024gemk82qvgTDhMqzxCpD2dSRp8YnEPciuvNTswYTthLMa9PC7pDDJQiy2XKh7sVzl,No Link,2026,January,Wednesday,16,not doing what everyone else does thats what the penguin taught us feast your way unlimited style,17,97,32.0,0.0
1357360000000000.0,BarbequeNation,"Cheers to speed, skill, and victory! 🏎️🏆 Congratulations @ishaanmadesh MRF Formula 2000, 2026 Champion!",2026-01-28 13:51:16+00:00,5,0.0,0,0.0,0.0,https://www.facebook.com/BarbequeNation/posts/pfbid0PeqRb28bknnwsnnETLB4rfVobcTm8dmnRUigF3zNzHuLes986oppYixKutxihtPcl,No Link,2026,January,Wednesday,13,cheers to speed skill and victory congratulations mrf formula champion,10,70,5.0,0.0
1356410000000000.0,BarbequeNation,"The grills are still warm, the tables still buzzing — but it’s the last call. 🔥✨

What an incredible few days it’s been hosting Chef Sima Ahmed and her soulful Awadhi menu at Barbeque Nation. From slow-cooked gravies to conversations over shared plates, this pop-up gave us memories as rich as the flavours.

If you haven’t dropped in yet, today is your final chance.
Come savour the last servings, soak in the stories, and end this experience on a delicious high.

📍 Times Square, Sakinaka
📅 Today — 27th January

See you at the grills — one last time.

Book now on the barbeque nation app or website

#ChefSimaAhmed #AwadhiCuisine #BarbequeNation #Mumbai",2026-01-27 13:31:25+00:00,45,2.0,1,8557.0,2140.0,https://www.facebook.com/reel/818130364585681/,No Link,2026,January,Tuesday,13,the grills are still warm the tables still buzzing but its the last call what an incredible few days its been hosting chef sima ahmed and her soulful awadhi menu at barbeque nation from slowcooked gravies to conversations over shared plates this popup gave us memories as rich as the flavours if you havent dropped in yet today is your final chance come savour the last servings soak in the stories and end this experience on a delicious high times square sakinaka today th january see you at the grills one last time book now on the barbeque nation app or website chefsimaahmed awadhicuisine barbequenation mumbai,106,614,48.0,0.005609442561645437
1355170000000000.0,BarbequeNation,"The rights written for us years ago shape every little moment we live today. This Republic Day, gather around the table, dine out with your loved ones, and celebrate the spirit of India.🇮🇳

( Barbeque Nation, Republic day, Togetherness)",2026-01-26 05:19:54+00:00,19,1.0,1,8867.0,1413.0,https://www.facebook.com/reel/2011552413035682/,No Link,2026,January,Monday,5,the rights written for us years ago shape every little moment we live today this republic day gather around the table dine out with your loved ones and celebrate the spirit of india barbeque nation republic day togetherness,38,223,21.0,0.0023683320175933234
1354660000000000.0,BarbequeNation,"I approach vegetarian cooking with the same care I give any celebration. 🌿

Every kebab is shaped for balance and texture.
Every gravy is allowed the time it needs to deepen, settle, and find its voice.

For me, vegetarian food isn’t an alternative.
It’s a complete expression — guided by patience, precision, and respect for ingredients.

— Sima Ahmed

📍 Times Square, Sakinaka
📅 23rd–27th January

Book now on the barbeque nation app or website",2026-01-25 15:22:13+00:00,10,0.0,2,5901.0,1355.0,https://www.facebook.com/reel/1233868228701875/,No Link,2026,January,Sunday,15,i approach vegetarian cooking with the same care i give any celebration every kebab is shaped for balance and texture every gravy is allowed the time it needs to deepen settle and find its voice for me vegetarian food isnt an alternative its a complete expression guided by patience precision and respect for ingredients sima ahmed times square sakinaka rdth january book now on the barbeque nation app or website,70,413,12.0,0.0020335536349771225
1354330000000000.0,BarbequeNation,"Odia Trails by Chef Abinas Nayak arrives at Barbeque Nation with the soul of Odisha’s temple kitchens, coastal comforts, and seasonal flavours — and trust us, you’ll want to be there from Day 1.

Think soothing Dalma, mustard-rich Macha Besara, tangy and creamy Dahi Macha, soft and smoky Chhena Poda, and the warmth of Odisha’s festive classics.
This isn’t just food — it’s a flavour journey crafted with balance, emotion, and pure Odia authenticity.

📍 Marathalli, Bengaluru 
📅 21st - 25th Jan

Book you table today on the Barbeque Nation website or app!

Seats are expected to fill fast — book now and savour Odisha, one soulful dish at a time.

[Odia Cuisine | Dalma | Macha Besara | Dahi Macha | Chhena Poda | Regional Indian Food | Chef Abinas Nayak | Odia Trails | Barbeque Nation | Mumbai Food Festival | Coastal Cuisine | Temple Food | India’s Regional Flavours]",2026-01-25 07:19:10+00:00,22,0.0,3,6115.0,1797.0,https://www.facebook.com/reel/1535273424426897/,No Link,2026,January,Sunday,7,odia trails by chef abinas nayak arrives at barbeque nation with the soul of odishas temple kitchens coastal comforts and seasonal flavours and trust us youll want to be there from day think soothing dalma mustardrich macha besara tangy and creamy dahi macha soft and smoky chhena poda and the warmth of odishas festive classics this isnt just food its a flavour journey crafted with balance emotion and pure odia authenticity marathalli bengaluru st th jan book you table today on the barbeque nation website or app seats are expected to fill fast book now and savour odisha one soulful dish at a time odia cuisine dalma macha besara dahi macha chhena poda regional indian food chef abinas nayak odia trails barbeque nation mumbai food festival coastal cuisine temple food indias regional flavours,133,798,25.0,0.004088307440719542
1353750000000000.0,BarbequeNation,"If you’ve never tried Odia cuisine, this is your sign. If you have… you already know why you shouldn’t miss it. Book now and enjoy the delicacy curated by Chef Abinas Nayak.

Book you table today on the Barbeque Nation website or app!

( Barbeque Nation, Food Pop-up, Flavours, Odia , Odia cuisine )",2026-01-24 15:10:38+00:00,29,1.0,1,5958.0,1647.0,https://www.facebook.com/reel/1444916183701187/,No Link,2026,January,Saturday,15,if youve never tried odia cuisine this is your sign if you have you already know why you shouldnt miss it book now and enjoy the delicacy curated by chef abinas nayak book you table today on the barbeque nation website or app barbeque nation food popup flavours odia odia cuisine,51,279,31.0,0.005203088284659282
1353010000000000.0,BarbequeNation,"Celebrations that made our 20th birthday truly special – 189 birthdays, 1300 children, across 15 schools & NGOs in 12 cities. 

We shared smiles and spread joy with little boxes of happiness we call Khushiyon Ka Pitara. Because when they celebrated their birthdays, they made ours even more memorable.❤️

#BarbequeNation #Celebrating20Years #KhushiyonKaPitara",2026-01-23 18:00:31+00:00,9,0.0,1,4366.0,900.0,https://www.facebook.com/reel/911431758009349/,No Link,2026,January,Friday,18,celebrations that made our th birthday truly special birthdays children across schools ngos in cities we shared smiles and spread joy with little boxes of happiness we call khushiyon ka pitara because when they celebrated their birthdays they made ours even more memorable barbequenation celebratingyears khushiyonkapitara,46,322,10.0,0.0022904260192395786
1351910000000000.0,BarbequeNation,"The Mutton Kadhai Gosht on this menu is cooked the way I grew up watching — slow, patient, layered with masalas that need time to open up. This is the kind of mutton you make for weddings, for family, for moments that matter.

The kebabs are about balance — spice, smoke, texture. Not overpowering, not performative. Just honest flavour, shaped by years of practice and trust in the fire.

This food isn’t about excess.
It’s about depth.
And if you know, you know.

📍 Venue: Times Square Mall, Mumbai
📅 Date: 23rd - 27th January
👉 Bookings now open on the Barbeque Nation app & website

#ChefSimaAhmed #AwadhiCuisine #BarbequeNation #Mumbai",2026-01-22 10:49:46+00:00,26,0.0,1,7781.0,1897.0,https://www.facebook.com/reel/1279630304225964/,No Link,2026,January,Thursday,10,the mutton kadhai gosht on this menu is cooked the way i grew up watching slow patient layered with masalas that need time to open up this is the kind of mutton you make for weddings for family for moments that matter the kebabs are about balance spice smoke texture not overpowering not performative just honest flavour shaped by years of practice and trust in the fire this food isnt about excess its about depth and if you know you know venue times square mall mumbai date rd th january bookings now open on the barbeque nation app website chefsimaahmed awadhicuisine barbequenation mumbai,103,592,27.0,0.0034699910037270273
1350340000000000.0,BarbequeNation,"You’re invited to an exclusive culinary experience with MasterChef India winner Chef Abinas Nayak.

Barbeque Nation presents ODIA TRAILS — a flavour journey into Odisha’s soulful, heritage-rich cuisine, reimagined for Bengaluru! 

Join us for a limited-time tasting featuring iconic dishes like Dalma, Chhena Poda, and Besara — crafted personally by Chef Abinas.

📍 Marathalli, Bengaluru
📅 21st - 25th January, 2026

Book your table today through the Barbeque Nation app or website! 

#OdiaFood #barbequenation #Bengaluru #odiacuisine",2026-01-20 14:49:59+00:00,24,6.0,4,8723.0,1753.0,https://www.facebook.com/reel/1556475352286506/,No Link,2026,January,Tuesday,14,youre invited to an exclusive culinary experience with masterchef india winner chef abinas nayak barbeque nation presents odia trails a flavour journey into odishas soulful heritagerich cuisine reimagined for bengaluru join us for a limitedtime tasting featuring iconic dishes like dalma chhena poda and besara crafted personally by chef abinas marathalli bengaluru st th january book your table today through the barbeque nation app or website odiafood barbequenation bengaluru odiacuisine,70,490,34.0,0.0038977416026596354
1350230000000000.0,BarbequeNation,"Today, it’s not just our 20th birthday. It’s a celebration of every moment, every memory, and every table filled with joy. Thank you for choosing Barbeque Nation for 20 years and letting us be a part of your celebrations - always making them a little more special.

( Barbeque Nation, 20th Birthday, Celebration, We turned 20, Special day )",2026-01-20 11:51:29+00:00,7,1.0,1,0.0,0.0,https://www.facebook.com/BarbequeNation/posts/pfbid0egsviZL6dJ6E4vGCUWPM8xETfmCTcVaZuyBRyW3Y8diYVZaiktHQFZs6Aqes6w2zl,No Link,2026,January,Tuesday,11,today its not just our th birthday its a celebration of every moment every memory and every table filled with joy thank you for choosing barbeque nation for years and letting us be a part of your celebrations always making them a little more special barbeque nation th birthday celebration we turned special day,54,311,9.0,0.0
1350180000000000.0,BarbequeNation,"Purani Dilli didn’t just visit — it stayed, sizzled, and stole hearts ✨

From the clink of old-school plates to aromas straight from Dilli ke ghar, this pop-up was a full-blown walk through memory lane.
Live grills, soulful vegetarian recipes, chaat that demanded silence, and flavours that made strangers bond over bites.

Every laugh, every serving, every second — this was Zaika-e-Purani Dilli, lived and loved.

Missed it?
Don’t worry — Dilli ka zaika has a habit of coming back 😉

📍 Curated by Chef Pooja Bansal
🎥 Watch till the end for the feels

❤️ Tag the friend you’d bring next time

#ZaikaEPuraniDilli #PuraniDilliVibes #PopUpDiaries #barbequenation",2026-01-20 10:31:18+00:00,20,1.0,2,6151.0,2028.0,https://www.facebook.com/reel/1580995029493481/,No Link,2026,January,Tuesday,10,purani dilli didnt just visit it stayed sizzled and stole hearts from the clink of oldschool plates to aromas straight from dilli ke ghar this popup was a fullblown walk through memory lane live grills soulful vegetarian recipes chaat that demanded silence and flavours that made strangers bond over bites every laugh every serving every second this was zaikaepurani dilli lived and loved missed it dont worry dilli ka zaika has a habit of coming back curated by chef pooja bansal watch till the end for the feels tag the friend youd bring next time zaikaepuranidilli puranidillivibes popupdiaries barbequenation,99,612,23.0,0.0037392293935945373
1350120000000000.0,BarbequeNation,"Some recipes aren’t written.
They’re remembered. Passed down. Protected.

This January, Chef Sima Ahmed — MasterChef India Season 8 Top 12 — brings her ancestral Awadhi kitchen to the live grills of Barbeque Nation.

Rooted in generations of family tradition, these dishes travel from the royal kitchens of Awadh to your table — slow-cooked gravies, delicate spices, and flavours that tell stories of time, place, and heritage.

📍 Venue: Times Square Mall, Mumbai
📅 Date: 23rd - 27th January
🍽️ Experience: Limited-edition Awadhi menu

Come for the food.
Stay for the history on your plate.

👉 Bookings now open on the Barbeque Nation app & website

#ChefSimaAhmed #AwadhiCuisine #BarbequeNation #Mumbai",2026-01-20 08:32:46+00:00,16,0.0,2,5341.0,1229.0,https://www.facebook.com/reel/3304150369754212/,No Link,2026,January,Tuesday,8,some recipes arent written theyre remembered passed down protected this january chef sima ahmed masterchef india season top brings her ancestral awadhi kitchen to the live grills of barbeque nation rooted in generations of family tradition these dishes travel from the royal kitchens of awadh to your table slowcooked gravies delicate spices and flavours that tell stories of time place and heritage venue times square mall mumbai date rd th january experience limitededition awadhi menu come for the food stay for the history on your plate bookings now open on the barbeque nation app website chefsimaahmed awadhicuisine barbequenation mumbai,99,643,18.0,0.0033701554016101853
1349450000000000.0,BarbequeNation,"Purani Dilli ka swaad, kisi kitchen se shuru nahi hota.
Yeh galiyon se aata hai. ✨

Kinari Bazaar ki bheed, taaze masale,
aur wahi purana Dilli-wala yaqeen —
jahan har sabzi ka apna waqt hota hai,
aur har masale ka apna mood.

Isi safar se janam leta hai, Zaika-e-Purani Dilli — ek vegetarian mehfil
jahan chaat ka chatkara aur Mughlai ki narmi
ek hi thaal mein milte hain.

#ZaikaEPuraniDilli #PuraniDilliFlavours #DelhiFoodDiaries
#barbequenation",2026-01-19 14:37:43+00:00,30,0.0,1,6281.0,1658.0,https://www.facebook.com/reel/781208187605430/,No Link,2026,January,Monday,14,purani dilli ka swaad kisi kitchen se shuru nahi hota yeh galiyon se aata hai kinari bazaar ki bheed taaze masale aur wahi purana dilliwala yaqeen jahan har sabzi ka apna waqt hota hai aur har masale ka apna mood isi safar se janam leta hai zaikaepurani dilli ek vegetarian mehfil jahan chaat ka chatkara aur mughlai ki narmi ek hi thaal mein milte hain zaikaepuranidilli puranidilliflavours delhifooddiaries barbequenation,69,423,31.0,0.0049355198216844455
1349420000000000.0,BarbequeNation,"Some flavours aren’t rushed 
They’re waited for.

From the slow-simmered gravies of Awadh to recipes carried through generations, Nafasat-e-Awadh is a celebration of patience, precision, and pure nostalgia ✨

Curated by Chef Sima Ahmed, this limited-time food trail brings timeless classics like Paya Shorba and Halwa where every spoon tells a story. 

📍 Times Square Sakinaka, Mumbai
📅 23rd–27th Jan, 2026

Book your table now on the Barbeque Nation website or app 

#NafasatEAwadh #Barebequevibes #awadhicuisine #barebequenation",2026-01-19 13:49:36+00:00,24,0.0,2,0.0,0.0,https://www.facebook.com/BarbequeNation/posts/pfbid09p2r2SiR9gA2Vcxu93p94KD5K9DnRVKHWqYaL2dTrpKjPv2MRKUj6HCH8Wyhnqtrl,No Link,2026,January,Monday,13,some flavours arent rushed theyre waited for from the slowsimmered gravies of awadh to recipes carried through generations nafasateawadh is a celebration of patience precision and pure nostalgia curated by chef sima ahmed this limitedtime food trail brings timeless classics like paya shorba and halwa where every spoon tells a story times square sakinaka mumbai rdth jan book your table now on the barbeque nation website or app nafasateawadh barebequevibes awadhicuisine barebequenation,72,488,26.0,0.0
1348730000000000.0,BarbequeNation,"Some flavours aren’t rushed.
They’re waited for.

From the slow-simmered gravies of Awadh to recipes carried through generations, Nafasat-e-Awadh is a celebration of patience, precision, and pure nostalgia.

Curated by Chef Sima Ahmed, this limited-time food trail brings timeless classics like Paya Shorba and Halwa — where every spoon tells a story.

📍 Times Square Sakinaka, Mumbai
📅 23rd–27th Jan, 2026

Book your table on the Barbeque Nation website or app

#NafasatEAwadh #BarbequeVibes #AwadhiCuisine #BarbequeNation",2026-01-18 17:46:43+00:00,11,2.0,1,0.0,0.0,https://www.facebook.com/BarbequeNation/posts/pfbid05VHZ77qscNywsGnsRQUzMbEmj53oBomt7MxEvcFKtgJvrM1HxejkkPX3mEXZY7NPl,No Link,2026,January,Sunday,17,some flavours arent rushed theyre waited for from the slowsimmered gravies of awadh to recipes carried through generations nafasateawadh is a celebration of patience precision and pure nostalgia curated by chef sima ahmed this limitedtime food trail brings timeless classics like paya shorba and halwa where every spoon tells a story times square sakinaka mumbai rdth jan book your table on the barbeque nation website or app nafasateawadh barbequevibes awadhicuisine barbequenation,71,482,14.0,0.0
1347030000000000.0,BarbequeNation,"Dilli ki galiyon ka asli swaad, ab Barbeque Nation ke dastarkhwan par.🔥🍽️
Purani recipes, asli masale aur woh Delhi-style flavour jo har bite mein yaadein jagaa de.

Zaika-e-Delhi Food Festival
📅 13th–19th Jan

Aaiye, Dilli ka zaika unlimited tareeke se celebrate karein. 😋✨",2026-01-16 14:11:40+00:00,37,3.0,2,7366.0,2186.0,https://www.facebook.com/reel/1517557399332482/,No Link,2026,January,Friday,14,dilli ki galiyon ka asli swaad ab barbeque nation ke dastarkhwan par purani recipes asli masale aur woh delhistyle flavour jo har bite mein yaadein jagaa de zaikaedelhi food festival thth jan aaiye dilli ka zaika unlimited tareeke se celebrate karein,41,250,42.0,0.005701873472712463
1346910000000000.0,BarbequeNation,"Odisha’s flavours are taking the scenic route to your table 🍽️
From soulful Pakhala to bold Mutton Jhola, travel the taste trails with MasterChef Abinas Nayak at Odia Trails.

📍 Marathahalli, Bengaluru | 21st–25th Jan
✨ Limited-time experience. Book Now.",2026-01-16 11:08:04+00:00,15,1.0,1,0.0,0.0,https://www.facebook.com/BarbequeNation/posts/pfbid02FD2YEqFEapZ6hC9u4JKnxt8dz3AHYFkBGs7RdafMBke1euptXzq5g7eLj2WW6H2bl,No Link,2026,January,Friday,11,odishas flavours are taking the scenic route to your table from soulful pakhala to bold mutton jhola travel the taste trails with masterchef abinas nayak at odia trails marathahalli bengaluru stth jan limitedtime experience book now,36,232,17.0,0.0
1346790000000000.0,BarbequeNation,"If you like it hot and love it spicy, this one’s for you. 🌶️🔥
This Hot & Spicy Day, come enjoy grills that bring the heat to your plate.

( Barbeque Nation, Hot and spicy day, Celebration, Togetherness, Flavourful)",2026-01-16 07:42:32+00:00,10,1.0,0,0.0,0.0,https://www.facebook.com/BarbequeNation/posts/pfbid02xY5crRZdD2CkUBnBNaUpjkPqigCeFDMKL39j7FbdHR67Lzt2oLkAwDQvkWY1E4XVl,No Link,2026,January,Friday,7,if you like it hot and love it spicy this ones for you this hot spicy day come enjoy grills that bring the heat to your plate barbeque nation hot and spicy day celebration togetherness flavourful,36,195,11.0,0.0
1345140000000000.0,BarbequeNation,"When fire met flavours, Lohri turned unforgettable.

From crackling grills to soul-soothing Punjabi classics, this wasn’t just a pop-up — it was togetherness served hot. 🪔✨

Laughter around the table, stories over makki di roti, and flavours straight from Punjab’s heart — every frame says one thing: this is how Lohri should feel.

Curated with love by Chef Ravi Chaudhry, brought alive at Barbeque Nation Noida outlets — this Lohri was about more than food.
It was about moments. Memories. And meals shared together. 🧡

If you were there, you know.
If you weren’t… this aftermovie is your sign. 👀🔥

📍 Noida | 🪔 Lohri Special

Because some festivals are meant to be felt, not just celebrated.

#Lohri #punjabdigaliyaan #barbequenation #punjabifood",2026-01-14 09:38:04+00:00,76,2.0,4,10381.0,3814.0,https://www.facebook.com/reel/753119880783367/,No Link,2026,January,Wednesday,9,when fire met flavours lohri turned unforgettable from crackling grills to soulsoothing punjabi classics this wasnt just a popup it was togetherness served hot laughter around the table stories over makki di roti and flavours straight from punjabs heart every frame says one thing this is how lohri should feel curated with love by chef ravi chaudhry brought alive at barbeque nation noida outlets this lohri was about more than food it was about moments memories and meals shared together if you were there you know if you werent this aftermovie is your sign noida lohri special because some festivals are meant to be felt not just celebrated lohri punjabdigaliyaan barbequenation punjabifood,112,693,82.0,0.00789904633464984
1345070000000000.0,BarbequeNation,"May your Pongal pot overflow with happiness, just like the unlimited grills at Barbeque Nation. 🔥🥘
Wishing you a joyful Pongal!

( Barbeque Nation, Celebration, Pongal, Togetherness )",2026-01-14 07:13:43+00:00,10,3.0,0,0.0,0.0,https://www.facebook.com/BarbequeNation/posts/pfbid0rQAYKv9BFBLqon7a6F8EdCok3xkXzZYB77UMwfbFCJPogebad7bt3TuWxV41evGxl,No Link,2026,January,Wednesday,7,may your pongal pot overflow with happiness just like the unlimited grills at barbeque nation wishing you a joyful pongal barbeque nation celebration pongal togetherness,25,169,13.0,0.0
1345050000000000.0,BarbequeNation,"Fly kites in the morning and carry the same kai po che energy into the night with unlimited grills. 🍛
Wishing you all a Happy Makar Sankranti!🪁

( Barbeque Nation, Makar Sankranti, Celebration, Togetherness )",2026-01-14 06:27:54+00:00,8,2.0,0,0.0,0.0,https://www.facebook.com/BarbequeNation/posts/pfbid033EZQx5dKVT3crG2DNgzHGQew3WjBPgnbNW7aXiMAWtNVcEPKwah9wEHGESKCUkCjl,No Link,2026,January,Wednesday,6,fly kites in the morning and carry the same kai po che energy into the night with unlimited grills wishing you all a happy makar sankranti barbeque nation makar sankranti celebration togetherness,32,195,10.0,0.0
1345020000000000.0,BarbequeNation,"Dreams coming true look like this- sizzling grills, endless food, and happiness on repeat 🎶🔥 If you relate, comment below 😍

( Barbeque Nation, Celebration, Togetherness, Unlimited, Grills, Sizzling grills )",2026-01-14 05:23:55+00:00,14,0.0,1,0.0,0.0,https://www.facebook.com/BarbequeNation/posts/pfbid0TGdRPackzXibMb8txfkrS8ZNLNsihGQFRBKZPogQsTJTrVdf1nt5xoCXXXmSq7KFl,No Link,2026,January,Wednesday,5,dreams coming true look like this sizzling grills endless food and happiness on repeat if you relate comment below barbeque nation celebration togetherness unlimited grills sizzling grills,27,188,15.0,0.0
1343830000000000.0,BarbequeNation,"Good food, great company, and all the vibes.
Here’s how youth catches up at Barbeque Nation 🍴✨

( Barbeque Nation, Good Food, Youth Day, Celebration, Togetherness, Catch up )",2026-01-12 14:56:55+00:00,14,10.0,1,0.0,0.0,https://www.facebook.com/BarbequeNation/posts/pfbid02kvxc1qZdubwo4H368FPYsaRx9DuazWe9ooktknoppfYzgiBva9fxZ1cZxAjeJral,No Link,2026,January,Monday,14,good food great company and all the vibes heres how youth catches up at barbeque nation barbeque nation good food youth day celebration togetherness catch up,26,157,25.0,0.0
1343160000000000.0,BarbequeNation,"Purani Dilli Court is now in session. ⚖️🍽️
Aur iss case ka verdict… sabko guilty karega.

Har bite pe gavaah, har masale pe sawaal,
aur har dish pe ek hi faisla — Zaika jo dheere aata hai, par jaata nahi.

Iss mehfil mein sirf khaana nahi parosa jaata, yahan Purani Dilli ka andaaz, aur ghar jaisa swaad dono milte hain.

📍 Barbeque Nation, Regal Building, Delhi
📅 13th – 19th January, 2026

Court ke sheeshe tak aaiye,
Zaika-e-Purani Dilli ka hissa baniye.

👉 Book your table NOW & give your verdict.

Court adjourned. 😌

#ZaikaEPuraniDilli #PuraniDilliCourt #DelhiFlavours #FoodWithAStory #PopUpDining BarbequeNation DelhiFoodies IGReelsIndia",2026-01-11 16:37:34+00:00,30,3.0,5,7624.0,1941.0,https://www.facebook.com/reel/1412124250699154/,No Link,2026,January,Sunday,16,purani dilli court is now in session aur iss case ka verdict sabko guilty karega har bite pe gavaah har masale pe sawaal aur har dish pe ek hi faisla zaika jo dheere aata hai par jaata nahi iss mehfil mein sirf khaana nahi parosa jaata yahan purani dilli ka andaaz aur ghar jaisa swaad dono milte hain barbeque nation regal building delhi th th january court ke sheeshe tak aaiye zaikaepurani dilli ka hissa baniye book your table now give your verdict court adjourned zaikaepuranidilli puranidillicourt delhiflavours foodwithastory popupdining barbequenation delhifoodies igreelsindia,93,585,38.0,0.004984260230849948
1342820000000000.0,BarbequeNation,"Every celebration feels special when shared with you.💛🔥

This Thank You Day, we are grateful for every time you chose Barbeque Nation to be a part of your happiest moments.",2026-01-11 06:48:51+00:00,23,3.0,0,0.0,0.0,https://www.facebook.com/BarbequeNation/posts/pfbid0SFewEuRMq9XSzS8hMGNSznP9PDxr4qyiN6Ew5poM3BsCDDVmAuk7zT7cMBZqzJXBl,No Link,2026,January,Sunday,6,every celebration feels special when shared with you this thank you day we are grateful for every time you chose barbeque nation to be a part of your happiest moments,30,166,26.0,0.0
1342230000000000.0,BarbequeNation,"Purani Dilli ka swaad, kisi kitchen se shuru nahi hota.
Yeh galiyon se aata hai. ✨

Kinari Bazaar ki bheed, taaze masale,
aur wahi purana Dilli-wala yaqeen —
jahan har sabzi ka apna waqt hota hai,
aur har masale ka apna mood.

Isi safar se janam leta hai, Zaika-e-Purani Dilli — ek vegetarian mehfil
jahan chaat ka chatkara aur Mughlai ki narmi
ek hi thaal mein milte hain.

📍 Venue: Barbeque Nation, Regal Building, Delhi
📅 Dates: 13th – 19th January, 2026

👉 Book your table now on the Barbeque Nation website or app 

#ZaikaEPuraniDilli #PuraniDilliFlavours #DelhiFoodDiaries
#barbequenation",2026-01-10 10:32:12+00:00,41,0.0,4,8225.0,2378.0,https://www.facebook.com/reel/1134153881964130/,No Link,2026,January,Saturday,10,purani dilli ka swaad kisi kitchen se shuru nahi hota yeh galiyon se aata hai kinari bazaar ki bheed taaze masale aur wahi purana dilliwala yaqeen jahan har sabzi ka apna waqt hota hai aur har masale ka apna mood isi safar se janam leta hai zaikaepurani dilli ek vegetarian mehfil jahan chaat ka chatkara aur mughlai ki narmi ek hi thaal mein milte hain venue barbeque nation regal building delhi dates th th january book your table now on the barbeque nation website or app zaikaepuranidilli puranidilliflavours delhifooddiaries barbequenation,90,544,45.0,0.00547112462006079
1341590000000000.0,BarbequeNation,"Chef Ravi brings Lohri to your table with authentic flavours, timeless recipes, and the taste meant to be shared with family. ✨ Noida, your Lohri feast awaits. Book your table now! 🍛😋",2026-01-09 13:28:54+00:00,40,2.0,2,7287.0,1731.0,https://www.facebook.com/reel/907226565591013/,No Link,2026,January,Friday,13,chef ravi brings lohri to your table with authentic flavours timeless recipes and the taste meant to be shared with family noida your lohri feast awaits book your table now,30,172,44.0,0.00603815013036915
1341530000000000.0,BarbequeNation,"Agar aap bhi bahana dhund rahe ho... toh humare pass unlimited starters, live grills aur variety of desserts ready hai... kyuki milne ki bhookh acchi bhookh hai.  😉

( Barbeque Nation, Unlimited, Starters, Milne ki bhookh, Trending, Meme )",2026-01-09 11:35:37+00:00,12,2.0,0,0.0,0.0,https://www.facebook.com/BarbequeNation/posts/pfbid0KTjYu7jP3WwEDcnD8Ht2aWczQVWe4tdgQpSeiPytBvzKH8z1CXPLNWpmP2fEWwJAl,No Link,2026,January,Friday,11,agar aap bhi bahana dhund rahe ho toh humare pass unlimited starters live grills aur variety of desserts ready hai kyuki milne ki bhookh acchi bhookh hai barbeque nation unlimited starters milne ki bhookh trending meme,36,218,14.0,0.0
1340830000000000.0,BarbequeNation,"THE WAIT IS OVER! 

The legendary tastes of Old Delhi have arrived at our Regal Building (CP) outlet. Huge space, massive flavors, and a curated menu by Chef Puja Bansal you won’t find anywhere else🥂

📍 Regal Building, CP
📅 13th – 19th Jan
Book your table now!",2026-01-08 12:51:25+00:00,25,4.0,2,0.0,0.0,https://www.facebook.com/BarbequeNation/posts/pfbid02NCk4nyj5KMg3bPxLLJ7gscXvBBYqUuw4NTejZnKwf85U2wM9vG1TWG7cB5vboEGBl,No Link,2026,January,Thursday,12,the wait is over the legendary tastes of old delhi have arrived at our regal building cp outlet huge space massive flavors and a curated menu by chef puja bansal you wont find anywhere else regal building cp th th jan book your table now,45,237,31.0,0.0
1340020000000000.0,BarbequeNation,"Punjab di rasoi aa rahi hai, jahaan makkhan zyada hai, pyaar aur bhi zyada. Iss Lohri, come hungry and ready to indulge in Punjab’s authentic flavours.

Drop in, try it out, and make it a meal to remember. 🔥🥘

📆10th - 13th January 2026
Barbeque Nation | Noida (All Outlets)

Iss Lohri, sirf celebrate nahi - mehsoos
kijiye.👉
Book your table now on the Barbeque
Nation website or app.",2026-01-07 13:33:15+00:00,94,5.0,5,15816.0,5410.0,https://www.facebook.com/reel/1388168492154353/,No Link,2026,January,Wednesday,13,punjab di rasoi aa rahi hai jahaan makkhan zyada hai pyaar aur bhi zyada iss lohri come hungry and ready to indulge in punjabs authentic flavours drop in try it out and make it a meal to remember th th january barbeque nation noida all outlets iss lohri sirf celebrate nahi mehsoos kijiye book your table now on the barbeque nation website or app,64,346,104.0,0.0065756196256954984
1337400000000000.0,BarbequeNation,"The lights, the music, the moves -  our Bollywood Night in Mumbai truly felt like a party straight out of a movie! 🌟💃🎉

( Barbeque Nation, Bollywood Night, Musica, Party, Celebration, Unlimited, Togetherness)",2026-01-04 07:43:37+00:00,17,0.0,1,10968.0,2579.0,https://www.facebook.com/reel/1424597252710695/,No Link,2026,January,Sunday,7,the lights the music the moves our bollywood night in mumbai truly felt like a party straight out of a movie barbeque nation bollywood night musica party celebration unlimited togetherness,30,188,18.0,0.0016411378555798686
1336830000000000.0,BarbequeNation,"Sardiyon ki woh aag 🔥
makki di roti ki khushboo 🌽
aur Lohri ka asli matlab — saath hona ❤️

Chef Ravi brings back Punjab ki winter yaadein with
Punjab Di Rasoi: Lohri Edition —
garam, soulful flavours straight from Punjab to your table.

📅 10th – 13th January 2026
📍 Barbeque Nation | Noida (All Outlets)

Iss Lohri, sirf celebrate nahi — mehsoos kijiye.
👉 Book your table now on the Barbeque Nation website or app.

#PunjabDiRasoi #LohriEdition #WinterComfortFood #PunjabiFlavours",2026-01-03 11:23:08+00:00,15,1.0,1,8270.0,1811.0,https://www.facebook.com/reel/1802173690495595/,No Link,2026,January,Saturday,11,sardiyon ki woh aag makki di roti ki khushboo aur lohri ka asli matlab saath hona chef ravi brings back punjab ki winter yaadein with punjab di rasoi lohri edition garam soulful flavours straight from punjab to your table th th january barbeque nation noida all outlets iss lohri sirf celebrate nahi mehsoos kijiye book your table now on the barbeque nation website or app punjabdirasoi lohriedition wintercomfortfood punjabiflavours,69,433,17.0,0.0020556227327690447
1336220000000000.0,BarbequeNation,"The only ice-breaker that works every time? A sizzling grill🔥
Introvert or not, great food always starts the conversation. 

( Barbeque Nation, Togetherness, Celebration, Unlimited, Laughter, Fun, Happiness )",2026-01-02 14:55:06+00:00,25,9.0,0,0.0,0.0,https://www.facebook.com/BarbequeNation/posts/pfbid02ZKjkChYvRp63QbeAuJHgakyaaGcgTjE9ZswBFRdj5Q4s71rrRgJn11SZEYGmu9GDl,https://www.barbequenation.com/webform/feedback,2026,January,Friday,14,the only icebreaker that works every time a sizzling grill introvert or not great food always starts the conversation barbeque nation togetherness celebration unlimited laughter fun happiness,27,191,34.0,0.0
1334770000000000.0,BarbequeNation,"Cheers to full plates, happy hearts, and endless memories! Here’s to 2026 being even more deliciously unforgettable🥂✨

( Barbeque Nation, Togetherness, Celebration, Unlimited, Laughter, Fun, Happiness )",2025-12-31 18:15:11+00:00,23,3.0,2,14544.0,3044.0,https://www.facebook.com/reel/1386634066047188/,No Link,2025,December,Wednesday,18,cheers to full plates happy hearts and endless memories heres to being even more deliciously unforgettable barbeque nation togetherness celebration unlimited laughter fun happiness,24,180,28.0,0.0019251925192519251
1334550000000000.0,BarbequeNation,"From the hills to the coast, from fire-led Asian plates to heritage Indian kitchens, every chef brought a story worth savouring.
2025 was about regions meeting tables, traditions finding new admirers, and diners becoming part of the journey.

From Uttarakhand to Odisha, Nepal to Andhra, Lucknow to the South — every pop-up reminded us how limitless Indian flavours truly are.

Thank you for sharing every table with us.
We're fired up and ready for 2026 🔥🍴

#BarbequeNation #2025 #2026 #FlavoursOfIndia #yearwrapped",2025-12-31 13:29:53+00:00,29,3.0,2,8827.0,2730.0,https://www.facebook.com/reel/1318581513373404/,No Link,2025,December,Wednesday,13,from the hills to the coast from fireled asian plates to heritage indian kitchens every chef brought a story worth savouring was about regions meeting tables traditions finding new admirers and diners becoming part of the journey from uttarakhand to odisha nepal to andhra lucknow to the south every popup reminded us how limitless indian flavours truly are thank you for sharing every table with us were fired up and ready for barbequenation flavoursofindia yearwrapped,75,470,34.0,0.0038518182848079757
1333820000000000.0,BarbequeNation,"When winter arrives, Punjab’s rasoi comes alive. 🔥

This Lohri, celebrate flavours that are slow-cooked, fire-kissed, and made to be shared.
Punjab Di Rasoi: Lohri Edition brings together authentic Punjabi recipes, festive warmth, and home-style comfort — curated specially by Chef Ravi Choudhary, a master of North Indian cuisine.

From makki di roti and sarson da saag to soulful winter classics, every dish tells a story straight from Punjab’s kitchens — rich, hearty, and full of feeling.

📅 10th – 13th January, 2026
📍 Noida | Sec 16 | Sec 62 | Gaur City Mall | Paras One33 | Greater Noida Omaxe CP Mall

Gather your people, feel the Lohri fire, and taste Punjab the way it’s meant to be enjoyed.

👉 Book your table now on the Barbeque Nation website or app.

#PunjabiRasoi #BarbequeNation #Lohri #Noida #FoodPopUp",2025-12-30 14:06:56+00:00,24,2.0,1,0.0,0.0,https://www.facebook.com/BarbequeNation/posts/pfbid02UfsyHubpRkWjAqDrfDAbBTZVmnH1vQoxBW4tHzZhAudVQGJpWaFKVRGpW1GHXUp6l,No Link,2025,December,Tuesday,14,when winter arrives punjabs rasoi comes alive this lohri celebrate flavours that are slowcooked firekissed and made to be shared punjab di rasoi lohri edition brings together authentic punjabi recipes festive warmth and homestyle comfort curated specially by chef ravi choudhary a master of north indian cuisine from makki di roti and sarson da saag to soulful winter classics every dish tells a story straight from punjabs kitchens rich hearty and full of feeling th th january noida sec sec gaur city mall paras one greater noida omaxe cp mall gather your people feel the lohri fire and taste punjab the way its meant to be enjoyed book your table now on the barbeque nation website or app punjabirasoi barbequenation lohri noida foodpopup,123,741,27.0,0.0
1333710000000000.0,BarbequeNation,"Because great food deserves a soundtrack you can hum to 🎶🍽️

( Barbeque Nation, Togetherness, Celebration, Unlimited, Laughter, Fun, Happiness )",2025-12-30 11:00:11+00:00,31,2.0,0,0.0,0.0,https://www.facebook.com/BarbequeNation/posts/pfbid02GJ3PZ1NJ6KX378P5sB7jCg6Xnrum5uCTjjg553PWTc2QJSFS1EM4MyX9hZLyLABXl,No Link,2025,December,Tuesday,11,because great food deserves a soundtrack you can hum to barbeque nation togetherness celebration unlimited laughter fun happiness,18,129,33.0,0.0
1332280000000000.0,BarbequeNation,"Come prepared for long conversations, full plates, and a table that refuses to empty🍴💬

Book you table today on the Barbeque Nation website or app!
Book Now: https://www.barbequenation.com/

( Barbeque Nation, Togetherness, Celebration, Unlimited, Laughter, Fun, Happiness )",2025-12-28 11:30:12+00:00,22,4.0,0,12756.0,2554.0,https://www.facebook.com/reel/3755170814620302/,https://www.barbequenation.com/,2025,December,Sunday,11,come prepared for long conversations full plates and a table that refuses to empty book you table today on the barbeque nation website or app book now barbeque nation togetherness celebration unlimited laughter fun happiness,35,224,26.0,0.0020382565067419253
1330980000000000.0,BarbequeNation,"This Christmas, our tables made room for something truly special. 🎄❤️

At Barbeque Nation, we welcomed 15 bright little stars from Rasta NGO for a joyful Christmas Carol celebration filled with laughter, dance, colours from drawing and painting, festive food, warm hugs from Santa, and thoughtful return gifts. 🎅✨

Moments like these remind us that the true spirit of the season lies in sharing happiness, creating memories, and celebrating togetherness beyond the table.

Book you table today on the Barbeque Nation website or app!
Book Now: https://www.barbequenation.com/

#SeasonOfGiving #JoyOfSharing #ChristmasAtBarbequeNation #CommunityFirst #MomentsThatMatter",2025-12-26 13:49:56+00:00,65,7.0,2,12592.0,3300.0,https://www.facebook.com/reel/841161272020491/,https://www.barbequenation.com/,2025,December,Friday,13,this christmas our tables made room for something truly special at barbeque nation we welcomed bright little stars from rasta ngo for a joyful christmas carol celebration filled with laughter dance colours from drawing and painting festive food warm hugs from santa and thoughtful return gifts moments like these remind us that the true spirit of the season lies in sharing happiness creating memories and celebrating togetherness beyond the table book you table today on the barbeque nation website or app book now seasonofgiving joyofsharing christmasatbarbequenation communityfirst momentsthatmatter,88,602,74.0,0.0058767471410419315
1330400000000000.0,BarbequeNation,"Prawns itne buttery ki iss New Year, kadak dadu phi pighal jaye!

Book you table today on the Barbeque Nation website or app!
Book Now: https://www.barbequenation.com/

#MilneKiBhook #BarbequeNation",2025-12-25 17:04:59+00:00,46,2.0,2,12636.0,3033.0,https://www.facebook.com/reel/1090127006468049/,https://www.barbequenation.com/,2025,December,Thursday,17,prawns itne buttery ki iss new year kadak dadu phi pighal jaye book you table today on the barbeque nation website or app book now milnekibhook barbequenation,27,158,50.0,0.003956948401392846
1330290000000000.0,BarbequeNation,"Delhi, it’s official — bigger just got better 🔥
Barbeque Nation has arrived (again) in Connaught Place with our largest restaurant in Delhi, and yes, it’s unmissable.

Housed at the iconic Regal Building, 1st Floor, this isn’t just a new outlet — it’s a whole new dining destination.
More space. Bigger energy. The same flavours you love, now on an even grander scale.

📍 Barbeque Nation, Regal Building, 1st Floor, Connaught Place

Book you table today on the Barbeque Nation website or app!
Book Now: https://www.barbequenation.com/

[BarbequeNation | BBQNationDelhi | ConnaughtPlace | Delhi]",2025-12-25 14:02:43+00:00,20,3.0,1,9209.0,1481.0,https://www.facebook.com/reel/1407875194367600/,https://www.barbequenation.com/,2025,December,Thursday,14,delhi its official bigger just got better barbeque nation has arrived again in connaught place with our largest restaurant in delhi and yes its unmissable housed at the iconic regal building st floor this isnt just a new outlet its a whole new dining destination more space bigger energy the same flavours you love now on an even grander scale barbeque nation regal building st floor connaught place book you table today on the barbeque nation website or app book now barbequenation bbqnationdelhi connaughtplace delhi,85,518,24.0,0.0026061461613638833
1330080000000000.0,BarbequeNation,"This Christmas, make your celebrations extra delicious!
Order our Barbeque Celebration Boxes — packed with a great variety for the whole family.

Perfect for sharing, celebrating, and enjoying together
Order online on Swiggy and grab exclusive offers this festive season!

#Christmas #Swiggy #CelebrationBoxes #BarbequeNation",2025-12-25 07:38:07+00:00,20,2.0,0,0.0,0.0,https://www.facebook.com/BarbequeNation/posts/pfbid023WHbYVD2cDW1jEk8q1GbnpTAU1ehD7j8tjKnpsPKZUsWmZpvugcYUrfT9Ve1FZ9Vl,No Link,2025,December,Thursday,7,this christmas make your celebrations extra delicious order our barbeque celebration boxes packed with a great variety for the whole family perfect for sharing celebrating and enjoying together order online on swiggy and grab exclusive offers this festive season christmas swiggy celebrationboxes barbequenation,43,311,22.0,0.0
1329640000000000.0,BarbequeNation,"Layered bites, sizzling sights, and a feast full of delights. 
This Christmas, the grill steals the show✨🎄

Book you table today on the Barbeque Nation website or app!
Book Now: https://www.barbequenation.com/

( Barbeque Nation, Togetherness, Celebration, Unlimited, Laughter, Fun, Happiness, Christmas)",2025-12-24 16:55:04+00:00,14,4.0,1,0.0,0.0,https://www.facebook.com/BarbequeNation/posts/pfbid0gpcXzwoedNSuPnhrMvbhQuRKYgYhYFtYcDPo6awvQG2KAaQxECHnDnfeHo46xjU8l,https://www.barbequenation.com/,2025,December,Wednesday,16,layered bites sizzling sights and a feast full of delights this christmas the grill steals the show book you table today on the barbeque nation website or app book now barbeque nation togetherness celebration unlimited laughter fun happiness christmas,39,251,19.0,0.0
1329410000000000.0,BarbequeNation,"Before 2025 ends, meet one more time, share one more meal, spend quality time together, and make the last special memories of the year before you start creating new ones ✨🍽️

Book you table today on the Barbeque Nation website or app!
Book Now: https://www.barbequenation.com/

( Barbeque Nation, Togetherness, Celebration, Unlimited, Laughter, Fun, Happiness, Last Moments of the year)",2025-12-24 10:43:06+00:00,37,2.0,1,0.0,0.0,https://www.facebook.com/BarbequeNation/posts/pfbid0X1X6Cqt4tsF1DC2voKyPxJNdGFCuqpufuhNAxZGiLBWm8HP7mADCEZFuxFsSjt5ul,https://www.barbequenation.com/,2025,December,Wednesday,10,before ends meet one more time share one more meal spend quality time together and make the last special memories of the year before you start creating new ones book you table today on the barbeque nation website or app book now barbeque nation togetherness celebration unlimited laughter fun happiness last moments of the year,55,327,40.0,0.0
1329260000000000.0,BarbequeNation,"Last call, Pune!

Today is the final day to experience Flavours of Uttarakhand at Barbeque Nation.

Curated by Chef Yojana Khanduri, this Himalayan pop-up brings soulful mountain recipes, earthy ingredients and flavours that rarely travel beyond Uttarakhand.

If this has been on your list — today is your only chance.

📍 Barbeque Nation, Kalyani Nagar
📅 Ends today (24th Dec, 2025)

Book you table today on the Barbeque Nation website or app!
Book Now: https://www.barbequenation.com/

Come hungry. Leave nostalgic.

#FlavoursOfUttarakhand #LastDayAlert #PuneFoodies #HimalayanCuisine #ChefPopUp BarbequeNation LimitedTimeOnly",2025-12-24 06:11:16+00:00,46,4.0,5,9003.0,3021.0,https://www.facebook.com/reel/3736715956634618/,https://www.barbequenation.com/,2025,December,Wednesday,6,last call pune today is the final day to experience flavours of uttarakhand at barbeque nation curated by chef yojana khanduri this himalayan popup brings soulful mountain recipes earthy ingredients and flavours that rarely travel beyond uttarakhand if this has been on your list today is your only chance barbeque nation kalyani nagar ends today th dec book you table today on the barbeque nation website or app book now come hungry leave nostalgic flavoursofuttarakhand lastdayalert punefoodies himalayancuisine chefpopup barbequenation limitedtimeonly,81,554,55.0,0.006109074752860158
1328620000000000.0,BarbequeNation,"When one craving leads to another, and stopping isn’t part of the plan.
Unlimited favourites, served the Barbeque Nation way🍽️🔥

Book you table today on the Barbeque Nation website or app!
Book Now: https://www.barbequenation.com/

( Barbeque Nation, Togetherness, Celebration, Unlimited, Laughter, Fun, Happiness )",2025-12-23 10:05:19+00:00,22,3.0,0,0.0,0.0,https://www.facebook.com/BarbequeNation/posts/pfbid0QQQnm7un1mR48txkFZtNG2vdUfF7P4WgNLgbnPUrsdsDQWNpkt5swirNTVwN9pvml,https://www.barbequenation.com/,2025,December,Tuesday,10,when one craving leads to another and stopping isnt part of the plan unlimited favourites served the barbeque nation way book you table today on the barbeque nation website or app book now barbeque nation togetherness celebration unlimited laughter fun happiness,41,262,25.0,0.0
1327660000000000.0,BarbequeNation,"Ek bite lo… aur reactions full Bollywood hone chahiye 🎬🍲

When Barbeque Nation brings the Flavours of Uttarakhand to Pune, the dialogues write themselves.
Soulful pahadi recipes, honest ingredients, and flavours so good — staff bhi filmy ho jaaye 💫

Curated by Chef Yojana Khanduri, this Himalayan Pop-Up is where mountain ingredients meet main-character energy.

📍 Kalyani Nagar, Pune
📅 19th – 24th December

Aao, ek bite lo…
Aur batao — aap kaunsa dialogue bolte? 😌🎥

Book you table today on the Barbeque Nation website or app!
Book Now: https://www.barbequenation.com/

#FlavoursOfUttarakhand #BarbequeNation #PuneFoodies #KalyaniNagar #ChefPopUp",2025-12-22 05:40:28+00:00,59,4.0,3,10694.0,2902.0,https://www.facebook.com/reel/838422435758969/,https://www.barbequenation.com/,2025,December,Monday,5,ek bite lo aur reactions full bollywood hone chahiye when barbeque nation brings the flavours of uttarakhand to pune the dialogues write themselves soulful pahadi recipes honest ingredients and flavours so good staff bhi filmy ho jaaye curated by chef yojana khanduri this himalayan popup is where mountain ingredients meet maincharacter energy kalyani nagar pune th th december aao ek bite lo aur batao aap kaunsa dialogue bolte book you table today on the barbeque nation website or app book now flavoursofuttarakhand barbequenation punefoodies kalyaninagar chefpopup,86,569,66.0,0.006171685057041331
1326550000000000.0,BarbequeNation,"When our chef starts with “yeh bhaang ke beej hai”, we know it’s going to be a pahadi story 🌿
(No, not woh wala 😄)

We’re hosting Chef Yojana Khanduri as she brings traditional Uttarakhandi recipes to our grills — from earthy bhaang ki chutney to her family’s much-loved bhaang chicken, made with hemp seeds and generations of flavour.

This is Himalayan cooking the way it’s meant to be — personal, rooted, and full of stories.

Join us at Barbeque Nation, Kalyani Nagar, Pune for an exclusive Flavours of Uttarakhand pop-up.

📍 Kalyani Nagar, Pune
📅 19th – 24th December

Book you table today on the Barbeque Nation website or app!
Book Now: https://www.barbequenation.com/",2025-12-20 18:53:51+00:00,15,0.0,3,7596.0,1966.0,https://www.facebook.com/reel/1232460772123299/,https://www.barbequenation.com/,2025,December,Saturday,18,when our chef starts with yeh bhaang ke beej hai we know its going to be a pahadi story no not woh wala were hosting chef yojana khanduri as she brings traditional uttarakhandi recipes to our grills from earthy bhaang ki chutney to her familys muchloved bhaang chicken made with hemp seeds and generations of flavour this is himalayan cooking the way its meant to be personal rooted and full of stories join us at barbeque nation kalyani nagar pune for an exclusive flavours of uttarakhand popup kalyani nagar pune th th december book you table today on the barbeque nation website or app book now,106,597,18.0,0.002369668246445498
1326270000000000.0,BarbequeNation,"Some dinner plans don’t need a debate.
Just good food, great company, and unlimited joy 🍽️

Book you table today on the Barbeque Nation website or app!
Book Now: https://www.barbequenation.com/

( Barbeque Nation, Togetherness, Celebration, Unlimited, Laughter, Fun, Happiness )",2025-12-20 11:39:13+00:00,11,4.0,0,0.0,0.0,https://www.facebook.com/BarbequeNation/posts/pfbid02osiLWv9EsQqcpwbHV5hdjmQLSU4gphJWSbGz3VnYs7SUH2AuvpPC7BnBTjUPFv11l,https://www.barbequenation.com/,2025,December,Saturday,11,some dinner plans dont need a debate just good food great company and unlimited joy book you table today on the barbeque nation website or app book now barbeque nation togetherness celebration unlimited laughter fun happiness,36,225,15.0,0.0
1326170000000000.0,BarbequeNation,"Ho. Ho. How delicious! 🎄✨

The Holiday Special Menu is here to make your Christmas extra indulgent.
Winter-warm mains, festive favourites, and desserts worth celebrating together.

📅 24th & 25th December
📍 *Location: Delhi/NCR, Punjab, Rajasthan, Jammu, Uttarakhand, Haryana & Chandigarh

Come hungry. Leave merry. 

*T&C applied

Book you table today on the Barbeque Nation website or app!
Book Now: https://www.barbequenation.com/

#HolidaySpecialMenu #ChristmasAtBBQN #FestiveFeast #ChristmasFood #WinterIndulgence BarbequeNation FoodieChristmas SeasonOfFeasting",2025-12-20 08:52:00+00:00,47,6.0,0,9161.0,2360.0,https://www.facebook.com/reel/1441210107614200/,https://www.barbequenation.com/,2025,December,Saturday,8,ho ho how delicious the holiday special menu is here to make your christmas extra indulgent winterwarm mains festive favourites and desserts worth celebrating together th th december location delhincr punjab rajasthan jammu uttarakhand haryana chandigarh come hungry leave merry tc applied book you table today on the barbeque nation website or app book now holidayspecialmenu christmasatbbqn festivefeast christmasfood winterindulgence barbequenation foodiechristmas seasonoffeasting,63,484,53.0,0.005785394607575592
1326040000000000.0,BarbequeNation,"Odia Trails served memories, not just meals.
Every dish celebrated the richness of Odia cuisine and its timeless flavours. 🍛
Stay tuned for our next food festival until then, our unlimited grills are always here! 🍱

Book you table today on the Barbeque Nation website or app!
Book Now: https://www.barbequenation.com/

( Barbeque Nation, Togetherness, Celebration, Food pop up, Odia Trails )",2025-12-20 04:57:44+00:00,39,5.0,3,7459.0,2336.0,https://www.facebook.com/reel/914322054355863/,https://www.barbequenation.com/,2025,December,Saturday,4,odia trails served memories not just meals every dish celebrated the richness of odia cuisine and its timeless flavours stay tuned for our next food festival until then our unlimited grills are always here book you table today on the barbeque nation website or app book now barbeque nation togetherness celebration food pop up odia trails,56,338,47.0,0.006301112749698351
1325030000000000.0,BarbequeNation,"From the hills to your plate! 🗻

Barbeque Nation, Kalyani Nagar, Pune invites you to experience the rich, earthy Flavours of Uttarakhand in an exclusive Himalayan Pop-Up curated by Chef Yojana Khanduri 🍲🥘

Dive into soulful mountain recipes, aromatic pahadi spices, and comforting delicacies inspired by the Himalayas — thoughtfully crafted using locally sourced ingredients 🌿

📍 Barbeque Nation, Kalyani Nagar, Pune
📅 19th – 24th December
👩‍🍳 Curated by Chef Yojana Khanduri

A limited-time culinary journey straight from the mountains — don’t miss it!

Book you table today on the Barbeque Nation website or app!
Book Now: https://www.barbequenation.com/

#FlavoursOfUttarakhand #BarbequeNation #PuneFoodies #KalyaniNagar #HimalayanCuisine",2025-12-19 03:55:09+00:00,74,9.0,13,11970.0,3753.0,https://www.facebook.com/reel/711733985343179/,https://www.barbequenation.com/,2025,December,Friday,3,from the hills to your plate barbeque nation kalyani nagar pune invites you to experience the rich earthy flavours of uttarakhand in an exclusive himalayan popup curated by chef yojana khanduri dive into soulful mountain recipes aromatic pahadi spices and comforting delicacies inspired by the himalayas thoughtfully crafted using locally sourced ingredients barbeque nation kalyani nagar pune th th december curated by chef yojana khanduri a limitedtime culinary journey straight from the mountains dont miss it book you table today on the barbeque nation website or app book now flavoursofuttarakhand barbequenation punefoodies kalyaninagar himalayancuisine,94,659,96.0,0.008020050125313283
1324540000000000.0,BarbequeNation,"From chart-busters to chakhna, Delhi’s Bollywood Night had everything -  energy, flavour, and a crowd that owned every beat! 🎶🔥

Book you table today on the Barbeque Nation website or app!
Book Now: https://www.barbequenation.com/

( Barbeque Nation, Guest experience, Celebrate, Love and laughter, Togetherness)",2025-12-18 12:43:55+00:00,6,0.0,0,5850.0,1375.0,https://www.facebook.com/reel/1537149970850668/,https://www.barbequenation.com/,2025,December,Thursday,12,from chartbusters to chakhna delhis bollywood night had everything energy flavour and a crowd that owned every beat book you table today on the barbeque nation website or app book now barbeque nation guest experience celebrate love and laughter togetherness,40,257,6.0,0.0010256410256410256
1323010000000000.0,BarbequeNation,"Delhi, the wait is finally over! 🚨
We’ve officially landed in the heart of the city. Connaught Place just got a major upgrade and you need to see it to believe it. This isn’t just a store opening; it’s a whole new experience.

Book you table today on the Barbeque Nation website or app!
Book Now: https://www.barbequenation.com/

( Barbeque Nation, CP , Connaught Place, New Store Opening, New Outlet)",2025-12-16 13:45:53+00:00,57,1.0,4,12309.0,3995.0,https://www.facebook.com/reel/867277319191773/,https://www.barbequenation.com/,2025,December,Tuesday,13,delhi the wait is finally over weve officially landed in the heart of the city connaught place just got a major upgrade and you need to see it to believe it this isnt just a store opening its a whole new experience book you table today on the barbeque nation website or app book now barbeque nation cp connaught place new store opening new outlet,65,346,62.0,0.005036964822487611
1322340000000000.0,BarbequeNation,"Can’t go to Uttarakhand? Let Uttarakhand come to you. 🍃

Barbeque Nation brings the authentic flavours of Uttarakhand straight to the city—slow-cooked, soulful, and rooted in pahadi tradition. Experience homestyle warmth, local ingredients, and recipes that feel like a journey to the hills.

📍Kalyani Nagar, Pune 
📆 19th - 24th Dec 

👉 Book you table today on the Barbeque Nation website or app!
Book Now: https://www.barbequenation.com/",2025-12-15 17:23:54+00:00,29,0.0,8,0.0,0.0,https://www.facebook.com/BarbequeNation/posts/pfbid02rrA1xvsNmMKhwjyw8NwCJYwm28xpxiU3sW4vy8GwPF9yS4iJ5JVGziw9cAHNZBmPl,https://www.barbequenation.com/,2025,December,Monday,17,cant go to uttarakhand let uttarakhand come to you barbeque nation brings the authentic flavours of uttarakhand straight to the cityslowcooked soulful and rooted in pahadi tradition experience homestyle warmth local ingredients and recipes that feel like a journey to the hills kalyani nagar pune th th dec book you table today on the barbeque nation website or app book now,61,374,37.0,0.0
1321290000000000.0,BarbequeNation,"Fall in love with every bite, every dish, every visit. That’s the magic of Barbeque Nation, it makes you fall in love again and again✨️🫠

Book you table today on the Barbeque Nation website or app!
Book Now: https://www.barbequenation.com/

( Barbeque Nation, Fall in love, Trending, Food, Unlimited)",2025-12-14 08:57:22+00:00,22,4.0,0,10898.0,2394.0,https://www.facebook.com/reel/2096703914491574/,https://www.barbequenation.com/,2025,December,Sunday,8,fall in love with every bite every dish every visit thats the magic of barbeque nation it makes you fall in love again and again book you table today on the barbeque nation website or app book now barbeque nation fall in love trending food unlimited,46,249,26.0,0.0023857588548357495
1320000000000000.0,BarbequeNation,"🔥 Dive into the flavours of the South!
Join us at the Dakshin Food Pop-Up for an authentic culinary celebration.

📍 Barbeque Nation, Forum Shantiniketan, Bengaluru

📅 10th–14th Dec 2025

Book you table today on the Barbeque Nation website or app!
Book Now: https://www.barbequenation.com/

( Barbeque Nation, Dakshin food pop up, Flavours, Food pop up )",2025-12-12 13:48:51+00:00,87,5.0,3,12552.0,4425.0,https://www.facebook.com/reel/1433952361776708/,https://www.barbequenation.com/,2025,December,Friday,13,dive into the flavours of the south join us at the dakshin food popup for an authentic culinary celebration barbeque nation forum shantiniketan bengaluru thth dec book you table today on the barbeque nation website or app book now barbeque nation dakshin food pop up flavours food pop up,49,287,95.0,0.007568514977692798
1319860000000000.0,BarbequeNation,"If you’ve never tried Odia cuisine, this is your sign. If you have… you already know why you shouldn’t miss it. Book now and enjoy the delicacy curated by Chef Abinas Nayak.

Book you table today on the Barbeque Nation website or app!
Book Now: https://www.barbequenation.com/

( Barbeque Nation, Food Pop-up, Flavours, Odia , Odia cuisine )",2025-12-12 10:00:42+00:00,20,0.0,0,7277.0,1167.0,https://www.facebook.com/reel/4187707001500435/,https://www.barbequenation.com/,2025,December,Friday,10,if youve never tried odia cuisine this is your sign if you have you already know why you shouldnt miss it book now and enjoy the delicacy curated by chef abinas nayak book you table today on the barbeque nation website or app book now barbeque nation food popup flavours odia odia cuisine,53,288,20.0,0.002748385323622372
1319850000000000.0,BarbequeNation,"Say yes to those plans coz friendships in your 20s are built between refills and shared plates. 😉🥙

Book you table today on the Barbeque Nation website or app!
Book Now: https://www.barbequenation.com/

( Barbeque Nation, Foodie lovers, Unlimited, Buffet , grills , Flavours, Celebrate)",2025-12-12 09:49:01+00:00,27,1.0,0,6561.0,1417.0,https://www.facebook.com/reel/1616775669313204/,https://www.barbequenation.com/,2025,December,Friday,9,say yes to those plans coz friendships in your s are built between refills and shared plates book you table today on the barbeque nation website or app book now barbeque nation foodie lovers unlimited buffet grills flavours celebrate,39,233,28.0,0.004267642127724432
1319220000000000.0,BarbequeNation,"Waiting for my gang to make a dinner plan so I can be this… 🕺

( Barbeque Nation, Meme, Trending, Fun)",2025-12-11 13:55:24+00:00,113,6.0,7,22130.0,7536.0,https://www.facebook.com/reel/2111462239657947/,No Link,2025,December,Thursday,13,waiting for my gang to make a dinner plan so i can be this barbeque nation meme trending fun,19,92,126.0,0.005693628558517849
1319120000000000.0,BarbequeNation,"Every swipe, a new flavour. Every flavour, a new craving! That’s the Barbeque Nation effect we're leaving here for you...

(Barbeque Nation, Flavours, Celebrations, Trending, Fun )",2025-12-11 11:28:31+00:00,14,2.0,1,8095.0,926.0,https://www.facebook.com/reel/1386297242956821/,No Link,2025,December,Thursday,11,every swipe a new flavour every flavour a new craving thats the barbeque nation effect were leaving here for you barbeque nation flavours celebrations trending fun,26,163,17.0,0.002100061766522545
1318550000000000.0,BarbequeNation,"Kenny has a confession:
He catches feelings.
Not for people.
For FOOD. 😭🔥

From the bold Chettinad Mushroom Pepper Fry
to the dramatic Fish Pollichathu,
to the flirty Prawns Veppudu Tacos…
this menu is basically a rom-com unfolding on a grill.

Then the Ragi Mudde Gnocchi with Nati Koli Saru shows up like
“hi, I’m long-term potential.”

And dessert?
Palada Payasam Shahi Tukda = the final heartbreak + true love combo. 💘

Taste Kenny’s entire emotional journey at
Dakshin: Flavours Reimagined
📅 10th–14th Dec
📍 Nexus Shantiniketan, Bengaluru

Come hungry. Leave in love. 😉🔥

Book you table today on the Barbeque Nation website or app!
Book Now: https://www.barbequenation.com/

[ South Indian Pop Up | Modern South Indian Food | Bengaluru Food Festival | Chef Kenny | Dakshin Flavours Reimagined | Bangalore Events | South Indian Fusion | Food Festival India | Barbeque Nation Bengaluru]",2025-12-10 16:59:16+00:00,14,0.0,3,6508.0,1125.0,https://www.facebook.com/reel/1187552820021279/,https://www.barbequenation.com/,2025,December,Wednesday,16,kenny has a confession he catches feelings not for people for food from the bold chettinad mushroom pepper fry to the dramatic fish pollichathu to the flirty prawns veppudu tacos this menu is basically a romcom unfolding on a grill then the ragi mudde gnocchi with nati koli saru shows up like hi im longterm potential and dessert palada payasam shahi tukda the final heartbreak true love combo taste kennys entire emotional journey at dakshin flavours reimagined thth dec nexus shantiniketan bengaluru come hungry leave in love book you table today on the barbeque nation website or app book now south indian pop up modern south indian food bengaluru food festival chef kenny dakshin flavours reimagined bangalore events south indian fusion food festival india barbeque nation bengaluru,127,787,17.0,0.0026121696373693913
1318380000000000.0,BarbequeNation,"Your lesson in Odia starts with our chef… and ends with you savouring every flavour before it’s gone. So many new dishes to try, don’t miss this feast! 
Book your table now.

Book you table today on the Barbeque Nation website or app!
Book Now: https://www.barbequenation.com/

(Barbeque Nation, Odia Trails, Food Pop-up, Food fest )",2025-12-10 12:33:25+00:00,8,0.0,0,5037.0,780.0,https://www.facebook.com/reel/1568339497523645/,https://www.barbequenation.com/,2025,December,Wednesday,12,your lesson in odia starts with our chef and ends with you savouring every flavour before its gone so many new dishes to try dont miss this feast book your table now book you table today on the barbeque nation website or app book now barbeque nation odia trails food popup food fest,53,282,8.0,0.0015882469724042088
1316140000000000.0,BarbequeNation,"Respect the Roots, Remix the Rules ✨🔥

MasterChef India’s youngest semi-finalist, Kenneth Gopinath, is bringing progressive, fusion-driven South Indian flavours to Bengaluru… and trust us, these plates are nothing like the “idly–dosa” stereotypes.

A bold new pop-up crafted for the Gen Z palate, packed with innovation, nostalgia, and that unmistakable Kenny flair. 🌶️✨

Tables will fill fast — pre-book today to secure your spot on this flavour trail!

📍 Barbeque Nation, Forum Shantiniketan, Bengaluru
📆 10th–14th Dec 2025
📲 Book you table today on the Barbeque Nation website or app!
Book Now: https://www.barbequenation.com/

(Barbeque Nation, South Indian flavours, Food Festival)",2025-12-07 15:45:26+00:00,15,0.0,4,8230.0,1259.0,https://www.facebook.com/reel/696760703257304/,https://www.barbequenation.com/,2025,December,Sunday,15,respect the roots remix the rules masterchef indias youngest semifinalist kenneth gopinath is bringing progressive fusiondriven south indian flavours to bengaluru and trust us these plates are nothing like the idlydosa stereotypes a bold new popup crafted for the gen z palate packed with innovation nostalgia and that unmistakable kenny flair tables will fill fast prebook today to secure your spot on this flavour trail barbeque nation forum shantiniketan bengaluru thth dec book you table today on the barbeque nation website or app book now barbeque nation south indian flavours food festival,92,596,19.0,0.0023086269744835965
1316060000000000.0,BarbequeNation,"Meet the man bringing Odisha’s soul to Mumbai.

Chef Abinas Nayak — MasterChef India winner, storyteller of flavours, and the face behind Odia Trails — is here to show you what true regional magic tastes like.

From temple kitchens to coastal homes, from ancient rituals to everyday comfort, he’s crafted a menu that’s gentle, soulful, mustard-kissed, and rooted in centuries of tradition.

And now… he’s serving it to you, fresh off the grill at Barbeque Nation.

“I want people to taste the Odisha I grew up with — simple, seasonal, emotional.” — Chef Abinas Nayak 

The journey begins tomorrow. Are you ready to savour Odisha, one story and one dish at a time?

📍 Atria Mall, Worli, Mumbai
📅 8th–14th Dec

Book you table today on the Barbeque Nation website or app!
Book Now: https://www.barbequenation.com/

[Odia Cuisine | Chef Abinas Nayak | Odia Trails | Dalma | Macha Besara | Dahi Macha | Chhena Poda | Regional Indian Food | Barbeque Nation | Mumbai Pop-Up | Temple Cuisine | Coastal Food | Indian Chefs",2025-12-07 13:45:51+00:00,54,0.0,0,10427.0,2383.0,https://www.facebook.com/reel/866662762480622/,https://www.barbequenation.com/,2025,December,Sunday,13,meet the man bringing odishas soul to mumbai chef abinas nayak masterchef india winner storyteller of flavours and the face behind odia trails is here to show you what true regional magic tastes like from temple kitchens to coastal homes from ancient rituals to everyday comfort hes crafted a menu thats gentle soulful mustardkissed and rooted in centuries of tradition and now hes serving it to you fresh off the grill at barbeque nation i want people to taste the odisha i grew up with simple seasonal emotional chef abinas nayak the journey begins tomorrow are you ready to savour odisha one story and one dish at a time atria mall worli mumbai thth dec book you table today on the barbeque nation website or app book now odia cuisine chef abinas nayak odia trails dalma macha besara dahi macha chhena poda regional indian food barbeque nation mumbai popup temple cuisine coastal food indian chefs,155,900,54.0,0.005178862568332215
1316020000000000.0,BarbequeNation,"The final dinner service of Awadhi Viraasat is HERE, Lucknow!

If you’ve been waiting to taste the magic — the lost recipes, the soul of Awadh all the way from Ayodhya, Prayagraj & Lucknow — this is your moment.

Lucknow waalon… BOOK YOUR TABLE RIGHT NOW and come feast tonight! 

Let’s give Awadhi Viraasat the grand finale it deserves.

[AwadhiCuisine | AwadhiViraasat | LostRecipes | LucknowFood | BarbequeNation | AwadhiFlavours | RoyalCuisine | LucknowEats | ChefSpecial | DumCooking | AwadhiLegacy]",2025-12-07 12:46:05+00:00,34,1.0,0,5614.0,1468.0,https://www.facebook.com/reel/1150037370447849/,No Link,2025,December,Sunday,12,the final dinner service of awadhi viraasat is here lucknow if youve been waiting to taste the magic the lost recipes the soul of awadh all the way from ayodhya prayagraj lucknow this is your moment lucknow waalon book your table right now and come feast tonight lets give awadhi viraasat the grand finale it deserves awadhicuisine awadhiviraasat lostrecipes lucknowfood barbequenation awadhiflavours royalcuisine lucknoweats chefspecial dumcooking awadhilegacy,67,461,35.0,0.006234413965087282
1315960000000000.0,BarbequeNation,"If you were waiting for a sign… this is it.
Awadhi Viraasat by Chef @ritu_jaiswal_chef ends today.

The lost recipes of Awadh.
The forgotten flavours.
The royal richness.
All here for one last service.

Book your table.
Bring your appetite.
Make tonight count.

[AwadhiCuisine | LostRecipes | AwadhiViraasat | LucknowFood | BarbequeNation | AwadhiFlavours | RoyalCuisine | FoodPopUp | LucknowEats | ChefSpecials | DumCooking | AwadhiLegacy]",2025-12-07 11:06:07+00:00,22,3.0,1,5541.0,1721.0,https://www.facebook.com/reel/1547043273102269/,No Link,2025,December,Sunday,11,if you were waiting for a sign this is it awadhi viraasat by chef ends today the lost recipes of awadh the forgotten flavours the royal richness all here for one last service book your table bring your appetite make tonight count awadhicuisine lostrecipes awadhiviraasat lucknowfood barbequenation awadhiflavours royalcuisine foodpopup lucknoweats chefspecials dumcooking awadhilegacy,54,384,26.0,0.004692293809781628
1315790000000000.0,BarbequeNation,"Odia Trails by Chef Abinas Nayak arrives at Barbeque Nation with the soul of Odisha’s temple kitchens, coastal comforts, and seasonal flavours — and trust us, you’ll want to be there from Day 1.

Think soothing Dalma, mustard-rich Macha Besara, tangy and creamy Dahi Macha, soft and smoky Chhena Poda, and the warmth of Odisha’s festive classics.
This isn’t just food — it’s a flavour journey crafted with balance, emotion, and pure Odia authenticity.

📍 Atria Mall, Worli, Mumbai
📅 8th–14th Dec — starts tomorrow!

Seats are expected to fill fast — book now and savour Odisha, one soulful dish at a time.

[Odia Cuisine | Dalma | Macha Besara | Dahi Macha | Chhena Poda | Regional Indian Food | Chef Abinas Nayak | Odia Trails | Barbeque Nation | Mumbai Food Festival | Coastal Cuisine | Temple Food | India’s Regional Flavours]",2025-12-07 05:14:21+00:00,31,2.0,0,5885.0,1010.0,https://www.facebook.com/reel/2312433982531335/,No Link,2025,December,Sunday,5,odia trails by chef abinas nayak arrives at barbeque nation with the soul of odishas temple kitchens coastal comforts and seasonal flavours and trust us youll want to be there from day think soothing dalma mustardrich macha besara tangy and creamy dahi macha soft and smoky chhena poda and the warmth of odishas festive classics this isnt just food its a flavour journey crafted with balance emotion and pure odia authenticity atria mall worli mumbai thth dec starts tomorrow seats are expected to fill fast book now and savour odisha one soulful dish at a time odia cuisine dalma macha besara dahi macha chhena poda regional indian food chef abinas nayak odia trails barbeque nation mumbai food festival coastal cuisine temple food indias regional flavours,125,757,33.0,0.005607476635514018
1314640000000000.0,BarbequeNation,"South meets wow! 🍴✨ 

Watch MasterChef India’s youngest semi-finalist, Kenneth Gopinath, reimagine classic South Indian flavours with a modern twist. 

Don’t miss this culinary journey 

📍Barbeque Nation, Forum Shantiniken, Bengaluru

📆 10th–14th Dec 2025

(Barbeque Nation, Southe Indian flavours, Food Festival )",2025-12-05 16:32:54+00:00,18,1.0,1,0.0,0.0,https://www.facebook.com/BarbequeNation/posts/pfbid02a5y6EnDeRDATp4wBW4Kuw8f9d2WdfVTAL7Kx6gxNhUn78M4NkFbQwJ332pGmiGN4l,No Link,2025,December,Friday,16,south meets wow watch masterchef indias youngest semifinalist kenneth gopinath reimagine classic south indian flavours with a modern twist dont miss this culinary journey barbeque nation forum shantiniken bengaluru thth dec barbeque nation southe indian flavours food festival,38,276,20.0,0.0
1313520000000000.0,BarbequeNation,"A new gate to great taste is here! Barbeque Nation opens its doors at Gate 3 with your favourite kebabs, flavours, and unlimited celebrations✨🍽️ 
Come indulge, Yeswanthpur! 🍛

( Barbeque Nation, Yeshwanthpur, Gate 3, BBQ Restaurant, Bangalore Food, Unlimited Buffet, Bengaluru Restaurants, New Opening )",2025-12-04 10:41:54+00:00,13,1.0,0,0.0,0.0,https://www.facebook.com/BarbequeNation/posts/pfbid0iMWZbvACKYgC3BCM2cPq5Xf1JRbeByP132v5KUurm24oYSxyZHZfoN59jfNvJdHyl,No Link,2025,December,Thursday,10,a new gate to great taste is here barbeque nation opens its doors at gate with your favourite kebabs flavours and unlimited celebrations come indulge yeswanthpur barbeque nation yeshwanthpur gate bbq restaurant bangalore food unlimited buffet bengaluru restaurants new opening,40,276,14.0,0.0
1313400000000000.0,BarbequeNation,"A new gate to great taste is here! Barbeque Nation opens its doors at Gate 3 with your favourite kebabs, flavours, and unlimited celebrations✨🍽️ 
Come indulge, Yeswanthpur! 🍛

( Barbeque Nation, Yeshwanthpur, Gate 3, BBQ Restaurant, Bangalore Food, Unlimited Buffet, Bengaluru Restaurants, New Opening)",2025-12-04 06:52:52+00:00,10,1.0,0,0.0,0.0,https://www.facebook.com/BarbequeNation/posts/pfbid0gmmsUupcL36HzC3HLjkW63DrhbjvoJ4K52RRZWNYfBPhRJ1U2hoL6VxATUbQGCt3l,No Link,2025,December,Thursday,6,a new gate to great taste is here barbeque nation opens its doors at gate with your favourite kebabs flavours and unlimited celebrations come indulge yeswanthpur barbeque nation yeshwanthpur gate bbq restaurant bangalore food unlimited buffet bengaluru restaurants new opening,40,276,11.0,0.0
1312800000000000.0,BarbequeNation,"Flavours, smiles, and a whole lot of Andhra soul at Andhra Utsavam.
Bengaluru showed up hungry and left absolutely delighted, thanks to Chef Meera’s masterful creations celebrating Shadruchulu, the six exquisite tastes of Andhra cuisine.
It was a true feast of flavours… and a table full of happy faces.

(Barbeque Nation, Andhra Utsavam, Flavours, Togetherness, Celebration)",2025-12-03 12:39:26+00:00,60,3.0,2,8694.0,2181.0,https://www.facebook.com/reel/870730465453716/,No Link,2025,December,Wednesday,12,flavours smiles and a whole lot of andhra soul at andhra utsavam bengaluru showed up hungry and left absolutely delighted thanks to chef meeras masterful creations celebrating shadruchulu the six exquisite tastes of andhra cuisine it was a true feast of flavours and a table full of happy faces barbeque nation andhra utsavam flavours togetherness celebration,56,359,65.0,0.00747642051989878
1311950000000000.0,BarbequeNation,"Step into the world of Awadhi royalty where every bite tells a story. Savor the rich aromas, the royal spices, and the timeless Virasat of flavors, only at Barbeque Nation! ✨

Hurry, this royal feast is for a limited time, so book your table now. 🍽️

[ Barbeque Nation, Awadhi Viraasat, Virasat of flavours ]",2025-12-02 14:02:05+00:00,271,63.0,9,0.0,0.0,https://www.facebook.com/BarbequeNation/posts/pfbid0Mq7xU5BrvvVv5i5wxg1qG6c4Kv1uqpKrcyAUxkEADeyJfZf2xRL6C2GEDbtiqicBl,No Link,2025,December,Tuesday,14,step into the world of awadhi royalty where every bite tells a story savor the rich aromas the royal spices and the timeless virasat of flavors only at barbeque nation hurry this royal feast is for a limited time so book your table now barbeque nation awadhi viraasat virasat of flavours,51,287,343.0,0.0
1311090000000000.0,BarbequeNation,"When the internet hacks met the Awadhi kitchen… chaos toh hona hi tha. 🔥

Microwave biryani in 12 minutes?
Air-fried seekh kebab “same taste”?
Sheermal dough in a blender? 👀

Chef ka reply:
“Shortcut se reel ban jaati hai… khana nahi.” 😌✨

Experience the real deal — the forgotten flavours, the lost techniques, the timeless Awadhi Viraasat.

📅 3rd–7th December
📍 Barbeque Nation, Lulu Mall Lucknow

#AwadhiViraasat #BarbequeNation #LucknowFood #AwadhiCuisine #NoShortcuts",2025-12-01 14:37:50+00:00,63,3.0,5,9371.0,3062.0,https://www.facebook.com/reel/1170808921916483/,No Link,2025,December,Monday,14,when the internet hacks met the awadhi kitchen chaos toh hona hi tha microwave biryani in minutes airfried seekh kebab same taste sheermal dough in a blender chef ka reply shortcut se reel ban jaati hai khana nahi experience the real deal the forgotten flavours the lost techniques the timeless awadhi viraasat rdth december barbeque nation lulu mall lucknow awadhiviraasat barbequenation lucknowfood awadhicuisine noshortcuts,64,426,71.0,0.007576566001493971
1311020000000000.0,BarbequeNation,"In a world of strange things
Unlimited food feels just right 💯🔥

#barbequenation #strangerthings2 #unlimitedfood #strangeworld #allyoucaneat #buffet",2025-12-01 12:53:36+00:00,27,0.0,3,8976.0,1699.0,https://www.facebook.com/reel/885581800871925/,No Link,2025,December,Monday,12,in a world of strange things unlimited food feels just right barbequenation strangerthings unlimitedfood strangeworld allyoucaneat buffet,17,137,30.0,0.0033422459893048127
1310860000000000.0,BarbequeNation,"Jab swaad ho itna khaas…toh shayari toh banti hai, yaar! Come feel the flavour that gets everyone poetic ✨🔥

(Barbeque Nation, Celebration, Togetherness, Fun, Guest experience)",2025-12-01 08:51:32+00:00,41,3.0,1,5510.0,1857.0,https://www.facebook.com/reel/1406435214210868/,No Link,2025,December,Monday,8,jab swaad ho itna khaastoh shayari toh banti hai yaar come feel the flavour that gets everyone poetic barbeque nation celebration togetherness fun guest experience,25,163,45.0,0.008166969147005444
1309520000000000.0,BarbequeNation,"Awadhi Lost Recipes by Chef Ritu Jaiswal is arriving at Barbeque Nation — bringing with it the finesse of centuries-old culinary heritage revived for today’s palate.

Get ready for a feast that celebrates the slow artistry of Awadhi cooking —
delicate Kebabs that melt at the slightest touch, fragrant Handi Biryanis, luscious Kormas, soulful Nihari, and festive desserts crafted with pure, traditional technique.

This is more than food — it’s nostalgia, memory, and mastery on a plate.

📍 Barbeque Nation, Lulu Mall, Lucknow
📅 Starting 3rd–7th December

Don’t miss the flavour revival — head over and be the first to experience it!

[Awadhi Food | Lost Recipes | Awadhi Biryani | Galawat Kebab | Nihari | Korma | Sheer Khurma | Chef Ritu Jaiswal | Awadhi Viraasat | Barbeque Nation | Lulu Mall Lucknow | Royal Cuisine | Heritage Food | Culinary Revival]",2025-11-29 14:46:24+00:00,77,1.0,4,8789.0,2444.0,https://www.facebook.com/reel/870092448821810/,No Link,2025,November,Saturday,14,awadhi lost recipes by chef ritu jaiswal is arriving at barbeque nation bringing with it the finesse of centuriesold culinary heritage revived for todays palate get ready for a feast that celebrates the slow artistry of awadhi cooking delicate kebabs that melt at the slightest touch fragrant handi biryanis luscious kormas soulful nihari and festive desserts crafted with pure traditional technique this is more than food its nostalgia memory and mastery on a plate barbeque nation lulu mall lucknow starting rdth december dont miss the flavour revival head over and be the first to experience it awadhi food lost recipes awadhi biryani galawat kebab nihari korma sheer khurma chef ritu jaiswal awadhi viraasat barbeque nation lulu mall lucknow royal cuisine heritage food culinary revival,124,790,82.0,0.009329844123335988
1309220000000000.0,BarbequeNation,"Odisha’s stories, spices, and signature dishes - all on one plate. 🍽️ Experience Chef Abinas Nayak’s Odia Trails, only at Barbeque Nation. Come hungry, leave mesmerised! ✨

Hurry and book your table now. Odia Trails is here for a limited time only!

( Barbeque Nation, Food pop up , Mumbai Odia food pop up, Odia Trials, Flavours, Taste, )",2025-11-29 06:24:49+00:00,13,0.0,1,0.0,0.0,https://www.facebook.com/BarbequeNation/posts/pfbid0fLtDw5yfhLRz3BGpzmARMiLG2q5L8U1Co3mpSsTYVRxYrPY8kSTChYZLdByXXBs4l,No Link,2025,November,Saturday,6,odishas stories spices and signature dishes all on one plate experience chef abinas nayaks odia trails only at barbeque nation come hungry leave mesmerised hurry and book your table now odia trails is here for a limited time only barbeque nation food pop up mumbai odia food pop up odia trials flavours taste,53,308,14.0,0.0
1308730000000000.0,BarbequeNation,"Delhi, get ready for a feast like never before! 🍢✨ Our biggest Barbeque Nation outlet in Delhi is now open at Regal building, Connaught Place. Come, grab your table, and dive into unlimited celebrations! 

[Barbeque Nation, New Store Opening, Delhi , Connaught Place, Regal Building ]",2025-11-28 14:04:22+00:00,57,0.0,3,15290.0,5940.0,https://www.facebook.com/reel/1392531669098178/,No Link,2025,November,Friday,14,delhi get ready for a feast like never before our biggest barbeque nation outlet in delhi is now open at regal building connaught place come grab your table and dive into unlimited celebrations barbeque nation new store opening delhi connaught place regal building,43,264,60.0,0.003924133420536298
1308630000000000.0,BarbequeNation,"The smiles, the aromas, the compliments - everything at the Lucknowi Dastarkhwan says pure delight. Let Chef Gul Ali treat you to the royal flavours of Lucknow. 

2 days to go… indulge at our Lucknowi Dastarkhwan before it ends.",2025-11-28 11:50:01+00:00,30,0.0,3,4984.0,1574.0,https://www.facebook.com/reel/1266107802006697/,No Link,2025,November,Friday,11,the smiles the aromas the compliments everything at the lucknowi dastarkhwan says pure delight let chef gul ali treat you to the royal flavours of lucknow days to go indulge at our lucknowi dastarkhwan before it ends,37,216,33.0,0.006621187800963082
1307780000000000.0,BarbequeNation,"When Nepali flavours meet Indian hospitality, it’s pure delight!

We were honoured to host Dr. Shankar Sharma, Ambassador of Nepal to India, and his team, Dr. Sunedra Thapa - Deputy Ambassador, Mr. Rabindra Jung Thapa - Counsellor, and Mr. Ambika Joshi, at our Flavours of Nepal pop-up with Chef Basant Rana, celebrating authentic Nepali warmth, spice and stories at Barbeque Nation.",2025-11-27 09:30:38+00:00,59,0.0,1,8329.0,2268.0,https://www.facebook.com/reel/790313854011025/,No Link,2025,November,Thursday,9,when nepali flavours meet indian hospitality its pure delight we were honoured to host dr shankar sharma ambassador of nepal to india and his team dr sunedra thapa deputy ambassador mr rabindra jung thapa counsellor and mr ambika joshi at our flavours of nepal popup with chef basant rana celebrating authentic nepali warmth spice and stories at barbeque nation,59,361,60.0,0.007203745947892904
1307300000000000.0,BarbequeNation,"Chef Ritu Jaiswal opens the doors to the forgotten kitchens of Ayodhya, Lucknow and Prayagraj with Awadhi Viraasat. From meticulously revived recipes to flavours that are nothing less than a legacy, every dish is a reminder of a culture that cooked with patience, passion and pride.
Savour classics like Sakoda, Kalpasi Tikka and Nimbu Halwa as you rediscover how beautifully history can taste.
📍 Lulu Mall, Lucknow
📅 3rd – 7th December, 2025
Curated by Chef Ritu Jaiswal

( Barbeque Nation, Food pop up , Lucknow food pop up, Awadhi Viraasat, Flavours, Taste)",2025-11-26 17:15:53+00:00,17,0.0,3,0.0,0.0,https://www.facebook.com/BarbequeNation/posts/pfbid0zggxfeyY4xk8zLHg4WDn9wJRj6DnpTSjtSPwJmim3b1HcezRCMtToLNbWNMeXnbul,No Link,2025,November,Wednesday,17,chef ritu jaiswal opens the doors to the forgotten kitchens of ayodhya lucknow and prayagraj with awadhi viraasat from meticulously revived recipes to flavours that are nothing less than a legacy every dish is a reminder of a culture that cooked with patience passion and pride savour classics like sakoda kalpasi tikka and nimbu halwa as you rediscover how beautifully history can taste lulu mall lucknow rd th december curated by chef ritu jaiswal barbeque nation food pop up lucknow food pop up awadhi viraasat flavours taste,87,528,20.0,0.0
1306450000000000.0,BarbequeNation,"A dish once begun in the quiet of the night…
left to simmer slowly as the world slept…
and unveiled at sunrise, that warmed both body and spirit.

What started as a humble, hearty meal for mazdoors
became a treasured favourite across generations —
and today, it arrives at our Dastarkhwan with the same respect and patience it was born from.

Experience Chef Gul Ali’s signature Nihari — slow-cooked, soulful, and steeped in Lucknow’s true tehzeeb.

Book your table and savour this timeless Nawabi classic.

📍 Ambience Mall, Gurugram
📅 24th–30th Nov

[Lucknowi Cuisine | Awadhi Food | Nihari | Dum Cooking | Chef Gul Ali | Dastarkhwan | Barbeque Nation | Royal Feast]",2025-11-25 16:00:28+00:00,42,0.0,2,7597.0,2681.0,https://www.facebook.com/reel/825575116852573/,No Link,2025,November,Tuesday,16,a dish once begun in the quiet of the night left to simmer slowly as the world slept and unveiled at sunrise that warmed both body and spirit what started as a humble hearty meal for mazdoors became a treasured favourite across generations and today it arrives at our dastarkhwan with the same respect and patience it was born from experience chef gul alis signature nihari slowcooked soulful and steeped in lucknows true tehzeeb book your table and savour this timeless nawabi classic ambience mall gurugram thth nov lucknowi cuisine awadhi food nihari dum cooking chef gul ali dastarkhwan barbeque nation royal feast,103,618,44.0,0.005791759905225747
1306070000000000.0,BarbequeNation,"Step into a world shaped by centuries of khansamaa's craft, where every dish carries the slow-cooked soul of Lucknow. Chef Gul Ali brings her legendary Dum Pukht artistry to Barbeque Nation — and the aromas alone are transporting guests straight to Nawabi times.

From the signature Galouti to the royal Lucknowi Dum Biryani — this is your chance to savour recipes perfected across generations.

It’s only the second day, and tables are filling already.
Book now and dine at a true Dastarkhwan of the Nawabs.

📍 Ambience Mall, Gurugram
📅 24th–30th Nov

[Lucknowi Cuisine | Awadhi Food | Galouti Kebab | Dum Biryani | Nihari | Korma | Sheer Khurma | Chef Gul Ali | Royal Feast | Nawabi Cuisine | Barbeque Nation]",2025-11-25 05:29:23+00:00,49,0.0,1,7949.0,2540.0,https://www.facebook.com/reel/1400847418199983/,No Link,2025,November,Tuesday,5,step into a world shaped by centuries of khansamaas craft where every dish carries the slowcooked soul of lucknow chef gul ali brings her legendary dum pukht artistry to barbeque nation and the aromas alone are transporting guests straight to nawabi times from the signature galouti to the royal lucknowi dum biryani this is your chance to savour recipes perfected across generations its only the second day and tables are filling already book now and dine at a true dastarkhwan of the nawabs ambience mall gurugram thth nov lucknowi cuisine awadhi food galouti kebab dum biryani nihari korma sheer khurma chef gul ali royal feast nawabi cuisine barbeque nation,109,661,50.0,0.00629009938357026
1305490000000000.0,BarbequeNation,"A birthday at Barbeque Nation is that warm, happy, group-hug kind of celebration 🤗

The grills bring the food, your friends bring the love, and together it becomes the perfect party.

Share this with your gang and start planning the next birthday! 🥳

#barbequenation #birthdaycelebrations #guestexperience #togetherness #celebration #birthdaybash",2025-11-24 13:40:13+00:00,16,0.0,0,5854.0,1406.0,https://www.facebook.com/reel/1691423475577663/,No Link,2025,November,Monday,13,a birthday at barbeque nation is that warm happy grouphug kind of celebration the grills bring the food your friends bring the love and together it becomes the perfect party share this with your gang and start planning the next birthday barbequenation birthdaycelebrations guestexperience togetherness celebration birthdaybash,47,326,16.0,0.0027331738981892723
1305340000000000.0,BarbequeNation,"“Spice is only one chapter,” Chef Meera explains.
“The real Andhra story is told through the Shadruchulu — six flavour pillars that guide everything from tempering to plating.”

Think acidity meeting heat, bitterness balancing richness, sweetness mellowing spice… A flavour chemistry you just can't miss!

Experience the full spectrum at Andhra Utsavam — where Chef Meera brings the traditional Andhra flavour matrix to life.
📍 Barbeque Nation Indiranagar | 26–30 Nov

Bangalore, come taste the science of Shadruchulu.

[AndhraCuisine | SouthIndianFood | BangaloreFood | BangaloreEvents | FoodPopUp | ChefSpecial | BarbequeNation | Indiranagar | IndianFoodie | FoodReels | Shadruchulu | AndhraFlavours | ExploreFood | TrendingReels]",2025-11-24 09:30:40+00:00,46,0.0,2,8805.0,1993.0,https://www.facebook.com/reel/3846404268825118/,No Link,2025,November,Monday,9,spice is only one chapter chef meera explains the real andhra story is told through the shadruchulu six flavour pillars that guide everything from tempering to plating think acidity meeting heat bitterness balancing richness sweetness mellowing spice a flavour chemistry you just cant miss experience the full spectrum at andhra utsavam where chef meera brings the traditional andhra flavour matrix to life barbeque nation indiranagar nov bangalore come taste the science of shadruchulu andhracuisine southindianfood bangalorefood bangaloreevents foodpopup chefspecial barbequenation indiranagar indianfoodie foodreels shadruchulu andhraflavours explorefood trendingreels,87,671,48.0,0.00545144804088586
1304540000000000.0,BarbequeNation,"Get ready to enter a world where every bite feels like a page from Lucknow’s royal kitchens. ✨

Lucknowi Dastarkhwan by Chef Gul Ali is arriving at Barbeque Nation — bringing with it the magic of Dum Pukht mastery.

Think melt-in-your-mouth Galouti Kebabs, aromatic Dum Biryani, rich and hearty Nihari, velvety Korma, and a sweet, luxurious finale with Sheer Khurma.
This isn’t just food — it’s a flavour experience crafted with patience, passion and pure Nawabi finesse.

📍 Ambience Mall, Gurugram
📅 24th–30th Nov

Come savour Lucknow, one royal dish at a time. 

[Lucknowi Cuisine | Awadhi Food | Galouti Kebab | Dum Biryani | Nihari | Korma | Sheer Khurma | Festive Desserts | Chef Gul Ali | Lucknowi Dastarkhwan | Barbeque Nation | Ambience Mall Gurugram | Royal Feast | Nawabi Cuisine]",2025-11-23 08:29:48+00:00,82,0.0,5,12472.0,4938.0,https://www.facebook.com/reel/876675758143709/,No Link,2025,November,Sunday,8,get ready to enter a world where every bite feels like a page from lucknows royal kitchens lucknowi dastarkhwan by chef gul ali is arriving at barbeque nation bringing with it the magic of dum pukht mastery think meltinyourmouth galouti kebabs aromatic dum biryani rich and hearty nihari velvety korma and a sweet luxurious finale with sheer khurma this isnt just food its a flavour experience crafted with patience passion and pure nawabi finesse ambience mall gurugram thth nov come savour lucknow one royal dish at a time lucknowi cuisine awadhi food galouti kebab dum biryani nihari korma sheer khurma festive desserts chef gul ali lucknowi dastarkhwan barbeque nation ambience mall gurugram royal feast nawabi cuisine,116,722,87.0,0.006975625400898012
1304460000000000.0,BarbequeNation,"Get ready to experience Andhra Utsavam — a spirited culinary showcase where Chef Meera GT brings the 6 iconic Shadruchulu to your plate with unmatched authenticity.
From sweet and sour to spicy, salty, bitter and tangy — taste every note of Andhra cuisine in a menu crafted with precision, heritage and heart.

An architect-turned-chef with a deep-rooted love for Andhra flavours, Chef Meera reimagines traditional dishes while staying true to their soulful origins.

⏰ 26th–30th November 2025
📍 Barbeque Nation, Indiranagar, Bengaluru
👩‍🍳 Curated by Chef Meera — Andhra cuisine expert
☎️ 080 6902 8722 | Book now on the Barbeque Nation App

A rare 5-day culinary celebration of tradition, technique and taste — come be part of the Utsavam! 

#AndhraUtsavam #Shadruchulu #BarbequeNation #ChefMeera #AndhraCuisine #BengaluruFood #PopUpDining #LimitedEditionExperience",2025-11-23 05:58:45+00:00,10,0.0,0,4503.0,585.0,https://www.facebook.com/reel/1177571040465289/,No Link,2025,November,Sunday,5,get ready to experience andhra utsavam a spirited culinary showcase where chef meera gt brings the iconic shadruchulu to your plate with unmatched authenticity from sweet and sour to spicy salty bitter and tangy taste every note of andhra cuisine in a menu crafted with precision heritage and heart an architectturnedchef with a deeprooted love for andhra flavours chef meera reimagines traditional dishes while staying true to their soulful origins thth november barbeque nation indiranagar bengaluru curated by chef meera andhra cuisine expert book now on the barbeque nation app a rare day culinary celebration of tradition technique and taste come be part of the utsavam andhrautsavam shadruchulu barbequenation chefmeera andhracuisine bengalurufood popupdining limitededitionexperience,114,790,10.0,0.0022207417277370642
1303770000000000.0,BarbequeNation,"Delhi, we're levelling up the buffet game!🤌🔥

Barbeque Nation's biggest outlet in Delhi is opening soon at Connaught place, and it's going to be legendary!

Bold flavours. Big space. Bigger vibes. Get ready to feast, Dillistyle.

📍Barbeque Nation, 1st Floor, Regal Building, Connaught Place, New Delhi, 110001

(New Store Opening, Dilli Style, Barbeque Nation 
Delhi, Connaught Place )",2025-11-22 09:22:06+00:00,15,2.0,1,0.0,0.0,https://www.facebook.com/BarbequeNation/posts/pfbid0WUcYJivx1AqLFWQZsAnL1TsZnPxusa1SNgXj8vJfgrmQ7GLcVQghbYWD2mEWtwdjl,No Link,2025,November,Saturday,9,delhi were levelling up the buffet game barbeque nations biggest outlet in delhi is opening soon at connaught place and its going to be legendary bold flavours big space bigger vibes get ready to feast dillistyle barbeque nation st floor regal building connaught place new delhi new store opening dilli style barbeque nation delhi connaught place,56,346,18.0,0.0
1303270000000000.0,BarbequeNation,"Get ready for Andhra Utsavam, a vibrant new pop-up where Chef Meera GT brings the 6 Shadruchulu of Andhra cuisine to life — in their truest, most soulful form.
Savour sweet, sour, salty, spicy, bitter and tangy notes in perfect harmony — a feast crafted by an architect-turned-chef who has dedicated her journey to showcasing Andhra food beyond just spice.

⏰ 26th–30th November 2025
📍 Barbeque Nation, Indiranagar, Bengaluru
👩‍🍳 Curated by Chef Meera — a specialist in Andhra cuisine 
☎️ 080 6902 8722 | Book via the Barbeque Nation App

A celebration of tradition, flavour and craftsmanship — this Andhra feast is here only for 5 days. Don’t miss it! 🌶️🌿✨

#AndhraUtsavam #Shadruchulu #BarbequeNation #ChefMeera #AndhraCuisine #FoodPopUp #BengaluruEats #LimitedEditionDining",2025-11-21 17:20:26+00:00,28,0.0,1,6132.0,1172.0,https://www.facebook.com/reel/1547566139608752/,No Link,2025,November,Friday,17,get ready for andhra utsavam a vibrant new popup where chef meera gt brings the shadruchulu of andhra cuisine to life in their truest most soulful form savour sweet sour salty spicy bitter and tangy notes in perfect harmony a feast crafted by an architectturnedchef who has dedicated her journey to showcasing andhra food beyond just spice thth november barbeque nation indiranagar bengaluru curated by chef meera a specialist in andhra cuisine book via the barbeque nation app a celebration of tradition flavour and craftsmanship this andhra feast is here only for days dont miss it andhrautsavam shadruchulu barbequenation chefmeera andhracuisine foodpopup bengalurueats limitededitiondining,104,693,29.0,0.004729288975864318
1302750000000000.0,BarbequeNation,"Delhi, we’re levelling up your buffet game! 🤌🔥
Barbeque Nation is now opening at Connaught Place, and it’s gonna be legendary!
Bigger space. Bolder flavours. Better vibe. Get ready to feast, Dilli style.

(New Store Opening, Barbequenation, BBQN , Delhi, Connaught Place )",2025-11-21 06:47:07+00:00,27,4.0,3,0.0,0.0,https://www.facebook.com/BarbequeNation/posts/pfbid02omvefQnHWGeA87gJ2koy4jksU19iZknB4S1r4ZbJD5tdC52FbrY3EvF6hPhwU1mil,No Link,2025,November,Friday,6,delhi were levelling up your buffet game barbeque nation is now opening at connaught place and its gonna be legendary bigger space bolder flavours better vibe get ready to feast dilli style new store opening barbequenation bbqn delhi connaught place,40,249,34.0,0.0
1300940000000000.0,BarbequeNation,"Responsibilities off, grill on.
One table, one night, and suddenly the men become the boys they’ve always been. 🔥 Celebrate the gang spirit this Men’s Day!

(Barbeque Nation, BBQN, Men's Day, Celebration]",2025-11-19 04:50:15+00:00,18,0.0,1,0.0,0.0,https://www.facebook.com/BarbequeNation/posts/pfbid0CVz3EcqV2JL5tQhDb8qB1BuFJJQmts25c779NWuwLFTswH1DaGaAGqNgDUiTeQ8El,No Link,2025,November,Wednesday,4,responsibilities off grill on one table one night and suddenly the men become the boys theyve always been celebrate the gang spirit this mens day barbeque nation bbqn mens day celebration,31,187,19.0,0.0
1300520000000000.0,BarbequeNation,"Get ready, Bengaluru! 🌶️✨

We’re bringing you an exclusive Andhra Food Pop-Up where Chef Meera GT showcases the rich tapestry of Shadruchulu - the six flavours that make Andhra cuisine so beautifully balanced. From tangy tamarind to aromatic spices, every plate tells a story of tradition, freshness, and craft. 🍛🌿
This one’s for true flavour explorers and it’s here for 5 days only.

 Don’t miss this culinary celebration!

📅 26th – 30th November ’25
 📍 Outlet: 4005, 100 Feet Rd, HAL 2nd Stage, Indiranagar, Bengaluru - 56007",2025-11-18 15:52:15+00:00,16,0.0,2,0.0,0.0,https://www.facebook.com/BarbequeNation/posts/pfbid02YhZAYwuVzwbcretGPa3mCq9nCQZx3To24py4xfN6gr9kk1zN3R3ySApG8MHRiqMl,No Link,2025,November,Tuesday,15,get ready bengaluru were bringing you an exclusive andhra food popup where chef meera gt showcases the rich tapestry of shadruchulu the six flavours that make andhra cuisine so beautifully balanced from tangy tamarind to aromatic spices every plate tells a story of tradition freshness and craft this ones for true flavour explorers and its here for days only dont miss this culinary celebration th th november outlet feet rd hal nd stage indiranagar bengaluru,75,460,18.0,0.0
1299580000000000.0,BarbequeNation,"Experience Andhra like never before as Chef Meera brings the essence of Shadruchulu to life - a balance of bold, vibrant and unforgettable flavours.👩‍🍳

Dive into an authentic spread that celebrates the heart of Andhra cuisine.🔥

Hurry, Andhra Utsavam is on for a few days only. Don’t miss the flavour journey!😋✨️

#BarbequeNation #BBQN #AndhraUtsavam #ʙᴇɴɢᴀʟᴜʀᴜ #foodfestival #foodpopup #flavours #shadruchulu🥗",2025-11-17 12:34:27+00:00,25,2.0,3,0.0,0.0,https://www.facebook.com/BarbequeNation/posts/pfbid0BQXspsLRdwjKzv4VtzkHdCL3k3xUhACk5o8D4nkeFLvrjkkxx6qauLEkUP2xLvPhl,No Link,2025,November,Monday,12,experience andhra like never before as chef meera brings the essence of shadruchulu to life a balance of bold vibrant and unforgettable flavours dive into an authentic spread that celebrates the heart of andhra cuisine hurry andhra utsavam is on for a few days only dont miss the flavour journey barbequenation bbqn andhrautsavam ʙᴇɴɢᴀʟᴜʀᴜ foodfestival foodpopup flavours shadruchulu,58,383,30.0,0.0
1299390000000000.0,BarbequeNation,"Faridabad, get ready to turn up the heat! 🔥
Barbeque Nation is now open at Pacific Mall, bringing unlimited grills, unlimited flavours, and unlimited good times to your city.
Your new sizzle spot is here!

#BarbequeNation #NowOpen #FaridabadEats #PacificMallFaridabad",2025-11-17 07:50:11+00:00,29,2.0,0,9427.0,3211.0,https://www.facebook.com/reel/4028205963989367/,No Link,2025,November,Monday,7,faridabad get ready to turn up the heat barbeque nation is now open at pacific mall bringing unlimited grills unlimited flavours and unlimited good times to your city your new sizzle spot is here barbequenation nowopen faridabadeats pacificmallfaridabad,38,253,31.0,0.0032884268590219583
1297680000000000.0,BarbequeNation,"Some feasts aren’t just served, they’re experienced.

From the melt-in-your-mouth Galouti Kebab to the aromatic Dum Biryani, from the richness of Nihari and Korma to the sweetness of Sheer Khurma -  it’s a daawat that celebrates slow-cooked perfection.

📍Ambience Mall, Gurugram | 📅 24th–30th Nov

Come, taste the royal side of flavour. 👑",2025-11-15 03:08:59+00:00,94,11.0,4,0.0,0.0,https://www.facebook.com/BarbequeNation/posts/pfbid02CJqtiixJtscvHMMP2iSpzEXxvnT21tjJmE9v1jht2p4ZFZZETHD1cUBcssw7yCPpl,No Link,2025,November,Saturday,3,some feasts arent just served theyre experienced from the meltinyourmouth galouti kebab to the aromatic dum biryani from the richness of nihari and korma to the sweetness of sheer khurma its a daawat that celebrates slowcooked perfection ambience mall gurugram thth nov come taste the royal side of flavour,49,306,109.0,0.0
1297300000000000.0,BarbequeNation,"Birthdays, bright faces, and memories we’ll hold close.
Thank you, Thayi Mane Government School, for letting us share this beautiful day with the kids. 💛

Happy Children’s Day! 

#KhushiyonKaPitara #SpreadJoy",2025-11-14 15:07:30+00:00,19,1.0,0,6537.0,1303.0,https://www.facebook.com/reel/1165645168877976/,No Link,2025,November,Friday,15,birthdays bright faces and memories well hold close thank you thayi mane government school for letting us share this beautiful day with the kids happy childrens day khushiyonkapitara spreadjoy,29,192,20.0,0.0030595074193054917
1297190000000000.0,BarbequeNation,"From the smoky warmth of the Terai to the comforting flavours of the Himalayas, Nepal’s cuisine is a journey of soul, heritage, and hidden gems.

Experience it all at ‘Flavours of Nepal’, curated by Chef Basant Rana at Barbeque Nation, Southern Park Mall, Saket. ✨

Join us till the 16th November 2025 and taste Nepal the way it’s meant to be — authentic, bold, and unforgettable. 🍛

[ Nepalese cuisine | Nepal food festival | Barbeque Nation Saket | Chef Basant Rana | Flavours of Nepal ]",2025-11-14 12:27:08+00:00,17,2.0,1,6379.0,1290.0,https://www.facebook.com/reel/821304910622347/,No Link,2025,November,Friday,12,from the smoky warmth of the terai to the comforting flavours of the himalayas nepals cuisine is a journey of soul heritage and hidden gems experience it all at flavours of nepal curated by chef basant rana at barbeque nation southern park mall saket join us till the th november and taste nepal the way its meant to be authentic bold and unforgettable nepalese cuisine nepal food festival barbeque nation saket chef basant rana flavours of nepal,77,446,20.0,0.0031352876626430477
1296880000000000.0,BarbequeNation,"Some joys stay the same - like  the sparkle in your eyes when you spot dessert at Barbeque Nation🍨✨

Happy Children’s Day to the kid in all of us! 🧚

(Barbeque Nation, BBQN, joy , Celebration, Children’s day )",2025-11-14 03:59:53+00:00,15,1.0,0,0.0,0.0,https://www.facebook.com/BarbequeNation/posts/pfbid02xRduGU2vS5c9865LocmWtASQfrNS2U95yXKZjhy4E3ufEN5ngvMSmowmSFtY55Vdl,No Link,2025,November,Friday,3,some joys stay the same like the sparkle in your eyes when you spot dessert at barbeque nation happy childrens day to the kid in all of us barbeque nation bbqn joy celebration childrens day,35,189,16.0,0.0
1296820000000000.0,BarbequeNation,"Delhi, it’s now or never — only 2 days left! ⏳🔥
Flavours of Nepal is LIVE at Barbeque Nation, Saket, serving soulful dishes from the Terai to the Himalayas. 🇳🇵

Curated by Chef Basant Rana, this is your last chance to savour authentic Nepali flavours before the festival wraps up.

📍 Barbeque Nation, Southern Park Mall, Saket
📅 Ends 16th Nov 2025

Run, don’t walk — the feast ends soon! 🍛❤️

#FlavoursOfNepal #NepaliFoodFestival #BarbequeNationSaket #AuthenticNepaliCuisine #DelhiFoodies #FoodFestivalDelhi #NepaliFoodInDelhi #ChefBasantRana #MustTryInDelhi #DelhiEats #FoodieDelhi #NepaliFlavours",2025-11-14 02:06:55+00:00,43,0.0,4,6489.0,2425.0,https://www.facebook.com/reel/1278323380765620/,No Link,2025,November,Friday,2,delhi its now or never only days left flavours of nepal is live at barbeque nation saket serving soulful dishes from the terai to the himalayas curated by chef basant rana this is your last chance to savour authentic nepali flavours before the festival wraps up barbeque nation southern park mall saket ends th nov run dont walk the feast ends soon flavoursofnepal nepalifoodfestival barbequenationsaket authenticnepalicuisine delhifoodies foodfestivaldelhi nepalifoodindelhi chefbasantrana musttryindelhi delhieats foodiedelhi nepaliflavours,74,542,47.0,0.0072430266605023885
1295550000000000.0,BarbequeNation,"Barbeque Nation is here with a daawat that celebrates patience, passion, and perfection. Chef Gul Ali’s Lucknowi Dastarkhwan brings you the rich legacy of slow-cooked Awadhi delicacies. 💫

📍Ambience Mall, Gurugram | 📅 24th–30th Nov
Don’t miss… come, savour the art and taste of slow cooking.🔥

(Barbeque Nation, BBQN, Food Festival, Food Pop-up, Lucknowi Dastarkhwan)",2025-11-12 14:07:11+00:00,43,6.0,1,0.0,0.0,https://www.facebook.com/BarbequeNation/posts/pfbid02nCJGVNZNbzsvP3hbttp52a52zZ9uJ3xAXiFjxLgR6i4o9gjEow3i7jBw7oetPWvkl,No Link,2025,November,Wednesday,14,barbeque nation is here with a daawat that celebrates patience passion and perfection chef gul alis lucknowi dastarkhwan brings you the rich legacy of slowcooked awadhi delicacies ambience mall gurugram thth nov dont miss come savour the art and taste of slow cooking barbeque nation bbqn food festival food popup lucknowi dastarkhwan,52,334,50.0,0.0
1294380000000000.0,BarbequeNation,"The grill’s sizzling, laughter’s echoing, and everyone’s in full foodie mode, that’s how fun looks at Barbeque Nation!

( Barbeque Nation, BBQN , Celebration, Joy , Togetherness, Fun)",2025-11-11 08:17:46+00:00,65,4.0,10,20506.0,6996.0,https://www.facebook.com/reel/1488601249109117/,No Link,2025,November,Tuesday,8,the grills sizzling laughters echoing and everyones in full foodie mode thats how fun looks at barbeque nation barbeque nation bbqn celebration joy togetherness fun,25,164,79.0,0.0038525309665463766
1292450000000000.0,BarbequeNation,"Let the little ones turn into big-time foodies this Children’s Day! 😋 Join the fun, laughter, and unlimited grills at Barbeque Nation where every bite is a celebration! 🎉

*Avail our limited time offer: 
4 @ ₹1999 | 10th–14th Nov",2025-11-09 07:17:20+00:00,5254,78.0,18,0.0,0.0,https://www.facebook.com/BarbequeNation/posts/pfbid0m9gq4swWx916GU5KMyaHmDumvpiXrwxy8yMBUGEhrCyAvhMD9P5ZvkXbDTnn8SHKl,https://www.barbequenation.com/,2025,November,Sunday,7,let the little ones turn into bigtime foodies this childrens day join the fun laughter and unlimited grills at barbeque nation where every bite is a celebration avail our limited time offer thth nov,34,198,5350.0,0.0
1291900000000000.0,BarbequeNation,"Think Nepali food is all about momos? Think again. 🤔

🔥 Flavours of Nepal — an exclusive Nepali food festival in Delhi — starts this Monday, 10th Nov at Barbeque Nation, Saket! 🇳🇵✨

From the earthy flavours of the Terai plains to the bold, aromatic spices of the Himalayas, experience authentic Nepali cuisine curated by Chef Basant Rana — packed with culture, comfort, and soul. 🍛

📍 Barbeque Nation, Southern Park Mall, Saket, New Delhi
📅 10th–16th Nov 2025

Delhi food lovers — don’t miss this chef special Nepali feast! 🍴❤️

#FlavoursOfNepal #NepaliFoodFestival #BarbequeNationSaket #AuthenticNepaliCuisine #DelhiFoodies #FoodFestivalDelhi #NepaliFoodInDelhi #ChefBasantRana #MustTryInDelhi #DelhiEats #FoodieDelhi #NepaliFlavours",2025-11-08 15:50:35+00:00,141,4.0,11,17075.0,6572.0,https://www.facebook.com/reel/819843574176414/,No Link,2025,November,Saturday,15,think nepali food is all about momos think again flavours of nepal an exclusive nepali food festival in delhi starts this monday th nov at barbeque nation saket from the earthy flavours of the terai plains to the bold aromatic spices of the himalayas experience authentic nepali cuisine curated by chef basant rana packed with culture comfort and soul barbeque nation southern park mall saket new delhi thth nov delhi food lovers dont miss this chef special nepali feast flavoursofnepal nepalifoodfestival barbequenationsaket authenticnepalicuisine delhifoodies foodfestivaldelhi nepalifoodindelhi chefbasantrana musttryindelhi delhieats foodiedelhi nepaliflavours,91,664,156.0,0.009136163982430454
1291640000000000.0,BarbequeNation,"Think Nepalese food is all about momos? Think again. 🤔

From the earthy flavours of the Terai plains to the aromatic spices of the Himalayas, Nepali cuisine is a rich tapestry of culture, comfort, and celebration. Experience this soulful journey at ‘Flavours of Nepal’, a special food festival curated by Chef Basant Rana, only at Barbeque Nation, Southern Park Mall, Saket, New Delhi. ✨

Join us from 10th to 16th November 2025 and discover what most haven’t — the true, authentic taste of Nepal. 🍛",2025-11-08 10:05:51+00:00,29,2.0,2,0.0,0.0,https://www.facebook.com/BarbequeNation/posts/pfbid02vB2BzqjNGKVRCLhX9cs6hJa6Hcuxo7HwLJEjjZGhidzBmpFVw8UHS4GJrX2YgDRTl,No Link,2025,November,Saturday,10,think nepalese food is all about momos think again from the earthy flavours of the terai plains to the aromatic spices of the himalayas nepali cuisine is a rich tapestry of culture comfort and celebration experience this soulful journey at flavours of nepal a special food festival curated by chef basant rana only at barbeque nation southern park mall saket new delhi join us from th to th november and discover what most havent the true authentic taste of nepal,80,463,33.0,0.0
1290800000000000.0,BarbequeNation,"Warning: Missing The Coastal Feast might cause lifelong regret (and major seafood cravings). Catch the wave while it’s in Hyderabad! Join our MasterChef Shyam as he prepares amazing seafood delicacies for you to enjoy.✨️😋

#TheCoastalFeast #BarbequeNation
#BarbequeVibes #HyderabadFoodies
#SeafoodFestival #MasterChefIndiaTelugu
#BNxShyam #CoastalFlavours #HyderabadEats
#FoodPopUp #SeafoodLove",2025-11-07 11:13:07+00:00,133,8.0,5,19492.0,7914.0,https://www.facebook.com/reel/1364333178574950/,No Link,2025,November,Friday,11,warning missing the coastal feast might cause lifelong regret and major seafood cravings catch the wave while its in hyderabad join our masterchef shyam as he prepares amazing seafood delicacies for you to enjoy thecoastalfeast barbequenation barbequevibes hyderabadfoodies seafoodfestival masterchefindiatelugu bnxshyam coastalflavours hyderabadeats foodpopup seafoodlove,45,372,146.0,0.007490252411245639
1290720000000000.0,BarbequeNation,"THE COASTAL FEAST IS HERE! 🌊🔥

Get ready for a seafood celebration like never before! From 7th–9th November, MasterChef India Telugu 1st Runner-up Shyam Gopisetti brings the heart of coastal India to Barbeque Nation.

From the shores of Vizag to the streets of Hyderabad, Chef Shyam’s fiery passion and soulful flavours are ready to make waves. Experience signature dishes like Tandoori Octopus, Meen Lopicheddu, and Tandoori Crab, each grilled to perfection and bursting with spice, soul, and story. 🦑🐟🦀

📍 Barbeque Nation, Gachibowli, Hyderabad
📅 7th–9th November, 2025
👨‍🍳 Curated by MasterChef Shyam Gopisetti
📞 080 6902 8727 | Download Barbeque Nation app to book

Bring your seafood squad and dive into a flavour-packed weekend you won’t forget! 🌶️🍋

#TheCoastalFeast #BarbequeNation #BarbequeVibes #HyderabadFoodies #SeafoodFestival #MasterChefIndiaTelugu #BNxShyam #CoastalFlavours #HyderabadEats #FoodPopUp #SeafoodLove",2025-11-07 09:23:40+00:00,15,0.0,2,0.0,0.0,https://www.facebook.com/BarbequeNation/posts/pfbid0nwezw464bbgxKuDFKoEp2y1mhZyP8aapcim3PHiCcTgDZM1fespuD8P7D1ytrXHXl,No Link,2025,November,Friday,9,the coastal feast is here get ready for a seafood celebration like never before from thth november masterchef india telugu st runnerup shyam gopisetti brings the heart of coastal india to barbeque nation from the shores of vizag to the streets of hyderabad chef shyams fiery passion and soulful flavours are ready to make waves experience signature dishes like tandoori octopus meen lopicheddu and tandoori crab each grilled to perfection and bursting with spice soul and story barbeque nation gachibowli hyderabad thth november curated by masterchef shyam gopisetti download barbeque nation app to book bring your seafood squad and dive into a flavourpacked weekend you wont forget thecoastalfeast barbequenation barbequevibes hyderabadfoodies seafoodfestival masterchefindiatelugu bnxshyam coastalflavours hyderabadeats foodpopup seafoodlove,118,843,17.0,0.0
1290660000000000.0,BarbequeNation,"We’d like to sincerely apologize... for making you too full, too happy, and too unwilling to stop eating. We really didn’t know it’d be this irresistible!",2025-11-07 07:49:43+00:00,187,81.0,5,0.0,0.0,https://www.facebook.com/BarbequeNation/posts/pfbid0vd87xW1faW3KMvzzyA7jdo1T8NkncvrSfUaMNU7ZQHZS56axenpPN4PQJxKhUpDTl,No Link,2025,November,Friday,7,wed like to sincerely apologize for making you too full too happy and too unwilling to stop eating we really didnt know itd be this irresistible,26,144,273.0,0.0
1289090000000000.0,BarbequeNation,"Beyond momos lies a world of Nepali wonders. 🏔️✨ Discover flavours you’ve never tasted before, crafted by Chef Basant Rana, only at ‘Flavours of Nepal’.

📅 10th–16th Nov ’25 | 📍 Saket, New Delhi

🔥 Book now and taste what most haven’t, this Himalayan feast won’t be here for long!",2025-11-05 12:18:19+00:00,26,8.0,3,0.0,0.0,https://www.facebook.com/BarbequeNation/posts/pfbid035ApxURVdrRbraSfXpUKfLxXx8tzDwbJ2U9wV2aqeZ3RtAphrsAotG5c57sEocsxDl,No Link,2025,November,Wednesday,12,beyond momos lies a world of nepali wonders discover flavours youve never tasted before crafted by chef basant rana only at flavours of nepal thth nov saket new delhi book now and taste what most havent this himalayan feast wont be here for long,44,245,37.0,0.0
1287850000000000.0,BarbequeNation,"THE COASTAL FEAST IS HERE! 🌊🔥

Get ready for a seafood celebration like never before! From 7th–9th November, MasterChef India Telugu 1st Runner-up Shyam Gopisetti brings the heart of coastal India to Barbeque Nation.

From the shores of Vizag to the streets of Hyderabad, Chef Shyam’s fiery passion and soulful flavours are ready to make waves. Experience signature dishes like Tandoori Octopus, Meen Lopicheddu, and Tandoori Crab, each grilled to perfection and bursting with spice, soul, and story. 🦑🐟🦀

📍 Barbeque Nation, Gachibowli, Hyderabad
📅 7th–9th November, 2025
👨‍🍳 Curated by MasterChef Shyam Gopisetti
📞 080 6902 8727 | Download Barbeque Nation app to book

Bring your seafood squad and dive into a flavour-packed weekend you won’t forget! 🌶️🍋

#TheCoastalFeast #BarbequeNation #BarbequeVibes #HyderabadFoodies #SeafoodFestival #MasterChefIndiaTelugu #BNxShyam #CoastalFlavours #HyderabadEats #FoodPopUp #SeafoodLove",2025-11-04 05:48:48+00:00,8,0.0,0,0.0,0.0,https://www.facebook.com/BarbequeNation/posts/pfbid0AQYRZFa6g5nMnhdCE5H8f8R3rVxBb2a6RTSoVFFpxSSt1gHkuTXnzt3dmu4MsJyZl,No Link,2025,November,Tuesday,5,the coastal feast is here get ready for a seafood celebration like never before from thth november masterchef india telugu st runnerup shyam gopisetti brings the heart of coastal india to barbeque nation from the shores of vizag to the streets of hyderabad chef shyams fiery passion and soulful flavours are ready to make waves experience signature dishes like tandoori octopus meen lopicheddu and tandoori crab each grilled to perfection and bursting with spice soul and story barbeque nation gachibowli hyderabad thth november curated by masterchef shyam gopisetti download barbeque nation app to book bring your seafood squad and dive into a flavourpacked weekend you wont forget thecoastalfeast barbequenation barbequevibes hyderabadfoodies seafoodfestival masterchefindiatelugu bnxshyam coastalflavours hyderabadeats foodpopup seafoodlove,118,843,8.0,0.0
1287220000000000.0,BarbequeNation,"They've been serving flavour for
generations. Now they're serving victory, grilled to
perfection! Congratulations, Team India. 🎊💙

(Barbeque Nation, BBQN, Women's Worldcup '25,
Proud moment, Women in Blue, Champions
Victory, Celebration, team india)",2025-11-03 12:46:12+00:00,19,0.0,1,0.0,0.0,https://www.facebook.com/BarbequeNation/posts/pfbid02X8HkUBmw2CwbvwvGBvXHcrtNqKeBWxg355sTa2JzDPxeLiN7JYhohDh23rWaNvHXl,No Link,2025,November,Monday,12,theyve been serving flavour for generations now theyre serving victory grilled to perfection congratulations team india barbeque nation bbqn womens worldcup proud moment women in blue champions victory celebration team india,31,224,20.0,0.0
1287130000000000.0,BarbequeNation,"They’ve been serving flavour for generations. Now they’re serving victory, grilled to perfection! Congratulations, Team India.

(Barbeque Nation, BBQN, Women's Worldcup '25, Proud moment, Women in Blue, Champions, Victory, Celebration)",2025-11-03 10:43:28+00:00,12,0.0,0,0.0,0.0,https://www.facebook.com/BarbequeNation/posts/pfbid0H8XoYyjHt3HD6H3CQRzfzpepov7Qe4w6poouN7qzCRHdt8YqBB6391Lwwvv2uM57l,No Link,2025,November,Monday,10,theyve been serving flavour for generations now theyre serving victory grilled to perfection congratulations team india barbeque nation bbqn womens worldcup proud moment women in blue champions victory celebration,29,213,12.0,0.0
1286200000000000.0,BarbequeNation,"🌊 Dive into flavour paradise! Hyderabad’s ultimate Seafood Pop-Up is here - curated by MasterChef Shyam Gopisetti!

From Tandoori Octopus to Meen Lopichedu, get to taste it all before it’s gone.

📍 Gachibowli | 🗓️ 7th–9th Nov | 

🍤 Don’t just scroll, come enjoy! Book your table now.",2025-11-02 09:45:45+00:00,22,0.0,2,0.0,0.0,https://www.facebook.com/BarbequeNation/posts/pfbid0epjzH9fsU2S3ivkF8oqMoT5wgYpxRnGfBgRXXFasYmStmSQCwSLTkTVeRAboKtdzl,No Link,2025,November,Sunday,9,dive into flavour paradise hyderabads ultimate seafood popup is here curated by masterchef shyam gopisetti from tandoori octopus to meen lopichedu get to taste it all before its gone gachibowli thth nov dont just scroll come enjoy book your table now,41,250,24.0,0.0
1285580000000000.0,BarbequeNation,"Barbeque Nation has fired up its grills at Nirwana Square One, Kharar, bringing the city’s favourite unlimited dining experience closer than ever!🔥

From 60+ live grills to indulgent main courses and desserts — it’s time to experience the joy of live grilling and celebrate togetherness, one sizzle at a time.

Come join us at your new Unlimited Food Destination!

#BarbequeNation #NowOpen #KhararEats #UnlimitedFoodDestination #NirwanaSquareOne",2025-11-01 16:24:32+00:00,78,4.0,3,20967.0,9016.0,https://www.facebook.com/reel/1369484774624162/,No Link,2025,November,Saturday,16,barbeque nation has fired up its grills at nirwana square one kharar bringing the citys favourite unlimited dining experience closer than ever from live grills to indulgent main courses and desserts its time to experience the joy of live grilling and celebrate togetherness one sizzle at a time come join us at your new unlimited food destination barbequenation nowopen kharareats unlimitedfooddestination nirwanasquareone,62,422,85.0,0.004053989602709019
1284590000000000.0,BarbequeNation,"A feast for your soul awaits!
Join us for a mesmerizing Sufi Night with Mehfil-E-Nayab and let the music and flavours take over your senses.

📅 Friday, 7th November | 8 PM onwards
📍 Barbeque Nation, Electronics City Phase I, Neeladri Road
🎟️ Don’t miss the magic — book your table now!

[ Barbeque Nation, BBQN, Sufi Night]",2025-10-31 14:38:08+00:00,5,0.0,0,0.0,0.0,https://www.facebook.com/BarbequeNation/posts/pfbid02ceAahoPpDSmbGfzQYct4RYfqUaY3DYsDqSNVT6Vj7Mo1drqR4xcvnDkhSBhVqQxxl,No Link,2025,October,Friday,14,a feast for your soul awaits join us for a mesmerizing sufi night with mehfilenayab and let the music and flavours take over your senses friday th november pm onwards barbeque nation electronics city phase i neeladri road dont miss the magic book your table now barbeque nation bbqn sufi night,51,293,5.0,0.0
1284140000000000.0,BarbequeNation,"Gather your ghouls and goblins, it’s time for a grill-tastic scare! 👻🎃

[ Barbeque Nation, Halloween, Buffet ]",2025-10-31 05:50:07+00:00,15,6.0,0,0.0,0.0,https://www.facebook.com/BarbequeNation/posts/pfbid02WphyGnuKPhr5dFrvxGpQ7etNwbt27naqp81apZtg1MqRgQU33BuJU5hPPCoJeggql,No Link,2025,October,Friday,5,gather your ghouls and goblins its time for a grilltastic scare barbeque nation halloween buffet,15,96,21.0,0.0
1280650000000000.0,BarbequeNation,"When the grills start to glow and the pumpkins come alive 🎃
you know it’s Halloween at Barbeque Nation! 👻

Gather your Boo Crew for a night of sizzling grills, spooky vibes, and hauntingly good food. 
Because this Halloween, the only thing scary… is missing out on the fun!

[Halloween Buffet | Barbeque Nation | Halloween Dinner | Festive Dining | Spooky Food Vibes]",2025-10-27 15:34:06+00:00,28,5.0,0,0.0,0.0,https://www.facebook.com/BarbequeNation/posts/pfbid09AMXXHh52C87KaWNKLXEKg6Nh8LbmVWEwkzQhmYuWXAKdUeDmWcEeu4nRKh8xYvEl,No Link,2025,October,Monday,15,when the grills start to glow and the pumpkins come alive you know its halloween at barbeque nation gather your boo crew for a night of sizzling grills spooky vibes and hauntingly good food because this halloween the only thing scary is missing out on the fun halloween buffet barbeque nation halloween dinner festive dining spooky food vibes,58,342,33.0,0.0
1278680000000000.0,BarbequeNation,"Oh, the joy of indulging in your favourite food without worrying about anything else... This is your sign to come and enjoy live grills and unlimited food with your friends at Barbeque Nation.

[ Barbeque Nation, BBQN, Unlimited, Grills, Togetherness ]",2025-10-25 12:18:00+00:00,21,5.0,1,0.0,0.0,https://www.facebook.com/BarbequeNation/posts/pfbid02ERGYH9emSHB5YmmV4cWt4bh7eiZsxViW9ssQt8PWBiE4nAT4QLzn5jquvdo96fNMl,No Link,2025,October,Saturday,12,oh the joy of indulging in your favourite food without worrying about anything else this is your sign to come and enjoy live grills and unlimited food with your friends at barbeque nation barbeque nation bbqn unlimited grills togetherness,39,238,27.0,0.0
1275020000000000.0,BarbequeNation,"Barbeque Nation has fired up its grills at M5 Ecity Mall, bringing the city’s favourite unlimited dining experience closer than ever.

From smoky grills to indulgent desserts — get ready to celebrate togetherness, one sizzle at a time.🔥

Come join us at your new Unlimited Food Destination!

#BarbequeNation #NowOpen #BengaluruEats #UnlimitedFoodDestination #M5EcityMall",2025-10-21 12:36:51+00:00,54,5.0,4,16066.0,5509.0,https://www.facebook.com/reel/1499098354727508/,https://www.barbequenation.com/restaurants,2025,October,Tuesday,12,barbeque nation has fired up its grills at m ecity mall bringing the citys favourite unlimited dining experience closer than ever from smoky grills to indulgent desserts get ready to celebrate togetherness one sizzle at a time come join us at your new unlimited food destination barbequenation nowopen bengalurueats unlimitedfooddestination mecitymall,51,351,63.0,0.003921324536287813
1274130000000000.0,BarbequeNation,"We’ve got the outfits. We’ve got the vibe.
But the real showstopper? 👀 The food that walked in! 🔥

This festive season, when the hearts are full and the laughter’s louder — you know it’s an Atmosfire | Catering by Barbeque Nation kinda party! ✨

Birthdays, weddings, or just a reason to gather your people — because for many of us, the party starts when the food walks in. 💫

#AtmosfireCatering #BarbequeNation #ThePartyStartsWithFood #FestiveFeels #FoodThatBringsPeopleTogether #BarbequeNationIndia",2025-10-20 13:33:47+00:00,37,2.0,6,9871.0,2398.0,https://www.facebook.com/reel/673712225432543/,No Link,2025,October,Monday,13,weve got the outfits weve got the vibe but the real showstopper the food that walked in this festive season when the hearts are full and the laughters louder you know its an atmosfire catering by barbeque nation kinda party birthdays weddings or just a reason to gather your people because for many of us the party starts when the food walks in atmosfirecatering barbequenation thepartystartswithfood festivefeels foodthatbringspeopletogether barbequenationindia,69,462,45.0,0.004558808631344342
1273200000000000.0,BarbequeNation,"The flames are burning bright — and today’s your last chance to feel the heat! 🔥

It’s the final day of FLAMES OF ASIA, where Chef Vaibhav Bhargava is turning up the fire with bold, unforgettable Pan-Asian flavours. Don’t miss the feast everyone’s been talking about! 🍜

📍 Barbeque Nation, Gaur City Mall, Sector 4, Noida
👨‍🍳 Curated by Chef Vaibhav Bhargava
📅 Last day — 19th October!
☎️ 080 6902 8727 | Book via the Barbeque Nation app

Come indulge before the flames die out!

#FlamesOfAsia #BarbequeNation #PanAsianFlavours #NoidaEats #FoodieAlert #LastDayToFeast",2025-10-19 12:25:51+00:00,74,4.0,4,13114.0,3925.0,https://www.facebook.com/reel/1787322238574280/,No Link,2025,October,Sunday,12,the flames are burning bright and todays your last chance to feel the heat its the final day of flames of asia where chef vaibhav bhargava is turning up the fire with bold unforgettable panasian flavours dont miss the feast everyones been talking about barbeque nation gaur city mall sector noida curated by chef vaibhav bhargava last day th october book via the barbeque nation app come indulge before the flames die out flamesofasia barbequenation panasianflavours noidaeats foodiealert lastdaytofeast,79,503,82.0,0.006252859539423517
1273180000000000.0,BarbequeNation,"Step out of your inbox and into the aroma of a live grill. 🥘This Diwali, press Esc on the digital chaos and log into real connections. 🤝

[Barbeque Nation, BBQN, Unlimited, Diwali , Celebration, Festive, Feast]",2025-10-19 11:47:26+00:00,5,3.0,0,0.0,0.0,https://www.facebook.com/BarbequeNation/posts/pfbid02BqYM24GeodX2foTVhjisDr77oGsbK9opy4BzGgsyY9CvnwtXx8P8hKeDLNJHgeFhl,No Link,2025,October,Sunday,11,step out of your inbox and into the aroma of a live grill this diwali press esc on the digital chaos and log into real connections barbeque nation bbqn unlimited diwali celebration festive feast,34,194,8.0,0.0
1273170000000000.0,BarbequeNation,"Shift your focus from screens to smiles, from deadlines to dining delights. 📲🍛 This Diwali, celebrate every shift that brings people closer. 🧑‍🧑‍🧒‍🧒

[ Barbeque Nation, BBQN, Diwali, Festive , Celebration, Feast , Unlimited]",2025-10-19 11:41:38+00:00,10,2.0,1,0.0,0.0,https://www.facebook.com/BarbequeNation/posts/pfbid029L3FBS8pwS8XrHaVPEzJ37oUdaj6veL7fpYtKCKZNZo6CFiZYD3tG2PspJhvkAHl,No Link,2025,October,Sunday,11,shift your focus from screens to smiles from deadlines to dining delights this diwali celebrate every shift that brings people closer barbeque nation bbqn diwali festive celebration feast unlimited,29,197,13.0,0.0
1271160000000000.0,BarbequeNation,"The flames are already roaring — all that’s missing is you! 

FLAMES OF ASIA has kicked off, and Chef Vaibhav Bhargava is serving up a bold Pan-Asian feast that’s setting Noida ablaze! 🍜

📍 Barbeque Nation, Gaur City Mall, Sector 4, Noida
👨‍🍳 Curated by Chef Vaibhav Bhargava
📅 On till 19th October — don’t miss the heat!
☎️ 080 6902 8727 | Book via the Barbeque Nation app

Hurry — the tables are sizzling, and your spot’s waiting!

#FlamesOfAsia #BarbequeNation #NowServing #PanAsianFlavours #NoidaEats #LimitedEditionEats",2025-10-17 08:29:13+00:00,59,1.0,7,8898.0,2993.0,https://www.facebook.com/reel/1856075221650801/,No Link,2025,October,Friday,8,the flames are already roaring all thats missing is you flames of asia has kicked off and chef vaibhav bhargava is serving up a bold panasian feast thats setting noida ablaze barbeque nation gaur city mall sector noida curated by chef vaibhav bhargava on till th october dont miss the heat book via the barbeque nation app hurry the tables are sizzling and your spots waiting flamesofasia barbequenation nowserving panasianflavours noidaeats limitededitioneats,72,460,67.0,0.007529781973477186
1270670000000000.0,BarbequeNation,"Get ready for FLAMES OF ASIA, a fiery new pop-up where Chef Vaibhav Bhargava takes you on a bold, Pan-Asian adventure that’s anything but ordinary.

⏰ Starts 17th October – Only for 3 Days!
📍 Barbeque Nation, Gaur City Mall, Sector 4, Noida
👨‍🍳 Curated by Chef Vaibhav Bhargava
☎️ 080 6902 8727 | Download Barbeque Nation app to book

Seats are filling up fast — this culinary storm won’t wait! 🍜🔥

#FlamesOfAsia #BarbequeNation #FoodPopUp #PanAsianFlavours #NoidaFoodies #LimitedEditionEats",2025-10-16 17:53:15+00:00,19,0.0,0,5594.0,1040.0,https://www.facebook.com/reel/4376155346000307/,No Link,2025,October,Thursday,17,get ready for flames of asia a fiery new popup where chef vaibhav bhargava takes you on a bold panasian adventure thats anything but ordinary starts th october only for days barbeque nation gaur city mall sector noida curated by chef vaibhav bhargava download barbeque nation app to book seats are filling up fast this culinary storm wont wait flamesofasia barbequenation foodpopup panasianflavours noidafoodies limitededitioneats,65,430,19.0,0.0033964962459778333
1268490000000000.0,BarbequeNation,"FLAMES OF ASIA IS HERE! 
Get ready for a culinary journey like no other! From October 17th-19th, Chef Vaibhav Bhargava brings his rebellious spirit and bold flavors to Barbeque Nation.
After two decades of pushing boundaries from Delhi to Denmark, he's here to make a statement. Swipe to meet the chef who believes comfort zones never created culinary legends! 🥢✨

📍 Barbeque Nation, Gaur City Mall, Sector 4, Noida
📅 17th–19th October, 2025
👨‍🍳 Curated by Chef Vaibhav Bhargava
☎️ 080 6902 8727 | Download Barbeque Nation app to book

Bring your friends and family for a flavour-packed weekend you won’t forget! 🍜🔥
#FlamesOfAsia #BarbequeNation #FoodPopUp #PanAsianFlavours #NoidaFoodies",2025-10-14 08:13:25+00:00,13,1.0,0,0.0,0.0,https://www.facebook.com/BarbequeNation/posts/pfbid032cX7BxvbHpLrauBnSmNaRuyWgFCRydoHNT1JYYzscUZEBT2U1aKa2EQvnrgeSMMpl,No Link,2025,October,Tuesday,8,flames of asia is here get ready for a culinary journey like no other from october thth chef vaibhav bhargava brings his rebellious spirit and bold flavors to barbeque nation after two decades of pushing boundaries from delhi to denmark hes here to make a statement swipe to meet the chef who believes comfort zones never created culinary legends barbeque nation gaur city mall sector noida thth october curated by chef vaibhav bhargava download barbeque nation app to book bring your friends and family for a flavourpacked weekend you wont forget flamesofasia barbequenation foodpopup panasianflavours noidafoodies,96,615,14.0,0.0
1268350000000000.0,BarbequeNation,"Festive feasting made effortless! All you have to do is walk in, grab a plate, and let the unlimited flavours do the magic. Your celebration, your way, only at Barbeque Nation!

[ Barbeque Nation, BBQN, Unlimited, Festive season , Celebration]",2025-10-14 04:08:53+00:00,26,5.0,1,6791.0,1073.0,https://www.facebook.com/reel/1016940500540895/,No Link,2025,October,Tuesday,4,festive feasting made effortless all you have to do is walk in grab a plate and let the unlimited flavours do the magic your celebration your way only at barbeque nation barbeque nation bbqn unlimited festive season celebration,38,227,32.0,0.00471211898100427
1266730000000000.0,BarbequeNation,"Last chance to savour the hills! 

Today’s the final day to experience the authentic taste of Uttarakhand at Barbeque Nation, Saket — where the rustic flavours of the mountains meet the warmth of soulful dining. 

Join Chef Yojana Khanduri one last time as she serves up her special Himalayan Pop-Up featuring traditional recipes, earthy spices, and handpicked local ingredients 

📍 Barbeque Nation, Southern Park Mall, Saket, Delhi
📅 Today — 12th October

Don’t miss your chance to end the week with flavours straight from the heart of the hills!

#flavoursofuttarakhand #barbequenation #delhifoodies #lastday #HimalayanFlavours #popupdelhi",2025-10-12 10:36:53+00:00,90,18.0,5,12206.0,4774.0,https://www.facebook.com/reel/677524874970126/,No Link,2025,October,Sunday,10,last chance to savour the hills todays the final day to experience the authentic taste of uttarakhand at barbeque nation saket where the rustic flavours of the mountains meet the warmth of soulful dining join chef yojana khanduri one last time as she serves up her special himalayan popup featuring traditional recipes earthy spices and handpicked local ingredients barbeque nation southern park mall saket delhi today th october dont miss your chance to end the week with flavours straight from the heart of the hills flavoursofuttarakhand barbequenation delhifoodies lastday himalayanflavours popupdelhi,91,605,113.0,0.009257742094052106
1266600000000000.0,BarbequeNation,"This Diwali, celebrations begin where the feast never ends at Barbeque Nation! Catch up with friends, family, and colleagues, and dive into unlimited flavours that make every moment festive. 

[Barbeque Nation, BBQN, Unlimited, Festive season , Diwali, Celebrations ]",2025-10-12 07:10:16+00:00,18,2.0,0,0.0,0.0,https://www.facebook.com/BarbequeNation/posts/pfbid0wcTbN8tSouEfzJxR9PDNsZVzuLNvbeoshmxK31cScqGbFP8Q1Uo6RYxLUhB939J8l,No Link,2025,October,Sunday,7,this diwali celebrations begin where the feast never ends at barbeque nation catch up with friends family and colleagues and dive into unlimited flavours that make every moment festive barbeque nation bbqn unlimited festive season diwali celebrations,37,250,20.0,0.0
1265920000000000.0,BarbequeNation,"From the Hills to Your Table! ⛰️

Experience the authentic taste of Uttarakhand at Barbeque Nation, Saket — where rustic flavours of the mountains meet the warmth of soulful dining. 🍲✨

Join Chef Yojana Khanduri as she brings a special Himalayan Pop-Up featuring traditional recipes, earthy spices, and dishes crafted with handpicked local ingredients 🌿

📍 Barbeque Nation, Southern Park Mall, Saket, Delhi
📅 6th – 12th October

Embark on a week-long journey of flavours from the heart of the hills, only at Barbeque Nation!

#flavoursofuttarakhand #barbequenation #delhifoodies #popups #HimalayanFlavours",2025-10-11 13:09:04+00:00,75,3.0,5,8335.0,2907.0,https://www.facebook.com/reel/1804168170202129/,No Link,2025,October,Saturday,13,from the hills to your table experience the authentic taste of uttarakhand at barbeque nation saket where rustic flavours of the mountains meet the warmth of soulful dining join chef yojana khanduri as she brings a special himalayan popup featuring traditional recipes earthy spices and dishes crafted with handpicked local ingredients barbeque nation southern park mall saket delhi th th october embark on a weeklong journey of flavours from the heart of the hills only at barbeque nation flavoursofuttarakhand barbequenation delhifoodies popups himalayanflavours,83,564,83.0,0.009958008398320336
1265800000000000.0,BarbequeNation,"🔥 From the live grills of Barbeque Nation comes a new culinary adventure - FLAMES OF ASIA! 🔥

Get ready for an unforgettable fusion of Pan-Asian flavours as Chef Vaibhav Bhargava brings his rebellious spirit and bold creations to the table.

📍 Barbeque Nation, Gaur City Mall, Sector 4, Noida
📅 17th–19th October, 2025
👩‍🍳 Curated by Chef Vaibhav Bhargava
☎️ 080 6902 8727 | Download Barbeque Nation app to book

Bring your friends and family for a flavour-packed weekend you won’t forget! 🍜🔥

#FlamesOfAsia #BarbequeNation #FoodPopUp #PanAsianFlavours #NoidaFoodies",2025-10-11 10:36:09+00:00,12,0.0,1,0.0,0.0,https://www.facebook.com/BarbequeNation/posts/pfbid02M8vv8GYdrq7Uj1Ne6Rm1rjqShaWc5EArd3JviJ1RYxUtcSxLyyK2DQRaEuvC2srvl,No Link,2025,October,Saturday,10,from the live grills of barbeque nation comes a new culinary adventure flames of asia get ready for an unforgettable fusion of panasian flavours as chef vaibhav bhargava brings his rebellious spirit and bold creations to the table barbeque nation gaur city mall sector noida thth october curated by chef vaibhav bhargava download barbeque nation app to book bring your friends and family for a flavourpacked weekend you wont forget flamesofasia barbequenation foodpopup panasianflavours noidafoodies,75,499,13.0,0.0
1264460000000000.0,BarbequeNation,"Share laughs, stories, and unlimited bites, and make every meal a memory to cherish!

[Barbeque Nation, bbqn , World Mental Health day ]",2025-10-10 04:03:58+00:00,12,2.0,1,0.0,0.0,https://www.facebook.com/BarbequeNation/posts/pfbid02r8SMjWZU8KTrDuVEBrcqCqcNL9hUaiZtGJ4zrq4qzEukvDopQGfRtfdkviDV4oa8l,No Link,2025,October,Friday,4,share laughs stories and unlimited bites and make every meal a memory to cherish barbeque nation bbqn world mental health day,21,125,15.0,0.0
1262710000000000.0,BarbequeNation,"10 non-veg starters, endless temptation! From smoky grills to spicy bites, all lined up for you, just pick a plate and dig in. Unlimited, unforgettable, all yours!

[ Barbeque Nation, BBQN, Unlimited, starters, non veg starters]",2025-10-08 13:25:21+00:00,21,3.0,0,10617.0,2661.0,https://www.facebook.com/reel/1557423225246907/,No Link,2025,October,Wednesday,13,nonveg starters endless temptation from smoky grills to spicy bites all lined up for you just pick a plate and dig in unlimited unforgettable all yours barbeque nation bbqn unlimited starters non veg starters,34,208,24.0,0.0022605255721955355
1262580000000000.0,BarbequeNation,"Barbeque Nation, JP Nagar presents //BATTLEDRUMS// — a one-of-a-kind jugalbandi. Experience a play of traditional and modern beats, where the timeless rhythm of the Ghatam meets the raw energy of beatboxing. 

//Vinod on Ghatam// Addison Miguel Bareh Beatboxing//

📍: Barbeque Nation, Dollar Layout, 3rd Phase, J.P. Nagar, Bengaluru 
📆: Saturday, 11th October
⌚️: 8 PM onwards
🔥: Enjoy live grill with live music
📞 080 6902 8722 | Download Barbeque Nation app to book

What’s your flavor of music — Ghatam or Beatboxing? Tell us in the comments below!

#BarbequeNation #LiveMusic #LiveGrill #BengaluruEvents #JPNagar",2025-10-08 10:45:51+00:00,8,0.0,0,5479.0,1365.0,https://www.facebook.com/reel/678797988599253/,No Link,2025,October,Wednesday,10,barbeque nation jp nagar presents battledrums a oneofakind jugalbandi experience a play of traditional and modern beats where the timeless rhythm of the ghatam meets the raw energy of beatboxing vinod on ghatam addison miguel bareh beatboxing barbeque nation dollar layout rd phase jp nagar bengaluru saturday th october pm onwards enjoy live grill with live music download barbeque nation app to book whats your flavor of music ghatam or beatboxing tell us in the comments below barbequenation livemusic livegrill bengaluruevents jpnagar,82,538,8.0,0.0014601204599379448
1262480000000000.0,BarbequeNation,"Everyone will be at Mehfil-E-Nayab this weekend, except the ones who wait too long to book. 👀 Limited seats available, Reserve now! 

📍: Barbeque Nation, More Mega Mall, Marathahalli,
Bengaluru
📅: Friday, 10th October
⏰: 8 PM onwards
🔥: Enjoy live grill with live music
📞 : 080 6902 8722 | Download Barbeque Nation app to book

Send this to that friend who is a Sufi music lover!",2025-10-08 08:13:44+00:00,13,1.0,2,4806.0,974.0,https://www.facebook.com/reel/1333827391783384/,No Link,2025,October,Wednesday,8,everyone will be at mehfilenayab this weekend except the ones who wait too long to book limited seats available reserve now barbeque nation more mega mall marathahalli bengaluru friday th october pm onwards enjoy live grill with live music download barbeque nation app to book send this to that friend who is a sufi music lover,56,327,16.0,0.0033291718684977114
1261840000000000.0,BarbequeNation,"Barbeque Nation, JP Nagar presents BATTLEDRUMS— a one-of-a-kind jugalbandi, where the timeless rhythm of the Ghatam meets the raw energy of beatboxing. L

Experience a play of traditional and modern beats, as @avocadopazham brings alive the earthy resonance of the Ghatam, while Addison Miguel Bareh blends human voice, mouth-drums, and rhythm in ways that captivate.

Vinod on Ghatam & Addison Miguel Bareh Beatboxing

📍: Barbeque Nation, Dollar Layout, 3rd Phase, J.P. Nagar, Bengaluru 
📆: Saturday, 11th October
⌚️: 8 PM onwards
🔥: Enjoy live grill with live music
📞 080 6902 8722 | Download Barbeque Nation app to book

Bengaluru, what’s your flavor of music — Ghatam or Beatboxing? Tell us in the comments below!

#BarbequeNation #LiveMusic #BengaluruEvents #JPNagar",2025-10-07 14:50:58+00:00,6,0.0,1,0.0,0.0,https://www.facebook.com/BarbequeNation/posts/pfbid02cfNHMGLSGWZhSqR64nEzwWpuwT554WFgUAk2MZn54RtvNArRS5hETUbAmSmz9jugl,No Link,2025,October,Tuesday,14,barbeque nation jp nagar presents battledrums a oneofakind jugalbandi where the timeless rhythm of the ghatam meets the raw energy of beatboxing l experience a play of traditional and modern beats as brings alive the earthy resonance of the ghatam while addison miguel bareh blends human voice mouthdrums and rhythm in ways that captivate vinod on ghatam addison miguel bareh beatboxing barbeque nation dollar layout rd phase jp nagar bengaluru saturday th october pm onwards enjoy live grill with live music download barbeque nation app to book bengaluru whats your flavor of music ghatam or beatboxing tell us in the comments below barbequenation livemusic bengaluruevents jpnagar,106,682,7.0,0.0
1261790000000000.0,BarbequeNation,"Golden, syrupy, and perfectly spiraled, this jalebi isn’t just dessert, it’s pure happiness on a plate. One bite, and you’ll be hooked. Why wait? Treat yourself today!

[Barbeque Nation, BBQN, Unlimited, Dessert]",2025-10-07 13:42:40+00:00,14,0.0,0,0.0,0.0,https://www.facebook.com/BarbequeNation/posts/pfbid0mhFQhT4PFTQiqAE4THx9HXZgt638nM2sYpkGXehxMaddoMfZdxucWSki46DBza34l,No Link,2025,October,Tuesday,13,golden syrupy and perfectly spiraled this jalebi isnt just dessert its pure happiness on a plate one bite and youll be hooked why wait treat yourself today barbeque nation bbqn unlimited dessert,32,194,14.0,0.0
1260850000000000.0,BarbequeNation,"Join us for a soulful evening with Befikra Tejas Live at Barbeque Nation, Gurugram.
Good food, great music & endless vibes! ✨#8th Oct | 🕢 7:30 PM onwards #barbequenation #music #musiclover lover",2025-10-06 14:26:11+00:00,20,0.0,0,4262.0,1054.0,https://www.facebook.com/reel/796707292977656/,No Link,2025,October,Monday,14,join us for a soulful evening with befikra tejas live at barbeque nation gurugram good food great music endless vibes th oct pm onwards barbequenation music musiclover lover,28,173,20.0,0.004692632566870014
1260810000000000.0,BarbequeNation,"10 veg starters, zero choices to make. Just dive in, because here, it’s all about eating unlimited! Don’t wait, book your table now and feast without limits!

[Barbeque Nation, BBQN, Unlimited, Starters, 10+10 ]",2025-10-06 13:30:28+00:00,9,0.0,0,4606.0,645.0,https://www.facebook.com/reel/841756458206982/,No Link,2025,October,Monday,13,veg starters zero choices to make just dive in because here its all about eating unlimited dont wait book your table now and feast without limits barbeque nation bbqn unlimited starters,31,185,9.0,0.0019539730785931393
1260590000000000.0,BarbequeNation,"From the Hills to Your Table! ⛰️

Experience the authentic taste of Uttarakhand at Barbeque Nation, Saket — where rustic flavours of the mountains meet the warmth of soulful dining. 🍲✨

Join Chef Yojana Khanduri as she brings a special Himalayan Pop-Up featuring traditional recipes, earthy spices, and dishes crafted with handpicked local ingredients 🌿

📍 Barbeque Nation, Southern Park Mall, Saket, Delhi
📅 6th – 12th October

Embark on a week-long journey of flavours from the heart of the hills, only at Barbeque Nation!

#flavoursofuttarakhand #barbequenation #delhifoodies #popups #HimalayanFlavours",2025-10-06 08:40:43+00:00,21,1.0,3,4784.0,1790.0,https://www.facebook.com/reel/4134036893527069/,No Link,2025,October,Monday,8,from the hills to your table experience the authentic taste of uttarakhand at barbeque nation saket where rustic flavours of the mountains meet the warmth of soulful dining join chef yojana khanduri as she brings a special himalayan popup featuring traditional recipes earthy spices and dishes crafted with handpicked local ingredients barbeque nation southern park mall saket delhi th th october embark on a weeklong journey of flavours from the heart of the hills only at barbeque nation flavoursofuttarakhand barbequenation delhifoodies popups himalayanflavours,83,564,25.0,0.005225752508361204
1260580000000000.0,BarbequeNation,"From the Hills to Your Table! ⛰️

Experience the authentic taste of Uttarakhand at Barbeque Nation, Saket — where rustic flavours of the mountains meet the warmth of soulful dining. 🍲✨

Join Chef Yojana Khanduri as she brings a special Himalayan Pop-Up featuring traditional recipes, earthy spices, and dishes crafted with handpicked local ingredients 🌿

📍 Barbeque Nation, Southern Park Mall, Saket, Delhi
📅 6th – 12th October

Embark on a week-long journey of flavours from the heart of the hills, only at Barbeque Nation!

#flavoursofuttarakhand #barbequenation #delhifoodies #popups #HimalayanFlavours",2025-10-06 08:23:49+00:00,18,0.0,1,3521.0,831.0,https://www.facebook.com/reel/804496232295036/,No Link,2025,October,Monday,8,from the hills to your table experience the authentic taste of uttarakhand at barbeque nation saket where rustic flavours of the mountains meet the warmth of soulful dining join chef yojana khanduri as she brings a special himalayan popup featuring traditional recipes earthy spices and dishes crafted with handpicked local ingredients barbeque nation southern park mall saket delhi th th october embark on a weeklong journey of flavours from the heart of the hills only at barbeque nation flavoursofuttarakhand barbequenation delhifoodies popups himalayanflavours,83,564,19.0,0.005396194262993468
1258280000000000.0,BarbequeNation,"Join us in celebrating the music of dreams, love, and freedom with Befikra Tejas at Barbeque Nation, M3M IFC. With heartfelt melodies and electrifying beats, he’s coming to win your hearts!

📍: Barbeque Nation, M3M International Financial Center, Sector 66, Gurugram
📆: Wednesday, 8th October
⌚️: 7:30 PM onwards
🔥: Enjoy live grill with live music
📞 080 6902 8728 | Download Barbeque Nation app to book

Yaar, eh send kar dio to that friend who lives for high-energy vibes!

#BarbequeNation #LiveMusic #GurugramEvents #BringYourFriends",2025-10-03 18:41:00+00:00,8,0.0,0,0.0,0.0,https://www.facebook.com/BarbequeNation/posts/pfbid0B5rjNDGxtSxMyYiNUdcPo3Vka29f5Fy9rG4rwvyEDrMteksUXaLdmsJrTjuKXjPxl,No Link,2025,October,Friday,18,join us in celebrating the music of dreams love and freedom with befikra tejas at barbeque nation mm ifc with heartfelt melodies and electrifying beats hes coming to win your hearts barbeque nation mm international financial center sector gurugram wednesday th october pm onwards enjoy live grill with live music download barbeque nation app to book yaar eh send kar dio to that friend who lives for highenergy vibes barbequenation livemusic gurugramevents bringyourfriends,73,473,8.0,0.0
1258230000000000.0,BarbequeNation,"An evening where flavours meet mystical melodies.

Barbeque Nation, Marathahalli invites you to a soul-stirring Sufi Night with Mehfil-E-Nayab. Bring your fellow music lovers and immerse yourself in a mesmerizing world of Sufi and fusion.

📍: Barbeque Nation, More Mega Mall, Marathahalli, Bengaluru
📆: Friday, 10th October
⌚️: 8 PM onwards
🔥: Enjoy live grill with live music
📞 080 6902 8722 | Download Barbeque Nation app to book

Send this to that friend who is a Sufi music lover!

#BarbequeNation #SufiNight #LiveMusic #BringYourFriends #BengaluruEvents #Marathahalli",2025-10-03 17:12:45+00:00,6,1.0,0,0.0,0.0,https://www.facebook.com/BarbequeNation/posts/pfbid0aAfXAia7mYAWQA17fpDokPxWsnG275GouLeTZD5F5zwtR8m8VmFhGwHnwCHk64aCl,No Link,2025,October,Friday,17,an evening where flavours meet mystical melodies barbeque nation marathahalli invites you to a soulstirring sufi night with mehfilenayab bring your fellow music lovers and immerse yourself in a mesmerizing world of sufi and fusion barbeque nation more mega mall marathahalli bengaluru friday th october pm onwards enjoy live grill with live music download barbeque nation app to book send this to that friend who is a sufi music lover barbequenation sufinight livemusic bringyourfriends bengaluruevents marathahalli,76,515,7.0,0.0
1256690000000000.0,BarbequeNation,"From the hills to your plate!🗻

Barbeque Nation, Saket brings you the rich, earthy Flavours of Uttarakhand in an exclusive Himalayan Pop-Up with Chef Yojana Khanduri 🍲🥘

Indulge in soulful recipes, aromatic spices, and mountain-inspired delicacies crafted with locally sourced ingredients 🌿

📍 Barbeque Nation, Southern Park Mall, Saket

📅 6th - 12th October
👩‍🍳 Curated by Chef Yojana Khanduri

A week-long culinary journey you don’t want to miss! 

#ComingSoon
#FlavoursOfUttarakhand #BarbequeNation #DelhiFoodies #PopUp #HimalayanCuisine",2025-10-02 05:25:08+00:00,25,0.0,2,0.0,0.0,https://www.facebook.com/BarbequeNation/posts/pfbid02z8aeerBdhTvYNPNEomtAHq4FemzTDsCBKEk21346n2Nt2FNoiutiStQR87dK6cYCl,No Link,2025,October,Thursday,5,from the hills to your plate barbeque nation saket brings you the rich earthy flavours of uttarakhand in an exclusive himalayan popup with chef yojana khanduri indulge in soulful recipes aromatic spices and mountaininspired delicacies crafted with locally sourced ingredients barbeque nation southern park mall saket th th october curated by chef yojana khanduri a weeklong culinary journey you dont want to miss comingsoon flavoursofuttarakhand barbequenation delhifoodies popup himalayancuisine,69,496,27.0,0.0
1256650000000000.0,BarbequeNation,"Celebrating the spirit of togetherness he envisioned. At our tables, everyone feasts as one. 

Happy Gandhi Jayanti!

[Barbeque Nation, BBQN, Togetherness, Celebration, Gandhi Jayanti]",2025-10-02 04:23:21+00:00,7,0.0,0,0.0,0.0,https://www.facebook.com/BarbequeNation/posts/pfbid08xtSL1SjYYnzfgsza79wajJvjDqAoQBenFZCwwfmdpZqjXz7wCQcSTKDqoR9wBp1l,No Link,2025,October,Thursday,4,celebrating the spirit of togetherness he envisioned at our tables everyone feasts as one happy gandhi jayanti barbeque nation bbqn togetherness celebration gandhi jayanti,24,171,7.0,0.0
1256640000000000.0,BarbequeNation,"This Dussehra, let’s put down the screens and pick up the skewers. Because the real joy isn’t in scrolling feeds, but in sharing feasts.✨️

[Barbeque Nation, BBQN, Dussehra, Togetherness, Celebration]",2025-10-02 04:18:39+00:00,8,0.0,0,3879.0,318.0,https://www.facebook.com/reel/1162044575827050/,No Link,2025,October,Thursday,4,this dussehra lets put down the screens and pick up the skewers because the real joy isnt in scrolling feeds but in sharing feasts barbeque nation bbqn dussehra togetherness celebration,30,185,8.0,0.0020623872131992783
1256050000000000.0,BarbequeNation,"Who said veg means fewer choices? 🤔
At our tables, it’s starters, mains, and desserts with endless options - all unlimited, all delicious! 🥗Book your table now.

[Barbeque Nation, BBQN, Unlimited, World Vegetarian day ]",2025-10-01 12:47:31+00:00,10,0.0,1,6223.0,934.0,https://www.facebook.com/reel/785871444247857/,No Link,2025,October,Wednesday,12,who said veg means fewer choices at our tables its starters mains and desserts with endless options all unlimited all delicious book your table now barbeque nation bbqn unlimited world vegetarian day,32,199,11.0,0.0017676361883336013
1254970000000000.0,BarbequeNation,"Every great feast deserves a little drama, and Paneer Tikka delivers it with flair. From the smoky char of the grill to the perfect balance of spice and tenderness, it’s bold flavors are unforgettable. 

Book your table now to indulge in this starter unlimited. 

[ Barbeque Nation, BBQN, Unlimited Starters ]",2025-09-30 10:12:04+00:00,15,0.0,0,0.0,0.0,https://www.facebook.com/BarbequeNation/posts/pfbid0LyKYURPXkuwVdwhAR3maHa5w4PzgXT8FUoaBKVNfsLTkuxD7GcDiiBE611UhbRbJl,No Link,2025,September,Tuesday,10,every great feast deserves a little drama and paneer tikka delivers it with flair from the smoky char of the grill to the perfect balance of spice and tenderness its bold flavors are unforgettable book your table now to indulge in this starter unlimited barbeque nation bbqn unlimited starters,49,293,15.0,0.0
1252180000000000.0,BarbequeNation,"Comfort looks different to everyone. For some, it’s a blanket and a late-night movie.
For us, it’s a steaming plate of biryani; warm, hearty, and always just right.

Are you the same? Let us know in the comments.

[Barbeque Nation, BBQN, Unlimited, Biryani lovers, Comfort food ]",2025-09-27 06:39:02+00:00,17,0.0,0,6364.0,1077.0,https://www.facebook.com/reel/1110292727980193/,No Link,2025,September,Saturday,6,comfort looks different to everyone for some its a blanket and a latenight movie for us its a steaming plate of biryani warm hearty and always just right are you the same let us know in the comments barbeque nation bbqn unlimited biryani lovers comfort food,46,257,17.0,0.0026712759270898804
1250260000000000.0,BarbequeNation,"Our spread isn’t made for ‘thinnest trend’, it’s made for full plates & fuller hearts. Come enjoy it live at Barbeque Nation! 😋

[ Barbeque Nation, BBQN, Unlimited, Thinnest trend ]",2025-09-25 03:46:58+00:00,18,0.0,0,7139.0,975.0,https://www.facebook.com/reel/1465188837936996/,No Link,2025,September,Thursday,3,our spread isnt made for thinnest trend its made for full plates fuller hearts come enjoy it live at barbeque nation barbeque nation bbqn unlimited thinnest trend,27,162,18.0,0.0025213615352290236
1249450000000000.0,BarbequeNation,"Some joys in life are simple, small, and unforgettable. Like unlimited Gulab Jamun. 
Go on, book your table at your nearest outlet and indulge in these bites of pure bliss.

[Barbeque Nation, BBQN, Unlimited ]",2025-09-24 06:30:52+00:00,12,0.0,0,0.0,0.0,https://www.facebook.com/BarbequeNation/posts/pfbid0353qZyTC4SJdkhgg6gBNwoXAmvM3AZWAL2wMeanejLGBkiJ65JVFDmkPAu2fVEUW6l,No Link,2025,September,Wednesday,6,some joys in life are simple small and unforgettable like unlimited gulab jamun go on book your table at your nearest outlet and indulge in these bites of pure bliss barbeque nation bbqn unlimited,34,196,12.0,0.0
1245900000000000.0,BarbequeNation,"Chaatpaglus, this is your last chance to indulge unlimited in all your favourite street-style dishes. 

From chaats to momos, pav bhaji to jalebi, today’s final day to feast on it all. 🎉

Book your table right away because Khau Galli shuts tomorrow!

[ Barbeque Nation, BBQN, Unlimited, khau Gali, Street Food Festival, chaat paglus]",2025-09-20 07:39:08+00:00,28,0.0,1,8096.0,1676.0,https://www.facebook.com/reel/1099807325205004/,No Link,2025,September,Saturday,7,chaatpaglus this is your last chance to indulge unlimited in all your favourite streetstyle dishes from chaats to momos pav bhaji to jalebi todays final day to feast on it all book your table right away because khau galli shuts tomorrow barbeque nation bbqn unlimited khau gali street food festival chaat paglus,52,311,29.0,0.00358201581027668
1244940000000000.0,BarbequeNation,"This is your cue to meet all your Chaatpaglu friends for an unlimited street food binge. Send this to your gang and plan a catch-up instantly.

[ Barbeque Nation, BBQN, Unlimited, Street Food Festival, Chaat Paglus, khau galli]",2025-09-19 05:50:48+00:00,21,0.0,0,7695.0,1514.0,https://www.facebook.com/reel/1316590710068600/,No Link,2025,September,Friday,5,this is your cue to meet all your chaatpaglu friends for an unlimited street food binge send this to your gang and plan a catchup instantly barbeque nation bbqn unlimited street food festival chaat paglus khau galli,37,215,21.0,0.0027290448343079924
1244100000000000.0,BarbequeNation,"From the bustling lanes to your plate; all your favourite street food dishes are here under one roof at Barbeque Nation’s Khau Galli. 

And guess what? They’re all unlimited!

Book your table to enjoy them all, before 21st September.

[Barbeque Nation, BBQN, Unlimited, Khau galli, Street Food Festival, Chaat Paglus]",2025-09-18 08:27:09+00:00,19,0.0,0,6895.0,1795.0,https://www.facebook.com/reel/1768481090460911/,No Link,2025,September,Thursday,8,from the bustling lanes to your plate all your favourite street food dishes are here under one roof at barbeque nations khau galli and guess what theyre all unlimited book your table to enjoy them all before st september barbeque nation bbqn unlimited khau galli street food festival chaat paglus,50,296,19.0,0.002755620014503263
1243250000000000.0,BarbequeNation,"Every Chaat Paglu has one dream,  endless plates of street food, all in one place. Momos, pav bhaji dahi bhalla, samosa chaat, jalebi–rabdi and more…Khau Galli makes that dream come true. 

Go on, make it come true.

[Barbeque Nation, BBQN, Unlimited, Khau galli, Street Food Festival, Chaat Paglus]",2025-09-17 09:39:23+00:00,13,1.0,0,6347.0,1414.0,https://www.facebook.com/reel/1361196842093655/,No Link,2025,September,Wednesday,9,every chaat paglu has one dream endless plates of street food all in one place momos pav bhaji dahi bhalla samosa chaat jalebirabdi and morekhau galli makes that dream come true go on make it come true barbeque nation bbqn unlimited khau galli street food festival chaat paglus,48,277,14.0,0.0022057665038600913
1242250000000000.0,BarbequeNation,"Nothing beats the iconic Egg Benjo– fluffy eggs, soft pav, and that perfect street-style kick. And now, it’s all yours without limits at Khau Galli, Barbeque Nation’s street food festival for the Chaat Paglus. 

Book your table now and dig into unlimited egg benjo and more of your favourite street food dishes, all unlimited before 21 September.

[ Barbeque Nation, BBQN, Unlimited, Khau galli, Street food festival, Chaat paglus ]",2025-09-16 07:53:02+00:00,17,1.0,0,7316.0,2086.0,https://www.facebook.com/reel/1879866712939823/,No Link,2025,September,Tuesday,7,nothing beats the iconic egg benjo fluffy eggs soft pav and that perfect streetstyle kick and now its all yours without limits at khau galli barbeque nations street food festival for the chaat paglus book your table now and dig into unlimited egg benjo and more of your favourite street food dishes all unlimited before september barbeque nation bbqn unlimited khau galli street food festival chaat paglus,67,405,18.0,0.0024603608529250955
1240800000000000.0,BarbequeNation,"India won, and so did you. 
Raise a toast to this victory with a FREE MOCKTAIL and an unlimited feast. 

Book your table right away and enjoy. 

Offer valid only on 15 September, 2025. 

[ Barbeque Nation, BBQN, Celebration, Mocktail, Unlimited ]",2025-09-14 18:04:49+00:00,37,4.0,1,0.0,0.0,https://www.facebook.com/BarbequeNation/posts/pfbid0LfC4vn6weSLuYpAHPLu1gyRV4JZ2DFFNxq5AuCQMVU7yqd7NK3fd4f5ZMvB5KjSXl,No Link,2025,September,Sunday,18,india won and so did you raise a toast to this victory with a free mocktail and an unlimited feast book your table right away and enjoy offer valid only on september barbeque nation bbqn celebration mocktail unlimited,38,217,42.0,0.0
1240500000000000.0,BarbequeNation,"A special offer for the masterminds who power our world. This Engineer’s Day, step out for an unlimited celebration and enjoy our special 4+1 offer: Pay for 4 pax and the 5th eats FREE.

Offer valid on 15th & 16th September.

[Barbeque Nation, BBQN, Unlimited, Engineers day, Special offer, Celebration]",2025-09-14 12:03:33+00:00,19,0.0,0,6918.0,1576.0,https://www.facebook.com/reel/1839595256995864/,No Link,2025,September,Sunday,12,a special offer for the masterminds who power our world this engineers day step out for an unlimited celebration and enjoy our special offer pay for pax and the th eats free offer valid on th th september barbeque nation bbqn unlimited engineers day special offer celebration,47,275,19.0,0.0027464585140213934
1238550000000000.0,BarbequeNation,"Can't pick between your favourite street food dishes? Enjoy them all unlimited at Khau Galli, till 21st September, 2025 at your nearest Barbeque Nation. 

[ Barbeque Nation, BBQN, Unlimited, Khau galli, Street Food Festival, Chaat ]",2025-09-12 04:53:45+00:00,29,6.0,2,8864.0,2740.0,https://www.facebook.com/reel/1493141098364210/,No Link,2025,September,Friday,4,cant pick between your favourite street food dishes enjoy them all unlimited at khau galli till st september at your nearest barbeque nation barbeque nation bbqn unlimited khau galli street food festival chaat,33,209,37.0,0.004174187725631769
1236950000000000.0,BarbequeNation,"Pav bhaji lovers, unite in the comments below.  

Whether you’re team extra butter, team spicy bhaji, or team ‘just one more pav,’ this one’s for you. 

Book your table to enjoy your favourite dish unlimited at your nearest Barbeque Nation.

[ Barbeque Nation, BBQN, Unlimited, Chaat Paglus, Khau Gali, Street Food Festival]",2025-09-10 09:39:33+00:00,37,11.0,0,0.0,0.0,https://www.facebook.com/BarbequeNation/posts/pfbid022at9v9W8oBmK531CX8xwKX2D3fE9aAsS5bA3fkLzxf8Dzhzcd86np5nq3LUCYqPil,No Link,2025,September,Wednesday,9,pav bhaji lovers unite in the comments below whether youre team extra butter team spicy bhaji or team just one more pav this ones for you book your table to enjoy your favourite dish unlimited at your nearest barbeque nation barbeque nation bbqn unlimited chaat paglus khau gali street food festival,51,299,48.0,0.0
1236010000000000.0,BarbequeNation,"Chaatpaglus, this is your ultimate dream come true! All your favourite street food dishes, right from samosa chaat to pav bhaji, from tandoori momos to jalebi rabri, get everything under one roof, all unlimited.

Only at Barbeque Nation’s Khau Galli, till 21st Sep, 2025.

[ Barbeque Nation, BBQN, Unlimited, Street Food Festival, khau Gali]",2025-09-09 07:52:46+00:00,180,53.0,8,0.0,0.0,https://www.facebook.com/BarbequeNation/posts/pfbid0SoSD57gspz8gWvvmc4B18UeVWJyYqWSdZAz6nKB7fdnYVjXWaEH2TXN2D9pZp2ebl,No Link,2025,September,Tuesday,7,chaatpaglus this is your ultimate dream come true all your favourite street food dishes right from samosa chaat to pav bhaji from tandoori momos to jalebi rabri get everything under one roof all unlimited only at barbeque nations khau galli till st sep barbeque nation bbqn unlimited street food festival khau gali,52,314,241.0,0.0
1235880000000000.0,BarbequeNation,"Chaatpaglus, this is your ultimate dream come true! All your favourite street food dishes, right from samosa chaat to pav bhaji, from tandoori momos to jalebi rabri, get everything under one roof, all unlimited.

Only at Barbeque Nation’s Khau Galli, till 21st Sep, 2025.

[ Barbeque Nation, BBQN, Khau Galli, India’s biggest street food festival, Unlimited]",2025-09-09 05:14:10+00:00,350,98.0,13,0.0,0.0,https://www.facebook.com/BarbequeNation/posts/pfbid02RZFE8hGauRfrFqGHVYXmQRTNFekZ64oJdXVsDd15Bo4KfhHVfMh77vVMLrohq5ugl,No Link,2025,September,Tuesday,5,chaatpaglus this is your ultimate dream come true all your favourite street food dishes right from samosa chaat to pav bhaji from tandoori momos to jalebi rabri get everything under one roof all unlimited only at barbeque nations khau galli till st sep barbeque nation bbqn khau galli indias biggest street food festival unlimited,54,330,461.0,0.0
1235020000000000.0,BarbequeNation,"From samosa chaat to butter chicken tikka, from pav bhaji to jalebi rabri, it’s all coming together at Barbeque Nation’s Khau Galli.
All your street food favourites, unlimited and under one roof, waiting just for you.
From 6th – 21st Sep, 2025. 

Book your tables and enjoy with your gang of foodies.

[ Barbeque Nation, BBQN, Street Food Festival, Unlimited, Khau Gali, Chaat ]",2025-09-08 05:25:11+00:00,23,0.0,1,8639.0,1960.0,https://www.facebook.com/reel/1466339151316192/,No Link,2025,September,Monday,5,from samosa chaat to butter chicken tikka from pav bhaji to jalebi rabri its all coming together at barbeque nations khau galli all your street food favourites unlimited and under one roof waiting just for you from th st sep book your tables and enjoy with your gang of foodies barbeque nation bbqn street food festival unlimited khau gali chaat,60,345,24.0,0.0027780993170505846
1234180000000000.0,BarbequeNation,"Grandparents made sure we always had second helpings (sometimes even third). That was their way of showing love. Now it’s our turn to spoil them

This Grandparents’ Day, let’s celebrate their endless love with endless flavours.
Bring them over for an unlimited feast they truly deserve! 

[ Barbeque Nation, BBQN, Grandparents day, Celebration ]",2025-09-07 04:02:39+00:00,12,1.0,0,0.0,0.0,https://www.facebook.com/BarbequeNation/posts/pfbid027n5qh74ZEjKwRw3rWb5tSg89AJpknpGD6UKzfkgXPxhguJcwScBBv4aMwLTKHuecl,No Link,2025,September,Sunday,4,grandparents made sure we always had second helpings sometimes even third that was their way of showing love now its our turn to spoil them this grandparents day lets celebrate their endless love with endless flavours bring them over for an unlimited feast they truly deserve barbeque nation bbqn grandparents day celebration,52,325,13.0,0.0
1233470000000000.0,BarbequeNation,"Street food lovers… the wait is finally over. From keema pav to pav bhaji, jalebi to chaats; the kings of street food are all coming together at Khau Galli, India’s biggest street food festival for the Chaatpaglus. 

From 6th – 21st Sep, 2025. 

Go on, book your tables and let the binge begin.

[Barbeque Nation, BBQN, Street Food, Chaat paglus, Khau Gali, Food Festival]",2025-09-06 05:48:35+00:00,15,0.0,2,6505.0,1079.0,https://www.facebook.com/reel/24708111565480338/,No Link,2025,September,Saturday,5,street food lovers the wait is finally over from keema pav to pav bhaji jalebi to chaats the kings of street food are all coming together at khau galli indias biggest street food festival for the chaatpaglus from th st sep go on book your tables and let the binge begin barbeque nation bbqn street food chaat paglus khau gali food festival,62,339,17.0,0.0026133743274404306
1232640000000000.0,BarbequeNation,"From classrooms to kitchens, teachers come in many forms.  We’re grateful to every mentor, guide, friend  and even our favourite dishes for shaping us into better versions of ourselves and and teaching us how to handle life’s flavours and twists.
Here’s to all our teachers, on and off the table.  Happy Teachers’ Day!

[ Barbeque Nation, BBQN, Teachers' day ]",2025-09-05 07:01:12+00:00,35,1.0,2,0.0,0.0,https://www.facebook.com/BarbequeNation/posts/pfbid027bvnXVWcjopM9JjTUTVv4fPs3m9GeZUrdQprp8YDcUEyEAVUa94srs77BXdnj1q1l,No Link,2025,September,Friday,7,from classrooms to kitchens teachers come in many forms were grateful to every mentor guide friend and even our favourite dishes for shaping us into better versions of ourselves and and teaching us how to handle lifes flavours and twists heres to all our teachers on and off the table happy teachers day barbeque nation bbqn teachers day,58,337,38.0,0.0
1232510000000000.0,BarbequeNation,"This Onam, let abundance find its way to your table and your heart. Wishing you prosperity, joy, and togetherness in every moment.

[Barbeque Nation, BBQN, Onam, Festive, Celebration, Unlimited, Togetherness]",2025-09-05 03:16:49+00:00,26,0.0,1,5331.0,803.0,https://www.facebook.com/reel/768028872592879/,No Link,2025,September,Friday,3,this onam let abundance find its way to your table and your heart wishing you prosperity joy and togetherness in every moment barbeque nation bbqn onam festive celebration unlimited togetherness,30,194,27.0,0.005064715813168261
1231770000000000.0,BarbequeNation,"If your evenings feel incomplete without street food, and gossip… this festival’s for you.

Coming soon. 

[ Barbeque Nation, BBQN, Street Food Festival, Chaat Paglus ]",2025-09-04 05:33:28+00:00,20,0.0,9,0.0,0.0,https://www.facebook.com/BarbequeNation/posts/pfbid022qxJBMJ8kTCp2dqLosDZxBMsU5r8jGbBvcoGMmvqEwJNvC1JGAVwHzeXQyN1cL6Tl,No Link,2025,September,Thursday,5,if your evenings feel incomplete without street food and gossip this festivals for you coming soon barbeque nation bbqn street food festival chaat paglus,24,153,29.0,0.0
1230120000000000.0,BarbequeNation,"Can't get enough of your favourite street food dishes? This food festival is made for you.
Stay tuned!

[ Barbeque Nation, BBQN, Street Food, Coming soon ]",2025-09-02 04:51:40+00:00,22,1.0,1,7352.0,1745.0,https://www.facebook.com/reel/1461664525035992/,No Link,2025,September,Tuesday,4,cant get enough of your favourite street food dishes this food festival is made for you stay tuned barbeque nation bbqn street food coming soon,25,143,24.0,0.003264417845484222
1229380000000000.0,BarbequeNation,"Teachers, this is your day to step out of the classroom and into a celebration. ✨
This Teachers’ Day, celebrate the 137th birth anniversary of Dr. Sarvepalli Radhakrishnan over unlimited grills. Come together with colleagues, friends, and fellow mentors and enjoy ₹137 off per person. 

Offer valid from 1 - 4 September. 

Book your table now.

[ Barbeque Nation, BBQN, Unlimited grills,  Teachers day, Celebration  ]",2025-09-01 07:03:02+00:00,9,0.0,4,0.0,0.0,https://www.facebook.com/BarbequeNation/posts/pfbid031oZS242bvvYKwC4N7vJbWYPNLRRGuGzpuiLYZ7yNaDDN141CpFZQgcQ83KMTbxzLl,No Link,2025,September,Monday,7,teachers this is your day to step out of the classroom and into a celebration this teachers day celebrate the th birth anniversary of dr sarvepalli radhakrishnan over unlimited grills come together with colleagues friends and fellow mentors and enjoy off per person offer valid from september book your table now barbeque nation bbqn unlimited grills teachers day celebration,59,375,13.0,0.0
1228610000000000.0,BarbequeNation,"This is your chance to give back to your grandparents, for all the stories, support and unlimited love. 

This Grandparents’ Day, take them out for an unlimited feast.

Senior citizens aged 60 and above dine at just ₹499 at Barbeque Nation. 

Offer valid from 1 - 7 September. 

Book your table now.

[ Barbeque Nation, BBQN, Grandparents Day, Unlimited food, Offer, Family]",2025-08-31 07:16:12+00:00,40,4.0,3,0.0,0.0,https://www.facebook.com/BarbequeNation/posts/pfbid0ZFhSWRXRWZounEpZCii1rH6Ked4pwGjt1fCZi52dfXT38DBc96sVeJ4jep9zgLM3l,No Link,2025,August,Sunday,7,this is your chance to give back to your grandparents for all the stories support and unlimited love this grandparents day take them out for an unlimited feast senior citizens aged and above dine at just at barbeque nation offer valid from september book your table now barbeque nation bbqn grandparents day unlimited food offer family,56,335,47.0,0.0
1228590000000000.0,BarbequeNation,"This is your chance to give back to your grandparents, for all the stories, support and unlimited love. 

This Grandparents’ Day, take them out for an unlimited feast.

Senior citizens aged 60 and above dine at just ₹499 at Barbeque Nation. 

Offer valid from 1 - 7 September. 

Book your table now.

[Barbeque Nation, BBQN, Grandparents Day, Festive]",2025-08-31 06:50:54+00:00,28,9.0,8,0.0,0.0,https://www.facebook.com/BarbequeNation/posts/pfbid02nrJYGfZqqVwJpk2cHk6JvSi4BKHe575Ct6gMoKA6WApXDyqm6aQ3GYHaJdswMDF5l,No Link,2025,August,Sunday,6,this is your chance to give back to your grandparents for all the stories support and unlimited love this grandparents day take them out for an unlimited feast senior citizens aged and above dine at just at barbeque nation offer valid from september book your table now barbeque nation bbqn grandparents day festive,53,315,45.0,0.0
1226870000000000.0,BarbequeNation,"This festive season, skip the prep and dive straight into the celebration.

With Barbeque in a Box, get your favourite smoky starters, mains and desserts— all packed fresh and delivered to your door.

[Barbeque Nation, BBQN, Celebration, Barbeque in a Box]",2025-08-29 04:49:35+00:00,36,2.0,0,0.0,0.0,https://www.facebook.com/BarbequeNation/posts/pfbid0e4BcfE6irLXN6D36LJpDpj3um1jzNZBJ1CRECHrrFZnxUB7jEBe57dQo9UK6p5Qbl,No Link,2025,August,Friday,4,this festive season skip the prep and dive straight into the celebration with barbeque in a box get your favourite smoky starters mains and desserts all packed fresh and delivered to your door barbeque nation bbqn celebration barbeque in a box,41,243,38.0,0.0
1225010000000000.0,BarbequeNation,"As we welcome the beloved guest home, may Lord Ganesha bless us with joy, prosperity, and sweet moments to cherish. Happy Ganesh Chaturthi!

[ Barbeque Nation, BBQN, Ganesh Chaturthi, Festive]",2025-08-27 03:01:34+00:00,48,3.0,0,0.0,0.0,https://www.facebook.com/BarbequeNation/posts/pfbid0mZAgNTD4YuUgCVNgrdL1EHQQxiJKpSekQ2meEhXn91D2QDQNswV56dUXrVceyjC8l,No Link,2025,August,Wednesday,3,as we welcome the beloved guest home may lord ganesha bless us with joy prosperity and sweet moments to cherish happy ganesh chaturthi barbeque nation bbqn ganesh chaturthi festive,29,180,51.0,0.0
1224190000000000.0,BarbequeNation,"This Onam calls for a feast full of your favourite grills, with your loved ones by your side. 

Go on, book your table and make some flavourful memories this festive season. 

[ Barbeque Nation, BBQN, Onam, Festive season, Grills ]",2025-08-26 05:39:42+00:00,24,1.0,0,0.0,0.0,https://www.facebook.com/BarbequeNation/posts/pfbid0dvYDs3GVsA4dgziotvgdfxANx9iBDCQuin9smRGhW7sY59pKXZLfXJzJTokcRHRYl,No Link,2025,August,Tuesday,5,this onam calls for a feast full of your favourite grills with your loved ones by your side go on book your table and make some flavourful memories this festive season barbeque nation bbqn onam festive season grills,38,215,25.0,0.0
1222510000000000.0,BarbequeNation,"Juicy? Check.
Perfectly grilled? Check.
Totally unmissable? Absolutely.
Eat them unlimited, only at Barbeque Nation

[ Barbeque Nation, BBQN, Unlimited]",2025-08-24 06:59:05+00:00,40,13.0,0,0.0,0.0,https://www.facebook.com/BarbequeNation/posts/pfbid02gVHKmrKNschbeXV5354g12z8HtqEKxmHtxEHDZNsxsiQzo5kVRK5LWr8tRPz22LGl,No Link,2025,August,Sunday,6,juicy check perfectly grilled check totally unmissable absolutely eat them unlimited only at barbeque nation barbeque nation bbqn unlimited,19,139,53.0,0.0
1221790000000000.0,BarbequeNation,"This isn’t your everyday biryani. It’s the kind that lingers in your memory, and haunts your cravings until the next visit.

Come over and enjoy it to your heart's content. Book your table and enjoy

[Barbeque Nation, BBQN, Cravings ]",2025-08-23 09:58:27+00:00,16,2.0,1,8910.0,1331.0,https://www.facebook.com/reel/1338336088295553/,No Link,2025,August,Saturday,9,this isnt your everyday biryani its the kind that lingers in your memory and haunts your cravings until the next visit come over and enjoy it to your hearts content book your table and enjoy barbeque nation bbqn cravings,39,220,19.0,0.002132435465768799
1221030000000000.0,BarbequeNation,"Introducing 10+10 Super Starters. 

From timeless classics to your all-time favourites, this spread of 10 veg + 10 non-veg starters is packed with bold flavours.

Book your table now to enjoy these unlimited. 

[Barbeque Nation, BBQN, Super Starters, Unlimited ]",2025-08-22 11:50:03+00:00,20,4.0,8,11056.0,2430.0,https://www.facebook.com/reel/695418650206593/,No Link,2025,August,Friday,11,introducing super starters from timeless classics to your alltime favourites this spread of veg nonveg starters is packed with bold flavours book your table now to enjoy these unlimited barbeque nation bbqn super starters unlimited,35,231,32.0,0.002894356005788712
1219170000000000.0,BarbequeNation,"Remember the last time you met your gang laughed till your stomach hurt? 

Maybe it’s time to make some new memories.

Tag your OG gang — it’s catch-up o’clock. The table’s waiting.

[Barbeque Nation, BBQN, Catch-up]",2025-08-20 10:55:15+00:00,25,2.0,0,7521.0,1597.0,https://www.facebook.com/reel/1342892977186704/,No Link,2025,August,Wednesday,10,remember the last time you met your gang laughed till your stomach hurt maybe its time to make some new memories tag your og gang its catchup oclock the tables waiting barbeque nation bbqn catchup,35,196,27.0,0.0035899481451934583
1218250000000000.0,BarbequeNation,"Ragi Pani Puri has entered the chat!
Same chatpata flavour, with a guilt-free glow up. 

Binge unlimited. Regret nothing.
Only at Barbeque Nation.

[Barbeque Nation, BBQN, Ragi pani puri, Unlimited]",2025-08-19 09:18:18+00:00,22,0.0,1,7977.0,1961.0,https://www.facebook.com/reel/774423341948913/,No Link,2025,August,Tuesday,9,ragi pani puri has entered the chat same chatpata flavour with a guiltfree glow up binge unlimited regret nothing only at barbeque nation barbeque nation bbqn ragi pani puri unlimited,30,183,23.0,0.0028832894571894194
1215610000000000.0,BarbequeNation,"Wishing you a day filled with love, laughter, and flavours as sweet as Krishna’s charm. Happy Janmashtami.

[ Barbeque Nation, BBQN, Janmashtami]",2025-08-16 05:01:48+00:00,19,0.0,1,0.0,0.0,https://www.facebook.com/BarbequeNation/posts/pfbid023vXnXUkzhuHmyhHj9NgdYLUF8F3FZAGyk6omj1nCEA9yEsTRdMatkyPy7w2M6WGXl,No Link,2025,August,Saturday,5,wishing you a day filled with love laughter and flavours as sweet as krishnas charm happy janmashtami barbeque nation bbqn janmashtami,21,134,20.0,0.0
1214960000000000.0,BarbequeNation,"When everyone’s at the table, there’s only one language — the language of food. This Independence Day, let’s celebrate the flavours that unite us and the freedom to feast together.

[buffet dining, live grill, unlimited food, family dining, group celebrations, authentic Indian flavours, BBQ experience, foodie moments, flavourful dishes, dining together]",2025-08-15 10:41:33+00:00,40,0.0,2,9752.0,2890.0,https://www.facebook.com/reel/1308681304109051/,No Link,2025,August,Friday,10,when everyones at the table theres only one language the language of food this independence day lets celebrate the flavours that unite us and the freedom to feast together buffet dining live grill unlimited food family dining group celebrations authentic indian flavours bbq experience foodie moments flavourful dishes dining together,50,334,42.0,0.004306808859721083
1214180000000000.0,BarbequeNation,"Freedom brought us together, but it’s the flavours from every corner of India that keep us one. They may change every few miles, yet the warmth and joy of sharing a meal never fade.

This Independence Day, we celebrate not just our unity, but these flavours that keep us united. 

Happy Independence Day.",2025-08-14 14:00:37+00:00,114,12.0,30,15509.0,4216.0,https://www.facebook.com/reel/1593941758676889/,No Link,2025,August,Thursday,14,freedom brought us together but its the flavours from every corner of india that keep us one they may change every few miles yet the warmth and joy of sharing a meal never fade this independence day we celebrate not just our unity but these flavours that keep us united happy independence day,53,292,156.0,0.010058675607711651
1212400000000000.0,BarbequeNation,"Pani Puri got a glow-up.

Say hello to Ragi Pani Puri at Barbeque Nation. Your favourite chaat with a healthy crunch. 
And yes, it’s unlimited. 😋

[ Barbeque Nation, BBQN, Ragi pani puri, unlimited ]",2025-08-12 12:46:01+00:00,26,7.0,1,0.0,0.0,https://www.facebook.com/BarbequeNation/posts/pfbid0zC5QNZEaqXqkfx3cTtY4K2y9C1E84nz4oHyZwotPu4PHkHhUkdrdX9AV29DG8WNel,No Link,2025,August,Tuesday,12,pani puri got a glowup say hello to ragi pani puri at barbeque nation your favourite chaat with a healthy crunch and yes its unlimited barbeque nation bbqn ragi pani puri unlimited,32,180,34.0,0.0
1209420000000000.0,BarbequeNation,"This Rakshabandhan, keep the roasting to the grill. Come over with your siblings and enjoy unlimited, at Barbeque Nation.

[ Barbeque Nation, BBQN, Raksha bandhan, Siblings, Unlimited ]",2025-08-09 02:58:27+00:00,30,12.0,1,0.0,0.0,https://www.facebook.com/BarbequeNation/posts/pfbid02jyea7Pqm9FBMCUE96xJb9wf8octr7A34RL6gaLFZhrf9oUyj3xGYEBU8KfwPioTJl,No Link,2025,August,Saturday,2,this rakshabandhan keep the roasting to the grill come over with your siblings and enjoy unlimited at barbeque nation barbeque nation bbqn raksha bandhan siblings unlimited,26,172,43.0,0.0
1206890000000000.0,BarbequeNation,"This Rakshabandhan, call a truce. 

No nok-jhok, no fights over the remote, or what to order. Just come over,  enjoy your favourite tikkas and celebrate your bond. 

[ Barbeque Nation, BBQN, Rakshabandhan, Togetherness ]",2025-08-06 10:19:43+00:00,25,6.0,0,0.0,0.0,https://www.facebook.com/BarbequeNation/posts/pfbid09oNpHzYfjoeQTzsKtV5Agt8uBDP1ZksKsVdQs2oJU5SxnTcFNhuED9thwB3dSB5pl,No Link,2025,August,Wednesday,10,this rakshabandhan call a truce no nokjhok no fights over the remote or what to order just come over enjoy your favourite tikkas and celebrate your bond barbeque nation bbqn rakshabandhan togetherness,32,200,31.0,0.0
1206100000000000.0,BarbequeNation,"Tag that friend who says they’ll just “taste a little” and ends up enjoying everything. Bring them along for your next visit to Barbeque Nation. We’ll ensure that the food’s unlimited. 

[Barbeque Nation, BBQN, Unlimited]",2025-08-05 11:32:43+00:00,49,3.0,1,14025.0,6278.0,https://www.facebook.com/reel/2167225470413347/,No Link,2025,August,Tuesday,11,tag that friend who says theyll just taste a little and ends up enjoying everything bring them along for your next visit to barbeque nation well ensure that the foods unlimited barbeque nation bbqn unlimited,35,207,53.0,0.0037789661319073083
1204200000000000.0,BarbequeNation,"From the fiery drama queen to the reliable wingman, every squad is full of flavours. This Friendship Day, gather everyone on one table and enjoy unlimited drama, laughter, and food.

Btw… who’s who in your gang? Tag them all in the comments.

[Barbeque Nation, BBQN, Friendshipday]",2025-08-03 08:14:48+00:00,25,6.0,0,9037.0,1980.0,https://www.facebook.com/reel/1417954782754042/,No Link,2025,August,Sunday,8,from the fiery drama queen to the reliable wingman every squad is full of flavours this friendship day gather everyone on one table and enjoy unlimited drama laughter and food btw whos who in your gang tag them all in the comments barbeque nation bbqn friendshipday,46,265,31.0,0.003430341927630851
1202750000000000.0,BarbequeNation,"Can’t agree on one place that satisfies everyone’s cravings? Plan your catch-up at Barbeque Nation.Tag your gang, unlimited grills and unlimited fun await!",2025-08-01 13:33:57+00:00,27,6.0,1,9166.0,1488.0,https://www.facebook.com/reel/1520826109295019/,No Link,2025,August,Friday,13,cant agree on one place that satisfies everyones cravings plan your catchup at barbeque nationtag your gang unlimited grills and unlimited fun await,23,148,34.0,0.0037093606807767836
1201540000000000.0,BarbequeNation,"From smoky grills to flavour-packed bites, this trio sets the tone for a feast to remember.
Ready for your feast? Book your table right away at ️Barbeque Nation.

[ Barbeque Nation, BBQN, Grills, Feast]",2025-07-31 06:07:04+00:00,36,2.0,2,0.0,0.0,https://www.facebook.com/BarbequeNation/posts/pfbid0BcyzuD1qK46QHwKf5y9MEJLBH7i893hX4f1pVAuCGUFKoxJzQCCExoz9VVXCNQoel,No Link,2025,July,Thursday,6,from smoky grills to flavourpacked bites this trio sets the tone for a feast to remember ready for your feast book your table right away at barbeque nation barbeque nation bbqn grills feast,33,189,40.0,0.0
1200020000000000.0,BarbequeNation,"Extra juicy, extra fiery and extra hard to resist. Our Chicken Tangdi doesn’t just show up, it steals the spotlight. Go on, book your table and enjoy it unlimited.",2025-07-29 10:07:02+00:00,34,11.0,2,0.0,0.0,https://www.facebook.com/BarbequeNation/posts/pfbid0oXWbbt4CPhr413FzWjx2SoAyR3vpQPNLGYD3oJSvaKdXdC76fsBWc1wDUnkUU6pdl,No Link,2025,July,Tuesday,10,extra juicy extra fiery and extra hard to resist our chicken tangdi doesnt just show up it steals the spotlight go on book your table and enjoy it unlimited,29,156,47.0,0.0
1199140000000000.0,BarbequeNation,Grateful for all the love that's been coming our way! Your reviews keep us going strong. What’s do you love the most about Barbeque Nation? Let us know in the comments.,2025-07-28 09:06:18+00:00,19,6.0,0,0.0,0.0,https://www.facebook.com/BarbequeNation/posts/pfbid02GjpETbr1MEPJvybWqQEQjxNfYfKLcqH3zgAcqcLRXPn51SjBqZE1WbgcE6rH7hTRl,No Link,2025,July,Monday,9,grateful for all the love thats been coming our way your reviews keep us going strong whats do you love the most about barbeque nation let us know in the comments,31,162,25.0,0.0
1196890000000000.0,BarbequeNation,"They've spent their lives pampering you
with unlimited love and everything you've
wished for. This Parents' Day, treat them
to unlimited grills and a free cake on the
house.

Because nothing says love like great food
and thoughtful moments.

[Barbeque Nation, BBQN,Unlimited fest, Parents day ]",2025-07-25 13:10:37+00:00,31,2.0,0,0.0,0.0,https://www.facebook.com/BarbequeNation/posts/pfbid02YtWYmtCyyV5GZojbaZqhcMCfbyZxjkPVZxBMUhXkTv3baYdBLk7qfqPqQoHu3kn2l,No Link,2025,July,Friday,13,theyve spent their lives pampering you with unlimited love and everything youve wished for this parents day treat them to unlimited grills and a free cake on the house because nothing says love like great food and thoughtful moments barbeque nation bbqnunlimited fest parents day,45,279,33.0,0.0
1194290000000000.0,BarbequeNation,"From grills to gravies, our coolers are here to keep the balance just right. Don’t forget to get these cool sips as you enjoy your next meal at Barbeque Nation

[Barbeque Nation, BBQN, Coolers]",2025-07-22 10:48:54+00:00,33,2.0,2,10377.0,1664.0,https://www.facebook.com/reel/1021577546853838/,No Link,2025,July,Tuesday,10,from grills to gravies our coolers are here to keep the balance just right dont forget to get these cool sips as you enjoy your next meal at barbeque nation barbeque nation bbqn coolers,34,185,37.0,0.0035655777199575986
1193360000000000.0,BarbequeNation,"@_mp_10127
The party ended but the energy’s still high!
Your work-gang didn’t just show up, they turned our Paras One33 Mall outlet in Noida into a mini-concert. Glad we could be your hangout spot and a part of the memories. Waiting to host you again soon.",2025-07-21 07:29:15+00:00,46,0.0,2,12577.0,4239.0,https://www.facebook.com/reel/719018001023597/,No Link,2025,July,Monday,7,the party ended but the energys still high your workgang didnt just show up they turned our paras one mall outlet in noida into a miniconcert glad we could be your hangout spot and a part of the memories waiting to host you again soon,45,234,48.0,0.003816490419018844
1191270000000000.0,BarbequeNation,"@remysinns__ @heyitsbrizzy @kevin.clemenceau just.curtis__ @kelvin_sinje your crew brought the moves, the laughs, the love and made the night super memorable at our Greater Noida Beta 2 location! Thanks for celebrating your college graduation with us. Here’s to more fun and celebrations to come!",2025-07-18 13:58:35+00:00,31,1.0,2,10692.0,2504.0,https://www.facebook.com/reel/1443357036890973/,No Link,2025,July,Friday,13,clemenceau justcurtis__ your crew brought the moves the laughs the love and made the night super memorable at our greater noida beta location thanks for celebrating your college graduation with us heres to more fun and celebrations to come,39,239,34.0,0.0031799476243920687
1190350000000000.0,BarbequeNation,"@smrsharma @pgk_preeti We absolutely loved hosting your crew at our Vasant Kunj, Delhi restaurant. We hope every bit of your get-together was as special as you imagined. Here's to more epic moments, unfiltered fun and celebrations!",2025-07-17 10:08:44+00:00,44,2.0,3,13673.0,5703.0,https://www.facebook.com/reel/1381406226276602/,No Link,2025,July,Thursday,10,we absolutely loved hosting your crew at our vasant kunj delhi restaurant we hope every bit of your gettogether was as special as you imagined heres to more epic moments unfiltered fun and celebrations,34,201,49.0,0.003583705112265048
1187600000000000.0,BarbequeNation,"Rains, grills, and good company, that's monsoon done right. Go on, book your table and make some unforgettable memories this season. 

[Barbeque Nation, BBQN, Monsoon,Grills]",2025-07-14 04:06:18+00:00,27,2.0,1,0.0,0.0,https://www.facebook.com/BarbequeNation/posts/pfbid02gKLuwQdtPiE5fU7NC6Vgm3oku17iQHka95Vp8LaC98GNef4BPd5vAtMZvjWQUuxal,No Link,2025,July,Monday,4,rains grills and good company thats monsoon done right go on book your table and make some unforgettable memories this season barbeque nation bbqn monsoongrills,25,160,30.0,0.0
1186000000000000.0,BarbequeNation,"Turn rainy days into sizzling memories ☔🔥 Ditch the usual coffee dates and bond over smoky grills and laughter at Barbeque Nation.

Book your table now 

 [Barbeque Nation, BBQN, MonsoonMood GrillAndChill, CoupleGoals]",2025-07-12 03:26:42+00:00,28,5.0,3,0.0,0.0,https://www.facebook.com/BarbequeNation/posts/pfbid0YJz1itQLQ2wdpb1go9Byc6j8HKa9c61YdfvoPU7toBFZwewE1LjEE7SMU7L4Jc1al,No Link,2025,July,Saturday,3,turn rainy days into sizzling memories ditch the usual coffee dates and bond over smoky grills and laughter at barbeque nation book your table now barbeque nation bbqn monsoonmood grillandchill couplegoals,31,205,36.0,0.0
1184710000000000.0,BarbequeNation,"This party was unforgettable.

It was an absolute pleasure to host your gang at our Vasant Kunj, Delhi restaurant. We hope we were able to make your get together a bit extra special. Here's to many more!",2025-07-10 16:22:15+00:00,52,1.0,5,16429.0,7341.0,https://www.facebook.com/reel/1748617365739263/,No Link,2025,July,Thursday,16,this party was unforgettable it was an absolute pleasure to host your gang at our vasant kunj delhi restaurant we hope we were able to make your get together a bit extra special heres to many more,37,196,58.0,0.0035303426867125207
1183110000000000.0,BarbequeNation,"Last call, chicken lovers! The Kukkad Carnival ends in just 2 days.

Feast unlimited on 16+ mouthwatering chicken dishes before it's gone.

Book your table right away.

[Barbeque Nation, BBQN, Chicken, Unlimited, Kukkad Carnival ]",2025-07-08 14:46:44+00:00,60,26.0,2,0.0,0.0,https://www.facebook.com/BarbequeNation/posts/pfbid0NwE8B3DZtHpPUmDzyj4Zyh4KoeodmUaMFdNAHqTPcbA66rwt5Ja9xB3MtrxCxS2nl,No Link,2025,July,Tuesday,14,last call chicken lovers the kukkad carnival ends in just days feast unlimited on mouthwatering chicken dishes before its gone book your table right away barbeque nation bbqn chicken unlimited kukkad carnival,32,208,88.0,0.0
1182270000000000.0,BarbequeNation,"Fresh off the stove and onto your plate, 16+ chicken dishes, with unlimited servings. Don't miss the feast!

Serving till 10 July at the Kukkad Carnival at your nearest Barbeque Nation.

Available at most outlets with some exceptions

[Barbeque Nation, BBQN, Kukkad Carnival,
Chicken, Unlimited]",2025-07-07 12:48:10+00:00,31,0.0,1,9848.0,3418.0,https://www.facebook.com/reel/1247715133066985/,No Link,2025,July,Monday,12,fresh off the stove and onto your plate chicken dishes with unlimited servings dont miss the feast serving till july at the kukkad carnival at your nearest barbeque nation available at most outlets with some exceptions barbeque nation bbqn kukkad carnival chicken unlimited,43,273,32.0,0.003249390739236393
1181410000000000.0,BarbequeNation,"Some dishes don’t need an introduction—just instincts. Think you know this one?
Drop your guess in the comments and tag your foodie squad.

[Barbeque Nation, BBQN,  guess the dish, Food lovers ]",2025-07-06 12:52:52+00:00,19,14.0,1,0.0,0.0,https://www.facebook.com/BarbequeNation/posts/pfbid0jZ5TtFZjXiZYxREqubJyuRuFCQQLfFAzLgi24piTcVttv25YYBAEUxPG87C1gkYnl,No Link,2025,July,Sunday,12,some dishes dont need an introductionjust instincts think you know this one drop your guess in the comments and tag your foodie squad barbeque nation bbqn guess the dish food lovers,31,181,34.0,0.0
1180710000000000.0,BarbequeNation,"Cancerians, we’re all set to make your birthday unforgettable! 

With unlimited food, fun, and celebrations, Barbeque Nation is here to turn your big day into a flavour-packed memory.

Book your table and celebrate your birthday the Barbeque Nation way.

[Barbeque Nation, BBQN, Birthday celebration, Unlimited food ]",2025-07-05 15:03:02+00:00,152,14.0,4,24790.0,11188.0,https://www.facebook.com/reel/1013082540904867/,No Link,2025,July,Saturday,15,cancerians were all set to make your birthday unforgettable with unlimited food fun and celebrations barbeque nation is here to turn your big day into a flavourpacked memory book your table and celebrate your birthday the barbeque nation way barbeque nation bbqn birthday celebration unlimited food,46,298,170.0,0.006857603872529245
1179720000000000.0,BarbequeNation,"Fresh off the stove and onto your plate, 16+ chicken dishes, with unlimited servings. Don’t miss the feast! 

Serving till 10 July at the Kukkad Carnival at your nearest Barbeque Nation.

[Barbeque Nation, BBQN, Kukkad Carnival, Chicken, Unlimited]",2025-07-04 11:54:48+00:00,34,7.0,2,12441.0,2869.0,https://www.facebook.com/reel/1037783321866387/,No Link,2025,July,Friday,11,fresh off the stove and onto your plate chicken dishes with unlimited servings dont miss the feast serving till july at the kukkad carnival at your nearest barbeque nation barbeque nation bbqn kukkad carnival chicken unlimited,36,226,43.0,0.0034563138011413875
1178960000000000.0,BarbequeNation,"Calling all queens! It’s time to laugh louder, eat better, and host a kitty party like never before. Only at Barbeque Nation! 

Available in select few outlets

[Barbeque Nation, BBQN, Kitty party, Celebrate]",2025-07-03 13:40:18+00:00,14,1.0,1,0.0,0.0,https://www.facebook.com/BarbequeNation/posts/pfbid0yVZSnbsJFY8bpppjT3F4jCWQzbmF11D5Q8Ap8ATJTMNsV3KmNostpgMCAfr2N4eql,No Link,2025,July,Thursday,13,calling all queens its time to laugh louder eat better and host a kitty party like never before only at barbeque nation available in select few outlets barbeque nation bbqn kitty party celebrate,33,194,16.0,0.0
1178160000000000.0,BarbequeNation,"Chicken lovers, don't miss out on this festival. Dive into your favourite chicken dishes at Kukkad Carnival at Barbeque Nation.

Book your table before 10 July and enjoy 16+ chicken dishes, all unlimited

Available at most outlets with some exceptions

[ Barbeque Nation, BBQN, Kukkad Carnival, Chicken, Unlimited]",2025-07-02 15:47:29+00:00,114,19.0,1,0.0,0.0,https://www.facebook.com/BarbequeNation/posts/pfbid029oGRSZtjNxFZLwiborM8srTpKss8ZrmN8U3fqwD6LwRyzKXwcNrJr3wUgs8ayttgl,No Link,2025,July,Wednesday,15,chicken lovers dont miss out on this festival dive into your favourite chicken dishes at kukkad carnival at barbeque nation book your table before july and enjoy chicken dishes all unlimited available at most outlets with some exceptions barbeque nation bbqn kukkad carnival chicken unlimited,45,292,134.0,0.0
1177190000000000.0,BarbequeNation,"Craving chicken? Dive into endless
seryings of your favorite, chicken dishes
and more af the Big Buffet at Barbeque
Nation.

Available at most outlets with some exceptions

[Barbeque Nation, BBQN, Chicken,Big Buffet, Unlimited]",2025-07-01 12:39:00+00:00,28,2.0,1,0.0,0.0,https://www.facebook.com/BarbequeNation/posts/pfbid07uHxRhmqwkCTANfMxLd4p49Zofj3WwdBXQ3ZPzWK5mmdS7YGfo63THUfSiRySUZml,https://www.barbequenation.com/promotions,2025,July,Tuesday,12,craving chicken dive into endless seryings of your favorite chicken dishes and more af the big buffet at barbeque nation available at most outlets with some exceptions barbeque nation bbqn chickenbig buffet unlimited,33,216,31.0,0.0
1176160000000000.0,BarbequeNation,"Time's running out, chicken lovers!⏰️
Kukkad Carnival at Barbeque Nation will end on 10 July, 2025. Don't miss out on this chance to feast on the juiciest,crispiest, most finger-licking chicken dishes
Book your table now to enjoy this special menu before it's gone!

Available at most outlets with some exceptions.

[Barbeque Nation, BBQN,  Chicken Celebration, Kukkad Carnival, Unlimited ]",2025-06-30 08:46:06+00:00,35,9.0,2,0.0,0.0,https://www.facebook.com/BarbequeNation/posts/pfbid0bHyPX9YSmstA4khYzA997xqzUTtDkytRZE96zDbQPdi21Rxz622S2RpCQXakBgkcl,No Link,2025,June,Monday,8,times running out chicken lovers kukkad carnival at barbeque nation will end on july dont miss out on this chance to feast on the juiciestcrispiest most fingerlicking chicken dishes book your table now to enjoy this special menu before its gone available at most outlets with some exceptions barbeque nation bbqn chicken celebration kukkad carnival unlimited,56,358,46.0,0.0
1174500000000000.0,BarbequeNation,"How many starters are too many starters?
At Kukkad Carnival, the answer's always: not enough.

Dig into 10+ chicken starters at the unlimited chicken celebration. Go on, book your table before 10 July, 2025 to enjoy.

Available at most outlets with some exceptions.

[Barbeque Nation, BBQN, Unlimited, Kukkad Carnival ]",2025-06-28 06:30:27+00:00,60,8.0,3,0.0,0.0,https://www.facebook.com/BarbequeNation/posts/pfbid02zSGp6v6Dw41rBWUWaXpT1AK95em5MoZfm8EBpX9tPxoNYR1YFeTFqTWRk4vKtJVAl,No Link,2025,June,Saturday,6,how many starters are too many starters at kukkad carnival the answers always not enough dig into chicken starters at the unlimited chicken celebration go on book your table before july to enjoy available at most outlets with some exceptions barbeque nation bbqn unlimited kukkad carnival,46,288,71.0,0.0
1173850000000000.0,BarbequeNation,"This is your sign to book your seats to Kukkad Carnival. Where an Unlimited chicken buffet with 16 sizzling dishes
including wings, biryani, tangdis & more
await.

Go on, enjoy before 10 July.

[Barbeque Nation, BBQN, Kukkad Carnival,  Chicken Celebration, Unlimited]",2025-06-27 11:12:12+00:00,30,0.0,2,0.0,0.0,https://www.facebook.com/BarbequeNation/posts/pfbid0XMPusjF3rizjoo8iSyviZtiywsX6qaJEMpWyCNdNzduYGiUfDdaW1a88xceEHTssl,No Link,2025,June,Friday,11,this is your sign to book your seats to kukkad carnival where an unlimited chicken buffet with sizzling dishes including wings biryani tangdis more await go on enjoy before july barbeque nation bbqn kukkad carnival chicken celebration unlimited,38,244,32.0,0.0
1172020000000000.0,BarbequeNation,"Weekday meals just got legendary with bold, unlimited prices and buffet prices so low, everyone will be racing to grab the bill. 
Book your table now at Barbeque Nation!

[Barbeque Nation, BBQN, Weekday meal, Unlimited, Buffet]",2025-06-25 09:36:31+00:00,36,5.0,0,12153.0,3057.0,https://www.facebook.com/reel/671143582622640/,No Link,2025,June,Wednesday,9,weekday meals just got legendary with bold unlimited prices and buffet prices so low everyone will be racing to grab the bill book your table now at barbeque nation barbeque nation bbqn weekday meal unlimited buffet,36,215,41.0,0.003373652596066815
1170350000000000.0,BarbequeNation,"Tag a Chicken paglu and remind
them that to not miss out on
the unlimited chicken celebration - Kukkad
Carnival!

Feast on 16 mouthwatering chicken
dishes--unlimited,
unbeatable, and unapologetically delicious.

Book before 10 July!

Available at most outlets with some exceptions.

[Barbeque Nation, BBQN, Chickenpaglu, unlimited,
Kukkad Carnival]",2025-06-23 11:53:32+00:00,33,5.0,0,12088.0,3492.0,https://www.facebook.com/reel/730566449331202/,No Link,2025,June,Monday,11,tag a chicken paglu and remind them that to not miss out on the unlimited chicken celebration kukkad carnival feast on mouthwatering chicken dishesunlimited unbeatable and unapologetically delicious book before july available at most outlets with some exceptions barbeque nation bbqn chickenpaglu unlimited kukkad carnival,45,322,38.0,0.00314361350099272
1167670000000000.0,BarbequeNation,"Chicken lovers, how many of these fiery, flavour-packed drumsticks can you eat in one go?  

Go on, take the challenge at the nearest store before 10 July, 2025  and drop your answers in the comments below!

[ Barbeque Nation, BBQN, Challenge , Chicken lovers ]",2025-06-20 07:39:15+00:00,15,1.0,0,0.0,0.0,https://www.facebook.com/BarbequeNation/posts/pfbid02LAU9DVM9tfbWLE2cAU3n6aCMxf5wPU5NL17nKsQp51EXmE1iE348SVCZLY3qR4Xwl,No Link,2025,June,Friday,7,chicken lovers how many of these fiery flavourpacked drumsticks can you eat in one go go on take the challenge at the nearest store before july and drop your answers in the comments below barbeque nation bbqn challenge chicken lovers,40,233,16.0,0.0
1166840000000000.0,BarbequeNation,Send this to a friend whose birthday is in June and let them know that you’re waiting for legendary celebration at Barbeque Nation.,2025-06-19 08:14:15+00:00,32,3.0,0,12757.0,3989.0,https://www.facebook.com/reel/723749520520064/,No Link,2025,June,Thursday,8,send this to a friend whose birthday is in june and let them know that youre waiting for legendary celebration at barbeque nation,23,129,35.0,0.002743591753547072
1161310000000000.0,BarbequeNation,"From crispy Chicken Strips to smoky Tandoori Tangdi, Malai Skewers, and more — we have everything to manage your chicken cravings. 

At the Kukkad Carnival at Barbeque Nation, serving from June 10 to July 10, 2025. 

Book your table now to enjoy!

Available at most outlets with some exceptions.",2025-06-12 13:27:45+00:00,29,5.0,1,18071.0,3799.0,https://www.facebook.com/reel/1004362221510164/,No Link,2025,June,Thursday,13,from crispy chicken strips to smoky tandoori tangdi malai skewers and more we have everything to manage your chicken cravings at the kukkad carnival at barbeque nation serving from june to july book your table now to enjoy available at most outlets with some exceptions,45,269,35.0,0.0019368048254108793
1160300000000000.0,BarbequeNation,"The grills are hot, the vibe’s fun, and the chicken? UNLIMITED! 

The Kukkad Carnival is officially LIVE — from June 10 to July 10, 2025 at your nearest Barbeque Nation. Get ready for juicy bites, grilled delights, and full-on chicken madness.

Book your table now to enjoy! 

Available at most outlets with some exceptions.",2025-06-11 10:54:17+00:00,82,8.0,7,27857.0,8428.0,https://www.facebook.com/reel/657520913957063/,No Link,2025,June,Wednesday,10,the grills are hot the vibes fun and the chicken unlimited the kukkad carnival is officially live from june to july at your nearest barbeque nation get ready for juicy bites grilled delights and fullon chicken madness book your table now to enjoy available at most outlets with some exceptions,50,293,97.0,0.0034820691388160966
1159240000000000.0,BarbequeNation,"Chicken lovers , get ready for the Unlimited Chicken Celebration! 

Introducing Kukkad Carnival at Barbeque Nation. Indulge in unlimited crispy wings, grilled delights, tangdis, tikkas, biryani, and 16 other mouth-watering chicken dishes. 

Book your table now to enjoy! 

Available at most outlets with some exceptions.",2025-06-10 07:42:55+00:00,104,15.0,16,0.0,0.0,https://www.facebook.com/BarbequeNation/posts/pfbid0xr6o3rMVyxGXshEoNe6fAh6AXKZzcjFePArYGU3eYsceRG8UV7Bs8F5yb7iM2esDl,No Link,2025,June,Tuesday,7,chicken lovers get ready for the unlimited chicken celebration introducing kukkad carnival at barbeque nation indulge in unlimited crispy wings grilled delights tangdis tikkas biryani and other mouthwatering chicken dishes book your table now to enjoy available at most outlets with some exceptions,43,298,135.0,0.0
1158690000000000.0,BarbequeNation,"No spoilers, but let’s just say your taste buds are in for a party. It’s going to be chicken like you’ve never seen. And surprises that'll have you saying ""Waaah!""
Stay tuned. The Carnival gates open soon.",2025-06-09 14:33:25+00:00,21,4.0,1,11055.0,1714.0,https://www.facebook.com/reel/1421474222241592/,No Link,2025,June,Monday,14,no spoilers but lets just say your taste buds are in for a party its going to be chicken like youve never seen and surprises thatll have you saying waaah stay tuned the carnival gates open soon,37,193,26.0,0.0023518769787426504
1158520000000000.0,BarbequeNation,"Your favourite Celebration Destination just earned another title!  

We’re thrilled to be crowned Best BBQ Restaurant in West India at the 8th Food Connoisseurs India Awards. 
Here’s to adding more flavours and fun to your celebrations.",2025-06-09 10:47:49+00:00,43,8.0,4,0.0,0.0,https://www.facebook.com/BarbequeNation/posts/pfbid02s8yWMNjmaFTvkkjyyUXg71hyvTm7Ybh1qgAB3fQAFz2rYqBnpr9APTy563QdJG9zl,No Link,2025,June,Monday,10,your favourite celebration destination just earned another title were thrilled to be crowned best bbq restaurant in west india at the th food connoisseurs india awards heres to adding more flavours and fun to your celebrations,36,226,55.0,0.0
1156640000000000.0,BarbequeNation,"The grills are hot, the flavours are bold, and your seat’s waiting. This Bakri Eid, continue the celebrations with a feast and the ones who matter the most.

Book your table now!",2025-06-07 03:58:29+00:00,27,3.0,0,0.0,0.0,https://www.facebook.com/BarbequeNation/posts/pfbid0NUuZUxgnJkVvwAmoAeT2asmzYmqSXjZPVvrTcfPmEpJZNmZuF64mP1aRWq25DqDal,No Link,2025,June,Saturday,3,the grills are hot the flavours are bold and your seats waiting this bakri eid continue the celebrations with a feast and the ones who matter the most book your table now,32,170,30.0,0.0
1155410000000000.0,BarbequeNation,"Calling all the grill lovers in Hyderabad! 

Barbeque Nation is now open at Aparna Neo Mall, 3rd Floor, and the feast is waiting!

Get ready to dive into sizzling starters, smoky grills, and an all-you-can-eat spread that never ends!",2025-06-05 13:58:35+00:00,39,4.0,5,13633.0,4864.0,https://www.facebook.com/reel/664295206666801/,No Link,2025,June,Thursday,13,calling all the grill lovers in hyderabad barbeque nation is now open at aparna neo mall rd floor and the feast is waiting get ready to dive into sizzling starters smoky grills and an allyoucaneat spread that never ends,39,219,48.0,0.0035208684808919533
1155200000000000.0,BarbequeNation,"It’s the last day to savour our special mango menu!

Don’t miss out on your favourites. Reserve your table now for the ultimate feast.",2025-06-05 08:47:13+00:00,17,0.0,0,0.0,0.0,https://www.facebook.com/BarbequeNation/posts/pfbid0MqLdEUhQnc59LQdx7Q63VYSvkYg6KpnNU4Ft7mo85d5bymGLpRJy21HJkhjjppHkl,No Link,2025,June,Thursday,8,its the last day to savour our special mango menu dont miss out on your favourites reserve your table now for the ultimate feast,24,128,17.0,0.0
1154710000000000.0,BarbequeNation,"Bengaluru, we're turning up the heat! 

Barbeque Nation has arrived at the 4th Floor, Garuda Mall, Magrath Road, serving a sizzling, unlimited experience like never before. Gather your squad and dive into a feast that promises flavourful memories at the unlimited celebration destination!",2025-06-04 16:01:20+00:00,33,1.0,0,11146.0,4203.0,https://www.facebook.com/reel/998171942120688/,No Link,2025,June,Wednesday,16,bengaluru were turning up the heat barbeque nation has arrived at the th floor garuda mall magrath road serving a sizzling unlimited experience like never before gather your squad and dive into a feast that promises flavourful memories at the unlimited celebration destination,43,276,34.0,0.003050421675937556
1154700000000000.0,BarbequeNation,"Bengaluru, we're turning up the heat! 

Barbeque Nation has arrived at the 4th Floor, Garuda Mall, Magrath Road, serving a sizzling, unlimited experience like never before. Gather your squad and dive into a feast that promises flavourful memories at the Ultimate Celebration Destination!",2025-06-04 15:58:58+00:00,21,0.0,4,6655.0,1285.0,https://www.facebook.com/reel/723213790161660/,No Link,2025,June,Wednesday,15,bengaluru were turning up the heat barbeque nation has arrived at the th floor garuda mall magrath road serving a sizzling unlimited experience like never before gather your squad and dive into a feast that promises flavourful memories at the ultimate celebration destination,43,275,25.0,0.003756574004507889
1153070000000000.0,BarbequeNation,"Bangalore, the grill just got hotter! Barbeque Nation is now open at Garuda Mall, bringing you unlimited flavours, fiery grills, and the ultimate dining experience. Gather your friends, family and come indulge in a celebration of taste like never before. 

Your new favourite food spot is ready to serve, see you there! ✨",2025-06-02 15:16:05+00:00,32,1.0,0,10016.0,2193.0,https://www.facebook.com/reel/727407043141866/,No Link,2025,June,Monday,15,bangalore the grill just got hotter barbeque nation is now open at garuda mall bringing you unlimited flavours fiery grills and the ultimate dining experience gather your friends family and come indulge in a celebration of taste like never before your new favourite food spot is ready to serve see you there,52,307,33.0,0.003294728434504792
1147390000000000.0,BarbequeNation,"Looking to get some extra discounts on your next meal at Barbeque Nation? Just pay for your dine in or delivery order through our app/website and earn 5% back as Smiles Coins—each worth ₹1.

It’s that easy!",2025-05-26 14:14:11+00:00,23,1.0,0,17200.0,2201.0,https://www.facebook.com/reel/685476834085648/,No Link,2025,May,Monday,14,looking to get some extra discounts on your next meal at barbeque nation just pay for your dine in or delivery order through our appwebsite and earn back as smiles coinseach worth its that easy,35,193,24.0,0.0013953488372093023
1145820000000000.0,BarbequeNation,"Phirni, chutneys, dips, and more—mango madness has officially taken over Barbeque Nation! 

Savour it all before it disappears.

*Available at select restaurants till 5th June 2025*",2025-05-24 13:37:14+00:00,23,0.0,0,18860.0,2211.0,https://www.facebook.com/reel/569339569157774/,No Link,2025,May,Saturday,13,phirni chutneys dips and moremango madness has officially taken over barbeque nation savour it all before it disappears available at select restaurants till th june,25,164,23.0,0.0012195121951219512
1142480000000000.0,BarbequeNation,"Mango lovers, assemble! Barbeque Nation’s menu is bursting with golden goodness. 
Head over for the ultimate indulgence of the season.",2025-05-20 12:14:57+00:00,38,0.0,0,27849.0,3435.0,https://www.facebook.com/reel/1029536788849243/,No Link,2025,May,Tuesday,12,mango lovers assemble barbeque nations menu is bursting with golden goodness head over for the ultimate indulgence of the season,20,128,38.0,0.0013645014183633164
1139320000000000.0,BarbequeNation,"It’s time to make summer vacations more fun. Let your kids discover the joy of grilling, indulge in endless treats, and create sizzling memories they’ll never forget at Barbeque Nation.",2025-05-16 12:20:48+00:00,32,0.0,1,21491.0,2741.0,https://www.facebook.com/reel/1219559452877027/,No Link,2025,May,Friday,12,its time to make summer vacations more fun let your kids discover the joy of grilling indulge in endless treats and create sizzling memories theyll never forget at barbeque nation,30,179,33.0,0.0015355264994648924
1138190000000000.0,BarbequeNation,"This Family Day, bring the entire family on one table at Barbeque Nation. Celebrate with live grills and an unlimited feast.",2025-05-15 03:38:35+00:00,389,4.0,3,0.0,0.0,https://www.facebook.com/BarbequeNation/posts/pfbid02jkSAE7A8efe6hdFipfSz3ncAWxoxSVB58BRMRj35WH2oz4wKYu5CgnFqxBmJsyz2l,https://www.barbequenation.com/,2025,May,Thursday,3,this family day bring the entire family on one table at barbeque nation celebrate with live grills and an unlimited feast,21,121,396.0,0.0
1135520000000000.0,BarbequeNation,"Think you know your mom? Take this fun challenge and comment with your answers below.

#HappyMothersDay #KnowTheRealHer",2025-05-11 13:19:07+00:00,18,17.0,2,0.0,0.0,https://www.facebook.com/BarbequeNation/posts/pfbid02CNmvW28CKKDsGuL58kAuNGs96G8grzVDZb8XswBVts1Txs7824NhNV7HR7JdHoebl,No Link,2025,May,Sunday,13,think you know your mom take this fun challenge and comment with your answers below happymothersday knowtherealher,17,114,37.0,0.0
1133750000000000.0,BarbequeNation,"She knows every little detail about us - our favourite foods, our unspoken feelings, our quiet habits. But how much do we truly know about her? 
This #MothersDay, Barbeque Nation invites you to pause and look beyond the role of “Mom” to discover the woman she has always been. Let’s take a moment to explore her world, her dreams, her quirks, her stories, and the life she lived before we ever called her mother. 

Join us and get to #KnowTheRealHer",2025-05-09 03:23:21+00:00,3073,11.0,62,4292125.0,1563512.0,https://www.facebook.com/reel/1391140435538016/,https://www.facebook.com/reel/1391140435538016/,2025,May,Friday,3,she knows every little detail about us our favourite foods our unspoken feelings our quiet habits but how much do we truly know about her this mothersday barbeque nation invites you to pause and look beyond the role of mom to discover the woman she has always been lets take a moment to explore her world her dreams her quirks her stories and the life she lived before we ever called her mother join us and get to knowtherealher,79,428,3146.0,0.0007329702653114716
1129910000000000.0,BarbequeNation,"Send this to your office gang and let them know that it's time to put plans into action! 
Enough of cancelling - head over to enjoy unlimited starters, live grills, mains, and more!",2025-05-04 13:58:22+00:00,30,1.0,2,16959.0,3177.0,https://www.facebook.com/reel/1567468221307499/,No Link,2025,May,Sunday,13,send this to your office gang and let them know that its time to put plans into action enough of cancelling head over to enjoy unlimited starters live grills mains and more,32,172,33.0,0.0019458694498496374
1127070000000000.0,BarbequeNation,"It's time to enjoy the fruits of your labour. 
Dive into unlimited tikkas, tangdis, prawns and more of your favourites.",2025-05-01 04:44:19+00:00,26,6.0,0,0.0,0.0,https://www.facebook.com/BarbequeNation/posts/pfbid033FS61hfWvCrRRnJzk61VcH7pHGoGo67P4AwapAv6MfRMxvCm7g5JHmEgduqzxjswl,No Link,2025,May,Thursday,4,its time to enjoy the fruits of your labour dive into unlimited tikkas tangdis prawns and more of your favourites,20,113,32.0,0.0
1123420000000000.0,BarbequeNation,Find this fun template on our story and tick off everything that you’ve enjoyed as a kid. Don’t forget to reshare it on your profile and tag your friends and us!,2025-04-26 14:37:27+00:00,18,4.0,0,0.0,0.0,https://www.facebook.com/BarbequeNation/posts/pfbid0r2DNPBSUe6KebH9KGEQrfy5yqNojc2YZ2Gz3nuDyXe4ScuNzyAdM8dN13WxfvcB6l,No Link,2025,April,Saturday,14,find this fun template on our story and tick off everything that youve enjoyed as a kid dont forget to reshare it on your profile and tag your friends and us,31,157,22.0,0.0
1121820000000000.0,BarbequeNation,"Come enjoy the smoky flavours of our perfectly grilled prawns, each bite bursting with juiciness. Trust us, you'll come back craving more.",2025-04-24 15:04:16+00:00,38,1.0,1,18395.0,3845.0,https://www.facebook.com/reel/1051834253473189/,No Link,2025,April,Thursday,15,come enjoy the smoky flavours of our perfectly grilled prawns each bite bursting with juiciness trust us youll come back craving more,22,133,40.0,0.0021745039412883935
1120110000000000.0,BarbequeNation,"Dhanbad, Barbeque Nation is now in your town, serving up a sizzling, unlimited experience. Get ready to make some flavourful memories with your loved ones at the Unlimited Food Destination!",2025-04-22 14:39:40+00:00,72,6.0,10,26933.0,9106.0,https://www.facebook.com/reel/1191673752092602/,No Link,2025,April,Tuesday,14,dhanbad barbeque nation is now in your town serving up a sizzling unlimited experience get ready to make some flavourful memories with your loved ones at the unlimited food destination,30,184,88.0,0.003267367170385772
1118130000000000.0,BarbequeNation,"Gather with your loved ones and celebrate the joy of Easter over a delightful feast at Barbeque Nation. Good food, great company, and festive vibes, just the way Easter should be!",2025-04-20 03:01:02+00:00,34,4.0,0,0.0,0.0,https://www.facebook.com/BarbequeNation/posts/pfbid037MWb6HM6vVuQVWXrjJqQK4cchNecR4sXLcxy5QktBzw3C4RufFk3Wzwu1eQw4Yzkl,No Link,2025,April,Sunday,3,gather with your loved ones and celebrate the joy of easter over a delightful feast at barbeque nation good food great company and festive vibes just the way easter should be,31,174,38.0,0.0
1114380000000000.0,BarbequeNation,"From classic malai to paan and more, there’s a kulfi flavour for everyone at Barbeque Nation. Come over and enjoy.",2025-04-15 13:57:46+00:00,26,1.0,0,15806.0,2224.0,https://www.facebook.com/reel/9857091827679829/,No Link,2025,April,Tuesday,13,from classic malai to paan and more theres a kulfi flavour for everyone at barbeque nation come over and enjoy,20,110,27.0,0.0017082120713653043
1113990000000000.0,BarbequeNation,"Ring in the Bengali New Year with our festive special menu, crafted to bring you the authentic flavors of tradition. Make new beginnings delicious at Barbeque Nation!",2025-04-15 03:00:29+00:00,53,16.0,1,0.0,0.0,https://www.facebook.com/BarbequeNation/posts/pfbid0E1TirxNxeKdg3mVaRow3iQT7YifMd2XPzVFLK5Lt129g9yHmL8rxAjuB84uUPQX7l,No Link,2025,April,Tuesday,3,ring in the bengali new year with our festive special menu crafted to bring you the authentic flavors of tradition make new beginnings delicious at barbeque nation,27,163,70.0,0.0
1113100000000000.0,BarbequeNation,"This Bihu, let the celebrations begin with a feast as grand as the festival itself! Enjoy our festive special menu at Barbeque Nation.",2025-04-14 03:00:15+00:00,26,4.0,0,0.0,0.0,https://www.facebook.com/BarbequeNation/posts/pfbid0bwegb4vh4VDzy4z6wMc12afzLVe8s8A1TiDggefsQ5ZoAwHpme64N9ogWWyY8TwEl,No Link,2025,April,Monday,3,this bihu let the celebrations begin with a feast as grand as the festival itself enjoy our festive special menu at barbeque nation,23,131,30.0,0.0
1112470000000000.0,BarbequeNation,"This Baisakhi, savor the true flavors of Punjab with our festive special menu at Barbeque Nation. Come with your family, feast and celebrate.",2025-04-13 08:59:00+00:00,62,6.0,1,0.0,0.0,https://www.facebook.com/BarbequeNation/posts/pfbid02UxhSF7q7Q2nW8uo81tNHj53uyu48nZCq9hQcVqtZf8yQBnkSxCwW86pcwF4zX2gSl,No Link,2025,April,Sunday,8,this baisakhi savor the true flavors of punjab with our festive special menu at barbeque nation come with your family feast and celebrate,23,137,69.0,0.0
1112380000000000.0,BarbequeNation,"Find this fun template on our story and tick off everything that you’ve enjoyed as a kid. Don’t forget to reshare it 
on your profile and tag your friends and us!",2025-04-13 06:23:16+00:00,16,2.0,0,0.0,0.0,https://www.facebook.com/BarbequeNation/posts/pfbid02c8a3Q7VzU4dx1M7Z1sZp5rBhdGSwWDEv2cD76azTu1THsKPoT3icJHdTEmbcm9Xbl,No Link,2025,April,Sunday,6,find this fun template on our story and tick off everything that youve enjoyed as a kid dont forget to reshare it on your profile and tag your friends and us,31,157,18.0,0.0
1109200000000000.0,BarbequeNation,Relatable? Let us know your appraisal stories in the comments.,2025-04-09 13:18:44+00:00,85,0.0,4,29892.0,10556.0,https://www.facebook.com/reel/1044459494270980/,No Link,2025,April,Wednesday,13,relatable let us know your appraisal stories in the comments,10,60,89.0,0.002977385253579553
1107380000000000.0,BarbequeNation,"What are you waiting for? Go on, click on the share button now!",2025-04-07 15:13:28+00:00,22,2.0,0,0.0,0.0,https://www.facebook.com/BarbequeNation/posts/pfbid0hTdpmefFM2uSNgDrDdWe9B9mLhfsiQbGeLVFWK7a7iq2Bo7dVPaPoNTzB6rz9vtVl,No Link,2025,April,Monday,15,what are you waiting for go on click on the share button now,13,60,24.0,0.0
1105430000000000.0,BarbequeNation,It’s been too long since you enjoyed this experience. Come over. And don’t forget to tag that friend you’re bringing along.,2025-04-05 14:50:44+00:00,46,8.0,4,18324.0,3139.0,https://www.facebook.com/reel/675221511635239/,No Link,2025,April,Saturday,14,its been too long since you enjoyed this experience come over and dont forget to tag that friend youre bringing along,21,117,58.0,0.0031652477624972714
1100570000000000.0,BarbequeNation,"At Barbeque Nation, we don’t just serve unlimited celebrations—we create a workplace where people thrive!

Proud to be recognized as one of India’s Top 10 Best Workplaces in Retail 2025. Cheers to our incredible team who made this happen!",2025-03-31 18:48:22+00:00,25,2.0,0,0.0,0.0,https://www.facebook.com/BarbequeNation/posts/pfbid02auUTkwXcFtamjMBhRwosnnjnTrTx4enxydG3HcaXqWPfSNAtRQd7R7SLXw1topa3l,No Link,2025,March,Monday,18,at barbeque nation we dont just serve unlimited celebrationswe create a workplace where people thrive proud to be recognized as one of indias top best workplaces in retail cheers to our incredible team who made this happen,37,222,27.0,0.0
1099870000000000.0,BarbequeNation,"It’s the season to reunite with your loved ones, share the joy, and celebrate the blessings. Eid Mubarak!",2025-03-31 02:00:35+00:00,27,1.0,0,0.0,0.0,https://www.facebook.com/BarbequeNation/posts/pfbid035yTdVj8JRiB53Mb5TrTfEcui9NUTs1LVo155sC2ixzduUSP47kiahYkrqaDuMKBxl,No Link,2025,March,Monday,2,its the season to reunite with your loved ones share the joy and celebrate the blessings eid mubarak,18,100,28.0,0.0
1099520000000000.0,BarbequeNation,"It’s the last day to feast on legendary mutton dishes. Book your table now to enjoy Lazeez-e-Gosht at Barbeque Nation till 31st March.

*Available at most outlets with some exceptions*",2025-03-30 16:42:37+00:00,22,0.0,0,0.0,0.0,https://www.facebook.com/BarbequeNation/posts/pfbid08QzrYq4YTh61YRYWRnLG56xzKK73atExmYyiyxVNci6V8VXxiC9ubvUgT3pQrDiTl,No Link,2025,March,Sunday,16,its the last day to feast on legendary mutton dishes book your table now to enjoy lazeezegosht at barbeque nation till st march available at most outlets with some exceptions,30,174,22.0,0.0
1095630000000000.0,BarbequeNation,"The name speaks for itself. Indulge in the legendary flavours of Lazeez-e-Gosht and treat your taste buds.

Book your table before 31 March to enjoy.

*Available at most outlets with some exceptions.*",2025-03-26 14:49:39+00:00,25,0.0,1,0.0,0.0,https://www.facebook.com/BarbequeNation/posts/pfbid02ubvxSfgkonHNHKBYMuHS5PeUctQmYuhEKCt25hBG4HACZFcfZSMPw6nxTToS9tRPl,No Link,2025,March,Wednesday,14,the name speaks for itself indulge in the legendary flavours of lazeezegosht and treat your taste buds book your table before march to enjoy available at most outlets with some exceptions,31,187,26.0,0.0
1092890000000000.0,BarbequeNation,"The plates are loaded and the spread is set. Swipe to feast your eyes on what’s waiting for you at Lazeez-e-Gosht. 

Visit your nearest Barbeque Nation outlet till 31st March to indulge!

*Available at most outlets with some exceptions*",2025-03-23 14:12:51+00:00,37,7.0,2,0.0,0.0,https://www.facebook.com/BarbequeNation/posts/pfbid02EmULfQdyM9bsLF7aFk1sM3aGyXReoa2VpWS4vpvSg6t5MJAfH4y6tAdV3jPHkjpNl,No Link,2025,March,Sunday,14,the plates are loaded and the spread is set swipe to feast your eyes on whats waiting for you at lazeezegosht visit your nearest barbeque nation outlet till st march to indulge available at most outlets with some exceptions,39,223,46.0,0.0
1091140000000000.0,BarbequeNation,"Marinated and grilled to perfection—Mutton Shekhawati Seekh Kebab is a timeless delicacy brought to life on your plate.

Relish unlimited servings of these legendary kebabs at Lazeez-e-Gosht, till 31 March.

*Available at most outlets with some exceptions*",2025-03-21 15:40:57+00:00,63,5.0,4,29437.0,15846.0,https://www.facebook.com/BarbequeNation/videos/1298104681278891/,No Link,2025,March,Friday,15,marinated and grilled to perfectionmutton shekhawati seekh kebab is a timeless delicacy brought to life on your plate relish unlimited servings of these legendary kebabs at lazeezegosht till march available at most outlets with some exceptions,36,243,72.0,0.0024459014165845706
1087550000000000.0,BarbequeNation,"Give this dish a name & describe it in the quirkiest way possible! The most creative answer wins a special prize. Drop your replies in the comments below!

Lazeez-E-Ghost festival available at your nearest Barbeque Nation outlet. Try today!

*Available at most outlets with some exceptions*",2025-03-17 14:43:46+00:00,62,50.0,7,0.0,0.0,https://www.facebook.com/BarbequeNation/posts/pfbid02n6qXv1BYLt4o7rSoMcejedA56RyfVzFRs2J9rXyXDTS6kcaVvzwRgQ2zhCPc851Yl,No Link,2025,March,Monday,14,give this dish a name describe it in the quirkiest way possible the most creative answer wins a special prize drop your replies in the comments below lazeezeghost festival available at your nearest barbeque nation outlet try today available at most outlets with some exceptions,45,277,119.0,0.0
1085910000000000.0,BarbequeNation,"We’re serving the finest authentic 
mutton specialities to your table at 
Barbeque Nation! 

Book a table before 31 March to 
enjoy. 

*Available at most outlets with some exceptions*",2025-03-15 13:20:45+00:00,35,3.0,1,14189.0,3192.0,https://www.facebook.com/BarbequeNation/videos/1220948729363467/,No Link,2025,March,Saturday,13,were serving the finest authentic mutton specialities to your table at barbeque nation book a table before march to enjoy available at most outlets with some exceptions,27,168,39.0,0.0027486080766791175
1084880000000000.0,BarbequeNation,"Add a pinch of fun, a dash of colours, and unlimited flavours to to your Holi celebrations with Barbeque Nation.",2025-03-14 08:57:02+00:00,34,7.0,2,0.0,0.0,https://www.facebook.com/BarbequeNation/posts/pfbid0L2VnJgWfiMdsuoWEqdFrmag8KfKCwZFUDc3CYpiANAnPEY6HxCwGj1vp7rAFZheMl,No Link,2025,March,Friday,8,add a pinch of fun a dash of colours and unlimited flavours to to your holi celebrations with barbeque nation,20,109,43.0,0.0
1083440000000000.0,BarbequeNation,"Nihari Gosht at Lazeez-e-Gosht >>>>> Comforting and rich in flavours, it’s made to evoke cherished memories with every bite. Available at your nearest Barbeque Nation outlet till March 31st.

Book your table to enjoy!

*Available at most outlets with some exceptions*",2025-03-12 14:34:31+00:00,28,0.0,1,0.0,0.0,https://www.facebook.com/BarbequeNation/posts/pfbid0262X3gdA9rahjrAwhTceEi6dCWm6za7HQmFfQG73xRFsVqPxCEt5XuRmJVo9oGsmrl,No Link,2025,March,Wednesday,14,nihari gosht at lazeezegosht comforting and rich in flavours its made to evoke cherished memories with every bite available at your nearest barbeque nation outlet till march st book your table to enjoy available at most outlets with some exceptions,40,248,29.0,0.0
1075270000000000.0,BarbequeNation,"Presenting Lazeez-e-Gosht by Barbeque Nation —where the timeless flavours of succulent mutton come to life.

Come indulge in mouthwatering mutton delicacies, crafted to perfection, from 3 to 31 March, at your nearest outlets.

*Available in most outlets with some exceptions*",2025-03-03 17:04:27+00:00,60,19.0,9,0.0,0.0,https://www.facebook.com/BarbequeNation/posts/pfbid02Z8NzPd4MswkuFu77h8YmLAy5vaGwMeGfBusiwGL71kpP2JdF8iZQyd8qy4uiwG8kl,No Link,2025,March,Monday,17,presenting lazeezegosht by barbeque nation where the timeless flavours of succulent mutton come to life come indulge in mouthwatering mutton delicacies crafted to perfection from to march at your nearest outlets available in most outlets with some exceptions,38,258,88.0,0.0
1074190000000000.0,BarbequeNation,Something new and exciting is cooking in our kitchens. What do you think it is? Drop your guess in the comments.,2025-03-02 14:23:32+00:00,65,5.0,13,25898.0,5376.0,https://www.facebook.com/BarbequeNation/videos/647683927750853/,No Link,2025,March,Sunday,14,something new and exciting is cooking in our kitchens what do you think it is drop your guess in the comments,21,109,83.0,0.0032048806857672405
1073360000000000.0,BarbequeNation,We’re dishing up something really exciting and flavourful for you all. Stay tuned!,2025-03-01 14:19:08+00:00,26,0.0,2,13576.0,2493.0,https://www.facebook.com/BarbequeNation/videos/994432688713285/,No Link,2025,March,Saturday,14,were dishing up something really exciting and flavourful for you all stay tuned,13,79,28.0,0.0020624631703005302
1069270000000000.0,BarbequeNation,Drop by and make your day better. Good times and great food await.,2025-02-24 15:34:53+00:00,26,2.0,1,0.0,0.0,https://www.facebook.com/BarbequeNation/posts/pfbid02T1faUbKUNiPm3GChnJ7ZngQQ3RDVtr9yvoqQdz1cstJFpr1A7jdLSAFAmKtThBnXl,No Link,2025,February,Monday,15,drop by and make your day better good times and great food await,13,64,29.0,0.0
1065940000000000.0,BarbequeNation,"Taste the magic of tender and juicy chicken tangdi, seasoned with just the right amount of spices. Each bite offers a burst of flavours that will leave you craving more. Perfectly grilled and truly irresistible!",2025-02-20 15:26:05+00:00,27,4.0,1,0.0,0.0,https://www.facebook.com/BarbequeNation/posts/pfbid02Pcm3HBXpXML4Tmi6WK4aKRuVnDdMkmko4sLeNzQyCavakAVeMAaS3N5FB8igcEkml,No Link,2025,February,Thursday,15,taste the magic of tender and juicy chicken tangdi seasoned with just the right amount of spices each bite offers a burst of flavours that will leave you craving more perfectly grilled and truly irresistible,35,207,32.0,0.0
1062380000000000.0,BarbequeNation,Loving the love that's pouring in from our customers. What do you like the most at Barboque Nation? Let us know in the comments,2025-02-16 14:35:49+00:00,20,2.0,1,0.0,0.0,https://www.facebook.com/BarbequeNation/posts/pfbid035jorePnUPDhkkyS4xbPsftYVGHYGs9vfJQeuh7H5Vf8KhyCS5xk35iVwejaFk9icl,No Link,2025,February,Sunday,14,loving the love thats pouring in from our customers what do you like the most at barboque nation let us know in the comments,24,124,23.0,0.0
1060780000000000.0,BarbequeNation,This >>>>>,2025-02-14 16:09:38+00:00,16,7.0,0,0.0,0.0,https://www.facebook.com/BarbequeNation/posts/pfbid02pWqxfpkcWiQfXKax6Vuw1MqKg6C7sJwt95Wx4X8aQHFoXdtBkT15dQm8i5rjcR7El,No Link,2025,February,Friday,16,this,1,4,23.0,0.0
1060340000000000.0,BarbequeNation,"This >>>>>
.
.
.
Happy Valentine's Day!",2025-02-14 05:13:19+00:00,21,4.0,1,0.0,0.0,https://www.facebook.com/BarbequeNation/posts/pfbid02Txi1QjhtGjrVntE899QPzmDkh892mEqSAMbwMuKX2pt2fL8nQXKcmoQ8AWY5oEKQl,No Link,2025,February,Friday,5,this happy valentines day,4,25,26.0,0.0
1059810000000000.0,BarbequeNation,It’s all about celebrating love the old-school way this season. Send this to the one who’ll relate to this the most.,2025-02-13 15:47:57+00:00,24,8.0,0,0.0,0.0,https://www.facebook.com/BarbequeNation/posts/pfbid0fGWrcyngZe9fL8y1AHe82cHfivHdwPaTdui44guwKq2JPySNDdnYsKZrA8ZQ7cGDl,No Link,2025,February,Thursday,15,its all about celebrating love the oldschool way this season send this to the one wholl relate to this the most,21,111,32.0,0.0
1057320000000000.0,BarbequeNation,"Here’s to the ones adding sparks and sizzles to your 
conversations and making them unforgettable since day 1! 

Come over to enjoy unlimited servings of both.

[Good food good mood, food love, bond over food, food is bae, foodie, yummy, tasty, delicious, try now, Barbeque Nation]",2025-02-10 15:34:31+00:00,58,5.0,1,0.0,0.0,https://www.facebook.com/BarbequeNation/posts/pfbid026wvTsjDwpsPsfWkBCX2NKRwQb2z1LKVTrpV6g9p3ypYTeEg4jxsUMVufdRRPuUqrl,No Link,2025,February,Monday,15,heres to the ones adding sparks and sizzles to your conversations and making them unforgettable since day come over to enjoy unlimited servings of both good food good mood food love bond over food food is bae foodie yummy tasty delicious try now barbeque nation,45,261,64.0,0.0
1056410000000000.0,BarbequeNation,We have the perfect solution to add flavours to your day — with our irresistible Cajun spiced potatoes and a variety of delectable starters. Drop by and let us turn your day around!,2025-02-09 13:47:03+00:00,22,1.0,1,0.0,0.0,https://www.facebook.com/BarbequeNation/posts/pfbid0m56nzNEyxcaeAV41pfDjjkDWkLgjfaZcyEbBtcfAJASuJYAHGhjHP71zatpiUq4Vl,No Link,2025,February,Sunday,13,we have the perfect solution to add flavours to your day with our irresistible cajun spiced potatoes and a variety of delectable starters drop by and let us turn your day around,32,177,24.0,0.0
1051610000000000.0,BarbequeNation,Got them all in your group? Tag them in the comments below and tell us who's who!,2025-02-03 15:39:10+00:00,43,3.0,3,0.0,0.0,https://www.facebook.com/BarbequeNation/posts/pfbid0HLeu3UWGvtfHN648yTtZTtmqSB6svWDZpRycJcKczJmTHfabD2n6gSPybKbKbMMHl,No Link,2025,February,Monday,15,got them all in your group tag them in the comments below and tell us whos who,17,78,49.0,0.0
1050650000000000.0,BarbequeNation,"Turns out, it’s not just about the food – it boosts your mood and productivity too! 

Come over soon😎

[Good food good mood, grills, yummy, biryani, desserts, flavours, food love, foodie]",2025-02-02 14:27:31+00:00,52,1.0,5,0.0,0.0,https://www.facebook.com/BarbequeNation/posts/pfbid0P389QkLJBFTBFkvLypxML9Mo4416hcCNE5ST45yTAgM346Xibe1HJMQy6kDpfLu6l,No Link,2025,February,Sunday,14,turns out its not just about the food it boosts your mood and productivity too come over soon good food good mood grills yummy biryani desserts flavours food love foodie,30,169,58.0,0.0
1049820000000000.0,BarbequeNation,"Crunchy, flavourful, and oh-so-addictive — you won’t stop at just one serving of the Crispy Corn at Barbeque Nation.

Book your table to dive into the crunch.",2025-02-01 14:07:58+00:00,15,0.0,0,0.0,0.0,https://www.facebook.com/BarbequeNation/posts/pfbid027qFZEDb811pSqMhho6aiRpjw4PWat3T5TMGffjSikULcLo8nLZ3JqbshychWH7TEl,No Link,2025,February,Saturday,14,crunchy flavourful and ohsoaddictive you wont stop at just one serving of the crispy corn at barbeque nation book your table to dive into the crunch,26,148,15.0,0.0
1047500000000000.0,BarbequeNation,"Boondi, but make it dreamy. ✨

Baked to perfection, this creamy delight promises magic in every bite! 

Ready to indulge? Come over and treat yourself!",2025-01-29 14:45:48+00:00,21,1.0,1,0.0,0.0,https://www.facebook.com/BarbequeNation/posts/pfbid02u7D3L8YvoqcBSYbGg3BhYREw13o3RGowQfV5qPn5Njd5c23fVRda5EPo1E54WSX2l,No Link,2025,January,Wednesday,14,boondi but make it dreamy baked to perfection this creamy delight promises magic in every bite ready to indulge come over and treat yourself,24,140,23.0,0.0
1044600000000000.0,BarbequeNation,"When people come together, it makes way for incredible things—like forming our Constitution, or making memories. 
Let’s come together and celebrate unity in every way this Republic Day!",2025-01-26 02:39:24+00:00,34,6.0,2,0.0,0.0,https://www.facebook.com/BarbequeNation/posts/pfbid0oRcYvwJNG4HKpRRj13v4LC7xYudv4TeizcJven2PFqDKtdfRBQ6CnqunBz1ybXiVl,No Link,2025,January,Sunday,2,when people come together it makes way for incredible thingslike forming our constitution or making memories lets come together and celebrate unity in every way this republic day,28,178,42.0,0.0
1043500000000000.0,BarbequeNation,"You’ve had ice cream, but never like this! 🍨✨ Crispy, creamy, and utterly indulgent—fried ice cream awaits you. Drop by your nearest outlet and treat yourself",2025-01-24 15:41:17+00:00,19,2.0,1,0.0,0.0,https://www.facebook.com/BarbequeNation/posts/pfbid02gU5fzrexW14mWJoubRu75bRcKNPhGxMT8BVLh6HUmQTQfE9B5VPyKEFx6LSU3ccAl,No Link,2025,January,Friday,15,youve had ice cream but never like this crispy creamy and utterly indulgentfried ice cream awaits you drop by your nearest outlet and treat yourself,25,148,22.0,0.0
1042460000000000.0,BarbequeNation,"Freshly charred, unlimited grill prawns — every bite bursting with flavourful goodness😇Tempted? Come enjoy at our nearest outlet.",2025-01-23 12:46:16+00:00,21,1.0,0,0.0,0.0,https://www.facebook.com/BarbequeNation/posts/pfbid035rFaEMKB9vdMiiZ5NBMeeMYd9BrfB6S4x4C1DBhHCGjC7kRK1aU2BkaprGZzJVuZl,No Link,2025,January,Thursday,12,freshly charred unlimited grill prawns every bite bursting with flavourful goodnesstempted come enjoy at our nearest outlet,17,123,22.0,0.0
1041690000000000.0,BarbequeNation,"Balushahi is not just a dessert; it’s an experience – a flaky, golden crust that melts into a burst of sweet syrupy goodness.Indulge in the perfect balance of textures at our nearest outlet!",2025-01-22 13:31:48+00:00,17,1.0,0,0.0,0.0,https://www.facebook.com/BarbequeNation/posts/pfbid02jPge4N7rRJBsps1DyNVQG7x2MNhfa4fEj2deyCqg9VhXdnN75d9Du9iG86iGjXzjl,No Link,2025,January,Wednesday,13,balushahi is not just a dessert its an experience a flaky golden crust that melts into a burst of sweet syrupy goodnessindulge in the perfect balance of textures at our nearest outlet,32,183,18.0,0.0
1040830000000000.0,BarbequeNation,"Thank you for being part of the party – every moment was better with YOU! 
Here’s to more celebrations, feasts and unlimited happiness!🥂",2025-01-21 12:35:15+00:00,27,1.0,8,13190.0,2154.0,https://www.facebook.com/reel/644863754633049/,No Link,2025,January,Tuesday,12,thank you for being part of the party every moment was better with you heres to more celebrations feasts and unlimited happiness,22,128,36.0,0.0027293404094010615
1040150000000000.0,BarbequeNation,"The cake is ready, the candles are lit, and the excitement is real! 
Come join us for our birthday —  the drinks are on us! 🥳
Book your table now to enjoy ₹119 OFF PER PAX  for everyone today.",2025-01-20 14:53:20+00:00,75,5.0,4,20644.0,7636.0,https://www.facebook.com/BarbequeNation/videos/1009738174340014/,No Link,2025,January,Monday,14,the cake is ready the candles are lit and the excitement is real come join us for our birthday the drinks are on us book your table now to enjoy off per pax for everyone today,36,175,84.0,0.004068978880062003
1039230000000000.0,BarbequeNation,"It’s our birthday, but you get the gift! Come celebrate our 
birthday with us and enjoy ₹119 OFF PER PAX. 
After all, what’s a birthday without a little something special for 
you?",2025-01-19 13:27:35+00:00,74,14.0,7,0.0,0.0,https://www.facebook.com/BarbequeNation/posts/pfbid02sqGoAvbWJVqW8GtKuXktdRf9fzyHD97c781nHpJgXET7rGsAR7yJW14eacuNJB67l,No Link,2025,January,Sunday,13,its our birthday but you get the gift come celebrate our birthday with us and enjoy off per pax after all whats a birthday without a little something special for you,31,165,95.0,0.0
1036100000000000.0,BarbequeNation,"Juicy, perfectly charred with spice, lemon and everything nice. These are the kind ofprawns, foodie dreams are made of!

Come savour unlimited servings of our Grilled Prawns along with 30+ unlimitedstarters and live grills at our nearest outlet.",2025-01-15 15:35:58+00:00,41,9.0,1,0.0,0.0,https://www.facebook.com/BarbequeNation/posts/pfbid0HYn1yCvMpWT69RYmRMfM5NYUFs6DgrMBDHVFbbc2DCUUA5uahzuQSVqbm464FMSBl,No Link,2025,January,Wednesday,15,juicy perfectly charred with spice lemon and everything nice these are the kind ofprawns foodie dreams are made of come savour unlimited servings of our grilled prawns along with unlimitedstarters and live grills at our nearest outlet,37,234,51.0,0.0
1033650000000000.0,BarbequeNation,"Brighten up your celebrations this festive season at Barbeque Nation. Head to your nearest outlet to enjoy Feasts of Harvest and specialities from your region. Book your spot now!

[Harvest, culture, India, feasts, festivals, delights, delicacies, food love, foodie, visit now, Barbeque Nation]",2025-01-12 12:44:28+00:00,40,1.0,3,0.0,0.0,https://www.facebook.com/BarbequeNation/posts/pfbid0jfjrEcbzANH49T7UFADA6AYuztvsmnm73p2K4YZs2WaeTBE6h3JBJ5azw3oEfZiul,No Link,2025,January,Sunday,12,brighten up your celebrations this festive season at barbeque nation head to your nearest outlet to enjoy feasts of harvest and specialities from your region book your spot now harvest culture india feasts festivals delights delicacies food love foodie visit now barbeque nation,43,278,44.0,0.0
1032860000000000.0,BarbequeNation,"Put your thinking hats on  and comment down your answer below. A lucky few stand a chance to win special gifts.

Contest Rules:
● Comment your answers
● Tag two friends
● Follow @barbequenation

Come celebrate Feasts of Harvest with your loved ones at your nearest Barbeque Nation outlet.

[Contest, harvest fest, food, food love, foodie, good food good mood, visit today, Barbeque Nation]",2025-01-11 13:11:10+00:00,270,273.0,76,0.0,0.0,https://www.facebook.com/BarbequeNation/posts/pfbid02trnvoNvgGBH9PT1AxUYfUitB9SuDfPhAbgv4XVyrVVq9mLWi4oEHWtsBXzqKVRp5l,No Link,2025,January,Saturday,13,put your thinking hats on and comment down your answer below a lucky few stand a chance to win special gifts contest rules comment your answers tag two friends follow come celebrate feasts of harvest with your loved ones at your nearest barbeque nation outlet contest harvest fest food food love foodie good food good mood visit today barbeque nation,60,350,619.0,0.0
1029630000000000.0,BarbequeNation,"From first bites to laughter-filled nights, every Barbeque Nation moment is unforgettable. What makes BBQ special for you? Share your favourite memories with us – we can’t wait to hear your stories!",2025-01-07 15:17:44+00:00,42,6.0,0,0.0,0.0,https://www.facebook.com/BarbequeNation/posts/pfbid02ZNo6vNgcRU8awVSiPqJzWcndkKBiak3cgKUchWFm3yfn7H2MCYfgK2rmA5jEoym9l,No Link,2025,January,Tuesday,15,from first bites to laughterfilled nights every barbeque nation moment is unforgettable what makes bbq special for you share your favourite memories with us we cant wait to hear your stories,31,190,48.0,0.0
1028860000000000.0,BarbequeNation,"Send this to the ones you want to make the most magical memories with this year.

[New Year, delicious food, experience, family, friends, festive, special occasion, good food, good company, Barbeque Nation, Book now, 2025, unlimited, buffet, grills]",2025-01-06 14:55:46+00:00,29,0.0,1,10165.0,989.0,https://www.facebook.com/BarbequeNation/videos/583930397938635/,No Link,2025,January,Monday,14,send this to the ones you want to make the most magical memories with this year new year delicious food experience family friends festive special occasion good food good company barbeque nation book now unlimited buffet grills,37,226,30.0,0.002951303492375799
1028380000000000.0,BarbequeNation,"The joy of the new year doubles when you celebrate it with your loved ones at Barbeque Nation. Bring them over for a party.

[New Year, Celebratory meal, delicious food, experience, family, friends, festive, special occasion, good food, good company, Barbeque Nation, Book now, 2025, unlimited, buffet, grills]",2025-01-05 21:34:59+00:00,46,0.0,1,15776.0,3793.0,https://www.facebook.com/BarbequeNation/videos/466432776255629/,No Link,2025,January,Sunday,21,the joy of the new year doubles when you celebrate it with your loved ones at barbeque nation bring them over for a party new year celebratory meal delicious food experience family friends festive special occasion good food good company barbeque nation book now unlimited buffet grills,47,285,47.0,0.00297920892494929
1028130000000000.0,BarbequeNation,"This new year, make all your travel dreams come true. Wander through India with iconic dishes from every corner at Barbeque Nation!

[New Year, travel dreams, India, iconic dishes, every corner, Barbeque Nation, culinary journey, India's flavors, unforgettable feast, live grills, unlimited delights, family, celebrations, special offers, book now, celebrate with us, grand buffet, delicious desserts]",2025-01-05 13:34:15+00:00,24,4.0,2,0.0,0.0,https://www.facebook.com/BarbequeNation/posts/pfbid02M8pak4nrw6UyuJxL4cU1aYCTNpBogx18p7wLH1G77Bi9rgCxiiuwBgxij2QMK9q6l,No Link,2025,January,Sunday,13,this new year make all your travel dreams come true wander through india with iconic dishes from every corner at barbeque nation new year travel dreams india iconic dishes every corner barbeque nation culinary journey indias flavors unforgettable feast live grills unlimited delights family celebrations special offers book now celebrate with us grand buffet delicious desserts,56,377,30.0,0.0
1027290000000000.0,BarbequeNation,"Let’s be honest, we don’t need a reason to eat chaat. And when it’s unlimited chaat, of course there’s nothing stopping us! 

Come enjoy unlimited chaat along with a range of starters, mains, desserts and more at your nearest outlet.",2025-01-04 13:10:38+00:00,39,1.0,3,0.0,0.0,https://www.facebook.com/BarbequeNation/posts/pfbid0C3mqMyhaDFcESyZKzDajVQGebLkdNPYeNSX4FkKihp9w6iFEQfFqvsgarhJMyT1Ul,No Link,2025,January,Saturday,13,lets be honest we dont need a reason to eat chaat and when its unlimited chaat of course theres nothing stopping us come enjoy unlimited chaat along with a range of starters mains desserts and more at your nearest outlet,40,220,43.0,0.0
1025850000000000.0,BarbequeNation,"A great year deserves a great start—let it begin with a meal to remember. Here's to a fun and flavourful 2025!

[New Year, Celebratory meal, delicious food, experience, family, friends, festive, special occasion, good food, good company, Barbeque Nation, Book now, 2025, unlimited, buffet, grills]",2025-01-02 14:23:28+00:00,43,2.0,2,0.0,0.0,https://www.facebook.com/BarbequeNation/posts/pfbid02w2pbzVXhSS4Anrr5KNTFGuaT2LoVcnG6oAE4M3aAN6wGc5z1UDX7mxJf8Q9WivEcl,No Link,2025,January,Thursday,14,a great year deserves a great startlet it begin with a meal to remember heres to a fun and flavourful new year celebratory meal delicious food experience family friends festive special occasion good food good company barbeque nation book now unlimited buffet grills,43,265,47.0,0.0
1025070000000000.0,BarbequeNation,"In 2025, we’re sending unlimited servings prosperity, good luck, abundance, magical memories and much more your way! ✨🍽

Tell us—what’s making it to your plate in the coming year?

[2025 Food Goals, Flavorful Journey, Taste Buds, Food Inspiration, Food Cravings, Foodie Dreams, Food Resolutions, Food, Foodie, Food love, Barbeque Nation, Try now, order today, New Beginnings, Prosperity, Good Luck, Abundance]",2025-01-01 12:30:38+00:00,27,0.0,1,0.0,0.0,https://www.facebook.com/BarbequeNation/posts/pfbid02eFyeXtiDgo6edzo1MeytiZmtjgavcWQoQvZDNEagzshuTJC4wq7s7DgSwfu2NM1zl,No Link,2025,January,Wednesday,12,in were sending unlimited servings prosperity good luck abundance magical memories and much more your way tell uswhats making it to your plate in the coming year food goals flavorful journey taste buds food inspiration food cravings foodie dreams food resolutions food foodie food love barbeque nation try now order today new beginnings prosperity good luck abundance,57,367,28.0,0.0
1024250000000000.0,BarbequeNation,"Enter 2025 with your heart full of good memories and your tummy full with good food. 

Enjoy unlimited servings of your favourite dishes and end the year with a feast. 

Book your table now!

[New Year's Eve Dinner, Unlimited Buffet, Festive Feast, Family, friends, group, Book Now, Reservation, Restaurant, Barbeque Nation, Food Lovers, Foodie]",2024-12-31 12:30:48+00:00,32,4.0,1,10992.0,2023.0,https://www.facebook.com/BarbequeNation/videos/3888606328042214/,No Link,2024,December,Tuesday,12,enter with your heart full of good memories and your tummy full with good food enjoy unlimited servings of your favourite dishes and end the year with a feast book your table now new years eve dinner unlimited buffet festive feast family friends group book now reservation restaurant barbeque nation food lovers foodie,53,318,37.0,0.0033660844250363903
1023510000000000.0,BarbequeNation,"Barbeque Nation has been crowned the 'Barbeque Restaurant of the Year' at the 'Restaurant Awards 2024 - Telangana & Andhra Pradesh Edition' 

A heartfelt THANK YOU to all our foodies for your loveand support. Here's to creating more memories over grills.

[Barbeque Nation, Restaurant Awards 2024 ,Telangana, Andhra Pradesh Edition, Barbeque Restaurant of the Year, Gratitude, Thank you, foodies, food love, support, memories, grills, food, award, award winning restaurant, Indian cuisine, global cuisine, buffet, dinner, lunch, family, kids friendly]",2024-12-30 12:30:09+00:00,69,7.0,13,0.0,0.0,https://www.facebook.com/BarbequeNation/posts/pfbid02LU3vQtDmXFTWNXNXEdUhwS4mkwkbXxTEZTbu1pLBKqKivTMMBdQ6ub7EbMeFLadcl,No Link,2024,December,Monday,12,barbeque nation has been crowned the barbeque restaurant of the year at the restaurant awards telangana andhra pradesh edition a heartfelt thank you to all our foodies for your loveand support heres to creating more memories over grills barbeque nation restaurant awards telangana andhra pradesh edition barbeque restaurant of the year gratitude thank you foodies food love support memories grills food award award winning restaurant indian cuisine global cuisine buffet dinner lunch family kids friendly,75,504,89.0,0.0
1022690000000000.0,BarbequeNation,"It’s time for that one last feast before the year ends! Tag your instant party partner to make it unforgettable.

[Year end party, new year, friends, family, gang, gang of grills, barbeque nation, unlimited buffet, celebration, buffet spread, new desserts, fun, party, enjoyment, visit today, weekend]",2024-12-29 12:30:44+00:00,9,2.0,0,0.0,0.0,https://www.facebook.com/BarbequeNation/posts/pfbid0exc2QWNYUKJpAafQjVm1Xi3FsBLaSSFJpzG71uM6zhVA77Hz3BoVD65aUPCZSPZ7l,No Link,2024,December,Sunday,12,its time for that one last feast before the year ends tag your instant party partner to make it unforgettable year end party new year friends family gang gang of grills barbeque nation unlimited buffet celebration buffet spread new desserts fun party enjoyment visit today weekend,46,280,11.0,0.0
1021850000000000.0,BarbequeNation,"Here’s another new addition to the dessert counter Sweet boondi soaked in condensed milk, and baked to perfection— that’s Baked Mahi. 

Don’t forget to indulge in this gooey-goodness at your year-end party

[baked mahi, boondi, condensed milk, dessert, sweet, baked, gooey, delicious, party, year-end party, indulgence, treat, food, sweet tooth, dessert lover, foodstagram, foodie, try now, visit today, barbeque nation]",2024-12-28 07:46:24+00:00,19,2.0,0,8004.0,1906.0,https://www.facebook.com/BarbequeNation/videos/602761472490518/,No Link,2024,December,Saturday,7,heres another new addition to the dessert counter sweet boondi soaked in condensed milk and baked to perfection thats baked mahi dont forget to indulge in this gooeygoodness at your yearend party baked mahi boondi condensed milk dessert sweet baked gooey delicious party yearend party indulgence treat food sweet tooth dessert lover foodstagram foodie try now visit today barbeque nation,60,387,21.0,0.002623688155922039
1021830000000000.0,BarbequeNation,"2024 was unforgettable and we wouldn’t have it any other way. Thank you for making us your ultimate celebration destination – Barbeque Nation! 

Here’s to keeping the celebrations and flavours at max in 2025.

[2024, unforgettable, celebration destination, Barbeque Nation, celebrations, flavours, 2025, thank you, ultimate, new year, wishes, best, future, cheers]",2024-12-28 07:16:32+00:00,22,0.0,0,6653.0,1340.0,https://www.facebook.com/BarbequeNation/videos/1293999451800082/,No Link,2024,December,Saturday,7,was unforgettable and we wouldnt have it any other way thank you for making us your ultimate celebration destination barbeque nation heres to keeping the celebrations and flavours at max in unforgettable celebration destination barbeque nation celebrations flavours thank you ultimate new year wishes best future cheers,47,319,22.0,0.0033067788967383136
1021280000000000.0,BarbequeNation,A fun twist on a traditional boondi our new dessert—Baked Mahi is the sweet treat you’ll crave again and again. Come savour it at your nearest outlet.,2024-12-27 12:54:32+00:00,20,1.0,0,0.0,0.0,https://www.facebook.com/BarbequeNation/posts/pfbid029SNdPBukmCCRiExmoRJ8zv93txfz8SaDUcN7SEK43ztHtgkVTnjYtJTKjQoSDfEl,No Link,2024,December,Friday,12,a fun twist on a traditional boondi our new dessertbaked mahi is the sweet treat youll crave again and again come savour it at your nearest outlet,27,146,21.0,0.0
1020950000000000.0,BarbequeNation,"With a crispy golden shell and creamy ice cream centre, our fried ice cream is ready to steal the show in your instant parties. Come over and enjoy.",2024-12-27 03:00:53+00:00,15,2.0,0,9255.0,2424.0,https://www.facebook.com/BarbequeNation/videos/578782028379463/,No Link,2024,December,Friday,3,with a crispy golden shell and creamy ice cream centre our fried ice cream is ready to steal the show in your instant parties come over and enjoy,28,145,17.0,0.0018368449486763912
1020210000000000.0,BarbequeNation,"Soaked in a sugary glaze, our Balushahi comes with perfect balance of crunch and sweetness. Don’t forget to savour these sweet treats in your instant party.",2024-12-26 02:30:57+00:00,20,2.0,5,8207.0,1419.0,https://www.facebook.com/BarbequeNation/videos/451493571351852/,No Link,2024,December,Thursday,2,soaked in a sugary glaze our balushahi comes with perfect balance of crunch and sweetness dont forget to savour these sweet treats in your instant party,26,152,27.0,0.0032898744973802853
1019700000000000.0,BarbequeNation,"Crispy on the outside, cool and creamy on the inside— we have found the ultimate way to enjoy your favourite ice cream in this chilly weather with our new dessert. 

Come devour scoopful of fried ice cream and more at our nearest outlet.",2024-12-25 13:04:16+00:00,9,0.0,0,0.0,0.0,https://www.facebook.com/BarbequeNation/posts/pfbid036BFiqcdxhBdc9ag55RVTsYHNGF88xGwPkfjGLodJ4YbigzG3RVP7Gc6n2gZMUafnl,No Link,2024,December,Wednesday,13,crispy on the outside cool and creamy on the inside we have found the ultimate way to enjoy your favourite ice cream in this chilly weather with our new dessert come devour scoopful of fried ice cream and more at our nearest outlet,43,231,9.0,0.0
1019540000000000.0,BarbequeNation,Good food and the festive cheer — the ultimate duo that make will all your problems fade. Come grill your frustrations away and indulge in celebrations at our nearest outlet.,2024-12-25 08:01:06+00:00,13,0.0,0,7926.0,2014.0,https://www.facebook.com/BarbequeNation/videos/1126479435740323/,No Link,2024,December,Wednesday,8,good food and the festive cheer the ultimate duo that make will all your problems fade come grill your frustrations away and indulge in celebrations at our nearest outlet,29,170,13.0,0.0016401715871814282
1019450000000000.0,BarbequeNation,"Send this to your friend to make their day, and schedule your Christmas meet-up at Barbeque Nation.

[Christmas, starters, main course, desserts, food, foodie, food love, season, winters, indulge, break, love, barbeque nation, try now]",2024-12-25 05:00:30+00:00,8,0.0,0,6926.0,804.0,https://www.facebook.com/BarbequeNation/videos/1453825146022262/,No Link,2024,December,Wednesday,5,send this to your friend to make their day and schedule your christmas meetup at barbeque nation christmas starters main course desserts food foodie food love season winters indulge break love barbeque nation try now,35,216,8.0,0.001155067860236789
1019140000000000.0,BarbequeNation,"The festive season is here, and we started it off with our fun  plum cake-mixing ceremony! 

A big shoutout to all our customers who joined us in creating sweet memories.

Stay tuned—more festive delights are coming your way!

[plum cake mixing ceremony, year-end festivities, celebrations, unforgettable, flavourful feasts, annual event, holiday season, festive spirit, culinary delight, sweet treat, tradition, anticipation]",2024-12-24 17:53:55+00:00,40,3.0,0,12506.0,6253.0,https://www.facebook.com/BarbequeNation/videos/9379326992112130/,No Link,2024,December,Tuesday,17,the festive season is here and we started it off with our fun plum cakemixing ceremony a big shoutout to all our customers who joined us in creating sweet memories stay tunedmore festive delights are coming your way plum cake mixing ceremony yearend festivities celebrations unforgettable flavourful feasts annual event holiday season festive spirit culinary delight sweet treat tradition anticipation,60,401,43.0,0.003438349592195746
1018050000000000.0,BarbequeNation,"Flaky, golden, and irresistibly sweet—Balushahi is the perfect blend of crunch and indulgence in every bite. 

Come treat yourself to unlimited servings of this 
traditional Indian sweet and many other desserts at your nearest outlet.",2024-12-23 13:44:29+00:00,16,2.0,1,0.0,0.0,https://www.facebook.com/BarbequeNation/posts/pfbid0ggXofwxKvmoo66qhF6MUnmMq4p4whGdVj1wY86f8UseAvQ7g7mmyJDhjNRyYaqhXl,No Link,2024,December,Monday,13,flaky golden and irresistibly sweetbalushahi is the perfect blend of crunch and indulgence in every bite come treat yourself to unlimited servings of this traditional indian sweet and many other desserts at your nearest outlet,35,226,19.0,0.0
1016520000000000.0,BarbequeNation,"Indulge in something new and delightful before the year. Head to our outlets to savour the latest delights from our dessert menu!

[New launch, desserts, sweet, indulge, menu, try now]",2024-12-21 13:31:09+00:00,12,0.0,0,0.0,0.0,https://www.facebook.com/BarbequeNation/posts/pfbid02kHzjrgGzwyv1xsx38dGuqLNsU6Djebb15iomby62nnN1B42GVBcLHJMiUwQ3Azszl,No Link,2024,December,Saturday,13,indulge in something new and delightful before the year head to our outlets to savour the latest delights from our dessert menu new launch desserts sweet indulge menu try now,30,174,12.0,0.0
1016410000000000.0,BarbequeNation,Our chefs are busy whipping up something delicious to make your parties unforgettable. Watch this space for more details.,2024-12-21 11:03:34+00:00,25,0.0,0,8628.0,2633.0,https://www.facebook.com/BarbequeNation/videos/946238883557002/,No Link,2024,December,Saturday,11,our chefs are busy whipping up something delicious to make your parties unforgettable watch this space for more details,19,119,25.0,0.002897542883634678
1014210000000000.0,BarbequeNation,"Got a big guestlist? We’ve got a bigger feast laid. Skip the stress and walk into 
a party, where endless food and fun is guaranteed.",2024-12-18 14:11:26+00:00,13,1.0,0,7176.0,1378.0,https://www.facebook.com/BarbequeNation/videos/916245730614231/,No Link,2024,December,Wednesday,14,got a big guestlist weve got a bigger feast laid skip the stress and walk into a party where endless food and fun is guaranteed,25,127,14.0,0.0019509476031215162
1012650000000000.0,BarbequeNation,"No prep, no stress, just unlimited celebrations! Stay tuned. We got something exciting to match your party spirit.",2024-12-16 15:11:53+00:00,8,2.0,0,0.0,0.0,https://www.facebook.com/BarbequeNation/posts/pfbid02e9eGL8wHqkbPk71hWuHjQU56sVX3YjKZmw7muih4F2dMXnCrEN41Unrv2zzfDH9el,No Link,2024,December,Monday,15,no prep no stress just unlimited celebrations stay tuned we got something exciting to match your party spirit,18,109,10.0,0.0
1010800000000000.0,BarbequeNation,"Add some fizz to your weekend feasts with our range of fun mocktails. Just sip, savour and enjoy!

[Mocktails, drinks, refresh, sip, enjoy, barbeque nation, weekend, chill, vibes]",2024-12-14 06:30:29+00:00,18,6.0,1,9223.0,1313.0,https://www.facebook.com/BarbequeNation/videos/1087744409562769/,No Link,2024,December,Saturday,6,add some fizz to your weekend feasts with our range of fun mocktails just sip savour and enjoy mocktails drinks refresh sip enjoy barbeque nation weekend chill vibes,28,165,25.0,0.002710614767429253
1010240000000000.0,BarbequeNation,"Second, thirds or even fourth servings; Barbeque Nation is all about indulging in your favourite tikkas without any limits. Go on, enjoy our unlimited spread, at your nearest outlet.

[Tikkas, starters, food, foodie, food love, weekend, indulge, break, love, barbeque nation, try now]",2024-12-13 13:12:19+00:00,12,0.0,1,0.0,0.0,https://www.facebook.com/BarbequeNation/posts/pfbid02GV59DUbXri1SZB1DJph3EuQcHkx2ZzVn983D5cme2YKrEwJeauzH2byF5GfWtvJLl,No Link,2024,December,Friday,13,second thirds or even fourth servings barbeque nation is all about indulging in your favourite tikkas without any limits go on enjoy our unlimited spread at your nearest outlet tikkas starters food foodie food love weekend indulge break love barbeque nation try now,43,265,13.0,0.0
