ageHours,authorFullname,authorId,author,authorPremium,content,bodyHtml,bodyLength,collapsed,controversiality,scraped_at,type,depth,edited,gilded,id,isSubmitter,parentId,parentKind,parsedAuthorId,parsedParentId,parsedPostId,parsedSubredditId,postId,score,scoreHidden,scorePerHour,stickied,subredditId,totalAwardsReceived,wordCount,upvotes,created_at,url,subreddit
2449.5021,,t1_ofkw7hx,[deleted],False,[removed],"<div class=""md""><p>[removed]</p>
</div>",9,0.0,0.0,2026-07-22T16:28:25.552Z,comment,0.0,False,0,ofkw7hx,0.0,t3_1siisjw,post,ofkw7hx,1siisjw,1siisjw,3z8bc6,t3_1siisjw,276,False,0.1127,False,t5_3z8bc6,0,1,276,2026-04-11T14:58:18.000Z,https://www.reddit.com/r/IndianFoodPhotos/comments/1siisjw/have_you_tried_barbeque_nations_unlimited_buffet/ofkw7hx/,IndianFoodPhotos
2446.5124,t2_o7gfcw1p,t1_oflxutj,sachin_root,False,pure destruction in mind with bunch of friends.,"<div class=""md""><p>pure destruction in mind with bunch of friends.  </p>
</div>",49,0.0,0.0,2026-07-22T16:28:25.552Z,comment,1.0,False,0,oflxutj,0.0,t1_ofkw7hx,comment,oflxutj,ofkw7hx,1siisjw,3z8bc6,t3_1siisjw,122,False,0.0499,False,t5_3z8bc6,0,8,122,2026-04-11T17:57:41.000Z,https://www.reddit.com/r/IndianFoodPhotos/comments/1siisjw/have_you_tried_barbeque_nations_unlimited_buffet/oflxutj/,IndianFoodPhotos
2431.7379,t2_8hgkywfv,t1_ofpw5dz,Feathery_Hotels,False,"Just prawns, fish, and a little bit of chicken for bbq, and only mutton for the buffet. No rice, no corn, no cheap carbs. You got this!

No breakfast that day and eat enough to skip breakfast the next day.","<div class=""md""><p>Just prawns, fish, and a little bit of chicken for bbq, and only mutton for the buffet. No rice, no corn, no cheap carbs. You got this!</p>

<p>No breakfast that day and eat enough to skip breakfast the next day.</p>
</div>",205,0.0,0.0,2026-07-22T16:28:25.552Z,comment,1.0,False,0,ofpw5dz,0.0,t1_ofkw7hx,comment,ofpw5dz,ofkw7hx,1siisjw,3z8bc6,t3_1siisjw,10,False,0.0041,False,t5_3z8bc6,0,40,10,2026-04-12T08:44:09.000Z,https://www.reddit.com/r/IndianFoodPhotos/comments/1siisjw/have_you_tried_barbeque_nations_unlimited_buffet/ofpw5dz/,IndianFoodPhotos
2423.4424,t2_6kn757oo,t1_ofs7aea,ifrager,False,"Even if you full with barbeque 
Their strategies like 
1. Always serve chicken and not prawn ,mutton ,fish 
2. Always serve bland even after saying spicy 
3. Always serve uncooked so it cooks late and you die of hunger 
Etc 
These things make buffet very bad and you end up eating less in barbeque and more in main course","<div class=""md""><p>Even if you full with barbeque 
Their strategies like 
1. Always serve chicken and not prawn ,mutton ,fish 
2. Always serve bland even after saying spicy 
3. Always serve uncooked so it cooks late and you die of hunger 
Etc 
These things make buffet very bad and you end up eating less in barbeque and more in main course</p>
</div>",321,0.0,0.0,2026-07-22T16:28:25.552Z,comment,1.0,False,0,ofs7aea,0.0,t1_ofkw7hx,comment,ofs7aea,ofkw7hx,1siisjw,3z8bc6,t3_1siisjw,5,False,0.0021,False,t5_3z8bc6,0,59,5,2026-04-12T17:01:53.000Z,https://www.reddit.com/r/IndianFoodPhotos/comments/1siisjw/have_you_tried_barbeque_nations_unlimited_buffet/ofs7aea/,IndianFoodPhotos
2397.7296,t2_1z6z8ufuap,t1_ofzmr39,Repulsive-Sorbet1616,False,The buffet is genuinely not worth the money but the live bbq was apt,"<div class=""md""><p>The buffet is genuinely not worth the money but the live bbq was apt </p>
</div>",69,0.0,0.0,2026-07-22T16:28:25.552Z,comment,1.0,False,0,ofzmr39,1.0,t1_ofkw7hx,comment,ofzmr39,ofkw7hx,1siisjw,3z8bc6,t3_1siisjw,3,False,0.0013,False,t5_3z8bc6,0,14,3,2026-04-13T18:44:39.000Z,https://www.reddit.com/r/IndianFoodPhotos/comments/1siisjw/have_you_tried_barbeque_nations_unlimited_buffet/ofzmr39/,IndianFoodPhotos
2401.2452,t2_29p5bbucfw,t1_ofyb20b,notourworld27,False,"I agree ,their starters are soo good though.","<div class=""md""><p>I agree ,their starters are soo good though.</p>
</div>",44,0.0,0.0,2026-07-22T16:28:25.552Z,comment,1.0,False,0,ofyb20b,0.0,t1_ofkw7hx,comment,ofyb20b,ofkw7hx,1siisjw,3z8bc6,t3_1siisjw,1,False,0.0004,False,t5_3z8bc6,0,8,1,2026-04-13T15:13:43.000Z,https://www.reddit.com/r/IndianFoodPhotos/comments/1siisjw/have_you_tried_barbeque_nations_unlimited_buffet/ofyb20b/,IndianFoodPhotos
2327.2802,t2_5y06ieds,t1_ogk144h,bubblesmashertie,False,That’s the key 🔑,"<div class=""md""><p>That’s the key 🔑 </p>
</div>",18,0.0,0.0,2026-07-22T16:28:25.552Z,comment,1.0,False,0,ogk144h,0.0,t1_ofkw7hx,comment,ogk144h,ofkw7hx,1siisjw,3z8bc6,t3_1siisjw,1,False,0.0004,False,t5_3z8bc6,0,4,1,2026-04-16T17:11:37.000Z,https://www.reddit.com/r/IndianFoodPhotos/comments/1siisjw/have_you_tried_barbeque_nations_unlimited_buffet/ogk144h/,IndianFoodPhotos
2446.439,,t1_oflysu4,[deleted],False,[removed],"<div class=""md""><p>[removed]</p>
</div>",9,0.0,0.0,2026-07-22T16:28:25.552Z,comment,2.0,False,0,oflysu4,0.0,t1_oflxutj,comment,oflysu4,oflxutj,1siisjw,3z8bc6,t3_1siisjw,48,False,0.0196,False,t5_3z8bc6,0,1,48,2026-04-11T18:02:05.000Z,https://www.reddit.com/r/IndianFoodPhotos/comments/1siisjw/have_you_tried_barbeque_nations_unlimited_buffet/oflysu4/,IndianFoodPhotos
2446.3865,t2_o7gfcw1p,t1_oflzgpu,sachin_root,False,focus on objective mate no distraction,"<div class=""md""><p>focus on objective mate no distraction </p>
</div>",39,0.0,0.0,2026-07-22T16:28:25.552Z,comment,3.0,False,0,oflzgpu,0.0,t1_oflysu4,comment,oflzgpu,oflysu4,1siisjw,3z8bc6,t3_1siisjw,28,False,0.0114,False,t5_3z8bc6,0,6,28,2026-04-11T18:05:14.000Z,https://www.reddit.com/r/IndianFoodPhotos/comments/1siisjw/have_you_tried_barbeque_nations_unlimited_buffet/oflzgpu/,IndianFoodPhotos
2444.8649,t2_3mybidr5,t1_ofmhrvw,mdNaush,False,"“CoNgRaTuLaTiOnS…..”. 

I can hear the voices man","<div class=""md""><p>“CoNgRaTuLaTiOnS…..”. </p>

<p>I can hear the voices man</p>
</div>",49,0.0,0.0,2026-07-22T16:28:25.552Z,comment,3.0,False,0,ofmhrvw,0.0,t1_oflysu4,comment,ofmhrvw,oflysu4,1siisjw,3z8bc6,t3_1siisjw,6,False,0.0025,False,t5_3z8bc6,0,7,6,2026-04-11T19:36:32.000Z,https://www.reddit.com/r/IndianFoodPhotos/comments/1siisjw/have_you_tried_barbeque_nations_unlimited_buffet/ofmhrvw/,IndianFoodPhotos
3.7255,t2_6d0wbtcmj,t1_oz2em66,DreisterDino,False,Real Madrid needs a coach who knows how to handle the star ensemble.,"<div class=""md""><p>Real Madrid needs a coach who knows how to handle the star ensemble.</p>
</div>",68,0.0,0.0,2026-07-22T16:28:26.838Z,comment,0.0,False,0,oz2em66,0.0,t3_1v3f149,post,oz2em66,1v3f149,1v3f149,32csr,t3_1v3f149,110,False,29.5262,False,t5_32csr,0,13,110,2026-07-22T12:44:55.000Z,https://www.reddit.com/r/confusing_perspective/comments/1v3f149/i_thought_hes_holding_a_pistol/oz2em66/,confusing_perspective
826.2298,t2_9238pw9b,t1_osbxhoy,Open-Zookeepergame90,False,"1. main course is usually not good. fill up 80% on the starters, 10% main course, 10% deserts
2. drink less water, it'll fill up your stomach. 
3. wear loose pants. no need to go in jeans
4. tell them to send no veg starters to your table (except corn. corn's good). you're free to try out more, but you'll lose your stomach storage to veg food. 🥸

that's pretty much it","<div class=""md""><ol>
<li>main course is usually not good. fill up 80% on the starters, 10% main course, 10% deserts</li>
<li>drink less water, it&#39;ll fill up your stomach. </li>
<li>wear loose pants. no need to go in jeans</li>
<li>tell them to send no veg starters to your table (except corn. corn&#39;s good). you&#39;re free to try out more, but you&#39;ll lose your stomach storage to veg food. 🥸</li>
</ol>

<p>that&#39;s pretty much it</p>
</div>",371,0.0,0.0,2026-07-22T16:28:32.439Z,comment,0.0,False,0,osbxhoy,0.0,t3_1u8y9tr,post,osbxhoy,1u8y9tr,1u8y9tr,2qugx,t3_1u8y9tr,100,False,0.121,False,t5_2qugx,0,72,100,2026-06-18T06:14:45.000Z,https://www.reddit.com/r/delhi/comments/1u8y9tr/visiting_bbq_nation_for_the_first_time_this/osbxhoy/,delhi
826.009,t2_1tckc3snw7,t1_osbz4rh,Grimmer_511,False,"for me personally its 60-70% starters 
10% maincourse
20-30% desserts ","<div class=""md""><p>for me personally its 60-70% starters 
10% maincourse
20-30% desserts </p>
</div>",70,0.0,0.0,2026-07-22T16:28:32.439Z,comment,1.0,False,0,osbz4rh,0.0,t1_osbxhoy,comment,osbz4rh,osbxhoy,1u8y9tr,2qugx,t3_1u8y9tr,27,False,0.0327,False,t5_2qugx,0,10,27,2026-06-18T06:28:00.000Z,https://www.reddit.com/r/delhi/comments/1u8y9tr/visiting_bbq_nation_for_the_first_time_this/osbz4rh/,delhi
825.5915,t2_1agjrnnzu2,t1_osc26if,Initial_Barnacle_881,False,"Aap tho experienced lag rahe ho, Bhandara specialist ","<div class=""md""><p>Aap tho experienced lag rahe ho, Bhandara specialist </p>
</div>",53,0.0,0.0,2026-07-22T16:28:32.439Z,comment,1.0,False,0,osc26if,0.0,t1_osbxhoy,comment,osc26if,osbxhoy,1u8y9tr,2qugx,t3_1u8y9tr,45,False,0.0545,False,t5_2qugx,0,8,45,2026-06-18T06:53:03.000Z,https://www.reddit.com/r/delhi/comments/1u8y9tr/visiting_bbq_nation_for_the_first_time_this/osc26if/,delhi
821.9665,t2_jwecf4g,t1_oscrw94,braveyetti117,False,"Aloo is also good, the only veg starter I take","<div class=""md""><p>Aloo is also good, the only veg starter I take</p>
</div>",46,0.0,0.0,2026-07-22T16:28:32.439Z,comment,1.0,False,0,oscrw94,0.0,t1_osbxhoy,comment,oscrw94,osbxhoy,1u8y9tr,2qugx,t3_1u8y9tr,4,False,0.0049,False,t5_2qugx,0,10,4,2026-06-18T10:30:33.000Z,https://www.reddit.com/r/delhi/comments/1u8y9tr/visiting_bbq_nation_for_the_first_time_this/oscrw94/,delhi
815.5623,t2_4b1jivg9,t1_osevsgq,theextracharacter,False,"That plus Palak Patta Chaat, it's pretty good","<div class=""md""><p>That plus Palak Patta Chaat, it&#39;s pretty good</p>
</div>",45,0.0,0.0,2026-07-22T16:28:32.439Z,comment,2.0,False,0,osevsgq,0.0,t1_osc86g0,comment,osevsgq,osc86g0,1u8y9tr,2qugx,t3_1u8y9tr,1,False,0.0012,False,t5_2qugx,0,8,1,2026-06-18T16:54:48.000Z,https://www.reddit.com/r/delhi/comments/1u8y9tr/visiting_bbq_nation_for_the_first_time_this/osevsgq/,delhi
824.2557,t2_kldyu0gv,t1_oscbllc,GreedyBread3860,False,Le sigh 🙄,"<div class=""md""><p>Le sigh 🙄</p>
</div>",10,0.0,0.0,2026-07-22T16:28:32.439Z,comment,3.0,False,0,oscbllc,0.0,t1_oscbcqu,comment,oscbllc,oscbcqu,1u8y9tr,2qugx,t3_1u8y9tr,5,False,0.0061,False,t5_2qugx,0,3,5,2026-06-18T08:13:12.000Z,https://www.reddit.com/r/delhi/comments/1u8y9tr/visiting_bbq_nation_for_the_first_time_this/oscbllc/,delhi
822.2676,t2_p9whagrq,t1_oscpl37,Titanious11,False,"I went to pirates of grill in patiala and oh boy it was the best buffet I've ever had, much better than barbeque nation ","<div class=""md""><p>I went to pirates of grill in patiala and oh boy it was the best buffet I&#39;ve ever had, much better than barbeque nation </p>
</div>",120,0.0,0.0,2026-07-22T16:28:32.439Z,comment,1.0,False,0,oscpl37,0.0,t1_osc1gmo,comment,oscpl37,osc1gmo,1u8y9tr,2qugx,t3_1u8y9tr,3,False,0.0036,False,t5_2qugx,0,24,3,2026-06-18T10:12:29.000Z,https://www.reddit.com/r/delhi/comments/1u8y9tr/visiting_bbq_nation_for_the_first_time_this/oscpl37/,delhi
2650.804,t2_1lpgw43bhf,t1_oe0snw2,amethystcoral1,False,Only starters I like at bbq nation,"<div class=""md""><p>Only starters I like at bbq nation</p>
</div>",34,0.0,0.0,2026-07-22T16:28:33.249Z,comment,0.0,False,0,oe0snw2,0.0,t3_1sb4x4t,post,oe0snw2,1sb4x4t,1sb4x4t,2jdthy,t3_1sb4x4t,64,False,0.0241,False,t5_2jdthy,0,7,64,2026-04-03T05:40:19.000Z,https://www.reddit.com/r/indiafood/comments/1sb4x4t/i_ate_at_bbq_nation_do_you_like_it/oe0snw2/,indiafood
2644.2265,t2_s7m2psu,t1_oe24mpf,tifosi7,False,Even that is shit in the last few years. Charred and poor quality.,"<div class=""md""><p>Even that is shit in the last few years. Charred and poor quality.</p>
</div>",66,0.0,0.0,2026-07-22T16:28:33.249Z,comment,1.0,False,0,oe24mpf,0.0,t1_oe0snw2,comment,oe24mpf,oe0snw2,1sb4x4t,2jdthy,t3_1sb4x4t,6,False,0.0023,False,t5_2jdthy,0,13,6,2026-04-03T12:14:58.000Z,https://www.reddit.com/r/indiafood/comments/1sb4x4t/i_ate_at_bbq_nation_do_you_like_it/oe24mpf/,indiafood
2647.2906,t2_297cmcbcs5,t1_oe1gsll,Gungun_26,False,Plated to perfection ✨,"<div class=""md""><p>Plated to perfection ✨</p>
</div>",22,0.0,0.0,2026-07-22T16:28:33.249Z,comment,1.0,False,0,oe1gsll,0.0,t1_oe0snw2,comment,oe1gsll,oe0snw2,1sb4x4t,2jdthy,t3_1sb4x4t,5,False,0.0019,False,t5_2jdthy,0,4,5,2026-04-03T09:11:07.000Z,https://www.reddit.com/r/indiafood/comments/1sb4x4t/i_ate_at_bbq_nation_do_you_like_it/oe1gsll/,indiafood
2643.9415,t2_1lpgw43bhf,t1_oe27e7k,amethystcoral1,False,Last time I had was 6 years ago,"<div class=""md""><p>Last time I had was 6 years ago</p>
</div>",31,0.0,0.0,2026-07-22T16:28:33.249Z,comment,2.0,False,0,oe27e7k,0.0,t1_oe24mpf,comment,oe27e7k,oe24mpf,1sb4x4t,2jdthy,t3_1sb4x4t,2,False,0.0008,False,t5_2jdthy,0,8,2,2026-04-03T12:32:04.000Z,https://www.reddit.com/r/indiafood/comments/1sb4x4t/i_ate_at_bbq_nation_do_you_like_it/oe27e7k/,indiafood
2650.8606,t2_1jplzqrp8e,t1_oe0s912,nzfx96,False,I asked mom. Mom asked price. We are making biryani at home now yaay.,"<div class=""md""><p>I asked mom. Mom asked price. We are making biryani at home now yaay.</p>
</div>",69,0.0,0.0,2026-07-22T16:28:33.249Z,comment,0.0,False,0,oe0s912,0.0,t3_1sb4x4t,post,oe0s912,1sb4x4t,1sb4x4t,2jdthy,t3_1sb4x4t,92,False,0.0347,False,t5_2jdthy,0,14,92,2026-04-03T05:36:55.000Z,https://www.reddit.com/r/indiafood/comments/1sb4x4t/i_ate_at_bbq_nation_do_you_like_it/oe0s912/,indiafood
2567.3498,t2_c6njkrg6,t1_oen9npd,AdFew8858,False,Plot twist. Your wanted to have mom's biryani all along.,"<div class=""md""><p>Plot twist. Your wanted to have mom&#39;s biryani all along.</p>
</div>",56,1.0,0.0,2026-07-22T16:28:33.249Z,comment,1.0,False,0,oen9npd,0.0,t1_oe0s912,comment,oen9npd,oe0s912,1sb4x4t,2jdthy,t3_1sb4x4t,3,False,0.0012,False,t5_2jdthy,0,10,3,2026-04-06T17:07:34.000Z,https://www.reddit.com/r/indiafood/comments/1sb4x4t/i_ate_at_bbq_nation_do_you_like_it/oen9npd/,indiafood
2649.5151,t2_1f063d1jb0,t1_oe11vgo,icecoldpd,False,It’s just ₹400 what’s the rate at your place,"<div class=""md""><p>It’s just ₹400 what’s the rate at your place </p>
</div>",45,0.0,1.0,2026-07-22T16:28:33.249Z,comment,1.0,False,0,oe11vgo,0.0,t1_oe0s912,comment,oe11vgo,oe0s912,1sb4x4t,2jdthy,t3_1sb4x4t,5,False,0.0019,False,t5_2jdthy,0,9,5,2026-04-03T06:57:39.000Z,https://www.reddit.com/r/indiafood/comments/1sb4x4t/i_ate_at_bbq_nation_do_you_like_it/oe11vgo/,indiafood
2567.3309,t2_1jplzqrp8e,t1_oen9wrk,nzfx96,False,😂😂😂😂😂,"<div class=""md""><p>😂😂😂😂😂</p>
</div>",10,0.0,0.0,2026-07-22T16:28:33.249Z,comment,2.0,False,0,oen9wrk,0.0,t1_oen9npd,comment,oen9wrk,oen9npd,1sb4x4t,2jdthy,t3_1sb4x4t,1,False,0.0004,False,t5_2jdthy,0,1,1,2026-04-06T17:08:42.000Z,https://www.reddit.com/r/indiafood/comments/1sb4x4t/i_ate_at_bbq_nation_do_you_like_it/oen9wrk/,indiafood
2649.3234,t2_1jplzqrp8e,t1_oe137yg,nzfx96,False,1100-1200,"<div class=""md""><p>1100-1200</p>
</div>",9,0.0,0.0,2026-07-22T16:28:33.249Z,comment,2.0,False,0,oe137yg,0.0,t1_oe11vgo,comment,oe137yg,oe11vgo,1sb4x4t,2jdthy,t3_1sb4x4t,20,False,0.0075,False,t5_2jdthy,0,1,20,2026-04-03T07:09:09.000Z,https://www.reddit.com/r/indiafood/comments/1sb4x4t/i_ate_at_bbq_nation_do_you_like_it/oe137yg/,indiafood
2645.914,t2_7u36a7ub,t1_oe1qenx,CLubbr3X,False,the fuck?? even on weekdays with 10+ people it's atleast minimum 700 per person.,"<div class=""md""><p>the fuck?? even on weekdays with 10+ people it&#39;s atleast minimum 700 per person.</p>
</div>",80,0.0,0.0,2026-07-22T16:28:33.250Z,comment,2.0,False,0,oe1qenx,0.0,t1_oe11vgo,comment,oe1qenx,oe11vgo,1sb4x4t,2jdthy,t3_1sb4x4t,9,False,0.0034,False,t5_2jdthy,0,14,9,2026-04-03T10:33:43.000Z,https://www.reddit.com/r/indiafood/comments/1sb4x4t/i_ate_at_bbq_nation_do_you_like_it/oe1qenx/,indiafood
1540.1669,,t2_kdhdn7bcb,anaaannya,False,"So it's awkward to say but i never ever went bbq nation. This time i am taking my mother on her bday.

She had wish for long time to go there and eat unlimited starters. She listened stories about this from her other friends and all.

That's why taking her there and it will be also 1st time for me. Now the questions:

I pre booked table through there app. Non veg option selected.

Yet i was seeing picture of MENU CARD with items and some are getting served grill oven on the table... isn't it buffet?

Like people go to the counter and take food on there own?

Or waiter also serves, if we select food from the menu and tell them to bring food?

Like what is the procedure after entering bbq nation..

also i am planning to request a cake for my mother, how much around extra cost will need?

please guide me... 🙏","<!-- SC_OFF --><div class=""md""><p>So it&#39;s awkward to say but i never ever went bbq nation. This time i am taking my mother on her bday.</p>

<p>She had wish for long time to go there and eat unlimited starters. She listened stories about this from her other friends and all.</p>

<p>That&#39;s why taking her there and it will be also 1st time for me. Now the questions:</p>

<p>I pre booked table through there app. Non veg option selected.</p>

<p>Yet i was seeing picture of MENU CARD with items and some are getting served grill oven on the table... isn&#39;t it buffet?</p>

<p>Like people go to the counter and take food on there own?</p>

<p>Or waiter also serves, if we select food from the menu and tell them to bring food?</p>

<p>Like what is the procedure after entering bbq nation..</p>

<p>also i am planning to request a cake for my mother, how much around extra cost will need?</p>

<p>please guide me... 🙏</p>
</div><!-- SC_ON -->",818,,,2026-07-22T16:28:34.844Z,post,,False,0,t3_1thl7uv,,,,kdhdn7bcb,,,,,26,False,0.0169,False,,0,173,26,2026-05-19T12:18:34.000Z,https://www.reddit.com/r/kolkata/comments/1thl7uv/will_go_1st_time_for_buffet_lunch_in_bbq_nation/,kolkata
1539.8508,t2_1zkpt0dm4c,t1_omnsj1i,Kitchen_King6123,False,"Congratulations and hope you enjoy the food a lot. Here are few points to follow:

* Do not drink water or soda too much during starters, if needed just a sip.

* Eat slowly, you have 2 hours. That way you can relish, flavour it and not feel full quickly.

* Skip oily items like fried potato, or friend corn. Makes you thirsty.

* Once starters are done, take rest for 5-6 minutes and check all the available options in main course.

* For main course, skip salads (you can have it at home), chutney, mayonnaise, again they fill you up or thirsty.

* Always save room for Kulfi and Mini Gulab Jamoon.

* Take pictures and enjoy the moment.


Get a reservation before you visit.
After you enter, tell the name by whom the reservation is done.
The waiter will take you to your table.
They will ask whether it is veg/non-veg option.
Then they will bring the grill for starters.
Once starters are done, you say it when you are done or else they will keep bringing.","<div class=""md""><p>Congratulations and hope you enjoy the food a lot. Here are few points to follow:</p>

<ul>
<li><p>Do not drink water or soda too much during starters, if needed just a sip.</p></li>
<li><p>Eat slowly, you have 2 hours. That way you can relish, flavour it and not feel full quickly.</p></li>
<li><p>Skip oily items like fried potato, or friend corn. Makes you thirsty.</p></li>
<li><p>Once starters are done, take rest for 5-6 minutes and check all the available options in main course.</p></li>
<li><p>For main course, skip salads (you can have it at home), chutney, mayonnaise, again they fill you up or thirsty.</p></li>
<li><p>Always save room for Kulfi and Mini Gulab Jamoon.</p></li>
<li><p>Take pictures and enjoy the moment.</p></li>
</ul>

<p>Get a reservation before you visit.
After you enter, tell the name by whom the reservation is done.
The waiter will take you to your table.
They will ask whether it is veg/non-veg option.
Then they will bring the grill for starters.
Once starters are done, you say it when you are done or else they will keep bringing.</p>
</div>",961,0.0,0.0,2026-07-22T16:28:34.844Z,comment,0.0,False,0,omnsj1i,0.0,t3_1thl7uv,post,omnsj1i,1thl7uv,1thl7uv,2rtg9,t3_1thl7uv,34,False,0.0221,False,t5_2rtg9,0,179,34,2026-05-19T12:37:32.000Z,https://www.reddit.com/r/kolkata/comments/1thl7uv/will_go_1st_time_for_buffet_lunch_in_bbq_nation/omnsj1i/,kolkata
1532.5208,t2_kdhdn7bcb,t1_omqfk7f,anaaannya,False,Thank you for the advice... i already booked a table using bbq nation app. 🖤,"<div class=""md""><p>Thank you for the advice... i already booked a table using bbq nation app. 🖤</p>
</div>",77,0.0,0.0,2026-07-22T16:28:34.844Z,comment,1.0,False,0,omqfk7f,1.0,t1_omnsj1i,comment,omqfk7f,omnsj1i,1thl7uv,2rtg9,t3_1thl7uv,2,False,0.0013,False,t5_2rtg9,0,15,2,2026-05-19T19:57:20.000Z,https://www.reddit.com/r/kolkata/comments/1thl7uv/will_go_1st_time_for_buffet_lunch_in_bbq_nation/omqfk7f/,kolkata
1499.7597,t2_1zkpt0dm4c,t1_omzzdtf,Kitchen_King6123,False,Excellent! Enjoy and have a great time.,"<div class=""md""><p>Excellent! Enjoy and have a great time.</p>
</div>",39,0.0,0.0,2026-07-22T16:28:34.844Z,comment,2.0,False,0,omzzdtf,0.0,t1_omqfk7f,comment,omzzdtf,omqfk7f,1thl7uv,2rtg9,t3_1thl7uv,1,False,0.0007,False,t5_2rtg9,0,7,1,2026-05-21T04:43:00.000Z,https://www.reddit.com/r/kolkata/comments/1thl7uv/will_go_1st_time_for_buffet_lunch_in_bbq_nation/omzzdtf/,kolkata
1532.5425,t2_kdhdn7bcb,t1_omqfa1j,anaaannya,False,Will keep that in my mind! Thank you🖤,"<div class=""md""><p>Will keep that in my mind! Thank you🖤</p>
</div>",38,0.0,0.0,2026-07-22T16:28:34.844Z,comment,1.0,False,0,omqfa1j,1.0,t1_omnu1bj,comment,omqfa1j,omnu1bj,1thl7uv,2rtg9,t3_1thl7uv,2,False,0.0013,False,t5_2rtg9,0,8,2,2026-05-19T19:56:02.000Z,https://www.reddit.com/r/kolkata/comments/1thl7uv/will_go_1st_time_for_buffet_lunch_in_bbq_nation/omqfa1j/,kolkata
1539.6233,t2_29avtpjeji,t1_omnuzc6,Saambajarer-Sosibabu,False,"Yes, that's the concept of Barbeque Nation, you will have a live grill inserted to your table and they will serve meat and veggies like 90% done on that and then you can grill the last 10% on your own on the table. They will have different condiments like butter, oil, etc along with a brush, you can brush them over the meat and turn the skewers and grill them to your liking and eat them. All cutlery is provided to get the meat off the skewers. Since you've chosen non veg, majority of people go mostly for the prawn but I would suggest try everything because if you choose non veg, they will also serve the vegetarian dishes as well if you ask them. Definitely try the cajun potatoes and grilled pineapples, ask them if they are not serving, they will serve that to you. 

People usually tend to overeat the grills a lot and then have no space for the mains and desserts. Since this is your first time, keep space for everything and try everything. They have a good spread of mains and even better spread of desserts and since this is Kolkata I can expect nothing but delicious food in every course. Also don't forget the grills are unlimited so keep asking for refills as per your requirement.

Also, since live grills will be inserted to the table, there will be a lot of smoke around which might sometimes become uncomfortable so try not keeping meat too long on the grill, it will get hard and produce smoke as it chars. Once you are done with the grills and want to move on to the mains, you will see a small flag next to the grill, you just need to pull it down to indicate that you are done with grills, they will immediately take the grill away and cover the slot which will give respite from the smoke while you're eating rest of the food. 

And since you said you're taking your mom on her birthday, inform it to the staff while keeping it secret from your mom, they will come with a small cake and sing Happy Birthday to your mom. It's for free. Hope you have a great time with your parents, just enjoy without any stress! :)

Damn now even I want to eat at BBQ Nation, been ages! Unfortunately I no longer have the yeh jawaani hai deewani stomach with me anymore 😭","<div class=""md""><p>Yes, that&#39;s the concept of Barbeque Nation, you will have a live grill inserted to your table and they will serve meat and veggies like 90% done on that and then you can grill the last 10% on your own on the table. They will have different condiments like butter, oil, etc along with a brush, you can brush them over the meat and turn the skewers and grill them to your liking and eat them. All cutlery is provided to get the meat off the skewers. Since you&#39;ve chosen non veg, majority of people go mostly for the prawn but I would suggest try everything because if you choose non veg, they will also serve the vegetarian dishes as well if you ask them. Definitely try the cajun potatoes and grilled pineapples, ask them if they are not serving, they will serve that to you. </p>

<p>People usually tend to overeat the grills a lot and then have no space for the mains and desserts. Since this is your first time, keep space for everything and try everything. They have a good spread of mains and even better spread of desserts and since this is Kolkata I can expect nothing but delicious food in every course. Also don&#39;t forget the grills are unlimited so keep asking for refills as per your requirement.</p>

<p>Also, since live grills will be inserted to the table, there will be a lot of smoke around which might sometimes become uncomfortable so try not keeping meat too long on the grill, it will get hard and produce smoke as it chars. Once you are done with the grills and want to move on to the mains, you will see a small flag next to the grill, you just need to pull it down to indicate that you are done with grills, they will immediately take the grill away and cover the slot which will give respite from the smoke while you&#39;re eating rest of the food. </p>

<p>And since you said you&#39;re taking your mom on her birthday, inform it to the staff while keeping it secret from your mom, they will come with a small cake and sing Happy Birthday to your mom. It&#39;s for free. Hope you have a great time with your parents, just enjoy without any stress! :)</p>

<p>Damn now even I want to eat at BBQ Nation, been ages! Unfortunately I no longer have the yeh jawaani hai deewani stomach with me anymore 😭</p>
</div>",2181,0.0,0.0,2026-07-22T16:28:34.844Z,comment,0.0,False,0,omnuzc6,0.0,t3_1thl7uv,post,omnuzc6,1thl7uv,1thl7uv,2rtg9,t3_1thl7uv,4,False,0.0026,False,t5_2rtg9,0,412,4,2026-05-19T12:51:11.000Z,https://www.reddit.com/r/kolkata/comments/1thl7uv/will_go_1st_time_for_buffet_lunch_in_bbq_nation/omnuzc6/,kolkata
1532.5758,t2_kdhdn7bcb,t1_omqett6,anaaannya,False,Thank you for this elaborate comment 🖤... your comment totally cleared my all worries and queries fully!,"<div class=""md""><p>Thank you for this elaborate comment 🖤... your comment totally cleared my all worries and queries fully!</p>
</div>",105,0.0,0.0,2026-07-22T16:28:34.844Z,comment,1.0,False,0,omqett6,1.0,t1_omnuzc6,comment,omqett6,omnuzc6,1thl7uv,2rtg9,t3_1thl7uv,2,False,0.0013,False,t5_2rtg9,0,17,2,2026-05-19T19:54:02.000Z,https://www.reddit.com/r/kolkata/comments/1thl7uv/will_go_1st_time_for_buffet_lunch_in_bbq_nation/omqett6/,kolkata
866.3046,,t2_ge57qqi3x,Excellent-Pie-3846,False,What's the difference between both these offers?? Any change in food?,"<!-- SC_OFF --><div class=""md""><p>What&#39;s the difference between both these offers?? Any change in food? </p>
</div><!-- SC_ON -->",70,,,2026-07-22T16:28:35.546Z,post,,False,0,t3_1u7enp6,,,,ge57qqi3x,,,,,0,False,0.0,False,,0,14,0,2026-06-16T14:10:19.000Z,https://www.reddit.com/r/mumbai/comments/1u7enp6/bbq_nation_doubt/,mumbai
863.0529,t2_2sq6fhfa,t1_os0tybb,SIPHAN_official,False,"As the description says, the first and more expensive option has starters, main course and dessert included. The second option only gives you access to starters and dessert, that's why it is cheaper. ","<div class=""md""><p>As the description says, the first and more expensive option has starters, main course and dessert included. The second option only gives you access to starters and dessert, that&#39;s why it is cheaper. </p>
</div>",200,0.0,0.0,2026-07-22T16:28:35.546Z,comment,0.0,False,0,os0tybb,0.0,t3_1u7enp6,post,os0tybb,1u7enp6,1u7enp6,2qp4r,t3_1u7enp6,3,False,0.0035,False,t5_2qp4r,0,33,3,2026-06-16T17:25:25.000Z,https://www.reddit.com/r/mumbai/comments/1u7enp6/bbq_nation_doubt/os0tybb/,mumbai
851.1621,t2_h6vshhv9,t1_os4mp2e,Moist-Falcon-1189,False,Which app is this?,"<div class=""md""><p>Which app is this? </p>
</div>",19,0.0,0.0,2026-07-22T16:28:35.546Z,comment,0.0,False,0,os4mp2e,0.0,t3_1u7enp6,post,os4mp2e,1u7enp6,1u7enp6,2qp4r,t3_1u7enp6,1,False,0.0012,False,t5_2qp4r,0,4,1,2026-06-17T05:18:52.000Z,https://www.reddit.com/r/mumbai/comments/1u7enp6/bbq_nation_doubt/os4mp2e/,mumbai
811.1763,t2_m0cvn8ua,t1_osgj3t6,santrupt1994,False,"799 includes starters, main course and dessert and 479 including starter and dessert only and also is for lunch slots only.","<div class=""md""><p>799 includes starters, main course and dessert and 479 including starter and dessert only and also is for lunch slots only.</p>
</div>",123,0.0,0.0,2026-07-22T16:28:35.546Z,comment,0.0,False,0,osgj3t6,0.0,t3_1u7enp6,post,osgj3t6,1u7enp6,1u7enp6,2qp4r,t3_1u7enp6,1,False,0.0012,False,t5_2qp4r,0,21,1,2026-06-18T21:18:01.000Z,https://www.reddit.com/r/mumbai/comments/1u7enp6/bbq_nation_doubt/osgj3t6/,mumbai
780.3793,t2_ce0by2be3,t1_ospe46j,Due-Order5501,False,"Go for cheaper options , bbq nation starters are must. We used to only have them and they are worth it .","<div class=""md""><p>Go for cheaper options , bbq nation starters are must. We used to only have them and they are worth it .</p>
</div>",104,0.0,0.0,2026-07-22T16:28:35.546Z,comment,0.0,False,0,ospe46j,0.0,t3_1u7enp6,post,ospe46j,1u7enp6,1u7enp6,2qp4r,t3_1u7enp6,1,False,0.0013,False,t5_2qp4r,0,22,1,2026-06-20T04:05:50.000Z,https://www.reddit.com/r/mumbai/comments/1u7enp6/bbq_nation_doubt/ospe46j/,mumbai
872.8913,t2_2k1i7o6p,t1_orxy4u8,HumanWithResources,False,Looks like there's no main course in Big Buffet.,"<div class=""md""><p>Looks like there&#39;s no main course in Big Buffet. </p>
</div>",49,0.0,0.0,2026-07-22T16:28:35.638Z,comment,0.0,False,0,orxy4u8,0.0,t3_1u76my9,post,orxy4u8,1u76my9,1u76my9,2jdthy,t3_1u76my9,9,False,0.0103,False,t5_2jdthy,0,9,9,2026-06-16T07:35:07.000Z,https://www.reddit.com/r/indiafood/comments/1u76my9/i_ate_bbq_nation_doubt_whats_the_difference/orxy4u8/,indiafood
871.2491,t2_9aphn3gap,t1_ory9bk5,Far09_,False,Non veg buffet = veg buffet + non veg starters + non-veg main courses,"<div class=""md""><p>Non veg buffet = veg buffet + non veg starters + non-veg main courses</p>
</div>",69,0.0,0.0,2026-07-22T16:28:35.638Z,comment,0.0,False,0,ory9bk5,0.0,t3_1u76my9,post,ory9bk5,1u76my9,1u76my9,2jdthy,t3_1u76my9,1,False,0.0011,False,t5_2jdthy,0,14,1,2026-06-16T09:13:39.000Z,https://www.reddit.com/r/indiafood/comments/1u76my9/i_ate_bbq_nation_doubt_whats_the_difference/ory9bk5/,indiafood
866.276,t2_ge57qqi3x,t1_orzlrh3,Excellent-Pie-3846,False,U are talking about the 799 one? So what about the 479 one?,"<div class=""md""><p>U are talking about the 799 one? So what about the 479 one? </p>
</div>",60,0.0,0.0,2026-07-22T16:28:35.638Z,comment,1.0,False,0,orzlrh3,1.0,t1_ory9bk5,comment,orzlrh3,ory9bk5,1u76my9,2jdthy,t3_1u76my9,1,False,0.0012,False,t5_2jdthy,0,13,1,2026-06-16T14:12:02.000Z,https://www.reddit.com/r/indiafood/comments/1u76my9/i_ate_bbq_nation_doubt_whats_the_difference/orzlrh3/,indiafood
861.2568,t2_9aphn3gap,t1_os1ir85,Far09_,False,"479 just has non-veg starters, main and dessert, nothing for grilling (and the protein is chicken, no prawns)","<div class=""md""><p>479 just has non-veg starters, main and dessert, nothing for grilling (and the protein is chicken, no prawns)</p>
</div>",109,0.0,0.0,2026-07-22T16:28:35.638Z,comment,2.0,False,0,os1ir85,0.0,t1_orzlrh3,comment,os1ir85,orzlrh3,1u76my9,2jdthy,t3_1u76my9,1,False,0.0012,False,t5_2jdthy,0,18,1,2026-06-16T19:13:11.000Z,https://www.reddit.com/r/indiafood/comments/1u76my9/i_ate_bbq_nation_doubt_whats_the_difference/os1ir85/,indiafood
864.4566,t2_9n5n5rst,t1_os0ad8z,Successful_South6877,False,"The 479 one will not have grill section. Only starters that'll be served and main course as buffet. No prawns and mutton. (My experience in Thrissur, Kerala)","<div class=""md""><p>The 479 one will not have grill section. Only starters that&#39;ll be served and main course as buffet. No prawns and mutton. (My experience in Thrissur, Kerala)</p>
</div>",157,1.0,0.0,2026-07-22T16:28:35.638Z,comment,0.0,False,0,os0ad8z,0.0,t3_1u76my9,post,os0ad8z,1u76my9,1u76my9,2jdthy,t3_1u76my9,1,False,0.0012,False,t5_2jdthy,0,27,1,2026-06-16T16:01:12.000Z,https://www.reddit.com/r/indiafood/comments/1u76my9/i_ate_bbq_nation_doubt_whats_the_difference/os0ad8z/,indiafood
838.2341,t2_2dn5dnefle,t1_os8alvy,BigConclusion8436,False,450 has no grills. And they only serve chicken starters like wings and tangdi both bone in and a fish starter called fish fingers. For veg paneer tikka.,"<div class=""md""><p>450 has no grills. And they only serve chicken starters like wings and tangdi both bone in and a fish starter called fish fingers. For veg paneer tikka.</p>
</div>",152,1.0,0.0,2026-07-22T16:28:35.638Z,comment,0.0,False,0,os8alvy,0.0,t3_1u76my9,post,os8alvy,1u76my9,1u76my9,2jdthy,t3_1u76my9,1,False,0.0012,False,t5_2jdthy,0,28,1,2026-06-17T18:14:33.000Z,https://www.reddit.com/r/indiafood/comments/1u76my9/i_ate_bbq_nation_doubt_whats_the_difference/os8alvy/,indiafood
18024.7853,t2_82w8o0r7,t1_lb538tl,sarumanismyboi,False,"How I eat at a BBQ Nation -

65% Starters \
20% Desserts \
10% Main Course\
5% Live Counter (Pasta etc.)

Edit - Added live counter.","<div class=""md""><p>How I eat at a BBQ Nation -</p>

<p>65% Starters \
20% Desserts \
10% Main Course\
5% Live Counter (Pasta etc.)</p>

<p>Edit - Added live counter.</p>
</div>",132,0.0,0.0,2026-07-22T16:28:37.240Z,comment,0.0,True,0,lb538tl,0.0,t3_1dsv713,post,lb538tl,1dsv713,1dsv713,2jdthy,t3_1dsv713,58,False,0.0032,False,t5_2jdthy,0,27,58,2024-07-01T15:41:30.000Z,https://www.reddit.com/r/indiafood/comments/1dsv713/i_ate_at_bbq_nation/lb538tl/,indiafood
18022.2703,t2_733wg1o6,t1_lb5v4ua,Putin_Does_Russia,False,100% starters anyone ?,"<div class=""md""><p>100% starters anyone ?</p>
</div>",22,0.0,0.0,2026-07-22T16:28:37.240Z,comment,1.0,False,0,lb5v4ua,0.0,t1_lb538tl,comment,lb5v4ua,lb538tl,1dsv713,2jdthy,t3_1dsv713,16,False,0.0009,False,t5_2jdthy,0,4,16,2024-07-01T18:12:24.000Z,https://www.reddit.com/r/indiafood/comments/1dsv713/i_ate_at_bbq_nation/lb5v4ua/,indiafood
18018.9892,t2_3v1m5,t1_lb6vf7v,El_Impresionante,False,Yup! OP is a noob.,"<div class=""md""><p>Yup! OP is a noob.</p>
</div>",18,0.0,0.0,2026-07-22T16:28:37.240Z,comment,1.0,False,0,lb6vf7v,0.0,t1_lb538tl,comment,lb6vf7v,lb538tl,1dsv713,2jdthy,t3_1dsv713,6,False,0.0003,False,t5_2jdthy,0,5,6,2024-07-01T21:29:16.000Z,https://www.reddit.com/r/indiafood/comments/1dsv713/i_ate_at_bbq_nation/lb6vf7v/,indiafood
18010.3192,t2_12gxjd52dm,t1_lb8wk8d,Simran__Kaur,False,So truee lol. They want you to do this,"<div class=""md""><p>So truee lol. They want you to do this</p>
</div>",38,0.0,0.0,2026-07-22T16:28:37.240Z,comment,1.0,False,0,lb8wk8d,0.0,t1_lb538tl,comment,lb8wk8d,lb538tl,1dsv713,2jdthy,t3_1dsv713,1,False,0.0001,False,t5_2jdthy,0,9,1,2024-07-02T06:09:28.000Z,https://www.reddit.com/r/indiafood/comments/1dsv713/i_ate_at_bbq_nation/lb8wk8d/,indiafood
17999.7462,t2_j778aklr,t1_lbb2yzi,Vast_Researcher_199,False,I fully chuck the main course :DD,"<div class=""md""><p>I fully chuck the main course :DD</p>
</div>",33,0.0,0.0,2026-07-22T16:28:37.240Z,comment,1.0,False,0,lbb2yzi,0.0,t1_lb538tl,comment,lbb2yzi,lb538tl,1dsv713,2jdthy,t3_1dsv713,1,False,0.0001,False,t5_2jdthy,0,7,1,2024-07-02T16:43:51.000Z,https://www.reddit.com/r/indiafood/comments/1dsv713/i_ate_at_bbq_nation/lbb2yzi/,indiafood
18023.9556,t2_p7ktjw096,t1_lb5cawx,awkward_neuron,False,😭👍🏼,"<div class=""md""><p>😭👍🏼</p>
</div>",6,0.0,0.0,2026-07-22T16:28:37.240Z,comment,1.0,False,0,lb5cawx,1.0,t1_lb538tl,comment,lb5cawx,lb538tl,1dsv713,2jdthy,t3_1dsv713,0,False,0.0,False,t5_2jdthy,0,1,0,2024-07-01T16:31:17.000Z,https://www.reddit.com/r/indiafood/comments/1dsv713/i_ate_at_bbq_nation/lb5cawx/,indiafood
18012.9028,t2_tazwygug1,t1_lb8fi53,AggressiveScience470,False,Me ✋🏼 I only have that corn and move on to starters.,"<div class=""md""><p>Me ✋🏼 I only have that corn and move on to starters.</p>
</div>",53,1.0,0.0,2026-07-22T16:28:37.240Z,comment,2.0,False,0,lb8fi53,0.0,t1_lb5v4ua,comment,lb8fi53,lb5v4ua,1dsv713,2jdthy,t3_1dsv713,5,False,0.0003,False,t5_2jdthy,0,12,5,2024-07-02T03:34:27.000Z,https://www.reddit.com/r/indiafood/comments/1dsv713/i_ate_at_bbq_nation/lb8fi53/,indiafood
17999.749,t2_j778aklr,t1_lbb2xtn,Vast_Researcher_199,False,MEEE!!!,"<div class=""md""><p>MEEE!!!</p>
</div>",7,0.0,0.0,2026-07-22T16:28:37.240Z,comment,2.0,False,0,lbb2xtn,0.0,t1_lb5v4ua,comment,lbb2xtn,lb5v4ua,1dsv713,2jdthy,t3_1dsv713,1,False,0.0001,False,t5_2jdthy,0,1,1,2024-07-02T16:43:41.000Z,https://www.reddit.com/r/indiafood/comments/1dsv713/i_ate_at_bbq_nation/lbb2xtn/,indiafood
18024.9001,t2_137f7vuvy8,t1_lb52069,sulkyduckie,False,No offence but I hate those pani puri 😭,"<div class=""md""><p>No offence but I hate those pani puri 😭</p>
</div>",40,0.0,0.0,2026-07-22T16:28:37.240Z,comment,0.0,False,0,lb52069,0.0,t3_1dsv713,post,lb52069,1dsv713,1dsv713,2jdthy,t3_1dsv713,26,False,0.0014,False,t5_2jdthy,0,9,26,2024-07-01T15:34:37.000Z,https://www.reddit.com/r/indiafood/comments/1dsv713/i_ate_at_bbq_nation/lb52069/,indiafood
18023.9506,t2_p7ktjw096,t1_lb5ccxo,awkward_neuron,False,yeah even i didn’t like those much,"<div class=""md""><p>yeah even i didn’t like those much</p>
</div>",34,0.0,0.0,2026-07-22T16:28:37.240Z,comment,1.0,False,0,lb5ccxo,1.0,t1_lb52069,comment,lb5ccxo,lb52069,1dsv713,2jdthy,t3_1dsv713,3,False,0.0002,False,t5_2jdthy,0,7,3,2024-07-01T16:31:35.000Z,https://www.reddit.com/r/indiafood/comments/1dsv713/i_ate_at_bbq_nation/lb5ccxo/,indiafood
576.381,t2_6l4z3,t1_ouc1dp6,AutoModerator,True,"**Mirrors / Alternative Angles**
  

*I am a bot, and this action was performed automatically. Please [contact the moderators of this subreddit](/message/compose/?to=/r/soccer) if you have any questions or concerns.*","<div class=""md""><p><strong>Mirrors / Alternative Angles</strong></p>

<p><em>I am a bot, and this action was performed automatically. Please <a href=""/message/compose/?to=/r/soccer"">contact the moderators of this subreddit</a> if you have any questions or concerns.</em></p>
</div>",216,0.0,0.0,2026-07-22T16:28:37.448Z,comment,0.0,False,0,ouc1dp6,0.0,t3_1ui150d,post,ouc1dp6,1ui150d,1ui150d,2qi58,t3_1ui150d,1,True,0.0017,True,t5_2qi58,0,28,1,2026-06-28T16:05:46.000Z,https://www.reddit.com/r/soccer/comments/1ui150d/no_entry_for_hong_myungbo_signs_at_the_entrances/ouc1dp6/,soccer
14361.8273,t2_i7qa9h2m,t1_lzu4rwa,Capable_Seaweed_5866,False,Bhai woh Vegetarian hai,"<div class=""md""><p>Bhai woh Vegetarian hai</p>
</div>",23,0.0,0.0,2026-07-22T16:28:38.243Z,comment,1.0,False,0,lzu4rwa,0.0,t1_lzu028y,comment,lzu4rwa,lzu028y,1h3w44q,2qp7h,t3_1h3w44q,67,False,0.0047,False,t5_2qp7h,0,4,67,2024-12-01T06:39:00.000Z,https://www.reddit.com/r/indiasocial/comments/1h3w44q/two_of_the_best_things_at_bbq_nation/lzu4rwa/,indiasocial
14358.704,,t1_lzum3km,[deleted],False,Bbq's gravy dont taste good bhai. Have tried at multiple bbq's but their gravys are poor. It's just their starters (specially non veg) and deserts probably to some extent.,"<div class=""md""><p>Bbq&#39;s gravy dont taste good bhai. Have tried at multiple bbq&#39;s but their gravys are poor. It&#39;s just their starters (specially non veg) and deserts probably to some extent.</p>
</div>",171,0.0,0.0,2026-07-22T16:28:38.243Z,comment,1.0,False,0,lzum3km,0.0,t1_lzu028y,comment,lzum3km,lzu028y,1h3w44q,2qp7h,t3_1h3w44q,5,False,0.0003,False,t5_2qp7h,0,29,5,2024-12-01T09:46:24.000Z,https://www.reddit.com/r/indiasocial/comments/1h3w44q/two_of_the_best_things_at_bbq_nation/lzum3km/,indiasocial
14345.0798,t2_24mlbpbw,t1_lzy8eyc,RegentDragoon0,False,"Mutton,chicken ❌

Prawns ✅","<div class=""md""><p>Mutton,chicken ❌</p>

<p>Prawns ✅</p>
</div>",26,0.0,0.0,2026-07-22T16:28:38.243Z,comment,1.0,False,0,lzy8eyc,0.0,t1_lzu028y,comment,lzy8eyc,lzu028y,1h3w44q,2qp7h,t3_1h3w44q,2,False,0.0001,False,t5_2qp7h,0,4,2,2024-12-01T23:23:51.000Z,https://www.reddit.com/r/indiasocial/comments/1h3w44q/two_of_the_best_things_at_bbq_nation/lzy8eyc/,indiasocial
14361.7715,t2_6k5m9f8a,t1_lzu54cw,z35u,False,"Sorry OP. 

PR Bhai veg ho kr bbq nation jaana hi kyun, faltu ka paise barbaad fir toh","<div class=""md""><p>Sorry OP. </p>

<p>PR Bhai veg ho kr bbq nation jaana hi kyun, faltu ka paise barbaad fir toh</p>
</div>",86,0.0,0.0,2026-07-22T16:28:38.243Z,comment,2.0,False,0,lzu54cw,0.0,t1_lzu4rwa,comment,lzu54cw,lzu4rwa,1h3w44q,2qp7h,t3_1h3w44q,87,False,0.0061,False,t5_2qp7h,0,18,87,2024-12-01T06:42:21.000Z,https://www.reddit.com/r/indiasocial/comments/1h3w44q/two_of_the_best_things_at_bbq_nation/lzu54cw/,indiasocial
2650.7825,t2_1zfjjejzmu,t1_oe0stug,nochill1702,False,"The only thing I go to eat is the prawns, chicken legs. Starters pe paisa vasool kar leta hoon, main course ke liye pet me jagah nahi rehta ","<div class=""md""><p>The only thing I go to eat is the prawns, chicken legs. Starters pe paisa vasool kar leta hoon, main course ke liye pet me jagah nahi rehta </p>
</div>",140,0.0,0.0,2026-07-22T16:28:38.852Z,comment,0.0,False,0,oe0stug,0.0,t3_1sb4vpv,post,oe0stug,1sb4vpv,1sb4vpv,cjw3um,t3_1sb4vpv,86,False,0.0324,False,t5_cjw3um,0,28,86,2026-04-03T05:41:42.000Z,https://www.reddit.com/r/Aajmainekhaya/comments/1sb4vpv/do_you_like_bbq_nation/oe0stug/,Aajmainekhaya
2650.4458,t2_2a5xfxm1q8,t1_oe0va6n,Brief_Atmosphere5359,False,main course me wo baat bhi nhi hoti,"<div class=""md""><p>main course me wo baat bhi nhi hoti</p>
</div>",35,0.0,0.0,2026-07-22T16:28:38.852Z,comment,1.0,False,0,oe0va6n,0.0,t1_oe0stug,comment,oe0va6n,oe0stug,1sb4vpv,cjw3um,t3_1sb4vpv,36,False,0.0136,False,t5_cjw3um,0,8,36,2026-04-03T06:01:54.000Z,https://www.reddit.com/r/Aajmainekhaya/comments/1sb4vpv/do_you_like_bbq_nation/oe0va6n/,Aajmainekhaya
2575.8344,t2_93l4i17ws,t1_oekw5k1,KARNIVOREX,False,Mera bhai he tu 😆,"<div class=""md""><p>Mera bhai he tu 😆</p>
</div>",18,0.0,0.0,2026-07-22T16:28:38.852Z,comment,1.0,False,0,oekw5k1,0.0,t1_oe0stug,comment,oekw5k1,oe0stug,1sb4vpv,cjw3um,t3_1sb4vpv,2,False,0.0008,False,t5_cjw3um,0,5,2,2026-04-06T08:38:35.000Z,https://www.reddit.com/r/Aajmainekhaya/comments/1sb4vpv/do_you_like_bbq_nation/oekw5k1/,Aajmainekhaya
2547.0486,t2_3960a3zp,t1_oesrvz5,thydonmoccome,False,You the guy,"<div class=""md""><p>You the guy</p>
</div>",11,0.0,0.0,2026-07-22T16:28:38.852Z,comment,1.0,False,0,oesrvz5,0.0,t1_oe0stug,comment,oesrvz5,oe0stug,1sb4vpv,cjw3um,t3_1sb4vpv,2,False,0.0008,False,t5_cjw3um,0,3,2,2026-04-07T13:25:44.000Z,https://www.reddit.com/r/Aajmainekhaya/comments/1sb4vpv/do_you_like_bbq_nation/oesrvz5/,Aajmainekhaya
2650.4766,t2_9nc16its,t1_oe0v24f,Superb-Elevator-350,False,And two servings of desert 😂,"<div class=""md""><p>And two servings of desert 😂</p>
</div>",29,0.0,0.0,2026-07-22T16:28:38.852Z,comment,1.0,False,0,oe0v24f,0.0,t1_oe0stug,comment,oe0v24f,oe0stug,1sb4vpv,cjw3um,t3_1sb4vpv,1,False,0.0004,False,t5_cjw3um,0,6,1,2026-04-03T06:00:03.000Z,https://www.reddit.com/r/Aajmainekhaya/comments/1sb4vpv/do_you_like_bbq_nation/oe0v24f/,Aajmainekhaya
2642.9488,t2_1zkhzijswc,t1_oe2i1hc,fareed1903,False,"Bilkul sahi kaha bhai, the grilled starters are so tasty and make your stomach full that main course ke liye jagah nahi bachti, prawns and chicken is lip smacking! ","<div class=""md""><p>Bilkul sahi kaha bhai, the grilled starters are so tasty and make your stomach full that main course ke liye jagah nahi bachti, prawns and chicken is lip smacking! </p>
</div>",164,0.0,0.0,2026-07-22T16:28:38.852Z,comment,1.0,False,0,oe2i1hc,0.0,t1_oe0stug,comment,oe2i1hc,oe0stug,1sb4vpv,cjw3um,t3_1sb4vpv,1,False,0.0004,False,t5_cjw3um,0,29,1,2026-04-03T13:31:43.000Z,https://www.reddit.com/r/Aajmainekhaya/comments/1sb4vpv/do_you_like_bbq_nation/oe2i1hc/,Aajmainekhaya
2485.0319,t2_51hrzts8,t1_ofbdri2,Innocuous_salt,False,"Exactly… the mains and desserts are a let down.

I also only eat the non veg skewers and they keep trying to send other starters to your table to fill you up. I will admit that i like the grilled pineapple.","<div class=""md""><p>Exactly… the mains and desserts are a let down.</p>

<p>I also only eat the non veg skewers and they keep trying to send other starters to your table to fill you up. I will admit that i like the grilled pineapple.</p>
</div>",206,0.0,0.0,2026-07-22T16:28:38.852Z,comment,1.0,False,0,ofbdri2,0.0,t1_oe0stug,comment,ofbdri2,oe0stug,1sb4vpv,cjw3um,t3_1sb4vpv,1,False,0.0004,False,t5_cjw3um,0,41,1,2026-04-10T03:26:44.000Z,https://www.reddit.com/r/Aajmainekhaya/comments/1sb4vpv/do_you_like_bbq_nation/ofbdri2/,Aajmainekhaya
2650.4702,t2_1p80fg26d6,t1_oe0v3r4,Rich-Apartment4876,False,and you fell for their propaganda,"<div class=""md""><p>and you fell for their propaganda</p>
</div>",33,1.0,0.0,2026-07-22T16:28:38.852Z,comment,1.0,False,0,oe0v3r4,0.0,t1_oe0stug,comment,oe0v3r4,oe0stug,1sb4vpv,cjw3um,t3_1sb4vpv,-16,False,-0.006,False,t5_cjw3um,0,6,-16,2026-04-03T06:00:26.000Z,https://www.reddit.com/r/Aajmainekhaya/comments/1sb4vpv/do_you_like_bbq_nation/oe0v3r4/,Aajmainekhaya
2645.0,t2_v805g8ha,t1_oe1xpf4,opssiee,False,i feel like ki pet itna bhar jaata hai ki main course ka mann hi nahi karta...,"<div class=""md""><p>i feel like ki pet itna bhar jaata hai ki main course ka mann hi nahi karta...</p>
</div>",78,0.0,0.0,2026-07-22T16:28:38.852Z,comment,2.0,False,0,oe1xpf4,0.0,t1_oe0va6n,comment,oe1xpf4,oe0va6n,1sb4vpv,cjw3um,t3_1sb4vpv,3,False,0.0011,False,t5_cjw3um,0,17,3,2026-04-03T11:28:39.000Z,https://www.reddit.com/r/Aajmainekhaya/comments/1sb4vpv/do_you_like_bbq_nation/oe1xpf4/,Aajmainekhaya
2643.9494,t2_2a5xfxm1q8,t1_oe27by5,Brief_Atmosphere5359,False,still main course is like formality k liye,"<div class=""md""><p>still main course is like formality k liye </p>
</div>",43,0.0,0.0,2026-07-22T16:28:38.852Z,comment,3.0,False,0,oe27by5,0.0,t1_oe1xpf4,comment,oe27by5,oe1xpf4,1sb4vpv,cjw3um,t3_1sb4vpv,3,False,0.0011,False,t5_cjw3um,0,8,3,2026-04-03T12:31:41.000Z,https://www.reddit.com/r/Aajmainekhaya/comments/1sb4vpv/do_you_like_bbq_nation/oe27by5/,Aajmainekhaya
1254.58,t2_8qsehrc7,t1_oowzu9l,NefariousnessFresh24,False,"Mental note: When being forced to visit the US, don't eat at Mission BBQ

Don't feed the cult, don't let the cult feed you","<div class=""md""><p>Mental note: When being forced to visit the US, don&#39;t eat at Mission BBQ</p>

<p>Don&#39;t feed the cult, don&#39;t let the cult feed you</p>
</div>",122,0.0,0.0,2026-07-22T16:28:39.049Z,comment,0.0,False,0,oowzu9l,0.0,t3_1tsq85x,post,oowzu9l,1tsq85x,1tsq85x,2w57u,t3_1tsq85x,240,False,0.1913,False,t5_2w57u,0,24,240,2026-05-31T09:53:51.000Z,https://www.reddit.com/r/ShitAmericansSay/comments/1tsq85x/mission_bbq_is_one_of_the_only_restaurant_chains/oowzu9l/,ShitAmericansSay
1254.3497,t2_110f5s,t1_oox1gyd,kngotheporcelainthrn,False,Its shitty BBQ anyway,"<div class=""md""><p>Its shitty BBQ anyway</p>
</div>",21,0.0,0.0,2026-07-22T16:28:39.049Z,comment,1.0,False,0,oox1gyd,0.0,t1_oowzu9l,comment,oox1gyd,oowzu9l,1tsq85x,2w57u,t3_1tsq85x,25,False,0.0199,False,t5_2w57u,0,4,25,2026-05-31T10:07:40.000Z,https://www.reddit.com/r/ShitAmericansSay/comments/1tsq85x/mission_bbq_is_one_of_the_only_restaurant_chains/oox1gyd/,ShitAmericansSay
1249.7456,t2_as96a1yj,t1_ooy8tao,GooseinaGaggle,False,"Must have been in Ohio, there's also a ""Hell is Real"" sign along one of the highways.

https://preview.redd.it/exk8qvrgjh4h1.jpeg?width=660&format=pjpg&auto=webp&s=9dd558f9713ba1c1be58b5f57851eae4493d26db","<div class=""md""><p>Must have been in Ohio, there&#39;s also a &quot;Hell is Real&quot; sign along one of the highways.</p>

<p><a href=""https://preview.redd.it/exk8qvrgjh4h1.jpeg?width=660&amp;format=pjpg&amp;auto=webp&amp;s=9dd558f9713ba1c1be58b5f57851eae4493d26db"">https://preview.redd.it/exk8qvrgjh4h1.jpeg?width=660&amp;format=pjpg&amp;auto=webp&amp;s=9dd558f9713ba1c1be58b5f57851eae4493d26db</a></p>
</div>",204,0.0,0.0,2026-07-22T16:28:39.049Z,comment,2.0,False,0,ooy8tao,0.0,t1_ooxe599,comment,ooy8tao,ooxe599,1tsq85x,2w57u,t3_1tsq85x,6,False,0.0048,False,t5_2w57u,0,18,6,2026-05-31T14:43:55.000Z,https://www.reddit.com/r/ShitAmericansSay/comments/1tsq85x/mission_bbq_is_one_of_the_only_restaurant_chains/ooy8tao/,ShitAmericansSay
1249.5853,t2_1q6vfofb8e,t1_ooyar4l,Huugienormous,False,I live here and I think that shit is weird as well. I dont live in the bible belt where people are insane though.,"<div class=""md""><p>I live here and I think that shit is weird as well. I dont live in the bible belt where people are insane though. </p>
</div>",114,0.0,0.0,2026-07-22T16:28:39.049Z,comment,2.0,False,0,ooyar4l,0.0,t1_ooxe599,comment,ooyar4l,ooxe599,1tsq85x,2w57u,t3_1tsq85x,2,False,0.0016,False,t5_2w57u,0,24,2,2026-05-31T14:53:32.000Z,https://www.reddit.com/r/ShitAmericansSay/comments/1tsq85x/mission_bbq_is_one_of_the_only_restaurant_chains/ooyar4l/,ShitAmericansSay
1278.7709,t2_82jx2,t1_ooqf1c0,Endawmyke,False,"not to mention brand new grill that's compltely unused, no ash or anything on the inside of the lid","<div class=""md""><p>not to mention brand new grill that&#39;s compltely unused, no ash or anything on the inside of the lid</p>
</div>",99,0.0,0.0,2026-07-22T16:28:40.138Z,comment,2.0,False,0,ooqf1c0,0.0,t1_oo8zjhj,comment,ooqf1c0,oo8zjhj,1tpfpak,2qht0,t3_1tpfpak,5,False,0.0039,False,t5_2qht0,0,19,5,2026-05-30T09:42:25.000Z,https://www.reddit.com/r/LosAngeles/comments/1tpfpak/coordinated_fake_homeless_takeover_videos_were/ooqf1c0/,LosAngeles
1332.6067,t2_a1jb58i5,t1_oob1rh1,Ok-Lychee6612,False,This.,"<div class=""md""><p>This. </p>
</div>",6,0.0,0.0,2026-07-22T16:28:40.138Z,comment,2.0,False,0,oob1rh1,0.0,t1_oo8zjhj,comment,oob1rh1,oo8zjhj,1tpfpak,2qht0,t3_1tpfpak,3,False,0.0023,False,t5_2qht0,0,1,3,2026-05-28T03:52:16.000Z,https://www.reddit.com/r/LosAngeles/comments/1tpfpak/coordinated_fake_homeless_takeover_videos_were/oob1rh1/,LosAngeles
5182.1942,t2_7erkyobg,t1_nuq28hr,DebangRekar,False,I had like 10 pineapples this month but no one to make happy :(,"<div class=""md""><p>I had like 10 pineapples this month but no one to make happy :(</p>
</div>",63,0.0,0.0,2026-07-22T16:28:40.239Z,comment,1.0,False,0,nuq28hr,1.0,t1_nup5f7o,comment,nuq28hr,nup5f7o,1ppsal8,cjw3um,t3_1ppsal8,6,False,0.0012,False,t5_cjw3um,0,14,6,2025-12-18T18:17:01.000Z,https://www.reddit.com/r/Aajmainekhaya/comments/1ppsal8/got_addicted_to_grilled_pineapple_in_bbq_nation/nuq28hr/,Aajmainekhaya
5143.9965,t2_88kq1kkp,t1_nv05l11,Puzzleheaded_East_94,False,Kyu bhai. I eat a bunch of pineapples but see no effects??,"<div class=""md""><p>Kyu bhai. I eat a bunch of pineapples but see no effects??</p>
</div>",58,0.0,0.0,2026-07-22T16:28:40.239Z,comment,1.0,False,0,nv05l11,0.0,t1_nup5f7o,comment,nv05l11,nup5f7o,1ppsal8,cjw3um,t3_1ppsal8,1,False,0.0002,False,t5_cjw3um,0,12,1,2025-12-20T08:28:53.000Z,https://www.reddit.com/r/Aajmainekhaya/comments/1ppsal8/got_addicted_to_grilled_pineapple_in_bbq_nation/nv05l11/,Aajmainekhaya
5113.189,t2_8zccvv2y,t1_nv7ihfv,Beymaxx,False,The effect is not for u to see :),"<div class=""md""><p>The effect is not for u to see :)</p>
</div>",33,0.0,0.0,2026-07-22T16:28:40.239Z,comment,2.0,False,0,nv7ihfv,0.0,t1_nv05l11,comment,nv7ihfv,nv05l11,1ppsal8,cjw3um,t3_1ppsal8,3,False,0.0006,False,t5_cjw3um,0,9,3,2025-12-21T15:17:20.000Z,https://www.reddit.com/r/Aajmainekhaya/comments/1ppsal8/got_addicted_to_grilled_pineapple_in_bbq_nation/nv7ihfv/,Aajmainekhaya
5091.4015,t2_11b3eksw,t1_nvd3ibd,ZenMat79,False,Aap effects na hi dekho toh behtar hai 🙏🏼,"<div class=""md""><p>Aap effects na hi dekho toh behtar hai 🙏🏼</p>
</div>",43,0.0,0.0,2026-07-22T16:28:40.239Z,comment,2.0,False,0,nvd3ibd,0.0,t1_nv05l11,comment,nvd3ibd,nv05l11,1ppsal8,cjw3um,t3_1ppsal8,1,False,0.0002,False,t5_cjw3um,0,9,1,2025-12-22T13:04:35.000Z,https://www.reddit.com/r/Aajmainekhaya/comments/1ppsal8/got_addicted_to_grilled_pineapple_in_bbq_nation/nvd3ibd/,Aajmainekhaya
5002.5626,t2_88kq1kkp,t1_nvzfid8,Puzzleheaded_East_94,False,Dekh liya. Well worth it 😌,"<div class=""md""><p>Dekh liya. Well worth it 😌</p>
</div>",27,0.0,0.0,2026-07-22T16:28:40.239Z,comment,3.0,False,0,nvzfid8,0.0,t1_nvd3ibd,comment,nvzfid8,nvd3ibd,1ppsal8,cjw3um,t3_1ppsal8,1,False,0.0002,False,t5_cjw3um,0,6,1,2025-12-26T05:54:55.000Z,https://www.reddit.com/r/Aajmainekhaya/comments/1ppsal8/got_addicted_to_grilled_pineapple_in_bbq_nation/nvzfid8/,Aajmainekhaya
5185.4578,t2_a7a4ri2f,t1_nup0bwh,Rich_Lingonberry359,False,"https://preview.redd.it/nr2zstl19z7g1.jpeg?width=2304&format=pjpg&auto=webp&s=bddce3310028805b529036d876d07026be54cf27

Ek dum tasty😋","<div class=""md""><p><a href=""https://preview.redd.it/nr2zstl19z7g1.jpeg?width=2304&amp;format=pjpg&amp;auto=webp&amp;s=bddce3310028805b529036d876d07026be54cf27"">https://preview.redd.it/nr2zstl19z7g1.jpeg?width=2304&amp;format=pjpg&amp;auto=webp&amp;s=bddce3310028805b529036d876d07026be54cf27</a></p>

<p>Ek dum tasty😋</p>
</div>",134,0.0,0.0,2026-07-22T16:28:40.239Z,comment,0.0,False,0,nup0bwh,0.0,t3_1ppsal8,post,nup0bwh,1ppsal8,1ppsal8,cjw3um,t3_1ppsal8,7,False,0.0013,False,t5_cjw3um,0,4,7,2025-12-18T15:01:12.000Z,https://www.reddit.com/r/Aajmainekhaya/comments/1ppsal8/got_addicted_to_grilled_pineapple_in_bbq_nation/nup0bwh/,Aajmainekhaya
5182.0467,,t1_nuq3znt,[deleted],False,[removed],"<div class=""md""><p>[removed]</p>
</div>",9,1.0,0.0,2026-07-22T16:28:40.239Z,comment,1.0,False,0,nuq3znt,0.0,t1_nup0bwh,comment,nuq3znt,nup0bwh,1ppsal8,cjw3um,t3_1ppsal8,2,False,0.0004,False,t5_cjw3um,0,1,2,2025-12-18T18:25:52.000Z,https://www.reddit.com/r/Aajmainekhaya/comments/1ppsal8/got_addicted_to_grilled_pineapple_in_bbq_nation/nuq3znt/,Aajmainekhaya
5181.9992,t2_a7a4ri2f,t1_nuq4k63,Rich_Lingonberry359,False,Nope.just normal dosa tawa,"<div class=""md""><p>Nope.just normal dosa tawa</p>
</div>",26,0.0,0.0,2026-07-22T16:28:40.239Z,comment,2.0,False,0,nuq4k63,0.0,t1_nuq3znt,comment,nuq4k63,nuq3znt,1ppsal8,cjw3um,t3_1ppsal8,1,False,0.0002,False,t5_cjw3um,0,4,1,2025-12-18T18:28:43.000Z,https://www.reddit.com/r/Aajmainekhaya/comments/1ppsal8/got_addicted_to_grilled_pineapple_in_bbq_nation/nuq4k63/,Aajmainekhaya
5183.5559,,t1_nupmewn,[deleted],False,[deleted],"<div class=""md""><p>[deleted]</p>
</div>",9,1.0,0.0,2026-07-22T16:28:40.239Z,comment,0.0,False,0,nupmewn,0.0,t3_1ppsal8,post,nupmewn,1ppsal8,1ppsal8,cjw3um,t3_1ppsal8,3,False,0.0006,False,t5_cjw3um,0,1,3,2025-12-18T16:55:19.000Z,https://www.reddit.com/r/Aajmainekhaya/comments/1ppsal8/got_addicted_to_grilled_pineapple_in_bbq_nation/nupmewn/,Aajmainekhaya
9747.1254,,t2_6kwks1wt,clemthearcher,False,TMZ reports the letter comes from electronic communication at MDC Brooklyn detention center. https://www.tmz.com/2025/06/10/luigi-mangione-27-things-he-is-grateful-for/,"<!-- SC_OFF --><div class=""md""><p>TMZ reports the letter comes from electronic communication at MDC Brooklyn detention center. <a href=""https://www.tmz.com/2025/06/10/luigi-mangione-27-things-he-is-grateful-for/"">https://www.tmz.com/2025/06/10/luigi-mangione-27-things-he-is-grateful-for/</a></p>
</div><!-- SC_ON -->",168,,,2026-07-22T16:28:41.344Z,post,,False,0,t3_1l8sj6q,,,,6kwks1wt,,,,,47083,False,4.8304,False,,0,27,47083,2025-06-11T13:21:10.000Z,https://www.reddit.com/r/popculturechat/comments/1l8sj6q/luigi_mangione_shares_27_things_hes_grateful_for/,popculturechat
9747.0607,t2_6t59ygc,t1_mx72pjc,lilacjive,False,Really want to know what 27 says.,"<div class=""md""><p>Really want to know what 27 says.</p>
</div>",33,0.0,0.0,2026-07-22T16:28:41.344Z,comment,0.0,False,0,mx72pjc,0.0,t3_1l8sj6q,post,mx72pjc,1l8sj6q,1l8sj6q,5rj68d,t3_1l8sj6q,998,False,0.1024,False,t5_5rj68d,0,7,998,2025-06-11T13:25:03.000Z,https://www.reddit.com/r/popculturechat/comments/1l8sj6q/luigi_mangione_shares_27_things_hes_grateful_for/mx72pjc/,popculturechat
9743.354,t2_777kb982y,t1_mx8c13x,GuaranteedCougher,False,He handwrites something depending on the recipient,"<div class=""md""><p>He handwrites something depending on the recipient</p>
</div>",50,0.0,0.0,2026-07-22T16:28:41.344Z,comment,1.0,False,0,mx8c13x,0.0,t1_mx72pjc,comment,mx8c13x,mx72pjc,1l8sj6q,5rj68d,t3_1l8sj6q,74,False,0.0076,False,t5_5rj68d,0,7,74,2025-06-11T17:07:27.000Z,https://www.reddit.com/r/popculturechat/comments/1l8sj6q/luigi_mangione_shares_27_things_hes_grateful_for/mx8c13x/,popculturechat
4787.4778,t2_6l4z3,t1_nxkofbh,AutoModerator,True,"#Do not comment on the original posts

Please read our [**sub rules**](https://www.reddit.com/r/BestofRedditorUpdates/wiki/subrules). Rule-breaking may result in a ban without notice.

If there is an issue with this post (flair, formatting, quality), reply to this comment or your comment may be removed in general discussion.

**CHECK FLAIR** For concluded-only updates, use the [CONCLUDED](https://www.reddit.com/r/BestofRedditorUpdates/search?sort=new&restrict_sr=on&q=flair%3ACONCLUDED) flair.


*I am a bot, and this action was performed automatically. Please [contact the moderators of this subreddit](/message/compose/?to=/r/BestofRedditorUpdates) if you have any questions or concerns.*","<div class=""md""><h1>Do not comment on the original posts</h1>

<p>Please read our <a href=""https://www.reddit.com/r/BestofRedditorUpdates/wiki/subrules""><strong>sub rules</strong></a>. Rule-breaking may result in a ban without notice.</p>

<p>If there is an issue with this post (flair, formatting, quality), reply to this comment or your comment may be removed in general discussion.</p>

<p><strong>CHECK FLAIR</strong> For concluded-only updates, use the <a href=""https://www.reddit.com/r/BestofRedditorUpdates/search?sort=new&amp;restrict_sr=on&amp;q=flair%3ACONCLUDED"">CONCLUDED</a> flair.</p>

<p><em>I am a bot, and this action was performed automatically. Please <a href=""/message/compose/?to=/r/BestofRedditorUpdates"">contact the moderators of this subreddit</a> if you have any questions or concerns.</em></p>
</div>",694,0.0,0.0,2026-07-22T16:28:43.963Z,comment,0.0,False,0,nxkofbh,0.0,t3_1q3gzmb,post,nxkofbh,1q3gzmb,1q3gzmb,2ea6kj,t3_1q3gzmb,1,True,0.0002,True,t5_2ea6kj,0,77,1,2026-01-04T05:00:04.000Z,https://www.reddit.com/r/BestofRedditorUpdates/comments/1q3gzmb/aita_for_didnt_you_tell_my_mom_to_cook_american/nxkofbh/,BestofRedditorUpdates
4787.3311,t2_5j8ma,t1_nxkpprc,DMercenary,False,">And if you don’t like it, fine - but there’s no excuse to be rude about it.

Yup. Its perfectly fine to be ""Sorry, not really to my taste"" but to go

>My boyfriend rudely said that in the civilized world, **eating horse meat is as wild as eating human flesh**. (Horsemeat sausage is a national dish of the Tatars). He also said that okroshka (this dish is traditionally eaten in eastern Europe in the summer, but my mom cooked it now so my boyfriend could try it) l**ooks and smells gross.** He ridiculed all the other dishes, saying that they all either consist of potatoes with meat and dough alone, or are too 'Soviet' and were invented in the USSR during a food shortage, **so they are just incongruous dirt.** **All Turkish sweets were 'sweet' for him.**

[I just want to talk to him.](https://www.youtube.com/watch?v=ODfCVxVLqiE)

OOP saying they dumped him. Good! Good riddance to trash.","<div class=""md""><blockquote>
<p>And if you don’t like it, fine - but there’s no excuse to be rude about it.</p>
</blockquote>

<p>Yup. Its perfectly fine to be &quot;Sorry, not really to my taste&quot; but to go</p>

<blockquote>
<p>My boyfriend rudely said that in the civilized world, <strong>eating horse meat is as wild as eating human flesh</strong>. (Horsemeat sausage is a national dish of the Tatars). He also said that okroshka (this dish is traditionally eaten in eastern Europe in the summer, but my mom cooked it now so my boyfriend could try it) l<strong>ooks and smells gross.</strong> He ridiculed all the other dishes, saying that they all either consist of potatoes with meat and dough alone, or are too &#39;Soviet&#39; and were invented in the USSR during a food shortage, <strong>so they are just incongruous dirt.</strong> <strong>All Turkish sweets were &#39;sweet&#39; for him.</strong></p>
</blockquote>

<p><a href=""https://www.youtube.com/watch?v=ODfCVxVLqiE"">I just want to talk to him.</a></p>

<p>OOP saying they dumped him. Good! Good riddance to trash.</p>
</div>",895,0.0,0.0,2026-07-22T16:28:43.963Z,comment,1.0,False,0,nxkpprc,0.0,t1_nxkou5e,comment,nxkpprc,nxkou5e,1q3gzmb,2ea6kj,t3_1q3gzmb,1475,False,0.3081,False,t5_2ea6kj,0,155,1475,2026-01-04T05:08:52.000Z,https://www.reddit.com/r/BestofRedditorUpdates/comments/1q3gzmb/aita_for_didnt_you_tell_my_mom_to_cook_american/nxkpprc/,BestofRedditorUpdates
4786.9033,,t1_nxktc1j,[deleted],False,"My dad's family is eastern European and I grew up eating food I didn't particularly like. You still appreciate that they cooked for you, you try a bite of the stuff you've never had before, and you fill up on neutral foods. 

What you don't do is insult them or their food or act like an ungrateful brat. 

And I wasn't even visiting in their country.","<div class=""md""><p>My dad&#39;s family is eastern European and I grew up eating food I didn&#39;t particularly like. You still appreciate that they cooked for you, you try a bite of the stuff you&#39;ve never had before, and you fill up on neutral foods. </p>

<p>What you don&#39;t do is insult them or their food or act like an ungrateful brat. </p>

<p>And I wasn&#39;t even visiting in their country.</p>
</div>",351,0.0,0.0,2026-07-22T16:28:43.963Z,comment,1.0,False,0,nxktc1j,0.0,t1_nxkou5e,comment,nxktc1j,nxkou5e,1q3gzmb,2ea6kj,t3_1q3gzmb,124,False,0.0259,False,t5_2ea6kj,0,66,124,2026-01-04T05:34:32.000Z,https://www.reddit.com/r/BestofRedditorUpdates/comments/1q3gzmb/aita_for_didnt_you_tell_my_mom_to_cook_american/nxktc1j/,BestofRedditorUpdates
4786.968,t2_2vqhqra1,t1_nxkssu0,lmyrs,False,"So, by her description, I'm almost positive that her mom made perogies and that guy can *rot in hell*. Perogies are delicious and time consuming and I will not hear a word against them.","<div class=""md""><p>So, by her description, I&#39;m almost positive that her mom made perogies and that guy can <em>rot in hell</em>. Perogies are delicious and time consuming and I will not hear a word against them.</p>
</div>",185,0.0,0.0,2026-07-22T16:28:43.963Z,comment,1.0,False,0,nxkssu0,0.0,t1_nxkou5e,comment,nxkssu0,nxkou5e,1q3gzmb,2ea6kj,t3_1q3gzmb,334,False,0.0698,False,t5_2ea6kj,0,34,334,2026-01-04T05:30:39.000Z,https://www.reddit.com/r/BestofRedditorUpdates/comments/1q3gzmb/aita_for_didnt_you_tell_my_mom_to_cook_american/nxkssu0/,BestofRedditorUpdates
4787.2211,t2_8nvmeljg,t1_nxkqo9p,Agreeable-Celery811,False,"Exactly. Sucks for him that he didn’t want to eat what sounds to me like delicious food—duck and potato pie, yes plz—but whether he liked it or not doesn’t matter.

What do you do when you show up to dinner and you don’t like the food? You choke down as much of it as you can so you won’t starve, and you *thank the host for a lovely meal.*

Dude has NO fucking manners.","<div class=""md""><p>Exactly. Sucks for him that he didn’t want to eat what sounds to me like delicious food—duck and potato pie, yes plz—but whether he liked it or not doesn’t matter.</p>

<p>What do you do when you show up to dinner and you don’t like the food? You choke down as much of it as you can so you won’t starve, and you <em>thank the host for a lovely meal.</em></p>

<p>Dude has NO fucking manners.</p>
</div>",370,0.0,0.0,2026-07-22T16:28:43.963Z,comment,1.0,False,0,nxkqo9p,0.0,t1_nxkou5e,comment,nxkqo9p,nxkou5e,1q3gzmb,2ea6kj,t3_1q3gzmb,147,False,0.0307,False,t5_2ea6kj,0,74,147,2026-01-04T05:15:28.000Z,https://www.reddit.com/r/BestofRedditorUpdates/comments/1q3gzmb/aita_for_didnt_you_tell_my_mom_to_cook_american/nxkqo9p/,BestofRedditorUpdates
4785.8228,t2_my0z7,t1_nxl1raj,dejausser,False,"Yeah the dude was a fucking asshole. When I visited Hungary I stayed with a friend and her family. Her mum made a bunch of traditional Hungarian dishes modified to be vegetarian so that I could try them and it was such a lovely gesture, I can’t imagine not being grateful someone slaved away in the kitchen to share their culture with me.","<div class=""md""><p>Yeah the dude was a fucking asshole. When I visited Hungary I stayed with a friend and her family. Her mum made a bunch of traditional Hungarian dishes modified to be vegetarian so that I could try them and it was such a lovely gesture, I can’t imagine not being grateful someone slaved away in the kitchen to share their culture with me.</p>
</div>",338,0.0,0.0,2026-07-22T16:28:43.963Z,comment,1.0,False,0,nxl1raj,0.0,t1_nxkou5e,comment,nxl1raj,nxkou5e,1q3gzmb,2ea6kj,t3_1q3gzmb,54,False,0.0113,False,t5_2ea6kj,0,63,54,2026-01-04T06:39:22.000Z,https://www.reddit.com/r/BestofRedditorUpdates/comments/1q3gzmb/aita_for_didnt_you_tell_my_mom_to_cook_american/nxl1raj/,BestofRedditorUpdates
4786.2705,t2_jwhu7,t1_nxkye6d,GreekDudeYiannis,False,"The last international trip my wife went on with her mom was to France. Her mom proceeded to only go to a pizza place for damn near every meal because it was the only thing she was familiar with and absolutely refused to try any French cuisine which totally confused my wife and her aunt. My MIL even demanded help in English and refused to even learn any French to ask for anything and they ended up missing a bus or an event or something. We were friends at the time, but my wife was texting me every so often to ask for French phrases cause her mom's refusal was getting them into trouble. 


My wife has never gone on a trip with her mom since. Now she goes on international trips with *my* mom where they do cool shit like eat Nepalese food and visit the Mt. Everest Base camp via helicopter. 


And what's even stranger is that my mom is your standard white American whereas my wife's mom is a Filipina immigrant who came here during her adulthood. You'd think she'd be more open to eating international cuisine or would get that not all people around the world speak English. ","<div class=""md""><p>The last international trip my wife went on with her mom was to France. Her mom proceeded to only go to a pizza place for damn near every meal because it was the only thing she was familiar with and absolutely refused to try any French cuisine which totally confused my wife and her aunt. My MIL even demanded help in English and refused to even learn any French to ask for anything and they ended up missing a bus or an event or something. We were friends at the time, but my wife was texting me every so often to ask for French phrases cause her mom&#39;s refusal was getting them into trouble. </p>

<p>My wife has never gone on a trip with her mom since. Now she goes on international trips with <em>my</em> mom where they do cool shit like eat Nepalese food and visit the Mt. Everest Base camp via helicopter. </p>

<p>And what&#39;s even stranger is that my mom is your standard white American whereas my wife&#39;s mom is a Filipina immigrant who came here during her adulthood. You&#39;d think she&#39;d be more open to eating international cuisine or would get that not all people around the world speak English. </p>
</div>",1083,0.0,0.0,2026-07-22T16:28:43.963Z,comment,1.0,False,0,nxkye6d,0.0,t1_nxkou5e,comment,nxkye6d,nxkou5e,1q3gzmb,2ea6kj,t3_1q3gzmb,90,False,0.0188,False,t5_2ea6kj,0,202,90,2026-01-04T06:12:30.000Z,https://www.reddit.com/r/BestofRedditorUpdates/comments/1q3gzmb/aita_for_didnt_you_tell_my_mom_to_cook_american/nxkye6d/,BestofRedditorUpdates
4786.4878,t2_6q4z612p,t1_nxkwpj1,chooklyn5,False,"Yeah I have a sibling that's married someone from the middle east. I've tried so many dishes, the list of what I don't like is probably double to what I do like. I will always try things when they offer me something new and I know when their family has made a meal what foods I can tolerate even if I don't love them. There are just manners and I know for a fact they don't know how much I actually don't like. You can not like specific cuisines without being a jerk","<div class=""md""><p>Yeah I have a sibling that&#39;s married someone from the middle east. I&#39;ve tried so many dishes, the list of what I don&#39;t like is probably double to what I do like. I will always try things when they offer me something new and I know when their family has made a meal what foods I can tolerate even if I don&#39;t love them. There are just manners and I know for a fact they don&#39;t know how much I actually don&#39;t like. You can not like specific cuisines without being a jerk</p>
</div>",466,0.0,0.0,2026-07-22T16:28:43.963Z,comment,1.0,False,0,nxkwpj1,0.0,t1_nxkou5e,comment,nxkwpj1,nxkou5e,1q3gzmb,2ea6kj,t3_1q3gzmb,24,False,0.005,False,t5_2ea6kj,0,93,24,2026-01-04T05:59:28.000Z,https://www.reddit.com/r/BestofRedditorUpdates/comments/1q3gzmb/aita_for_didnt_you_tell_my_mom_to_cook_american/nxkwpj1/,BestofRedditorUpdates
4787.233,t2_ioznh,t1_nxkqkid,akestral,False,"Like a lot of provincial US white racists, he was attracted to OP for her *spits* ""exoticism"" while still being acceptably ""white"" in his eyes. The trip to Türkiye changed that, it took her from some generic ""Eastern European/Russian girlfriend"" to a real person with a real, complex, and multifaceted cultural heritage. He couldn't handle that, because his vision of their relationship is Himself with Hot Exotic Girlfriend Accessory OP with no necessary past or backstory. Basically the Stateside version of a passport bro. He couldn't handle the reality, so he tried to emotionally abuse her into assimilating herself for him. Good on OP for kicking him to the curb.","<div class=""md""><p>Like a lot of provincial US white racists, he was attracted to OP for her <em>spits</em> &quot;exoticism&quot; while still being acceptably &quot;white&quot; in his eyes. The trip to Türkiye changed that, it took her from some generic &quot;Eastern European/Russian girlfriend&quot; to a real person with a real, complex, and multifaceted cultural heritage. He couldn&#39;t handle that, because his vision of their relationship is Himself with Hot Exotic Girlfriend Accessory OP with no necessary past or backstory. Basically the Stateside version of a passport bro. He couldn&#39;t handle the reality, so he tried to emotionally abuse her into assimilating herself for him. Good on OP for kicking him to the curb.</p>
</div>",669,0.0,0.0,2026-07-22T16:28:43.963Z,comment,1.0,False,0,nxkqkid,0.0,t1_nxkou5e,comment,nxkqkid,nxkou5e,1q3gzmb,2ea6kj,t3_1q3gzmb,185,False,0.0386,False,t5_2ea6kj,0,110,185,2026-01-04T05:14:45.000Z,https://www.reddit.com/r/BestofRedditorUpdates/comments/1q3gzmb/aita_for_didnt_you_tell_my_mom_to_cook_american/nxkqkid/,BestofRedditorUpdates
10014.3676,,t2_1per3z87x8,aditigupta22,False,"Grilled pineapple and tangdi kabab? Great. But nothing hits quite like the dessert section at BBQ Nation.

Mini gulab jamuns, brownies under the live chocolate fountain, kulfi stations, phirni in tiny clay pots, and that underrated caramel pudding - it’s a sweet lover’s heaven.

I lowkey skip a round of starters just to save room for this.

Tell me your top 3 BBQ Nation desserts — I’ll go first:
	1.	Moong dal halwa
	2.	Kulfi
	3.	Gulab jamun (x4) (ps- it was in a separate bowl)

Let’s settle it. What’s the GOAT dessert on that counter?","<!-- SC_OFF --><div class=""md""><p>Grilled pineapple and tangdi kabab? Great. But nothing hits quite like the dessert section at BBQ Nation.</p>

<p>Mini gulab jamuns, brownies under the live chocolate fountain, kulfi stations, phirni in tiny clay pots, and that underrated caramel pudding - it’s a sweet lover’s heaven.</p>

<p>I lowkey skip a round of starters just to save room for this.</p>

<p>Tell me your top 3 BBQ Nation desserts — I’ll go first:
    1.  Moong dal halwa
    2.  Kulfi
    3.  Gulab jamun (x4) (ps- it was in a separate bowl)</p>

<p>Let’s settle it. What’s the GOAT dessert on that counter?</p>
</div><!-- SC_ON -->",540,,,2026-07-22T16:28:45.362Z,post,,False,0,t3_1kztli6,,,,1per3z87x8,,,,,316,False,0.0316,False,,0,109,316,2025-05-31T10:06:42.000Z,https://www.reddit.com/r/foodiefam/comments/1kztli6/lets_be_honest_most_of_us_go_to_bbq_nation_for/,foodiefam
8422.0989,t2_6l4z3,t1_n73ffom,AutoModerator,True,"#Do not comment on the original posts

Please read our [**sub rules**](https://www.reddit.com/r/BestofRedditorUpdates/wiki/subrules). Rule-breaking may result in a ban without notice.

If there is an issue with this post (flair, formatting, quality), reply to this comment or your comment may be removed in general discussion.

**CHECK FLAIR** For concluded-only updates, use the [CONCLUDED](https://www.reddit.com/r/BestofRedditorUpdates/search?sort=new&restrict_sr=on&q=flair%3ACONCLUDED) flair.


*I am a bot, and this action was performed automatically. Please [contact the moderators of this subreddit](/message/compose/?to=/r/BestofRedditorUpdates) if you have any questions or concerns.*","<div class=""md""><h1>Do not comment on the original posts</h1>

<p>Please read our <a href=""https://www.reddit.com/r/BestofRedditorUpdates/wiki/subrules""><strong>sub rules</strong></a>. Rule-breaking may result in a ban without notice.</p>

<p>If there is an issue with this post (flair, formatting, quality), reply to this comment or your comment may be removed in general discussion.</p>

<p><strong>CHECK FLAIR</strong> For concluded-only updates, use the <a href=""https://www.reddit.com/r/BestofRedditorUpdates/search?sort=new&amp;restrict_sr=on&amp;q=flair%3ACONCLUDED"">CONCLUDED</a> flair.</p>

<p><em>I am a bot, and this action was performed automatically. Please <a href=""/message/compose/?to=/r/BestofRedditorUpdates"">contact the moderators of this subreddit</a> if you have any questions or concerns.</em></p>
</div>",694,0.0,0.0,2026-07-22T16:28:45.154Z,comment,0.0,False,0,n73ffom,0.0,t3_1mih0q1,post,n73ffom,1mih0q1,1mih0q1,2ea6kj,t3_1mih0q1,1,True,0.0001,True,t5_2ea6kj,0,77,1,2025-08-05T18:22:49.000Z,https://www.reddit.com/r/BestofRedditorUpdates/comments/1mih0q1/aita_for_refusing_to_sell_the_place_i_bought_with/n73ffom/,BestofRedditorUpdates
9988.3732,t2_6fzezpvv,t1_mveh6jo,toeyilla_tortois,False,Nah man they ruined the shit out of their deserts. They literally got candy jellies at the desert section 😭🙏,"<div class=""md""><p>Nah man they ruined the shit out of their deserts. They literally got candy jellies at the desert section 😭🙏</p>
</div>",110,0.0,0.0,2026-07-22T16:28:45.362Z,comment,1.0,False,0,mveh6jo,0.0,t1_mv8wq07,comment,mveh6jo,mv8wq07,1kztli6,ejmkv7,t3_1kztli6,2,False,0.0002,False,t5_ejmkv7,0,20,2,2025-06-01T12:06:22.000Z,https://www.reddit.com/r/foodiefam/comments/1kztli6/lets_be_honest_most_of_us_go_to_bbq_nation_for/mveh6jo/,foodiefam
9984.3604,t2_v6eu10y4,t1_mvfobfu,Legitimate_Umpire409,False,"Nah man, the pastries are dry and smelly and the gulab jamun is basically a sugar paste,","<div class=""md""><p>Nah man, the pastries are dry and smelly and the gulab jamun is basically a sugar paste,</p>
</div>",88,0.0,0.0,2026-07-22T16:28:45.362Z,comment,2.0,False,0,mvfobfu,0.0,t1_mveh6jo,comment,mvfobfu,mveh6jo,1kztli6,ejmkv7,t3_1kztli6,4,False,0.0004,False,t5_ejmkv7,0,17,4,2025-06-01T16:07:08.000Z,https://www.reddit.com/r/foodiefam/comments/1kztli6/lets_be_honest_most_of_us_go_to_bbq_nation_for/mvfobfu/,foodiefam
10009.3679,t2_mqxbrm5a,t1_mv97kwd,I_manage_somehow,False,Prawns. That's it. Prawns.,"<div class=""md""><p>Prawns. That&#39;s it. Prawns.</p>
</div>",26,0.0,0.0,2026-07-22T16:28:45.362Z,comment,0.0,False,0,mv97kwd,0.0,t3_1kztli6,post,mv97kwd,1kztli6,1kztli6,ejmkv7,t3_1kztli6,60,False,0.006,False,t5_ejmkv7,0,4,60,2025-05-31T15:06:41.000Z,https://www.reddit.com/r/foodiefam/comments/1kztli6/lets_be_honest_most_of_us_go_to_bbq_nation_for/mv97kwd/,foodiefam
10009.2587,t2_1hrono083o,t1_mv98u8l,cheekychickaa,False,I think we HAVE to be friends. Now.,"<div class=""md""><p>I think we HAVE to be friends. Now.</p>
</div>",35,0.0,0.0,2026-07-22T16:28:45.362Z,comment,1.0,False,0,mv98u8l,0.0,t1_mv97kwd,comment,mv98u8l,mv97kwd,1kztli6,ejmkv7,t3_1kztli6,16,False,0.0016,False,t5_ejmkv7,0,8,16,2025-05-31T15:13:14.000Z,https://www.reddit.com/r/foodiefam/comments/1kztli6/lets_be_honest_most_of_us_go_to_bbq_nation_for/mv98u8l/,foodiefam
10008.6982,t2_113cic5agw,t1_mv9fcps,xinomindi,False,The only correct answer. 99% of my diet there is prawns!,"<div class=""md""><p>The only correct answer. 99% of my diet there is prawns!</p>
</div>",56,0.0,0.0,2026-07-22T16:28:45.362Z,comment,1.0,False,0,mv9fcps,0.0,t1_mv97kwd,comment,mv9fcps,mv97kwd,1kztli6,ejmkv7,t3_1kztli6,7,False,0.0007,False,t5_ejmkv7,0,11,7,2025-05-31T15:46:52.000Z,https://www.reddit.com/r/foodiefam/comments/1kztli6/lets_be_honest_most_of_us_go_to_bbq_nation_for/mv9fcps/,foodiefam
10008.2418,t2_1bn1txh4y6,t1_mv9kk7u,Lemonpicklebutpink,False,Atleast someone knows food,"<div class=""md""><p>Atleast someone knows food</p>
</div>",26,0.0,0.0,2026-07-22T16:28:45.362Z,comment,1.0,False,0,mv9kk7u,0.0,t1_mv97kwd,comment,mv9kk7u,mv97kwd,1kztli6,ejmkv7,t3_1kztli6,6,False,0.0006,False,t5_ejmkv7,0,4,6,2025-05-31T16:14:15.000Z,https://www.reddit.com/r/foodiefam/comments/1kztli6/lets_be_honest_most_of_us_go_to_bbq_nation_for/mv9kk7u/,foodiefam
10005.7262,t2_c8wei1ew,t1_mvadj2v,Ladydabang,False,That’s the only reason why I go to barbeque nation!,"<div class=""md""><p>That’s the only reason why I go to barbeque nation!</p>
</div>",51,0.0,0.0,2026-07-22T16:28:45.362Z,comment,1.0,False,0,mvadj2v,0.0,t1_mv97kwd,comment,mvadj2v,mv97kwd,1kztli6,ejmkv7,t3_1kztli6,3,False,0.0003,False,t5_ejmkv7,0,10,3,2025-05-31T18:45:11.000Z,https://www.reddit.com/r/foodiefam/comments/1kztli6/lets_be_honest_most_of_us_go_to_bbq_nation_for/mvadj2v/,foodiefam
10004.1198,t2_jlvihqfw,t1_mvavpoo,Secure_Criticism4638,False,"Exactly. Just prawns and I love grilled pineapple too, last time they changed it to papaya 🤮","<div class=""md""><p>Exactly. Just prawns and I love grilled pineapple too, last time they changed it to papaya 🤮</p>
</div>",93,0.0,0.0,2026-07-22T16:28:45.362Z,comment,1.0,False,0,mvavpoo,0.0,t1_mv97kwd,comment,mvavpoo,mv97kwd,1kztli6,ejmkv7,t3_1kztli6,3,False,0.0003,False,t5_ejmkv7,0,17,3,2025-05-31T20:21:34.000Z,https://www.reddit.com/r/foodiefam/comments/1kztli6/lets_be_honest_most_of_us_go_to_bbq_nation_for/mvavpoo/,foodiefam
10008.6951,t2_infculcf5,t1_mv9fdzy,Old-Cake1718,False,"omg us, I love em prawns there. even better than chicken and tht fish.","<div class=""md""><p>omg us, I love em prawns there. even better than chicken and tht fish.</p>
</div>",70,0.0,0.0,2026-07-22T16:28:45.362Z,comment,2.0,False,0,mv9fdzy,0.0,t1_mv98u8l,comment,mv9fdzy,mv98u8l,1kztli6,ejmkv7,t3_1kztli6,8,False,0.0008,False,t5_ejmkv7,0,14,8,2025-05-31T15:47:03.000Z,https://www.reddit.com/r/foodiefam/comments/1kztli6/lets_be_honest_most_of_us_go_to_bbq_nation_for/mv9fdzy/,foodiefam
1494.5565,t2_1tppqyiim3,t1_on10b3q,Solid-Crab8096,False,Pirates of grill is better now. Bbq nation used to be good but their quality suddenly dropped when they got listed in share market.,"<div class=""md""><p>Pirates of grill is better now. Bbq nation used to be good but their quality suddenly dropped when they got listed in share market. </p>
</div>",132,0.0,0.0,2026-07-22T16:28:45.454Z,comment,0.0,False,0,on10b3q,0.0,t3_1tjdaxh,post,on10b3q,1tjdaxh,1tjdaxh,cjw3um,t3_1tjdaxh,7,False,0.0047,False,t5_cjw3um,0,24,7,2026-05-21T09:55:22.000Z,https://www.reddit.com/r/Aajmainekhaya/comments/1tjdaxh/bbq_nation_for_the_first_time/on10b3q/,Aajmainekhaya
1493.0498,t2_1udauxqkv2,t1_on1cn7p,orange_scam,False,Would try it next time forsuure,"<div class=""md""><p>Would try it next time forsuure</p>
</div>",31,0.0,0.0,2026-07-22T16:28:45.454Z,comment,1.0,False,0,on1cn7p,1.0,t1_on10b3q,comment,on1cn7p,on10b3q,1tjdaxh,cjw3um,t3_1tjdaxh,2,False,0.0013,False,t5_cjw3um,0,6,2,2026-05-21T11:25:46.000Z,https://www.reddit.com/r/Aajmainekhaya/comments/1tjdaxh/bbq_nation_for_the_first_time/on1cn7p/,Aajmainekhaya
1491.8912,t2_t6wldaa2,t1_on1oalb,WarmBusiness6581,False,Location?,"<div class=""md""><p>Location?</p>
</div>",9,0.0,0.0,2026-07-22T16:28:45.454Z,comment,1.0,False,0,on1oalb,0.0,t1_on10b3q,comment,on1oalb,on10b3q,1tjdaxh,cjw3um,t3_1tjdaxh,1,False,0.0007,False,t5_cjw3um,0,1,1,2026-05-21T12:35:17.000Z,https://www.reddit.com/r/Aajmainekhaya/comments/1tjdaxh/bbq_nation_for_the_first_time/on1oalb/,Aajmainekhaya
1478.0573,t2_1tppqyiim3,t1_on69o0h,Solid-Crab8096,False,They're present in delhi ncr only.,"<div class=""md""><p>They&#39;re present in delhi ncr only. </p>
</div>",35,0.0,0.0,2026-07-22T16:28:45.454Z,comment,2.0,False,0,on69o0h,0.0,t1_on1oalb,comment,on69o0h,on1oalb,1tjdaxh,cjw3um,t3_1tjdaxh,1,False,0.0007,False,t5_cjw3um,0,6,1,2026-05-22T02:25:19.000Z,https://www.reddit.com/r/Aajmainekhaya/comments/1tjdaxh/bbq_nation_for_the_first_time/on69o0h/,Aajmainekhaya
1496.7715,,t1_on0lcvj,[deleted],False,[removed],"<div class=""md""><p>[removed]</p>
</div>",9,1.0,0.0,2026-07-22T16:28:45.454Z,comment,0.0,False,0,on0lcvj,0.0,t3_1tjdaxh,post,on0lcvj,1tjdaxh,1tjdaxh,cjw3um,t3_1tjdaxh,4,False,0.0027,False,t5_cjw3um,0,1,4,2026-05-21T07:42:28.000Z,https://www.reddit.com/r/Aajmainekhaya/comments/1tjdaxh/bbq_nation_for_the_first_time/on0lcvj/,Aajmainekhaya
1495.6043,t2_1udauxqkv2,t1_on0t4qf,orange_scam,False,💔my bad gng,"<div class=""md""><p>💔my bad gng</p>
</div>",12,0.0,0.0,2026-07-22T16:28:45.454Z,comment,1.0,False,0,on0t4qf,1.0,t1_on0lcvj,comment,on0t4qf,on0lcvj,1tjdaxh,cjw3um,t3_1tjdaxh,1,False,0.0007,False,t5_cjw3um,0,3,1,2026-05-21T08:52:30.000Z,https://www.reddit.com/r/Aajmainekhaya/comments/1tjdaxh/bbq_nation_for_the_first_time/on0t4qf/,Aajmainekhaya
1496.0032,t2_29l469zsoy,t1_on0qi7c,a_sensitive,False,Sooo good 😋😋😋,"<div class=""md""><p>Sooo good 😋😋😋</p>
</div>",16,0.0,0.0,2026-07-22T16:28:45.454Z,comment,0.0,False,0,on0qi7c,0.0,t3_1tjdaxh,post,on0qi7c,1tjdaxh,1tjdaxh,cjw3um,t3_1tjdaxh,1,False,0.0007,False,t5_cjw3um,0,3,1,2026-05-21T08:28:34.000Z,https://www.reddit.com/r/Aajmainekhaya/comments/1tjdaxh/bbq_nation_for_the_first_time/on0qi7c/,Aajmainekhaya
1495.6021,t2_1udauxqkv2,t1_on0t5ab,orange_scam,False,Yepp it was,"<div class=""md""><p>Yepp it was</p>
</div>",11,0.0,0.0,2026-07-22T16:28:45.454Z,comment,1.0,False,0,on0t5ab,1.0,t1_on0qi7c,comment,on0t5ab,on0qi7c,1tjdaxh,cjw3um,t3_1tjdaxh,1,False,0.0007,False,t5_cjw3um,0,3,1,2026-05-21T08:52:38.000Z,https://www.reddit.com/r/Aajmainekhaya/comments/1tjdaxh/bbq_nation_for_the_first_time/on0t5ab/,Aajmainekhaya
1494.601,,t1_on0zzgt,[deleted],False,[removed],"<div class=""md""><p>[removed]</p>
</div>",9,1.0,0.0,2026-07-22T16:28:45.454Z,comment,0.0,False,0,on0zzgt,0.0,t3_1tjdaxh,post,on0zzgt,1tjdaxh,1tjdaxh,cjw3um,t3_1tjdaxh,1,False,0.0007,False,t5_cjw3um,0,1,1,2026-05-21T09:52:42.000Z,https://www.reddit.com/r/Aajmainekhaya/comments/1tjdaxh/bbq_nation_for_the_first_time/on0zzgt/,Aajmainekhaya
1493.0473,t2_1udauxqkv2,t1_on1co2r,orange_scam,False,What changed?,"<div class=""md""><p>What changed?</p>
</div>",13,0.0,0.0,2026-07-22T16:28:45.454Z,comment,1.0,False,0,on1co2r,1.0,t1_on0zzgt,comment,on1co2r,on0zzgt,1tjdaxh,cjw3um,t3_1tjdaxh,1,False,0.0007,False,t5_cjw3um,0,2,1,2026-05-21T11:25:55.000Z,https://www.reddit.com/r/Aajmainekhaya/comments/1tjdaxh/bbq_nation_for_the_first_time/on1co2r/,Aajmainekhaya
12267.4915,,t2_w49ifd48,secure-raspberry-763,False,"
I am not OP. That is u/Constant_Barnacle992 who posted to r/TrueOffMyChest 

TW: >!neglect!< 

Big thanks to u/LucyAriaRose for letting me know about the update

[Original Boru](https://www.reddit.com/r/BestofRedditorUpdates/s/4sOMKUuKlY) [2nd Boru](https://www.reddit.com/r/BestofRedditorUpdates/s/q7wHZ6b8XW) 

New post will be marked with 🛑🛑🛑. 

[Original Post](https://www.reddit.com/r/TrueOffMyChest/s/LBdx1YRH1O)  **April 22nd, 2024** 

TL;DR skip to the bottom. 

I (m43) try to do my best to provide for my wife (f38) and 2 kids (3,5) as well as my MIL and would like to think I am doing a decent job. Over the years, I worked to improve our family’s living situation, not only did I complete another bachelors and recently masters in a STEM related degree, I at the same time worked 2 full time jobs (while completing my 2nd bachelors) and put my wife through school as well. She completed a degree where she could make good money (~60-70k/yr) in a healthcare field that always has jobs available. But with the birth of our 2 kids, she has since “gave up” on her career to be a SAHM for the time being. At first it was a struggle while I was finishing up my masters. Once I completed it, after our youngest turned 3 my career took a jump up and we are now able to afford our single income household in a more feasible manner. We’re far from rich but do ok for a single income family of 4 (a little north of 150k base+ bonuses). The past year life was overwhelming per my wife, so even though I now work 75% from home, I budgeted to hire a daytime nanny to help her around the house with 1 child while the other is in school now 

My day starts everyday around 530-6am. I get the house ready for the day before the nanny comes at 8am, I get our oldest up and ready for school, breakfast made, and plan out my day, bring our oldest to drop off, and be home in time to let the nanny in. My most recent task at work has me grounded for the next 2 months meaning I am now 100% WFH, while this is nice, I am busy in meetings all day as my role manages teams on a global scale as I oversee projects from my industry. For the past 1 ½ months, I realized… my wife as much as she says her life is stressful at home… starts at 10am. I asked my MIL and nanny if this was always the case after a week or so of wfh, and they both responded more or less… sometimes earlier sometimes later. My wife literally wakes up and cooks and then scrolls through her phone or shops from home… which brings me to my gripe. 

I am glad I am able to provide her that sort of life since we both grew up lacking in means. I get the possibility of postpartum depression, the stress of having kids, the feeling of being unfulfilled, the fact that I probably am a shitty husband… but for what it’s worth… everything is taken care of and then some. 

I manage the houses finances (she claimed she was too busy to do so), pay all the household bills, I pay my own personal bills, I pay her bills,  track and perform all the upkeep of our house appliances/cars/pets/etc., and I also “help” pay for my MIL’s medical bills and car note. 

…but apparently my life is on easy street compared to hers. I can't decompress to her because it seems like she always feels the need to 1 up me. I had a bad day… but she had it worse cause I’m lucky I got to go away and work… My feet hurt from walking all day during work travel, which is nothing compared to her standing and cooking with a child clinging to her. For the past 2 or so years… I’ve been told I ruined her life, her opportunities, etc… but when I reminded her of what she says, she denies and dodges accountability. My MIL has brought me aside and stated she’s noticed a change in both myself and my wife. I have a greater attachment to my kids and hell… I’ve hugged the dogs and talked to them more about my life than to my wife. I honestly feel like I am in emotional survival mode as I’m one step from moving up the career ladder and one step away from finding love and comfort from the bottom of a whiskey bottle. 

I’m sure I’ll be hearing from the manly men of reddit about how I’m simping… but I’m not a machine. I just want to know and feel that someone I prioritize aside from my kids appreciates and loves me for what I do… I’m sure I’ll hear from the stay at home moms of reddit… which is fine. I grew up in a single parent/mother household. It’s not easy… and honestly with the help of her mother and a nanny Mon-Fri, for one toddler while another child is at school… Can you honestly tell me she’s having the typical SAHM experience? Because neither my friends or colleagues who are single parents can say she is. I’m sure the masses of holier than thou redditors will consider this a poorly written fanfic, but it is what it is. 



TL;DR 
Long story short, It feels as if my wife has checked out of our marriage… we’re only roommates where she can still reap the marriage benefits. I’m not asking for her to throw herself at me all the time and let me do whatever I want… I really just want to be told I’m doing good and just offer me some form of emotional comfort as simple as a hug, but I guess as the man who ruined her life, I deserve it. 

*Thank you for the replies. To add more context: 

1. Never cheated. I do work in an industry that has a large female population, but I’m literally an open book with work, name colleagues and staff under me, she has access to my work agendas and correspondence if she really wanted to snoop, but on that note she still doesn’t know what exactly I do for a living at this time… 

2. We as whole family her parents and mine have tried to get her to go to therapy but she refuses or skirts around the issue. 

3. Aside from my coming from a single mother household perse, my biological dad was present in my life. She has had both parents in a reportedly monogamous marriage for over 40 years. 

4. I have tried to talk to her about everything and my own feelings but again… 1 upmanship tends to be the trend here. 

5. What I am getting out of the marriage was asked… now, aside from my 2 beautiful kids, I’ve been asking myself that same question. We have a near nonexistent sex life mainly since last year. I always figured maybe it’s part of depression or whatever she may be going through… maybe I’m just not attractive enough or just horrible in bed because of my health conditions… I’m not some super model husband but temptation and opportunity does knock and I can perform still but I never give in, because as cliche as it sounds I honestly do love my wife and want to only be with her. 

6. I’ll give credit where credit is due as I don’t want to sound biased: when I say she wakes up and cooks she cooks for everyone in the house. Myself, kids, MIL, and even nanny. Aside from breakfast she cooks all meals and snacks. I typically fast until lunch time and our oldest tends to eat a small simple breakfast incase they don’t like what school serves that morning. She does load both the kids and her laundry… but seldomly folds and puts them up. I typically do my own and the rest of my clothes I dry clean because they’re work clothes. She does keep track of our pantry and fridge? But after she makes the list I’m the one who goes out and buys everything if not delivered. She does clean our bathrooms and house 50% of the time, the other 50 is done by either MIL or myself or sometime nanny if she feels like being extra helpful. 

7. Prior to nanny, my MIL was the main help for my wife up until she had unexpected medical needs. So I opted to hire a nanny to help them both, more so when MIL is having treatments and recovering. 

UPDATE 06May2024. 

Not sure if anyone would read this, but thank you for those who have reached out and chit chatted. While I know I’ve kept my newfound friends here updated, I figured I just update my post and keep it short. 

I showed my wife my post the following weekend and she read it and all the comments. Long story short, argument, she left our house to stay with her sister, and I’ve been a “single parent” since. 

It’s sad to say, aside from the goodnights to our kids it’s all pretty much the same routine. 

Nothing much else to say other than thank you for all the kind words of encouragement. 

***just need to add, this post got bigger than I expected from a venting post but I’ve responded to a few comments. Nonetheless, thank you for the comments and DMs… and more so for the offers to let me ruin your life ha. It’s been the highlight of my day/night as I sit here drinking with my dog while everyone else is asleep. 

It feels depressingly sad that I feel that I have to turn to random internet strangers for some sort of validation in my rant. My apologies in advance as I try to keep this as vague as possible. 


[I ruined my wife’s life… again](https://www.reddit.com/r/TrueOffMyChest/s/SViMcwx1BD)  **June 3rd, 2024** 

I just wanted to update those who have been kind enough to check up via DM and comments. Apologies in advance for the lengthy post. It’s a bit of irony and coincidence that I made a follow up from the update on 06May2024 I made on my original post during men’s mental health awareness month but I could really use another outlet outside of my therapist. My apologies if this isn’t the story book ending/destroying of a relationship people were hoping for… 

To save you a read. Wife left. Came back like nothing happened. She made it about her. Nothings changed. I’m continuing to be suffering mentally knowing nothing will change while trying to keep it together for our kids. Lots of take out. 

The day after she packed up and left, my wife attempted to come back and take the kids with her to her sister’s. Naturally I was against this and thankfully so was her whole family including said sister. Not only was it not fair to our kids for her to sweep them away into a home that’s not theirs but to put that financial and housing stress on the rest of her family since she doesn’t work and her sister and her family (husband and 3 kids) stays with their dad in the house they grew up in. 

After a little over a week of being away, I guess she cooled off so she just decided that it would be fine if she walked in the door with her bags as if she just came back from Target. She came into my office while I was working and angrily stared at me while I sat on a conference call meeting with my team and I couldn't just jump off as this is a busy time of the quarter for us. I guess that didn’t sit well with her because once I took off my headset and closed my laptop she started yelling at me about how much I really don’t care about her and her well being overall. At that moment I couldn't do anything more than look at her and just shake my head. Mother in law came in after hearing my wife yelling and pulled her away, telling her to not bother me, while our nanny kept our youngest away from it all on the other side of the house.


That night after the kids were put to bed, I sat in my office by myself with a drink as I have been doing for the past nights and my wife came in. We talked. We argued. We cried. We drank. One thing led to another and we were in bed. I wish I could say that was our making up but the next sobering morning as we laid there, she went on about how hard it was for her the time she was gone. Literally… it was about her struggles staying at her family house in her old room with her dad and sister’s family. How lucky I am to be able to stay here and do this and that and buy this or do that and not stress as much as they did. 

How easy MY and everyone else's in our family lives are compared to hers even though we had similar upbringings… 

My mind and heart broke that morning. I’ve been spiraling down since then and this last week I made another attempt to reconcile and talk things out, but I was met with a shouting match while trying to express my current stress and anxieties with life and work in general:


Wife: ”... well do you know how hard this is all for me? You’re supposed to help me be happy.” 

Me: “So when it comes to my happiness, stress, needs, and overall well being… fk me get over it right? ” 

Wife: “ We all have our own problems, you need to figure it out and get over them.” 

I don't know who the woman I am at home with is but that wasn’t the woman I married and vowed to spend my life with and raise our kids together. Since that conversation, I’ve been noticeably distant with her. I’ve been sleeping in my office or on the couch or with my kids in their bed after putting either one of them to sleep. Still doesn't change her starting her day at 10am… and sitting on her phone talking to her mom groups between cooking meals with the kids in both mother in law and nanny’s care. 

Nothing has changed and I doubt that anything will change. Sadly, I think even if we got a divorce, nothing would change or feel different anyway since during my wife’s leaving the days seemed like any other day except with a little more take out than usual. My main fear there isn’t that I wouldn’t just lose my wife, I’d lose my kids in the process. 

So I guess it’s sad to say the grand finale to my story with like alot of men and some women I’ve talked to here, I’ll just continue to smile and suffer in silence. 

**First off, thank you for all the comments and DMs.Some context and clarification since admittingly my post was emotionally charged since I typed it up after another argument. **


Post birth, our kids pediatrician’s office gave my wife those PostPartum Depression screening forms and during the time of both she scored pretty high and was suggested to see a therapist. With our second child she scored significantly higher and we or I should say I made an effort to get her the help she needs. She refused, so entered mother-in-law and nanny for support… I know what people will say/think, but this is one of the reasons I am not 100% ready to just give up and file our life together away. 

Also, I know silently suffering in the near and long run of our kids' future will not add to a healthy atmosphere, but neither would a bitter and hate filled divorce. I know some have compared it to the ripping off a bandage, saying it’ll hurt at first but that pain goes away but I’d rather try to spare my kids thinking that their parents ended up hating each other because of them or something along those lines. 

I’ve told a few ppl I talk to in DM since my last post, a little more insight on my personal life, prior to my promotion I was a PM managing teams and budgets so out of habit I plan for a lot of “what ifs.”. That being said, I made a number of contingency plans if sadly things went south. So, yes I: 

Have talked to a lawyer, 3 actually. 
Know our rights and what each of us are entitled to.
Have a draft settlement created and on hold until I feel I need to use it. I know what I want and am willing to offer more than what is fair for our kids' well being, but also have a plan if we end up going to court. 

It’s 100% on me that I’m suffering in silence, but I’m too stubborn to just give up so while I am venting, I don't expect anyone to “feel sorry for me”. I endure it to keep the norm our kids know, ensure my MIL’s treatments go uninterrupted, and of course the hope my wife would finally be open to give therapy a shot and climb together to a better place. 

Thank you all again. 

[I ruined my wife’s life… so I ruined everyone else’s too](https://www.reddit.com/r/TrueOffMyChest/s/UuJGvEgPdJ)  **July 1st, 2024** 

First and foremost TL;DR: 

I’m done. Wife said I don't do and am not shit in front of the therapist and family fathers day dinner. She got served. She mad. She is trying to act perfect and I’m just waiting while taking care of my family (kids, my mom, and MIL). Oh well, I’ll just ruin everyone else's life too in my family 

Secondly,to clear some confusion… I did NOT get 2 bachelors and a masters while working 2 jobs at the same time as some readers are assuming. 

Bachelors #1 graduated in the early 2000s. Bachelors #2 via online years (2 classes a semester) later while working 2 full time jobs (job #1 hospital 36/48 schedule job #2 big box store 32-40hrs spread out 7 days a week)  to pay for both my and my wife's tuition because she decided to go back to school before we had kids… After graduating from Bachelor’s #2 and entering the industry I am in now, I was able to work 1 job and get my masters. So no I did not get 3 degrees at the same time or in that close succession… and I am surprised that I actually have to spell this out as someone working 2 jobs while going to school isn't that uncommon, or at least that’s what I thought? 

My wife chooses not to work. She DOES technically have a job. She just barely works it to the point we forget she has a job, as in she worked 1 day 4-5 months ago for 8 hours on a Tuesday kind of barely works. Her job and manager is really supportive (Flex PRN model) and gives her a list of days they need coverage and she can choose to pick up a shift or not. While she can work more and only does just enough to keep up her license, she complains to our family of her career being on hold for one reason or the other although she has the opportunity to work more if she opted to. All things considered she has an available supportive circle around her for either decision she falls on. Our family, her job, and I have made multiple offers and taken many steps to open that door for her to go back to work, i.e. Nanny, MIL moved in to help, I work from home, her crazy flex prn schedule, etc. etc… but here we are. 

I am and have been in therapy for myself already. Aside from what I deal with at home, my work can be very debilitating in regard to my mental health as well as physical at times. Since I can't find the support I need mentally and physically at home with my wife, I’ve opted to attend therapy rather than find comfort with someone outside of the home or at the bottom of a bottle. I’ve tried to express this to my wife and as mentioned in my previous post...she has a habit of 1 upping me… and  here we are.


My Inlaws are still married, given the circumstances in our home, my MIL moved in to help out my wife, while my SIL and her family moved back into their parent’s house due to their own reasons. SIL and her family can save money while getting back on their feet, and my wife and I benefit from MIL’s help and we can keep a closer eye on her while she undergoes bi monthly treatments . 

My wife by means of questionnaires is highly suspected to have PPD alongside with a history of symptomatic OCD, ADHD, amongst other ailments that over the years she refused to get evaluated for or refused to accept results given. I knew what I was getting into and I love and accepted my wife for these flaws as she did mine at the time… Spare me your “ i don't feel sorry for you” or pity. I am like every other man who fell in love and wanted to give my person the best of me and the world I can offer… but again, here we are. 

There’s a lot of manly men/redpill nation guys out there complaining and saying I’m “simping” over my wife. While I respect your own opinions and perspectives, I will outright say, if this situation was only affecting my life… I would’ve left a long time ago. As one redditor said in a past comment that stuck to me, “I am the kind of person that will take a bullet for his kids…” maybe it’s in a different context intended, but to protect my children from any harm physically or mentally… I’ll take the proverbial bullet if and as needed. I’d like to think other dad’s out there would respond to the duty to protect their children, and that’s why I endured as much as I have. For the time being I would rather my wife use me as an outlet for whatever her problems were vs. our kids. 

Thank you all for the comments and reaching out. I’ve met many strangers who have become great reddit pen pals and some who have been in the know of every step that has been progressing to this point. I am surprised at how far this has gone, from other subreddits, other platforms, and even YouTube. Love me, hate me, say it’s all fake, no matter where you stand thank you for all the constructive comments and DMs to check in. Our kids and myself are going to be alright moving forward. 


Now for the update. The end of an era. 
This will be shorter than some expected, as really there’s not much to say but just satiate the questions some of you may have had and give people the satisfaction of the “I told you so” moment on Reddit. 

After a hard push from our family via an “intervention,” my wife and I finally attempted to go to marriage counseling. I’m sure many of you can guess how well that went. Blame. Tears. Regrets. Gas lighting. With a side of I am the reason for her life being ruined and horrible. Again. Just this time in front of a licensed therapist instead of reddit or mom groups. In the end, everything the therapist suggested and noted went over her head and ignored as it was against the grain of her status quo. One thing I guess worth saying was the therapist asked if she could recall when she last truly felt happy. Her response was about 12 or so years ago. Please note, 12 years ago she was still in her 20’s. Childless. Living with her ex. A vastly different time and position in life. I know it’s petty of me but I guess if that’s when she was last happy, it wouldn’t be that far of a stretch for her to find that happiness again since her ex is in the same apartment, job, and place in life that he was 12 years ago. Which is fine, if that’s how you want to live life, I try not to judge but in my 40s with kids, going clubbing 3-4 days a week is not my jam anymore. And of course… I don't want my kids around a mom and company who drowns themselves in Whiteclaws. To add, I know some will ask, I know and can confirm she hasn’t physically cheated on me but can’t confirm if she did emotionally (if that’s the right term?). After said therapy session I checked all her phone record’s and didn’t see anything out of the ordinary, but I also didn’t bother to check apps like IG or Snapchat. 

I know I'm probably boring, but shout out to all the Costco dad’s who’s Sunday Funday includes making rounds with kids for samples. 

The following weekend was Father’s day, and this year as expected not that big of a celebration as it is for many dads out there. Our family got together to celebrate with a BBQ and just simple family time, and my wife treated it like any other day. Sleep in. Get up. Cook. Phone. Shop. Attempt to play with kids. Phone. 

During said family BBQ my wife said she felt ill, so she sat around most of the day while the rest of the family as a whole made the experience enjoyable. When everything was set up and the family all sat at the table, her parents and sister’s family, my mother, our kids, admittingly it was a great spread, nothing extravagant but just a great meal for everyone. I was conversing with my brother in law about both of our kids' school Father’s day activities and I assume my wife overheard when I mentioned that it was a little sad to see some kids sit alone without their fathers during the Breakfast with Dad event I attended. She blurted out with a laugh loud enough for the whole room to hear, “ It’s not like you do anything anyway, I could’ve gone instead…” 

At that moment I was red and at a loss for words sitting there processing what she said in my head, while the dining room went dead silent. My MIL broke the awkwardness and in response said,” Well… maybe if you feel that way, one of you should divorce the other.” 

My wife looked at my MIL confused that she would respond with that and laughed mockingly in my direction and with her hand pointing at me said, “ …as if another woman would want a man like him? Just look at you.” while the room sat silent. 

I was angry, heart broken, confused, and embarrassed all at the same time. In manly man fashion, I just nodded my head in silence, stood up, and picked up my keys and got in my truck and drove off to get a drink while trying to ignore the cries of the rest of the family and our kids telling me to stay. 

I don’t know what was said or done while I was out of the house the rest of Sunday, because I couldn't bring myself to check our house cameras, but when I returned early Monday morning, the house had a completely different feel. As usual, I woke up around 6, got the house and our oldest ready for school drop off. Checked emails. Checked messages, nothing out of the ordinary. As I was getting dressed to leave, my wife laid in our bed snoring lightly. All i could do was look at her and think of what we had… and now lost. I’ve decided. I’m done. I can't do this anymore. I texted my lawyer that morning  to move forward with serving her. 

Fast forward to last week, she was served at our home (reminder to people I had no choice but to be there because I work from home). She had, I guess what you could call a mini meltdown and came into my office screaming how could I do this to her? Her mother intervened, and that was met with me supposedly turning her whole family against her. But I digress, I probably would’ve felt bad if it wasn’t immediately followed by the rest of her week acting as if she’s been this active and attentive wife and mother the past few years. Sure people can say she’s making an attempt.. but she’s made many “attempts” and historically we fall back to where we’ve been. 

For those curious, I am aiming for full or at least majority custody of our kids. I already and will continue to cover all the expenses for our kids, insurance, tuition (both of our kids are/will be attending private schools come fall), medical bills, etc. My MIL has given me the courage and strength that helped supplement my own mother’s support throughout this. Basically she is what I hoped the kind of mother/wife my wife would have been to our kids and me. Out of respect for my MIL as well as per my own mother’s shared wishes, I will continue to help oversee and contribute financial help if needed during her treatments. While some may feel I should cut their whole family off, I know the hardships pushed onto a family while dealing with cancer and have dealt with it first hand as a family member and care provider on both sides of the desk. 

All in all, I’m prepared to go to “war” if needed but I just want a clean no fuss divorce. My wife has no alimony coming, so sorry for the redditors and mommy gang facebook groups saying she needs to divorce me first and get that “sweet sweet alimony money.” 1. We live in a state that does not typically enforce alimony 2.she has a means of gainful employment immediately 3. To help curb any possible problems I will cover her insurance and bills until either divorce is finalized or when she gains full employment. 

So that’s that. I’m done and waiting for the steps to be taken for everything to be  finalized. Sorry it wasn’t as exciting of a story with plot twist as some may have hoped for but that’s life. Not sure I’ll update this once it's all finalized, which probably won't be for a few more months depending if we go to “war” or not. 

🛑🛑🛑. 

[I ruined my wife’s life… and I don’t care anymore.](https://www.reddit.com/r/TrueOffMyChest/s/ntl3RHtuPg)  **Feb 19th, 2025** 

In respect to the subreddit, I guess I should get it off my chest that as much as I don’t want to care anymore, I still do to some degree. 

Thank you for all the comments, messages, and to the handful of people who have become reddit pen pals throughout my journey in this matter. It took some time for me to update as between adjusting to my new life and slowly cutting ties with the past and moving forward for our children, family, and work has been my priority. With that I wanted to provide an update for those who may have been curious.


TL;DR
Divorced finalized. She took the money and seemed to have spent dam near all of it.  Kids are good. MIL is doing good. Promotion, salary increase, and new home to start new life in the new year for me. Overtime, taking household items from my house, and combining incomes with her bf to make 1/4 of what I make a month for her (Yes, shameless plug. Don’t judge me). I am moving on. I have no interest currently in romance and want to primarily focus on our kids.


THE UPDATE 

Since my last update, I’ve been under the scrutiny of our social circles and labeled every typical “toxic man/husband” stereotype that Facebook, Tiktok, and Instagram has to offer. As much as I hate the saying I kind of understand the, “you know my name but not my story” posts now. With that said, these strangers or alienated family and friends can take their opinions and go fk themselves because in the end, if our kids are happy, healthy, and flourishing under my “toxic household,” what’s it to you?


The more important updates: We’re divorced. I have majority custody, and even though my ex is now trying to be the present mother whenever her now busy schedule allows, it is too little too late. My MIL continues to be responding well to treatments and SIL has now taken over where my ex was supposed to be in helping oversee her care. 

Post divorce, I recently moved homes and jobs and accepted the next step forward career wise which my company has been kind enough to slowly transition me into the role as leadership understands what I am going through at home. Interestingly it’s amazing how “common” my story is amongst my colleagues and network, I am sad/happy(?) to say I am now one of the newer members of the fellowship of divorced Directors and Execs. As sad as it may sound, it is nice to know that many understand and are willing to offer a high degree of support, advice, assistance, and guidance as needed. 

The divorce itself was quick, but it still had it’s sad and angry moments and many of the people in my camp think my ex got away with robbery. But the fact that I was awarded majority custody and per agreement have our kids (almost) every day and know they’re safe under my roof is worth every cent. 

While I had no say or real cares how my ex moved forward with mediation as long as she agreed to terms, I think the biggest slap in the face to me was how she delegated her boyfriend as someone to “advise” her throughout this process, because “his opinion is more important than any lawyer who isn’t looking out for my best interest.” At this point, the holidays were around the corner, and I didn’t want this to disrupt the holidays for our kids and family. While I was prepared to go to court, my ex did not want to diminish her “payout” and I just wanted things over and done with. I’ll leave out the finer details of the terms, but in exchange for having majority custody and taking care of all expenses related to our children, I would give her that lump sum she was aiming for with no request of child support on my end. She kept all her tangible possessions i.e. car, bags, clothes, jewelry, I had to sell the home and split the profits from the sale and foot the bill on taxes, gave her almost all our joint bank accounts after legal fees and to top it off laughably she argued rights to alimony, which she’s not getting. As a PSA, don’t rely on your legal advice from Facebook groups. 

IN THE END REALITY SINKS IN 

I’d like to think overall I’m a simple man, all I wanted to do was get married, have a family, and provide. With that goal in mind, I somehow got into a position where my spouse was able to choose if she wanted to work or not and not worry about anything outside of our family. How it turned out like this, I can’t pinpoint. I’ll admit I am a bit oblivious of what I did, but maybe it’s my own fault as some ppl stated and I brought this onto myself. 

Post settlement, I ended up downsizing and closed on a smaller but spacious house for the 3 of us and our dog, with a separate generational suite in our backyard for my MIL to stay as she wished to stay involved in our kids care regardless of if I was married to her daughter or not. Honestly, I made sure that addition to the home was available for her because I hoped she would be able and open to help until the kids were a little bit older. 

For what it’s worth, it seems my ex found her happiness. Luxury trips in a short time frame she wanted, her bf and her moved to a bigger place to stay (luxury high rise studio but still no place for our kids to stay), her bf got his dream car, and a long list of expenses and shopping sprees that kind of benefited our kids if at all in any way sprinkled in her social media accounts. She’s rocking Cartier while our kids are sportin Carters.


My ex came to visit our “cute little house” to visit our kids and MIL and complimented me on my choice of home and that I was able to keep up the status quo of our home without her. 

I’m sure many will see the irony in this. 

I’m not entirely sure her motive or if I’m just reading too deep into it, but she dropped lines about how stressful and expensive their living expenses (rent, utilities, cell/internet service, and insurance) are groceries are now and how surprised it cost to feed her, her bf, and whoever the hell else comes to their home. I’m not sure why but she initially was under the impression the generational suite was meant for her use when she has the time and wants to co-parent. She is even more tired and struggling with her schedule now because she works a total of 48hrs a week and forced to work overtime at times and her bf works but I didn’t dig or care about the details. But I do care that I think she thinks I don’t notice that she takes some of our usual household staples and items with her before she left. Mainly  bottles of soap she always bought for our home, Sonicare replacement brush heads and other toiletries, a new unopened bottle of the Mountain Valley water from the fridge when she visits, and I may be reading too deep into something again but sometimes I find some of the Instax pics from the fridge missing. Usually its just of the kids or MIL and the kids, but a few were of the 4 of us in the past. 

Although her Whiteclaw fund takes precedence over their home’s Charmin 2 ply supply, I try to be as accommodating as possible so that she can still be involved with our kids, allowing her to drop by our home whenever (if ever) she can (still work primarily from home so I’m always here) and keeping her in the loop about their activities and such. 

It was nice to see she was able to make it to our youngest’s first Christmas school assembly, where our eldest’s had speaking parts in the play before work. Later that week, I brought our kids to bring her a plate of food on Christmas day at the hospital because she has holidays to work. I’d be lying if I said that didn’t hurt or that I didn’t feel uncomfortable with the stares and whispers from her co-workers while I waited for the kids to excitedly give her their presents and wish their mom a Merry Christmas. Even though she was trying to be welcoming, all I could do was say Merry Christmas and wave goodbye from the distance as we left. 

This past Christmas, with as many blessings I have to be thankful for, it all felt so hollow at the same time. During New Year eve, I embraced my inner Pinterest dad trying to make everything as festive and fun possible and copied ideas of doing a count down at 9PM for the kids with a balloon drop in our living room and popping some fireworks as soon as the sun set. On that note, I should mention that I re-discovered my love of cooking, something I did for years while a bachelor with my roommates and the stress of a 4- and 6-year-old insisting that they’re mini versions of Gorden Ramsey and can provide Michelin level sous chef services. 

With the kids tucked away and asleep, I rang in the new year with my dog and a drink. Scrolling on my phone with the sounds of fireworks popping in the distance, I saw that my ex was living her best life in her new life snap after snap after snap... 

So, I made a mental checklist for the end of 2024:
- self-esteem – almost gone.
- confidence – hanging by a thread.
- ability to open and trust anyone outside of my current inner circle and dog – nonexistent.
- Hatred towards my ex and her newfound life – surprisingly gone. 

All I could do is just laugh a little at the snap on my phone. She left me, she hurt me, but she did not destroy me. We’re now 2 different people with 2 different lives and I must move forward for the ones I owe it to. Other than the connection of our kids and some immediate family we have no more connections and I really have no interest in acting like I was in my 20’s in my 40’s and spending half my paycheck on liquor because its Tuesday and New Years Eve. 

Maybe I’m just boring, but I can and only want to focus on my kids and ensure that their lives and future is the best that I can provide. Ensure the people and projects I oversee stay afloat and going in this economy. And last, but not least, make sure both my mother and (ex-?) MIL are taken care of in the future moving forward. 

ADVICE FROM WHAT I LEARNED. 

To the men out there, if you’re in a similar situation, don’t give up hope. But keep in mind, actions, records, and overall proof speaks louder than your words. It’s an uphill battle, but no man has to fight it alone. Plan, Prepare, seek reputable counsel and advice, and in the end execute. As hard as it may be, stay focused and be as objective as possible in these times, and most importantly follow through with what you say and promise to your kids. 

To the women, stay off social media and comparing your life to others. 

Just kidding. The first piece of advice applies to anyone regardless of how you identify. 

I don’t think I’ll be updating anymore but I do plan to keep this alt just for my reddit pen pals so please feel free to say hi cause it’s nice to have new friends. 

______


I am not the original poster. Please don't contact or comment on linked posts","<!-- SC_OFF --><div class=""md""><p>I am not OP. That is <a href=""/u/Constant_Barnacle992"">u/Constant_Barnacle992</a> who posted to <a href=""/r/TrueOffMyChest"">r/TrueOffMyChest</a> </p>

<p>TW: <span class=""md-spoiler-text"">neglect</span> </p>

<p>Big thanks to <a href=""/u/LucyAriaRose"">u/LucyAriaRose</a> for letting me know about the update</p>

<p><a href=""https://www.reddit.com/r/BestofRedditorUpdates/s/4sOMKUuKlY"">Original Boru</a> <a href=""https://www.reddit.com/r/BestofRedditorUpdates/s/q7wHZ6b8XW"">2nd Boru</a> </p>

<p>New post will be marked with 🛑🛑🛑. </p>

<p><a href=""https://www.reddit.com/r/TrueOffMyChest/s/LBdx1YRH1O"">Original Post</a>  <strong>April 22nd, 2024</strong> </p>

<p>TL;DR skip to the bottom. </p>

<p>I (m43) try to do my best to provide for my wife (f38) and 2 kids (3,5) as well as my MIL and would like to think I am doing a decent job. Over the years, I worked to improve our family’s living situation, not only did I complete another bachelors and recently masters in a STEM related degree, I at the same time worked 2 full time jobs (while completing my 2nd bachelors) and put my wife through school as well. She completed a degree where she could make good money (~60-70k/yr) in a healthcare field that always has jobs available. But with the birth of our 2 kids, she has since “gave up” on her career to be a SAHM for the time being. At first it was a struggle while I was finishing up my masters. Once I completed it, after our youngest turned 3 my career took a jump up and we are now able to afford our single income household in a more feasible manner. We’re far from rich but do ok for a single income family of 4 (a little north of 150k base+ bonuses). The past year life was overwhelming per my wife, so even though I now work 75% from home, I budgeted to hire a daytime nanny to help her around the house with 1 child while the other is in school now </p>

<p>My day starts everyday around 530-6am. I get the house ready for the day before the nanny comes at 8am, I get our oldest up and ready for school, breakfast made, and plan out my day, bring our oldest to drop off, and be home in time to let the nanny in. My most recent task at work has me grounded for the next 2 months meaning I am now 100% WFH, while this is nice, I am busy in meetings all day as my role manages teams on a global scale as I oversee projects from my industry. For the past 1 ½ months, I realized… my wife as much as she says her life is stressful at home… starts at 10am. I asked my MIL and nanny if this was always the case after a week or so of wfh, and they both responded more or less… sometimes earlier sometimes later. My wife literally wakes up and cooks and then scrolls through her phone or shops from home… which brings me to my gripe. </p>

<p>I am glad I am able to provide her that sort of life since we both grew up lacking in means. I get the possibility of postpartum depression, the stress of having kids, the feeling of being unfulfilled, the fact that I probably am a shitty husband… but for what it’s worth… everything is taken care of and then some. </p>

<p>I manage the houses finances (she claimed she was too busy to do so), pay all the household bills, I pay my own personal bills, I pay her bills,  track and perform all the upkeep of our house appliances/cars/pets/etc., and I also “help” pay for my MIL’s medical bills and car note. </p>

<p>…but apparently my life is on easy street compared to hers. I can&#39;t decompress to her because it seems like she always feels the need to 1 up me. I had a bad day… but she had it worse cause I’m lucky I got to go away and work… My feet hurt from walking all day during work travel, which is nothing compared to her standing and cooking with a child clinging to her. For the past 2 or so years… I’ve been told I ruined her life, her opportunities, etc… but when I reminded her of what she says, she denies and dodges accountability. My MIL has brought me aside and stated she’s noticed a change in both myself and my wife. I have a greater attachment to my kids and hell… I’ve hugged the dogs and talked to them more about my life than to my wife. I honestly feel like I am in emotional survival mode as I’m one step from moving up the career ladder and one step away from finding love and comfort from the bottom of a whiskey bottle. </p>

<p>I’m sure I’ll be hearing from the manly men of reddit about how I’m simping… but I’m not a machine. I just want to know and feel that someone I prioritize aside from my kids appreciates and loves me for what I do… I’m sure I’ll hear from the stay at home moms of reddit… which is fine. I grew up in a single parent/mother household. It’s not easy… and honestly with the help of her mother and a nanny Mon-Fri, for one toddler while another child is at school… Can you honestly tell me she’s having the typical SAHM experience? Because neither my friends or colleagues who are single parents can say she is. I’m sure the masses of holier than thou redditors will consider this a poorly written fanfic, but it is what it is. </p>

<p>TL;DR 
Long story short, It feels as if my wife has checked out of our marriage… we’re only roommates where she can still reap the marriage benefits. I’m not asking for her to throw herself at me all the time and let me do whatever I want… I really just want to be told I’m doing good and just offer me some form of emotional comfort as simple as a hug, but I guess as the man who ruined her life, I deserve it. </p>

<p>*Thank you for the replies. To add more context: </p>

<ol>
<li><p>Never cheated. I do work in an industry that has a large female population, but I’m literally an open book with work, name colleagues and staff under me, she has access to my work agendas and correspondence if she really wanted to snoop, but on that note she still doesn’t know what exactly I do for a living at this time… </p></li>
<li><p>We as whole family her parents and mine have tried to get her to go to therapy but she refuses or skirts around the issue. </p></li>
<li><p>Aside from my coming from a single mother household perse, my biological dad was present in my life. She has had both parents in a reportedly monogamous marriage for over 40 years. </p></li>
<li><p>I have tried to talk to her about everything and my own feelings but again… 1 upmanship tends to be the trend here. </p></li>
<li><p>What I am getting out of the marriage was asked… now, aside from my 2 beautiful kids, I’ve been asking myself that same question. We have a near nonexistent sex life mainly since last year. I always figured maybe it’s part of depression or whatever she may be going through… maybe I’m just not attractive enough or just horrible in bed because of my health conditions… I’m not some super model husband but temptation and opportunity does knock and I can perform still but I never give in, because as cliche as it sounds I honestly do love my wife and want to only be with her. </p></li>
<li><p>I’ll give credit where credit is due as I don’t want to sound biased: when I say she wakes up and cooks she cooks for everyone in the house. Myself, kids, MIL, and even nanny. Aside from breakfast she cooks all meals and snacks. I typically fast until lunch time and our oldest tends to eat a small simple breakfast incase they don’t like what school serves that morning. She does load both the kids and her laundry… but seldomly folds and puts them up. I typically do my own and the rest of my clothes I dry clean because they’re work clothes. She does keep track of our pantry and fridge? But after she makes the list I’m the one who goes out and buys everything if not delivered. She does clean our bathrooms and house 50% of the time, the other 50 is done by either MIL or myself or sometime nanny if she feels like being extra helpful. </p></li>
<li><p>Prior to nanny, my MIL was the main help for my wife up until she had unexpected medical needs. So I opted to hire a nanny to help them both, more so when MIL is having treatments and recovering. </p></li>
</ol>

<p>UPDATE 06May2024. </p>

<p>Not sure if anyone would read this, but thank you for those who have reached out and chit chatted. While I know I’ve kept my newfound friends here updated, I figured I just update my post and keep it short. </p>

<p>I showed my wife my post the following weekend and she read it and all the comments. Long story short, argument, she left our house to stay with her sister, and I’ve been a “single parent” since. </p>

<p>It’s sad to say, aside from the goodnights to our kids it’s all pretty much the same routine. </p>

<p>Nothing much else to say other than thank you for all the kind words of encouragement. </p>

<p>***just need to add, this post got bigger than I expected from a venting post but I’ve responded to a few comments. Nonetheless, thank you for the comments and DMs… and more so for the offers to let me ruin your life ha. It’s been the highlight of my day/night as I sit here drinking with my dog while everyone else is asleep. </p>

<p>It feels depressingly sad that I feel that I have to turn to random internet strangers for some sort of validation in my rant. My apologies in advance as I try to keep this as vague as possible. </p>

<p><a href=""https://www.reddit.com/r/TrueOffMyChest/s/SViMcwx1BD"">I ruined my wife’s life… again</a>  <strong>June 3rd, 2024</strong> </p>

<p>I just wanted to update those who have been kind enough to check up via DM and comments. Apologies in advance for the lengthy post. It’s a bit of irony and coincidence that I made a follow up from the update on 06May2024 I made on my original post during men’s mental health awareness month but I could really use another outlet outside of my therapist. My apologies if this isn’t the story book ending/destroying of a relationship people were hoping for… </p>

<p>To save you a read. Wife left. Came back like nothing happened. She made it about her. Nothings changed. I’m continuing to be suffering mentally knowing nothing will change while trying to keep it together for our kids. Lots of take out. </p>

<p>The day after she packed up and left, my wife attempted to come back and take the kids with her to her sister’s. Naturally I was against this and thankfully so was her whole family including said sister. Not only was it not fair to our kids for her to sweep them away into a home that’s not theirs but to put that financial and housing stress on the rest of her family since she doesn’t work and her sister and her family (husband and 3 kids) stays with their dad in the house they grew up in. </p>

<p>After a little over a week of being away, I guess she cooled off so she just decided that it would be fine if she walked in the door with her bags as if she just came back from Target. She came into my office while I was working and angrily stared at me while I sat on a conference call meeting with my team and I couldn&#39;t just jump off as this is a busy time of the quarter for us. I guess that didn’t sit well with her because once I took off my headset and closed my laptop she started yelling at me about how much I really don’t care about her and her well being overall. At that moment I couldn&#39;t do anything more than look at her and just shake my head. Mother in law came in after hearing my wife yelling and pulled her away, telling her to not bother me, while our nanny kept our youngest away from it all on the other side of the house.</p>

<p>That night after the kids were put to bed, I sat in my office by myself with a drink as I have been doing for the past nights and my wife came in. We talked. We argued. We cried. We drank. One thing led to another and we were in bed. I wish I could say that was our making up but the next sobering morning as we laid there, she went on about how hard it was for her the time she was gone. Literally… it was about her struggles staying at her family house in her old room with her dad and sister’s family. How lucky I am to be able to stay here and do this and that and buy this or do that and not stress as much as they did. </p>

<p>How easy MY and everyone else&#39;s in our family lives are compared to hers even though we had similar upbringings… </p>

<p>My mind and heart broke that morning. I’ve been spiraling down since then and this last week I made another attempt to reconcile and talk things out, but I was met with a shouting match while trying to express my current stress and anxieties with life and work in general:</p>

<p>Wife: ”... well do you know how hard this is all for me? You’re supposed to help me be happy.” </p>

<p>Me: “So when it comes to my happiness, stress, needs, and overall well being… fk me get over it right? ” </p>

<p>Wife: “ We all have our own problems, you need to figure it out and get over them.” </p>

<p>I don&#39;t know who the woman I am at home with is but that wasn’t the woman I married and vowed to spend my life with and raise our kids together. Since that conversation, I’ve been noticeably distant with her. I’ve been sleeping in my office or on the couch or with my kids in their bed after putting either one of them to sleep. Still doesn&#39;t change her starting her day at 10am… and sitting on her phone talking to her mom groups between cooking meals with the kids in both mother in law and nanny’s care. </p>

<p>Nothing has changed and I doubt that anything will change. Sadly, I think even if we got a divorce, nothing would change or feel different anyway since during my wife’s leaving the days seemed like any other day except with a little more take out than usual. My main fear there isn’t that I wouldn’t just lose my wife, I’d lose my kids in the process. </p>

<p>So I guess it’s sad to say the grand finale to my story with like alot of men and some women I’ve talked to here, I’ll just continue to smile and suffer in silence. </p>

<p>*<em>First off, thank you for all the comments and DMs.Some context and clarification since admittingly my post was emotionally charged since I typed it up after another argument. *</em></p>

<p>Post birth, our kids pediatrician’s office gave my wife those PostPartum Depression screening forms and during the time of both she scored pretty high and was suggested to see a therapist. With our second child she scored significantly higher and we or I should say I made an effort to get her the help she needs. She refused, so entered mother-in-law and nanny for support… I know what people will say/think, but this is one of the reasons I am not 100% ready to just give up and file our life together away. </p>

<p>Also, I know silently suffering in the near and long run of our kids&#39; future will not add to a healthy atmosphere, but neither would a bitter and hate filled divorce. I know some have compared it to the ripping off a bandage, saying it’ll hurt at first but that pain goes away but I’d rather try to spare my kids thinking that their parents ended up hating each other because of them or something along those lines. </p>

<p>I’ve told a few ppl I talk to in DM since my last post, a little more insight on my personal life, prior to my promotion I was a PM managing teams and budgets so out of habit I plan for a lot of “what ifs.”. That being said, I made a number of contingency plans if sadly things went south. So, yes I: </p>

<p>Have talked to a lawyer, 3 actually. 
Know our rights and what each of us are entitled to.
Have a draft settlement created and on hold until I feel I need to use it. I know what I want and am willing to offer more than what is fair for our kids&#39; well being, but also have a plan if we end up going to court. </p>

<p>It’s 100% on me that I’m suffering in silence, but I’m too stubborn to just give up so while I am venting, I don&#39;t expect anyone to “feel sorry for me”. I endure it to keep the norm our kids know, ensure my MIL’s treatments go uninterrupted, and of course the hope my wife would finally be open to give therapy a shot and climb together to a better place. </p>

<p>Thank you all again. </p>

<p><a href=""https://www.reddit.com/r/TrueOffMyChest/s/UuJGvEgPdJ"">I ruined my wife’s life… so I ruined everyone else’s too</a>  <strong>July 1st, 2024</strong> </p>

<p>First and foremost TL;DR: </p>

<p>I’m done. Wife said I don&#39;t do and am not shit in front of the therapist and family fathers day dinner. She got served. She mad. She is trying to act perfect and I’m just waiting while taking care of my family (kids, my mom, and MIL). Oh well, I’ll just ruin everyone else&#39;s life too in my family </p>

<p>Secondly,to clear some confusion… I did NOT get 2 bachelors and a masters while working 2 jobs at the same time as some readers are assuming. </p>

<p>Bachelors #1 graduated in the early 2000s. Bachelors #2 via online years (2 classes a semester) later while working 2 full time jobs (job #1 hospital 36/48 schedule job #2 big box store 32-40hrs spread out 7 days a week)  to pay for both my and my wife&#39;s tuition because she decided to go back to school before we had kids… After graduating from Bachelor’s #2 and entering the industry I am in now, I was able to work 1 job and get my masters. So no I did not get 3 degrees at the same time or in that close succession… and I am surprised that I actually have to spell this out as someone working 2 jobs while going to school isn&#39;t that uncommon, or at least that’s what I thought? </p>

<p>My wife chooses not to work. She DOES technically have a job. She just barely works it to the point we forget she has a job, as in she worked 1 day 4-5 months ago for 8 hours on a Tuesday kind of barely works. Her job and manager is really supportive (Flex PRN model) and gives her a list of days they need coverage and she can choose to pick up a shift or not. While she can work more and only does just enough to keep up her license, she complains to our family of her career being on hold for one reason or the other although she has the opportunity to work more if she opted to. All things considered she has an available supportive circle around her for either decision she falls on. Our family, her job, and I have made multiple offers and taken many steps to open that door for her to go back to work, i.e. Nanny, MIL moved in to help, I work from home, her crazy flex prn schedule, etc. etc… but here we are. </p>

<p>I am and have been in therapy for myself already. Aside from what I deal with at home, my work can be very debilitating in regard to my mental health as well as physical at times. Since I can&#39;t find the support I need mentally and physically at home with my wife, I’ve opted to attend therapy rather than find comfort with someone outside of the home or at the bottom of a bottle. I’ve tried to express this to my wife and as mentioned in my previous post...she has a habit of 1 upping me… and  here we are.</p>

<p>My Inlaws are still married, given the circumstances in our home, my MIL moved in to help out my wife, while my SIL and her family moved back into their parent’s house due to their own reasons. SIL and her family can save money while getting back on their feet, and my wife and I benefit from MIL’s help and we can keep a closer eye on her while she undergoes bi monthly treatments . </p>

<p>My wife by means of questionnaires is highly suspected to have PPD alongside with a history of symptomatic OCD, ADHD, amongst other ailments that over the years she refused to get evaluated for or refused to accept results given. I knew what I was getting into and I love and accepted my wife for these flaws as she did mine at the time… Spare me your “ i don&#39;t feel sorry for you” or pity. I am like every other man who fell in love and wanted to give my person the best of me and the world I can offer… but again, here we are. </p>

<p>There’s a lot of manly men/redpill nation guys out there complaining and saying I’m “simping” over my wife. While I respect your own opinions and perspectives, I will outright say, if this situation was only affecting my life… I would’ve left a long time ago. As one redditor said in a past comment that stuck to me, “I am the kind of person that will take a bullet for his kids…” maybe it’s in a different context intended, but to protect my children from any harm physically or mentally… I’ll take the proverbial bullet if and as needed. I’d like to think other dad’s out there would respond to the duty to protect their children, and that’s why I endured as much as I have. For the time being I would rather my wife use me as an outlet for whatever her problems were vs. our kids. </p>

<p>Thank you all for the comments and reaching out. I’ve met many strangers who have become great reddit pen pals and some who have been in the know of every step that has been progressing to this point. I am surprised at how far this has gone, from other subreddits, other platforms, and even YouTube. Love me, hate me, say it’s all fake, no matter where you stand thank you for all the constructive comments and DMs to check in. Our kids and myself are going to be alright moving forward. </p>

<p>Now for the update. The end of an era. 
This will be shorter than some expected, as really there’s not much to say but just satiate the questions some of you may have had and give people the satisfaction of the “I told you so” moment on Reddit. </p>

<p>After a hard push from our family via an “intervention,” my wife and I finally attempted to go to marriage counseling. I’m sure many of you can guess how well that went. Blame. Tears. Regrets. Gas lighting. With a side of I am the reason for her life being ruined and horrible. Again. Just this time in front of a licensed therapist instead of reddit or mom groups. In the end, everything the therapist suggested and noted went over her head and ignored as it was against the grain of her status quo. One thing I guess worth saying was the therapist asked if she could recall when she last truly felt happy. Her response was about 12 or so years ago. Please note, 12 years ago she was still in her 20’s. Childless. Living with her ex. A vastly different time and position in life. I know it’s petty of me but I guess if that’s when she was last happy, it wouldn’t be that far of a stretch for her to find that happiness again since her ex is in the same apartment, job, and place in life that he was 12 years ago. Which is fine, if that’s how you want to live life, I try not to judge but in my 40s with kids, going clubbing 3-4 days a week is not my jam anymore. And of course… I don&#39;t want my kids around a mom and company who drowns themselves in Whiteclaws. To add, I know some will ask, I know and can confirm she hasn’t physically cheated on me but can’t confirm if she did emotionally (if that’s the right term?). After said therapy session I checked all her phone record’s and didn’t see anything out of the ordinary, but I also didn’t bother to check apps like IG or Snapchat. </p>

<p>I know I&#39;m probably boring, but shout out to all the Costco dad’s who’s Sunday Funday includes making rounds with kids for samples. </p>

<p>The following weekend was Father’s day, and this year as expected not that big of a celebration as it is for many dads out there. Our family got together to celebrate with a BBQ and just simple family time, and my wife treated it like any other day. Sleep in. Get up. Cook. Phone. Shop. Attempt to play with kids. Phone. </p>

<p>During said family BBQ my wife said she felt ill, so she sat around most of the day while the rest of the family as a whole made the experience enjoyable. When everything was set up and the family all sat at the table, her parents and sister’s family, my mother, our kids, admittingly it was a great spread, nothing extravagant but just a great meal for everyone. I was conversing with my brother in law about both of our kids&#39; school Father’s day activities and I assume my wife overheard when I mentioned that it was a little sad to see some kids sit alone without their fathers during the Breakfast with Dad event I attended. She blurted out with a laugh loud enough for the whole room to hear, “ It’s not like you do anything anyway, I could’ve gone instead…” </p>

<p>At that moment I was red and at a loss for words sitting there processing what she said in my head, while the dining room went dead silent. My MIL broke the awkwardness and in response said,” Well… maybe if you feel that way, one of you should divorce the other.” </p>

<p>My wife looked at my MIL confused that she would respond with that and laughed mockingly in my direction and with her hand pointing at me said, “ …as if another woman would want a man like him? Just look at you.” while the room sat silent. </p>

<p>I was angry, heart broken, confused, and embarrassed all at the same time. In manly man fashion, I just nodded my head in silence, stood up, and picked up my keys and got in my truck and drove off to get a drink while trying to ignore the cries of the rest of the family and our kids telling me to stay. </p>

<p>I don’t know what was said or done while I was out of the house the rest of Sunday, because I couldn&#39;t bring myself to check our house cameras, but when I returned early Monday morning, the house had a completely different feel. As usual, I woke up around 6, got the house and our oldest ready for school drop off. Checked emails. Checked messages, nothing out of the ordinary. As I was getting dressed to leave, my wife laid in our bed snoring lightly. All i could do was look at her and think of what we had… and now lost. I’ve decided. I’m done. I can&#39;t do this anymore. I texted my lawyer that morning  to move forward with serving her. </p>

<p>Fast forward to last week, she was served at our home (reminder to people I had no choice but to be there because I work from home). She had, I guess what you could call a mini meltdown and came into my office screaming how could I do this to her? Her mother intervened, and that was met with me supposedly turning her whole family against her. But I digress, I probably would’ve felt bad if it wasn’t immediately followed by the rest of her week acting as if she’s been this active and attentive wife and mother the past few years. Sure people can say she’s making an attempt.. but she’s made many “attempts” and historically we fall back to where we’ve been. </p>

<p>For those curious, I am aiming for full or at least majority custody of our kids. I already and will continue to cover all the expenses for our kids, insurance, tuition (both of our kids are/will be attending private schools come fall), medical bills, etc. My MIL has given me the courage and strength that helped supplement my own mother’s support throughout this. Basically she is what I hoped the kind of mother/wife my wife would have been to our kids and me. Out of respect for my MIL as well as per my own mother’s shared wishes, I will continue to help oversee and contribute financial help if needed during her treatments. While some may feel I should cut their whole family off, I know the hardships pushed onto a family while dealing with cancer and have dealt with it first hand as a family member and care provider on both sides of the desk. </p>

<p>All in all, I’m prepared to go to “war” if needed but I just want a clean no fuss divorce. My wife has no alimony coming, so sorry for the redditors and mommy gang facebook groups saying she needs to divorce me first and get that “sweet sweet alimony money.” 1. We live in a state that does not typically enforce alimony 2.she has a means of gainful employment immediately 3. To help curb any possible problems I will cover her insurance and bills until either divorce is finalized or when she gains full employment. </p>

<p>So that’s that. I’m done and waiting for the steps to be taken for everything to be  finalized. Sorry it wasn’t as exciting of a story with plot twist as some may have hoped for but that’s life. Not sure I’ll update this once it&#39;s all finalized, which probably won&#39;t be for a few more months depending if we go to “war” or not. </p>

<p>🛑🛑🛑. </p>

<p><a href=""https://www.reddit.com/r/TrueOffMyChest/s/ntl3RHtuPg"">I ruined my wife’s life… and I don’t care anymore.</a>  <strong>Feb 19th, 2025</strong> </p>

<p>In respect to the subreddit, I guess I should get it off my chest that as much as I don’t want to care anymore, I still do to some degree. </p>

<p>Thank you for all the comments, messages, and to the handful of people who have become reddit pen pals throughout my journey in this matter. It took some time for me to update as between adjusting to my new life and slowly cutting ties with the past and moving forward for our children, family, and work has been my priority. With that I wanted to provide an update for those who may have been curious.</p>

<p>TL;DR
Divorced finalized. She took the money and seemed to have spent dam near all of it.  Kids are good. MIL is doing good. Promotion, salary increase, and new home to start new life in the new year for me. Overtime, taking household items from my house, and combining incomes with her bf to make 1/4 of what I make a month for her (Yes, shameless plug. Don’t judge me). I am moving on. I have no interest currently in romance and want to primarily focus on our kids.</p>

<p>THE UPDATE </p>

<p>Since my last update, I’ve been under the scrutiny of our social circles and labeled every typical “toxic man/husband” stereotype that Facebook, Tiktok, and Instagram has to offer. As much as I hate the saying I kind of understand the, “you know my name but not my story” posts now. With that said, these strangers or alienated family and friends can take their opinions and go fk themselves because in the end, if our kids are happy, healthy, and flourishing under my “toxic household,” what’s it to you?</p>

<p>The more important updates: We’re divorced. I have majority custody, and even though my ex is now trying to be the present mother whenever her now busy schedule allows, it is too little too late. My MIL continues to be responding well to treatments and SIL has now taken over where my ex was supposed to be in helping oversee her care. </p>

<p>Post divorce, I recently moved homes and jobs and accepted the next step forward career wise which my company has been kind enough to slowly transition me into the role as leadership understands what I am going through at home. Interestingly it’s amazing how “common” my story is amongst my colleagues and network, I am sad/happy(?) to say I am now one of the newer members of the fellowship of divorced Directors and Execs. As sad as it may sound, it is nice to know that many understand and are willing to offer a high degree of support, advice, assistance, and guidance as needed. </p>

<p>The divorce itself was quick, but it still had it’s sad and angry moments and many of the people in my camp think my ex got away with robbery. But the fact that I was awarded majority custody and per agreement have our kids (almost) every day and know they’re safe under my roof is worth every cent. </p>

<p>While I had no say or real cares how my ex moved forward with mediation as long as she agreed to terms, I think the biggest slap in the face to me was how she delegated her boyfriend as someone to “advise” her throughout this process, because “his opinion is more important than any lawyer who isn’t looking out for my best interest.” At this point, the holidays were around the corner, and I didn’t want this to disrupt the holidays for our kids and family. While I was prepared to go to court, my ex did not want to diminish her “payout” and I just wanted things over and done with. I’ll leave out the finer details of the terms, but in exchange for having majority custody and taking care of all expenses related to our children, I would give her that lump sum she was aiming for with no request of child support on my end. She kept all her tangible possessions i.e. car, bags, clothes, jewelry, I had to sell the home and split the profits from the sale and foot the bill on taxes, gave her almost all our joint bank accounts after legal fees and to top it off laughably she argued rights to alimony, which she’s not getting. As a PSA, don’t rely on your legal advice from Facebook groups. </p>

<p>IN THE END REALITY SINKS IN </p>

<p>I’d like to think overall I’m a simple man, all I wanted to do was get married, have a family, and provide. With that goal in mind, I somehow got into a position where my spouse was able to choose if she wanted to work or not and not worry about anything outside of our family. How it turned out like this, I can’t pinpoint. I’ll admit I am a bit oblivious of what I did, but maybe it’s my own fault as some ppl stated and I brought this onto myself. </p>

<p>Post settlement, I ended up downsizing and closed on a smaller but spacious house for the 3 of us and our dog, with a separate generational suite in our backyard for my MIL to stay as she wished to stay involved in our kids care regardless of if I was married to her daughter or not. Honestly, I made sure that addition to the home was available for her because I hoped she would be able and open to help until the kids were a little bit older. </p>

<p>For what it’s worth, it seems my ex found her happiness. Luxury trips in a short time frame she wanted, her bf and her moved to a bigger place to stay (luxury high rise studio but still no place for our kids to stay), her bf got his dream car, and a long list of expenses and shopping sprees that kind of benefited our kids if at all in any way sprinkled in her social media accounts. She’s rocking Cartier while our kids are sportin Carters.</p>

<p>My ex came to visit our “cute little house” to visit our kids and MIL and complimented me on my choice of home and that I was able to keep up the status quo of our home without her. </p>

<p>I’m sure many will see the irony in this. </p>

<p>I’m not entirely sure her motive or if I’m just reading too deep into it, but she dropped lines about how stressful and expensive their living expenses (rent, utilities, cell/internet service, and insurance) are groceries are now and how surprised it cost to feed her, her bf, and whoever the hell else comes to their home. I’m not sure why but she initially was under the impression the generational suite was meant for her use when she has the time and wants to co-parent. She is even more tired and struggling with her schedule now because she works a total of 48hrs a week and forced to work overtime at times and her bf works but I didn’t dig or care about the details. But I do care that I think she thinks I don’t notice that she takes some of our usual household staples and items with her before she left. Mainly  bottles of soap she always bought for our home, Sonicare replacement brush heads and other toiletries, a new unopened bottle of the Mountain Valley water from the fridge when she visits, and I may be reading too deep into something again but sometimes I find some of the Instax pics from the fridge missing. Usually its just of the kids or MIL and the kids, but a few were of the 4 of us in the past. </p>

<p>Although her Whiteclaw fund takes precedence over their home’s Charmin 2 ply supply, I try to be as accommodating as possible so that she can still be involved with our kids, allowing her to drop by our home whenever (if ever) she can (still work primarily from home so I’m always here) and keeping her in the loop about their activities and such. </p>

<p>It was nice to see she was able to make it to our youngest’s first Christmas school assembly, where our eldest’s had speaking parts in the play before work. Later that week, I brought our kids to bring her a plate of food on Christmas day at the hospital because she has holidays to work. I’d be lying if I said that didn’t hurt or that I didn’t feel uncomfortable with the stares and whispers from her co-workers while I waited for the kids to excitedly give her their presents and wish their mom a Merry Christmas. Even though she was trying to be welcoming, all I could do was say Merry Christmas and wave goodbye from the distance as we left. </p>

<p>This past Christmas, with as many blessings I have to be thankful for, it all felt so hollow at the same time. During New Year eve, I embraced my inner Pinterest dad trying to make everything as festive and fun possible and copied ideas of doing a count down at 9PM for the kids with a balloon drop in our living room and popping some fireworks as soon as the sun set. On that note, I should mention that I re-discovered my love of cooking, something I did for years while a bachelor with my roommates and the stress of a 4- and 6-year-old insisting that they’re mini versions of Gorden Ramsey and can provide Michelin level sous chef services. </p>

<p>With the kids tucked away and asleep, I rang in the new year with my dog and a drink. Scrolling on my phone with the sounds of fireworks popping in the distance, I saw that my ex was living her best life in her new life snap after snap after snap... </p>

<p>So, I made a mental checklist for the end of 2024:
- self-esteem – almost gone.
- confidence – hanging by a thread.
- ability to open and trust anyone outside of my current inner circle and dog – nonexistent.
- Hatred towards my ex and her newfound life – surprisingly gone. </p>

<p>All I could do is just laugh a little at the snap on my phone. She left me, she hurt me, but she did not destroy me. We’re now 2 different people with 2 different lives and I must move forward for the ones I owe it to. Other than the connection of our kids and some immediate family we have no more connections and I really have no interest in acting like I was in my 20’s in my 40’s and spending half my paycheck on liquor because its Tuesday and New Years Eve. </p>

<p>Maybe I’m just boring, but I can and only want to focus on my kids and ensure that their lives and future is the best that I can provide. Ensure the people and projects I oversee stay afloat and going in this economy. And last, but not least, make sure both my mother and (ex-?) MIL are taken care of in the future moving forward. </p>

<p>ADVICE FROM WHAT I LEARNED. </p>

<p>To the men out there, if you’re in a similar situation, don’t give up hope. But keep in mind, actions, records, and overall proof speaks louder than your words. It’s an uphill battle, but no man has to fight it alone. Plan, Prepare, seek reputable counsel and advice, and in the end execute. As hard as it may be, stay focused and be as objective as possible in these times, and most importantly follow through with what you say and promise to your kids. </p>

<p>To the women, stay off social media and comparing your life to others. </p>

<p>Just kidding. The first piece of advice applies to anyone regardless of how you identify. </p>

<p>I don’t think I’ll be updating anymore but I do plan to keep this alt just for my reddit pen pals so please feel free to say hi cause it’s nice to have new friends. </p>

<hr/>

<p>I am not the original poster. Please don&#39;t contact or comment on linked posts</p>
</div><!-- SC_ON -->",37967,,,2026-07-22T16:28:47.553Z,post,,False,0,t3_1iymxns,,,,w49ifd48,,,,,7536,False,0.6143,False,,0,7203,7536,2025-02-26T12:59:18.000Z,https://www.reddit.com/r/BestofRedditorUpdates/comments/1iymxns/new_update_i_ruined_my_wifes_life/,BestofRedditorUpdates
12267.4913,t2_6l4z3,t1_mevmkju,AutoModerator,True,"#Do not comment on the original posts

Please read our [**sub rules**](https://www.reddit.com/r/BestofRedditorUpdates/wiki/subrules). Rule-breaking may result in a ban without notice.

If there is an issue with this post (flair, formatting, quality), reply to this comment or your comment may be removed in general discussion.

**CHECK FLAIR** For concluded-only updates, use the [CONCLUDED](https://www.reddit.com/r/BestofRedditorUpdates/search?sort=new&restrict_sr=on&q=flair%3ACONCLUDED) flair.


*I am a bot, and this action was performed automatically. Please [contact the moderators of this subreddit](/message/compose/?to=/r/BestofRedditorUpdates) if you have any questions or concerns.*","<div class=""md""><h1>Do not comment on the original posts</h1>

<p>Please read our <a href=""https://www.reddit.com/r/BestofRedditorUpdates/wiki/subrules""><strong>sub rules</strong></a>. Rule-breaking may result in a ban without notice.</p>

<p>If there is an issue with this post (flair, formatting, quality), reply to this comment or your comment may be removed in general discussion.</p>

<p><strong>CHECK FLAIR</strong> For concluded-only updates, use the <a href=""https://www.reddit.com/r/BestofRedditorUpdates/search?sort=new&amp;restrict_sr=on&amp;q=flair%3ACONCLUDED"">CONCLUDED</a> flair.</p>

<p><em>I am a bot, and this action was performed automatically. Please <a href=""/message/compose/?to=/r/BestofRedditorUpdates"">contact the moderators of this subreddit</a> if you have any questions or concerns.</em></p>
</div>",694,0.0,1.0,2026-07-22T16:28:47.554Z,comment,0.0,False,0,mevmkju,0.0,t3_1iymxns,post,mevmkju,1iymxns,1iymxns,2ea6kj,t3_1iymxns,1,True,0.0001,True,t5_2ea6kj,0,77,1,2025-02-26T12:59:19.000Z,https://www.reddit.com/r/BestofRedditorUpdates/comments/1iymxns/new_update_i_ruined_my_wifes_life/mevmkju/,BestofRedditorUpdates
28820.6055,t2_x9x52rz,t1_jfhgaff,obscurial097,False,Sahib's baaguntadi annaru ee sub lo anthaka mundu for Non Veg.,"<div class=""md""><p>Sahib&#39;s baaguntadi annaru ee sub lo anthaka mundu for Non Veg.</p>
</div>",62,0.0,0.0,2026-07-22T16:28:47.654Z,comment,0.0,False,0,jfhgaff,0.0,t3_12fuf9r,post,jfhgaff,12fuf9r,12fuf9r,2r749,t3_12fuf9r,4,False,0.0001,False,t5_2r749,0,11,4,2023-04-08T19:52:28.000Z,https://www.reddit.com/r/hyderabad/comments/12fuf9r/which_bbq_restaurant_would_u_suggestabsolute/jfhgaff/,hyderabad
28820.3385,t2_w02i5erm,t1_jfhigfb,kidnamedfinger1235,False,All BBQ places have become overcrowding and filled with birthday parties so lite.,"<div class=""md""><p>All BBQ places have become overcrowding and filled with birthday parties so lite.</p>
</div>",81,0.0,0.0,2026-07-22T16:28:47.654Z,comment,0.0,False,0,jfhigfb,0.0,t3_12fuf9r,post,jfhigfb,12fuf9r,12fuf9r,2r749,t3_12fuf9r,4,False,0.0001,False,t5_2r749,0,13,4,2023-04-08T20:08:29.000Z,https://www.reddit.com/r/hyderabad/comments/12fuf9r/which_bbq_restaurant_would_u_suggestabsolute/jfhigfb/,hyderabad
28819.531,t2_a5x3iqx4,t1_jfhp1dn,AkhilLL12,False,"Now that we are on this topic, i want to ask whether anyone of u guys have tried the moti mahal bbq restaurant at gachibowli, is it any good?","<div class=""md""><p>Now that we are on this topic, i want to ask whether anyone of u guys have tried the moti mahal bbq restaurant at gachibowli, is it any good?</p>
</div>",141,0.0,0.0,2026-07-22T16:28:47.654Z,comment,0.0,False,0,jfhp1dn,0.0,t3_12fuf9r,post,jfhp1dn,12fuf9r,12fuf9r,2r749,t3_12fuf9r,3,False,0.0001,False,t5_2r749,0,29,3,2023-04-08T20:56:56.000Z,https://www.reddit.com/r/hyderabad/comments/12fuf9r/which_bbq_restaurant_would_u_suggestabsolute/jfhp1dn/,hyderabad
28813.9007,t2_owjcmqaq,t1_jfivr19,SwimmingActive793,False,Bbq spice in Abids is ok too.,"<div class=""md""><p>Bbq spice in Abids is ok too.</p>
</div>",29,0.0,0.0,2026-07-22T16:28:47.654Z,comment,0.0,False,0,jfivr19,0.0,t3_12fuf9r,post,jfivr19,12fuf9r,12fuf9r,2r749,t3_12fuf9r,3,False,0.0001,False,t5_2r749,0,7,3,2023-04-09T02:34:45.000Z,https://www.reddit.com/r/hyderabad/comments/12fuf9r/which_bbq_restaurant_would_u_suggestabsolute/jfivr19/,hyderabad
28821.153,t2_63mp3xwz2,t1_jfhbv61,Accurate_Advantage70,False,Don’t think so for 800 u get unlimited kebabs prawns and other starters and dishes..don’t kw wat made u say they r scam..,"<div class=""md""><p>Don’t think so for 800 u get unlimited kebabs prawns and other starters and dishes..don’t kw wat made u say they r scam..</p>
</div>",121,0.0,0.0,2026-07-22T16:28:47.654Z,comment,1.0,False,0,jfhbv61,1.0,t1_jfha0gj,comment,jfhbv61,jfha0gj,12fuf9r,2r749,t3_12fuf9r,3,False,0.0001,False,t5_2r749,0,23,3,2023-04-08T19:19:37.000Z,https://www.reddit.com/r/hyderabad/comments/12fuf9r/which_bbq_restaurant_would_u_suggestabsolute/jfhbv61/,hyderabad
17860.6705,,t2_w49ifd48,secure-raspberry-763,False,"
I am not OP. That is u/Constant_Barnacle992 who posted to r/TrueOffMyChest 

TW: >!neglect!< 

[Original Boru](https://www.reddit.com/r/BestofRedditorUpdates/s/4sOMKUuKlY) 

[Original Post](https://www.reddit.com/r/TrueOffMyChest/s/LBdx1YRH1O)  **April 22nd, 2024** 

TL;DR skip to the bottom. 

I (m43) try to do my best to provide for my wife (f38) and 2 kids (3,5) as well as my MIL and would like to think I am doing a decent job. Over the years, I worked to improve our family’s living situation, not only did I complete another bachelors and recently masters in a STEM related degree, I at the same time worked 2 full time jobs (while completing my 2nd bachelors) and put my wife through school as well. She completed a degree where she could make good money (~60-70k/yr) in a healthcare field that always has jobs available. But with the birth of our 2 kids, she has since “gave up” on her career to be a SAHM for the time being. At first it was a struggle while I was finishing up my masters. Once I completed it, after our youngest turned 3 my career took a jump up and we are now able to afford our single income household in a more feasible manner. We’re far from rich but do ok for a single income family of 4 (a little north of 150k base+ bonuses). The past year life was overwhelming per my wife, so even though I now work 75% from home, I budgeted to hire a daytime nanny to help her around the house with 1 child while the other is in school now 

My day starts everyday around 530-6am. I get the house ready for the day before the nanny comes at 8am, I get our oldest up and ready for school, breakfast made, and plan out my day, bring our oldest to drop off, and be home in time to let the nanny in. My most recent task at work has me grounded for the next 2 months meaning I am now 100% WFH, while this is nice, I am busy in meetings all day as my role manages teams on a global scale as I oversee projects from my industry. For the past 1 ½ months, I realized… my wife as much as she says her life is stressful at home… starts at 10am. I asked my MIL and nanny if this was always the case after a week or so of wfh, and they both responded more or less… sometimes earlier sometimes later. My wife literally wakes up and cooks and then scrolls through her phone or shops from home… which brings me to my gripe. 

I am glad I am able to provide her that sort of life since we both grew up lacking in means. I get the possibility of postpartum depression, the stress of having kids, the feeling of being unfulfilled, the fact that I probably am a shitty husband… but for what it’s worth… everything is taken care of and then some. 

I manage the houses finances (she claimed she was too busy to do so), pay all the household bills, I pay my own personal bills, I pay her bills,  track and perform all the upkeep of our house appliances/cars/pets/etc., and I also “help” pay for my MIL’s medical bills and car note. 

…but apparently my life is on easy street compared to hers. I can't decompress to her because it seems like she always feels the need to 1 up me. I had a bad day… but she had it worse cause I’m lucky I got to go away and work… My feet hurt from walking all day during work travel, which is nothing compared to her standing and cooking with a child clinging to her. For the past 2 or so years… I’ve been told I ruined her life, her opportunities, etc… but when I reminded her of what she says, she denies and dodges accountability. My MIL has brought me aside and stated she’s noticed a change in both myself and my wife. I have a greater attachment to my kids and hell… I’ve hugged the dogs and talked to them more about my life than to my wife. I honestly feel like I am in emotional survival mode as I’m one step from moving up the career ladder and one step away from finding love and comfort from the bottom of a whiskey bottle. 

I’m sure I’ll be hearing from the manly men of reddit about how I’m simping… but I’m not a machine. I just want to know and feel that someone I prioritize aside from my kids appreciates and loves me for what I do… I’m sure I’ll hear from the stay at home moms of reddit… which is fine. I grew up in a single parent/mother household. It’s not easy… and honestly with the help of her mother and a nanny Mon-Fri, for one toddler while another child is at school… Can you honestly tell me she’s having the typical SAHM experience? Because neither my friends or colleagues who are single parents can say she is. I’m sure the masses of holier than thou redditors will consider this a poorly written fanfic, but it is what it is. 



TL;DR 
Long story short, It feels as if my wife has checked out of our marriage… we’re only roommates where she can still reap the marriage benefits. I’m not asking for her to throw herself at me all the time and let me do whatever I want… I really just want to be told I’m doing good and just offer me some form of emotional comfort as simple as a hug, but I guess as the man who ruined her life, I deserve it. 

*Thank you for the replies. To add more context: 

1. Never cheated. I do work in an industry that has a large female population, but I’m literally an open book with work, name colleagues and staff under me, she has access to my work agendas and correspondence if she really wanted to snoop, but on that note she still doesn’t know what exactly I do for a living at this time… 

2. We as whole family her parents and mine have tried to get her to go to therapy but she refuses or skirts around the issue. 

3. Aside from my coming from a single mother household perse, my biological dad was present in my life. She has had both parents in a reportedly monogamous marriage for over 40 years. 

4. I have tried to talk to her about everything and my own feelings but again… 1 upmanship tends to be the trend here. 

5. What I am getting out of the marriage was asked… now, aside from my 2 beautiful kids, I’ve been asking myself that same question. We have a near nonexistent sex life mainly since last year. I always figured maybe it’s part of depression or whatever she may be going through… maybe I’m just not attractive enough or just horrible in bed because of my health conditions… I’m not some super model husband but temptation and opportunity does knock and I can perform still but I never give in, because as cliche as it sounds I honestly do love my wife and want to only be with her. 

6. I’ll give credit where credit is due as I don’t want to sound biased: when I say she wakes up and cooks she cooks for everyone in the house. Myself, kids, MIL, and even nanny. Aside from breakfast she cooks all meals and snacks. I typically fast until lunch time and our oldest tends to eat a small simple breakfast incase they don’t like what school serves that morning. She does load both the kids and her laundry… but seldomly folds and puts them up. I typically do my own and the rest of my clothes I dry clean because they’re work clothes. She does keep track of our pantry and fridge? But after she makes the list I’m the one who goes out and buys everything if not delivered. She does clean our bathrooms and house 50% of the time, the other 50 is done by either MIL or myself or sometime nanny if she feels like being extra helpful. 

7. Prior to nanny, my MIL was the main help for my wife up until she had unexpected medical needs. So I opted to hire a nanny to help them both, more so when MIL is having treatments and recovering. 

UPDATE 06May2024. 

Not sure if anyone would read this, but thank you for those who have reached out and chit chatted. While I know I’ve kept my newfound friends here updated, I figured I just update my post and keep it short. 

I showed my wife my post the following weekend and she read it and all the comments. Long story short, argument, she left our house to stay with her sister, and I’ve been a “single parent” since. 

It’s sad to say, aside from the goodnights to our kids it’s all pretty much the same routine. 

Nothing much else to say other than thank you for all the kind words of encouragement. 

***just need to add, this post got bigger than I expected from a venting post but I’ve responded to a few comments. Nonetheless, thank you for the comments and DMs… and more so for the offers to let me ruin your life ha. It’s been the highlight of my day/night as I sit here drinking with my dog while everyone else is asleep. 

It feels depressingly sad that I feel that I have to turn to random internet strangers for some sort of validation in my rant. My apologies in advance as I try to keep this as vague as possible. 


[I ruined my wife’s life… again](https://www.reddit.com/r/TrueOffMyChest/s/SViMcwx1BD)  **June 3rd, 2024** 

I just wanted to update those who have been kind enough to check up via DM and comments. Apologies in advance for the lengthy post. It’s a bit of irony and coincidence that I made a follow up from the update on 06May2024 I made on my original post during men’s mental health awareness month but I could really use another outlet outside of my therapist. My apologies if this isn’t the story book ending/destroying of a relationship people were hoping for… 

To save you a read. Wife left. Came back like nothing happened. She made it about her. Nothings changed. I’m continuing to be suffering mentally knowing nothing will change while trying to keep it together for our kids. Lots of take out. 

The day after she packed up and left, my wife attempted to come back and take the kids with her to her sister’s. Naturally I was against this and thankfully so was her whole family including said sister. Not only was it not fair to our kids for her to sweep them away into a home that’s not theirs but to put that financial and housing stress on the rest of her family since she doesn’t work and her sister and her family (husband and 3 kids) stays with their dad in the house they grew up in. 

After a little over a week of being away, I guess she cooled off so she just decided that it would be fine if she walked in the door with her bags as if she just came back from Target. She came into my office while I was working and angrily stared at me while I sat on a conference call meeting with my team and I couldn't just jump off as this is a busy time of the quarter for us. I guess that didn’t sit well with her because once I took off my headset and closed my laptop she started yelling at me about how much I really don’t care about her and her well being overall. At that moment I couldn't do anything more than look at her and just shake my head. Mother in law came in after hearing my wife yelling and pulled her away, telling her to not bother me, while our nanny kept our youngest away from it all on the other side of the house.


That night after the kids were put to bed, I sat in my office by myself with a drink as I have been doing for the past nights and my wife came in. We talked. We argued. We cried. We drank. One thing led to another and we were in bed. I wish I could say that was our making up but the next sobering morning as we laid there, she went on about how hard it was for her the time she was gone. Literally… it was about her struggles staying at her family house in her old room with her dad and sister’s family. How lucky I am to be able to stay here and do this and that and buy this or do that and not stress as much as they did. 

How easy MY and everyone else's in our family lives are compared to hers even though we had similar upbringings… 

My mind and heart broke that morning. I’ve been spiraling down since then and this last week I made another attempt to reconcile and talk things out, but I was met with a shouting match while trying to express my current stress and anxieties with life and work in general:


Wife: ”... well do you know how hard this is all for me? You’re supposed to help me be happy.” 

Me: “So when it comes to my happiness, stress, needs, and overall well being… fk me get over it right? ” 

Wife: “ We all have our own problems, you need to figure it out and get over them.” 

I don't know who the woman I am at home with is but that wasn’t the woman I married and vowed to spend my life with and raise our kids together. Since that conversation, I’ve been noticeably distant with her. I’ve been sleeping in my office or on the couch or with my kids in their bed after putting either one of them to sleep. Still doesn't change her starting her day at 10am… and sitting on her phone talking to her mom groups between cooking meals with the kids in both mother in law and nanny’s care. 

Nothing has changed and I doubt that anything will change. Sadly, I think even if we got a divorce, nothing would change or feel different anyway since during my wife’s leaving the days seemed like any other day except with a little more take out than usual. My main fear there isn’t that I wouldn’t just lose my wife, I’d lose my kids in the process. 

So I guess it’s sad to say the grand finale to my story with like alot of men and some women I’ve talked to here, I’ll just continue to smile and suffer in silence. 

**First off, thank you for all the comments and DMs.Some context and clarification since admittingly my post was emotionally charged since I typed it up after another argument. **


Post birth, our kids pediatrician’s office gave my wife those PostPartum Depression screening forms and during the time of both she scored pretty high and was suggested to see a therapist. With our second child she scored significantly higher and we or I should say I made an effort to get her the help she needs. She refused, so entered mother-in-law and nanny for support… I know what people will say/think, but this is one of the reasons I am not 100% ready to just give up and file our life together away. 

Also, I know silently suffering in the near and long run of our kids' future will not add to a healthy atmosphere, but neither would a bitter and hate filled divorce. I know some have compared it to the ripping off a bandage, saying it’ll hurt at first but that pain goes away but I’d rather try to spare my kids thinking that their parents ended up hating each other because of them or something along those lines. 

I’ve told a few ppl I talk to in DM since my last post, a little more insight on my personal life, prior to my promotion I was a PM managing teams and budgets so out of habit I plan for a lot of “what ifs.”. That being said, I made a number of contingency plans if sadly things went south. So, yes I: 

Have talked to a lawyer, 3 actually. 
Know our rights and what each of us are entitled to.
Have a draft settlement created and on hold until I feel I need to use it. I know what I want and am willing to offer more than what is fair for our kids' well being, but also have a plan if we end up going to court. 

It’s 100% on me that I’m suffering in silence, but I’m too stubborn to just give up so while I am venting, I don't expect anyone to “feel sorry for me”. I endure it to keep the norm our kids know, ensure my MIL’s treatments go uninterrupted, and of course the hope my wife would finally be open to give therapy a shot and climb together to a better place. 

Thank you all again.


/*/*/*New Update*/*/*/ 

[I ruined my wife’s life… so I ruined everyone else’s too](https://www.reddit.com/r/TrueOffMyChest/s/UuJGvEgPdJ)  **July 1st, 2024** 

First and foremost TL;DR: 

I’m done. Wife said I don't do and am not shit in front of the therapist and family fathers day dinner. She got served. She mad. She is trying to act perfect and I’m just waiting while taking care of my family (kids, my mom, and MIL). Oh well, I’ll just ruin everyone else's life too in my family 

Secondly,to clear some confusion… I did NOT get 2 bachelors and a masters while working 2 jobs at the same time as some readers are assuming. 

Bachelors #1 graduated in the early 2000s. Bachelors #2 via online years (2 classes a semester) later while working 2 full time jobs (job #1 hospital 36/48 schedule job #2 big box store 32-40hrs spread out 7 days a week)  to pay for both my and my wife's tuition because she decided to go back to school before we had kids… After graduating from Bachelor’s #2 and entering the industry I am in now, I was able to work 1 job and get my masters. So no I did not get 3 degrees at the same time or in that close succession… and I am surprised that I actually have to spell this out as someone working 2 jobs while going to school isn't that uncommon, or at least that’s what I thought? 

My wife chooses not to work. She DOES technically have a job. She just barely works it to the point we forget she has a job, as in she worked 1 day 4-5 months ago for 8 hours on a Tuesday kind of barely works. Her job and manager is really supportive (Flex PRN model) and gives her a list of days they need coverage and she can choose to pick up a shift or not. While she can work more and only does just enough to keep up her license, she complains to our family of her career being on hold for one reason or the other although she has the opportunity to work more if she opted to. All things considered she has an available supportive circle around her for either decision she falls on. Our family, her job, and I have made multiple offers and taken many steps to open that door for her to go back to work, i.e. Nanny, MIL moved in to help, I work from home, her crazy flex prn schedule, etc. etc… but here we are. 

I am and have been in therapy for myself already. Aside from what I deal with at home, my work can be very debilitating in regard to my mental health as well as physical at times. Since I can't find the support I need mentally and physically at home with my wife, I’ve opted to attend therapy rather than find comfort with someone outside of the home or at the bottom of a bottle. I’ve tried to express this to my wife and as mentioned in my previous post...she has a habit of 1 upping me… and  here we are.


My Inlaws are still married, given the circumstances in our home, my MIL moved in to help out my wife, while my SIL and her family moved back into their parent’s house due to their own reasons. SIL and her family can save money while getting back on their feet, and my wife and I benefit from MIL’s help and we can keep a closer eye on her while she undergoes bi monthly treatments . 

My wife by means of questionnaires is highly suspected to have PPD alongside with a history of symptomatic OCD, ADHD, amongst other ailments that over the years she refused to get evaluated for or refused to accept results given. I knew what I was getting into and I love and accepted my wife for these flaws as she did mine at the time… Spare me your “ i don't feel sorry for you” or pity. I am like every other man who fell in love and wanted to give my person the best of me and the world I can offer… but again, here we are. 

There’s a lot of manly men/redpill nation guys out there complaining and saying I’m “simping” over my wife. While I respect your own opinions and perspectives, I will outright say, if this situation was only affecting my life… I would’ve left a long time ago. As one redditor said in a past comment that stuck to me, “I am the kind of person that will take a bullet for his kids…” maybe it’s in a different context intended, but to protect my children from any harm physically or mentally… I’ll take the proverbial bullet if and as needed. I’d like to think other dad’s out there would respond to the duty to protect their children, and that’s why I endured as much as I have. For the time being I would rather my wife use me as an outlet for whatever her problems were vs. our kids. 

Thank you all for the comments and reaching out. I’ve met many strangers who have become great reddit pen pals and some who have been in the know of every step that has been progressing to this point. I am surprised at how far this has gone, from other subreddits, other platforms, and even YouTube. Love me, hate me, say it’s all fake, no matter where you stand thank you for all the constructive comments and DMs to check in. Our kids and myself are going to be alright moving forward. 


Now for the update. The end of an era. 
This will be shorter than some expected, as really there’s not much to say but just satiate the questions some of you may have had and give people the satisfaction of the “I told you so” moment on Reddit. 

After a hard push from our family via an “intervention,” my wife and I finally attempted to go to marriage counseling. I’m sure many of you can guess how well that went. Blame. Tears. Regrets. Gas lighting. With a side of I am the reason for her life being ruined and horrible. Again. Just this time in front of a licensed therapist instead of reddit or mom groups. In the end, everything the therapist suggested and noted went over her head and ignored as it was against the grain of her status quo. One thing I guess worth saying was the therapist asked if she could recall when she last truly felt happy. Her response was about 12 or so years ago. Please note, 12 years ago she was still in her 20’s. Childless. Living with her ex. A vastly different time and position in life. I know it’s petty of me but I guess if that’s when she was last happy, it wouldn’t be that far of a stretch for her to find that happiness again since her ex is in the same apartment, job, and place in life that he was 12 years ago. Which is fine, if that’s how you want to live life, I try not to judge but in my 40s with kids, going clubbing 3-4 days a week is not my jam anymore. And of course… I don't want my kids around a mom and company who drowns themselves in Whiteclaws. To add, I know some will ask, I know and can confirm she hasn’t physically cheated on me but can’t confirm if she did emotionally (if that’s the right term?). After said therapy session I checked all her phone record’s and didn’t see anything out of the ordinary, but I also didn’t bother to check apps like IG or Snapchat. 

I know I'm probably boring, but shout out to all the Costco dad’s who’s Sunday Funday includes making rounds with kids for samples. 

The following weekend was Father’s day, and this year as expected not that big of a celebration as it is for many dads out there. Our family got together to celebrate with a BBQ and just simple family time, and my wife treated it like any other day. Sleep in. Get up. Cook. Phone. Shop. Attempt to play with kids. Phone. 

During said family BBQ my wife said she felt ill, so she sat around most of the day while the rest of the family as a whole made the experience enjoyable. When everything was set up and the family all sat at the table, her parents and sister’s family, my mother, our kids, admittingly it was a great spread, nothing extravagant but just a great meal for everyone. I was conversing with my brother in law about both of our kids' school Father’s day activities and I assume my wife overheard when I mentioned that it was a little sad to see some kids sit alone without their fathers during the Breakfast with Dad event I attended. She blurted out with a laugh loud enough for the whole room to hear, “ It’s not like you do anything anyway, I could’ve gone instead…” 

At that moment I was red and at a loss for words sitting there processing what she said in my head, while the dining room went dead silent. My MIL broke the awkwardness and in response said,” Well… maybe if you feel that way, one of you should divorce the other.” 

My wife looked at my MIL confused that she would respond with that and laughed mockingly in my direction and with her hand pointing at me said, “ …as if another woman would want a man like him? Just look at you.” while the room sat silent. 

I was angry, heart broken, confused, and embarrassed all at the same time. In manly man fashion, I just nodded my head in silence, stood up, and picked up my keys and got in my truck and drove off to get a drink while trying to ignore the cries of the rest of the family and our kids telling me to stay. 

I don’t know what was said or done while I was out of the house the rest of Sunday, because I couldn't bring myself to check our house cameras, but when I returned early Monday morning, the house had a completely different feel. As usual, I woke up around 6, got the house and our oldest ready for school drop off. Checked emails. Checked messages, nothing out of the ordinary. As I was getting dressed to leave, my wife laid in our bed snoring lightly. All i could do was look at her and think of what we had… and now lost. I’ve decided. I’m done. I can't do this anymore. I texted my lawyer that morning  to move forward with serving her. 

Fast forward to last week, she was served at our home (reminder to people I had no choice but to be there because I work from home). She had, I guess what you could call a mini meltdown and came into my office screaming how could I do this to her? Her mother intervened, and that was met with me supposedly turning her whole family against her. But I digress, I probably would’ve felt bad if it wasn’t immediately followed by the rest of her week acting as if she’s been this active and attentive wife and mother the past few years. Sure people can say she’s making an attempt.. but she’s made many “attempts” and historically we fall back to where we’ve been. 

For those curious, I am aiming for full or at least majority custody of our kids. I already and will continue to cover all the expenses for our kids, insurance, tuition (both of our kids are/will be attending private schools come fall), medical bills, etc. My MIL has given me the courage and strength that helped supplement my own mother’s support throughout this. Basically she is what I hoped the kind of mother/wife my wife would have been to our kids and me. Out of respect for my MIL as well as per my own mother’s shared wishes, I will continue to help oversee and contribute financial help if needed during her treatments. While some may feel I should cut their whole family off, I know the hardships pushed onto a family while dealing with cancer and have dealt with it first hand as a family member and care provider on both sides of the desk. 

All in all, I’m prepared to go to “war” if needed but I just want a clean no fuss divorce. My wife has no alimony coming, so sorry for the redditors and mommy gang facebook groups saying she needs to divorce me first and get that “sweet sweet alimony money.” 1. We live in a state that does not typically enforce alimony 2.she has a means of gainful employment immediately 3. To help curb any possible problems I will cover her insurance and bills until either divorce is finalized or when she gains full employment. 

So that’s that. I’m done and waiting for the steps to be taken for everything to be  finalized. Sorry it wasn’t as exciting of a story with plot twist as some may have hoped for but that’s life. Not sure I’ll update this once it's all finalized, which probably won't be for a few more months depending if we go to “war” or not. 

______


I am not the original poster. Please don't contact or comment on linked posts","<!-- SC_OFF --><div class=""md""><p>I am not OP. That is <a href=""/u/Constant_Barnacle992"">u/Constant_Barnacle992</a> who posted to <a href=""/r/TrueOffMyChest"">r/TrueOffMyChest</a> </p>

<p>TW: <span class=""md-spoiler-text"">neglect</span> </p>

<p><a href=""https://www.reddit.com/r/BestofRedditorUpdates/s/4sOMKUuKlY"">Original Boru</a> </p>

<p><a href=""https://www.reddit.com/r/TrueOffMyChest/s/LBdx1YRH1O"">Original Post</a>  <strong>April 22nd, 2024</strong> </p>

<p>TL;DR skip to the bottom. </p>

<p>I (m43) try to do my best to provide for my wife (f38) and 2 kids (3,5) as well as my MIL and would like to think I am doing a decent job. Over the years, I worked to improve our family’s living situation, not only did I complete another bachelors and recently masters in a STEM related degree, I at the same time worked 2 full time jobs (while completing my 2nd bachelors) and put my wife through school as well. She completed a degree where she could make good money (~60-70k/yr) in a healthcare field that always has jobs available. But with the birth of our 2 kids, she has since “gave up” on her career to be a SAHM for the time being. At first it was a struggle while I was finishing up my masters. Once I completed it, after our youngest turned 3 my career took a jump up and we are now able to afford our single income household in a more feasible manner. We’re far from rich but do ok for a single income family of 4 (a little north of 150k base+ bonuses). The past year life was overwhelming per my wife, so even though I now work 75% from home, I budgeted to hire a daytime nanny to help her around the house with 1 child while the other is in school now </p>

<p>My day starts everyday around 530-6am. I get the house ready for the day before the nanny comes at 8am, I get our oldest up and ready for school, breakfast made, and plan out my day, bring our oldest to drop off, and be home in time to let the nanny in. My most recent task at work has me grounded for the next 2 months meaning I am now 100% WFH, while this is nice, I am busy in meetings all day as my role manages teams on a global scale as I oversee projects from my industry. For the past 1 ½ months, I realized… my wife as much as she says her life is stressful at home… starts at 10am. I asked my MIL and nanny if this was always the case after a week or so of wfh, and they both responded more or less… sometimes earlier sometimes later. My wife literally wakes up and cooks and then scrolls through her phone or shops from home… which brings me to my gripe. </p>

<p>I am glad I am able to provide her that sort of life since we both grew up lacking in means. I get the possibility of postpartum depression, the stress of having kids, the feeling of being unfulfilled, the fact that I probably am a shitty husband… but for what it’s worth… everything is taken care of and then some. </p>

<p>I manage the houses finances (she claimed she was too busy to do so), pay all the household bills, I pay my own personal bills, I pay her bills,  track and perform all the upkeep of our house appliances/cars/pets/etc., and I also “help” pay for my MIL’s medical bills and car note. </p>

<p>…but apparently my life is on easy street compared to hers. I can&#39;t decompress to her because it seems like she always feels the need to 1 up me. I had a bad day… but she had it worse cause I’m lucky I got to go away and work… My feet hurt from walking all day during work travel, which is nothing compared to her standing and cooking with a child clinging to her. For the past 2 or so years… I’ve been told I ruined her life, her opportunities, etc… but when I reminded her of what she says, she denies and dodges accountability. My MIL has brought me aside and stated she’s noticed a change in both myself and my wife. I have a greater attachment to my kids and hell… I’ve hugged the dogs and talked to them more about my life than to my wife. I honestly feel like I am in emotional survival mode as I’m one step from moving up the career ladder and one step away from finding love and comfort from the bottom of a whiskey bottle. </p>

<p>I’m sure I’ll be hearing from the manly men of reddit about how I’m simping… but I’m not a machine. I just want to know and feel that someone I prioritize aside from my kids appreciates and loves me for what I do… I’m sure I’ll hear from the stay at home moms of reddit… which is fine. I grew up in a single parent/mother household. It’s not easy… and honestly with the help of her mother and a nanny Mon-Fri, for one toddler while another child is at school… Can you honestly tell me she’s having the typical SAHM experience? Because neither my friends or colleagues who are single parents can say she is. I’m sure the masses of holier than thou redditors will consider this a poorly written fanfic, but it is what it is. </p>

<p>TL;DR 
Long story short, It feels as if my wife has checked out of our marriage… we’re only roommates where she can still reap the marriage benefits. I’m not asking for her to throw herself at me all the time and let me do whatever I want… I really just want to be told I’m doing good and just offer me some form of emotional comfort as simple as a hug, but I guess as the man who ruined her life, I deserve it. </p>

<p>*Thank you for the replies. To add more context: </p>

<ol>
<li><p>Never cheated. I do work in an industry that has a large female population, but I’m literally an open book with work, name colleagues and staff under me, she has access to my work agendas and correspondence if she really wanted to snoop, but on that note she still doesn’t know what exactly I do for a living at this time… </p></li>
<li><p>We as whole family her parents and mine have tried to get her to go to therapy but she refuses or skirts around the issue. </p></li>
<li><p>Aside from my coming from a single mother household perse, my biological dad was present in my life. She has had both parents in a reportedly monogamous marriage for over 40 years. </p></li>
<li><p>I have tried to talk to her about everything and my own feelings but again… 1 upmanship tends to be the trend here. </p></li>
<li><p>What I am getting out of the marriage was asked… now, aside from my 2 beautiful kids, I’ve been asking myself that same question. We have a near nonexistent sex life mainly since last year. I always figured maybe it’s part of depression or whatever she may be going through… maybe I’m just not attractive enough or just horrible in bed because of my health conditions… I’m not some super model husband but temptation and opportunity does knock and I can perform still but I never give in, because as cliche as it sounds I honestly do love my wife and want to only be with her. </p></li>
<li><p>I’ll give credit where credit is due as I don’t want to sound biased: when I say she wakes up and cooks she cooks for everyone in the house. Myself, kids, MIL, and even nanny. Aside from breakfast she cooks all meals and snacks. I typically fast until lunch time and our oldest tends to eat a small simple breakfast incase they don’t like what school serves that morning. She does load both the kids and her laundry… but seldomly folds and puts them up. I typically do my own and the rest of my clothes I dry clean because they’re work clothes. She does keep track of our pantry and fridge? But after she makes the list I’m the one who goes out and buys everything if not delivered. She does clean our bathrooms and house 50% of the time, the other 50 is done by either MIL or myself or sometime nanny if she feels like being extra helpful. </p></li>
<li><p>Prior to nanny, my MIL was the main help for my wife up until she had unexpected medical needs. So I opted to hire a nanny to help them both, more so when MIL is having treatments and recovering. </p></li>
</ol>

<p>UPDATE 06May2024. </p>

<p>Not sure if anyone would read this, but thank you for those who have reached out and chit chatted. While I know I’ve kept my newfound friends here updated, I figured I just update my post and keep it short. </p>

<p>I showed my wife my post the following weekend and she read it and all the comments. Long story short, argument, she left our house to stay with her sister, and I’ve been a “single parent” since. </p>

<p>It’s sad to say, aside from the goodnights to our kids it’s all pretty much the same routine. </p>

<p>Nothing much else to say other than thank you for all the kind words of encouragement. </p>

<p>***just need to add, this post got bigger than I expected from a venting post but I’ve responded to a few comments. Nonetheless, thank you for the comments and DMs… and more so for the offers to let me ruin your life ha. It’s been the highlight of my day/night as I sit here drinking with my dog while everyone else is asleep. </p>

<p>It feels depressingly sad that I feel that I have to turn to random internet strangers for some sort of validation in my rant. My apologies in advance as I try to keep this as vague as possible. </p>

<p><a href=""https://www.reddit.com/r/TrueOffMyChest/s/SViMcwx1BD"">I ruined my wife’s life… again</a>  <strong>June 3rd, 2024</strong> </p>

<p>I just wanted to update those who have been kind enough to check up via DM and comments. Apologies in advance for the lengthy post. It’s a bit of irony and coincidence that I made a follow up from the update on 06May2024 I made on my original post during men’s mental health awareness month but I could really use another outlet outside of my therapist. My apologies if this isn’t the story book ending/destroying of a relationship people were hoping for… </p>

<p>To save you a read. Wife left. Came back like nothing happened. She made it about her. Nothings changed. I’m continuing to be suffering mentally knowing nothing will change while trying to keep it together for our kids. Lots of take out. </p>

<p>The day after she packed up and left, my wife attempted to come back and take the kids with her to her sister’s. Naturally I was against this and thankfully so was her whole family including said sister. Not only was it not fair to our kids for her to sweep them away into a home that’s not theirs but to put that financial and housing stress on the rest of her family since she doesn’t work and her sister and her family (husband and 3 kids) stays with their dad in the house they grew up in. </p>

<p>After a little over a week of being away, I guess she cooled off so she just decided that it would be fine if she walked in the door with her bags as if she just came back from Target. She came into my office while I was working and angrily stared at me while I sat on a conference call meeting with my team and I couldn&#39;t just jump off as this is a busy time of the quarter for us. I guess that didn’t sit well with her because once I took off my headset and closed my laptop she started yelling at me about how much I really don’t care about her and her well being overall. At that moment I couldn&#39;t do anything more than look at her and just shake my head. Mother in law came in after hearing my wife yelling and pulled her away, telling her to not bother me, while our nanny kept our youngest away from it all on the other side of the house.</p>

<p>That night after the kids were put to bed, I sat in my office by myself with a drink as I have been doing for the past nights and my wife came in. We talked. We argued. We cried. We drank. One thing led to another and we were in bed. I wish I could say that was our making up but the next sobering morning as we laid there, she went on about how hard it was for her the time she was gone. Literally… it was about her struggles staying at her family house in her old room with her dad and sister’s family. How lucky I am to be able to stay here and do this and that and buy this or do that and not stress as much as they did. </p>

<p>How easy MY and everyone else&#39;s in our family lives are compared to hers even though we had similar upbringings… </p>

<p>My mind and heart broke that morning. I’ve been spiraling down since then and this last week I made another attempt to reconcile and talk things out, but I was met with a shouting match while trying to express my current stress and anxieties with life and work in general:</p>

<p>Wife: ”... well do you know how hard this is all for me? You’re supposed to help me be happy.” </p>

<p>Me: “So when it comes to my happiness, stress, needs, and overall well being… fk me get over it right? ” </p>

<p>Wife: “ We all have our own problems, you need to figure it out and get over them.” </p>

<p>I don&#39;t know who the woman I am at home with is but that wasn’t the woman I married and vowed to spend my life with and raise our kids together. Since that conversation, I’ve been noticeably distant with her. I’ve been sleeping in my office or on the couch or with my kids in their bed after putting either one of them to sleep. Still doesn&#39;t change her starting her day at 10am… and sitting on her phone talking to her mom groups between cooking meals with the kids in both mother in law and nanny’s care. </p>

<p>Nothing has changed and I doubt that anything will change. Sadly, I think even if we got a divorce, nothing would change or feel different anyway since during my wife’s leaving the days seemed like any other day except with a little more take out than usual. My main fear there isn’t that I wouldn’t just lose my wife, I’d lose my kids in the process. </p>

<p>So I guess it’s sad to say the grand finale to my story with like alot of men and some women I’ve talked to here, I’ll just continue to smile and suffer in silence. </p>

<p>*<em>First off, thank you for all the comments and DMs.Some context and clarification since admittingly my post was emotionally charged since I typed it up after another argument. *</em></p>

<p>Post birth, our kids pediatrician’s office gave my wife those PostPartum Depression screening forms and during the time of both she scored pretty high and was suggested to see a therapist. With our second child she scored significantly higher and we or I should say I made an effort to get her the help she needs. She refused, so entered mother-in-law and nanny for support… I know what people will say/think, but this is one of the reasons I am not 100% ready to just give up and file our life together away. </p>

<p>Also, I know silently suffering in the near and long run of our kids&#39; future will not add to a healthy atmosphere, but neither would a bitter and hate filled divorce. I know some have compared it to the ripping off a bandage, saying it’ll hurt at first but that pain goes away but I’d rather try to spare my kids thinking that their parents ended up hating each other because of them or something along those lines. </p>

<p>I’ve told a few ppl I talk to in DM since my last post, a little more insight on my personal life, prior to my promotion I was a PM managing teams and budgets so out of habit I plan for a lot of “what ifs.”. That being said, I made a number of contingency plans if sadly things went south. So, yes I: </p>

<p>Have talked to a lawyer, 3 actually. 
Know our rights and what each of us are entitled to.
Have a draft settlement created and on hold until I feel I need to use it. I know what I want and am willing to offer more than what is fair for our kids&#39; well being, but also have a plan if we end up going to court. </p>

<p>It’s 100% on me that I’m suffering in silence, but I’m too stubborn to just give up so while I am venting, I don&#39;t expect anyone to “feel sorry for me”. I endure it to keep the norm our kids know, ensure my MIL’s treatments go uninterrupted, and of course the hope my wife would finally be open to give therapy a shot and climb together to a better place. </p>

<p>Thank you all again.</p>

<p>/<em>/</em>/<em>New Update</em>/<em>/</em>/ </p>

<p><a href=""https://www.reddit.com/r/TrueOffMyChest/s/UuJGvEgPdJ"">I ruined my wife’s life… so I ruined everyone else’s too</a>  <strong>July 1st, 2024</strong> </p>

<p>First and foremost TL;DR: </p>

<p>I’m done. Wife said I don&#39;t do and am not shit in front of the therapist and family fathers day dinner. She got served. She mad. She is trying to act perfect and I’m just waiting while taking care of my family (kids, my mom, and MIL). Oh well, I’ll just ruin everyone else&#39;s life too in my family </p>

<p>Secondly,to clear some confusion… I did NOT get 2 bachelors and a masters while working 2 jobs at the same time as some readers are assuming. </p>

<p>Bachelors #1 graduated in the early 2000s. Bachelors #2 via online years (2 classes a semester) later while working 2 full time jobs (job #1 hospital 36/48 schedule job #2 big box store 32-40hrs spread out 7 days a week)  to pay for both my and my wife&#39;s tuition because she decided to go back to school before we had kids… After graduating from Bachelor’s #2 and entering the industry I am in now, I was able to work 1 job and get my masters. So no I did not get 3 degrees at the same time or in that close succession… and I am surprised that I actually have to spell this out as someone working 2 jobs while going to school isn&#39;t that uncommon, or at least that’s what I thought? </p>

<p>My wife chooses not to work. She DOES technically have a job. She just barely works it to the point we forget she has a job, as in she worked 1 day 4-5 months ago for 8 hours on a Tuesday kind of barely works. Her job and manager is really supportive (Flex PRN model) and gives her a list of days they need coverage and she can choose to pick up a shift or not. While she can work more and only does just enough to keep up her license, she complains to our family of her career being on hold for one reason or the other although she has the opportunity to work more if she opted to. All things considered she has an available supportive circle around her for either decision she falls on. Our family, her job, and I have made multiple offers and taken many steps to open that door for her to go back to work, i.e. Nanny, MIL moved in to help, I work from home, her crazy flex prn schedule, etc. etc… but here we are. </p>

<p>I am and have been in therapy for myself already. Aside from what I deal with at home, my work can be very debilitating in regard to my mental health as well as physical at times. Since I can&#39;t find the support I need mentally and physically at home with my wife, I’ve opted to attend therapy rather than find comfort with someone outside of the home or at the bottom of a bottle. I’ve tried to express this to my wife and as mentioned in my previous post...she has a habit of 1 upping me… and  here we are.</p>

<p>My Inlaws are still married, given the circumstances in our home, my MIL moved in to help out my wife, while my SIL and her family moved back into their parent’s house due to their own reasons. SIL and her family can save money while getting back on their feet, and my wife and I benefit from MIL’s help and we can keep a closer eye on her while she undergoes bi monthly treatments . </p>

<p>My wife by means of questionnaires is highly suspected to have PPD alongside with a history of symptomatic OCD, ADHD, amongst other ailments that over the years she refused to get evaluated for or refused to accept results given. I knew what I was getting into and I love and accepted my wife for these flaws as she did mine at the time… Spare me your “ i don&#39;t feel sorry for you” or pity. I am like every other man who fell in love and wanted to give my person the best of me and the world I can offer… but again, here we are. </p>

<p>There’s a lot of manly men/redpill nation guys out there complaining and saying I’m “simping” over my wife. While I respect your own opinions and perspectives, I will outright say, if this situation was only affecting my life… I would’ve left a long time ago. As one redditor said in a past comment that stuck to me, “I am the kind of person that will take a bullet for his kids…” maybe it’s in a different context intended, but to protect my children from any harm physically or mentally… I’ll take the proverbial bullet if and as needed. I’d like to think other dad’s out there would respond to the duty to protect their children, and that’s why I endured as much as I have. For the time being I would rather my wife use me as an outlet for whatever her problems were vs. our kids. </p>

<p>Thank you all for the comments and reaching out. I’ve met many strangers who have become great reddit pen pals and some who have been in the know of every step that has been progressing to this point. I am surprised at how far this has gone, from other subreddits, other platforms, and even YouTube. Love me, hate me, say it’s all fake, no matter where you stand thank you for all the constructive comments and DMs to check in. Our kids and myself are going to be alright moving forward. </p>

<p>Now for the update. The end of an era. 
This will be shorter than some expected, as really there’s not much to say but just satiate the questions some of you may have had and give people the satisfaction of the “I told you so” moment on Reddit. </p>

<p>After a hard push from our family via an “intervention,” my wife and I finally attempted to go to marriage counseling. I’m sure many of you can guess how well that went. Blame. Tears. Regrets. Gas lighting. With a side of I am the reason for her life being ruined and horrible. Again. Just this time in front of a licensed therapist instead of reddit or mom groups. In the end, everything the therapist suggested and noted went over her head and ignored as it was against the grain of her status quo. One thing I guess worth saying was the therapist asked if she could recall when she last truly felt happy. Her response was about 12 or so years ago. Please note, 12 years ago she was still in her 20’s. Childless. Living with her ex. A vastly different time and position in life. I know it’s petty of me but I guess if that’s when she was last happy, it wouldn’t be that far of a stretch for her to find that happiness again since her ex is in the same apartment, job, and place in life that he was 12 years ago. Which is fine, if that’s how you want to live life, I try not to judge but in my 40s with kids, going clubbing 3-4 days a week is not my jam anymore. And of course… I don&#39;t want my kids around a mom and company who drowns themselves in Whiteclaws. To add, I know some will ask, I know and can confirm she hasn’t physically cheated on me but can’t confirm if she did emotionally (if that’s the right term?). After said therapy session I checked all her phone record’s and didn’t see anything out of the ordinary, but I also didn’t bother to check apps like IG or Snapchat. </p>

<p>I know I&#39;m probably boring, but shout out to all the Costco dad’s who’s Sunday Funday includes making rounds with kids for samples. </p>

<p>The following weekend was Father’s day, and this year as expected not that big of a celebration as it is for many dads out there. Our family got together to celebrate with a BBQ and just simple family time, and my wife treated it like any other day. Sleep in. Get up. Cook. Phone. Shop. Attempt to play with kids. Phone. </p>

<p>During said family BBQ my wife said she felt ill, so she sat around most of the day while the rest of the family as a whole made the experience enjoyable. When everything was set up and the family all sat at the table, her parents and sister’s family, my mother, our kids, admittingly it was a great spread, nothing extravagant but just a great meal for everyone. I was conversing with my brother in law about both of our kids&#39; school Father’s day activities and I assume my wife overheard when I mentioned that it was a little sad to see some kids sit alone without their fathers during the Breakfast with Dad event I attended. She blurted out with a laugh loud enough for the whole room to hear, “ It’s not like you do anything anyway, I could’ve gone instead…” </p>

<p>At that moment I was red and at a loss for words sitting there processing what she said in my head, while the dining room went dead silent. My MIL broke the awkwardness and in response said,” Well… maybe if you feel that way, one of you should divorce the other.” </p>

<p>My wife looked at my MIL confused that she would respond with that and laughed mockingly in my direction and with her hand pointing at me said, “ …as if another woman would want a man like him? Just look at you.” while the room sat silent. </p>

<p>I was angry, heart broken, confused, and embarrassed all at the same time. In manly man fashion, I just nodded my head in silence, stood up, and picked up my keys and got in my truck and drove off to get a drink while trying to ignore the cries of the rest of the family and our kids telling me to stay. </p>

<p>I don’t know what was said or done while I was out of the house the rest of Sunday, because I couldn&#39;t bring myself to check our house cameras, but when I returned early Monday morning, the house had a completely different feel. As usual, I woke up around 6, got the house and our oldest ready for school drop off. Checked emails. Checked messages, nothing out of the ordinary. As I was getting dressed to leave, my wife laid in our bed snoring lightly. All i could do was look at her and think of what we had… and now lost. I’ve decided. I’m done. I can&#39;t do this anymore. I texted my lawyer that morning  to move forward with serving her. </p>

<p>Fast forward to last week, she was served at our home (reminder to people I had no choice but to be there because I work from home). She had, I guess what you could call a mini meltdown and came into my office screaming how could I do this to her? Her mother intervened, and that was met with me supposedly turning her whole family against her. But I digress, I probably would’ve felt bad if it wasn’t immediately followed by the rest of her week acting as if she’s been this active and attentive wife and mother the past few years. Sure people can say she’s making an attempt.. but she’s made many “attempts” and historically we fall back to where we’ve been. </p>

<p>For those curious, I am aiming for full or at least majority custody of our kids. I already and will continue to cover all the expenses for our kids, insurance, tuition (both of our kids are/will be attending private schools come fall), medical bills, etc. My MIL has given me the courage and strength that helped supplement my own mother’s support throughout this. Basically she is what I hoped the kind of mother/wife my wife would have been to our kids and me. Out of respect for my MIL as well as per my own mother’s shared wishes, I will continue to help oversee and contribute financial help if needed during her treatments. While some may feel I should cut their whole family off, I know the hardships pushed onto a family while dealing with cancer and have dealt with it first hand as a family member and care provider on both sides of the desk. </p>

<p>All in all, I’m prepared to go to “war” if needed but I just want a clean no fuss divorce. My wife has no alimony coming, so sorry for the redditors and mommy gang facebook groups saying she needs to divorce me first and get that “sweet sweet alimony money.” 1. We live in a state that does not typically enforce alimony 2.she has a means of gainful employment immediately 3. To help curb any possible problems I will cover her insurance and bills until either divorce is finalized or when she gains full employment. </p>

<p>So that’s that. I’m done and waiting for the steps to be taken for everything to be  finalized. Sorry it wasn’t as exciting of a story with plot twist as some may have hoped for but that’s life. Not sure I’ll update this once it&#39;s all finalized, which probably won&#39;t be for a few more months depending if we go to “war” or not. </p>

<hr/>

<p>I am not the original poster. Please don&#39;t contact or comment on linked posts</p>
</div><!-- SC_ON -->",27094,,,2026-07-22T16:28:48.741Z,post,,False,0,t3_1dy6w6i,,,,w49ifd48,,,,,13559,False,0.7592,False,,0,5167,13559,2024-07-08T11:48:35.000Z,https://www.reddit.com/r/BestofRedditorUpdates/comments/1dy6w6i/new_update_i_ruined_my_wifes_life/,BestofRedditorUpdates
17860.6699,t2_6l4z3,t1_lc6fyle,AutoModerator,True,"#Do not comment on the original posts

Please read our [**sub rules**](https://www.reddit.com/r/BestofRedditorUpdates/wiki/subrules). Rule-breaking may result in a ban without notice.

If there is an issue with this post (flair, formatting, quality), reply to this comment or your comment may be removed in general discussion.

**CHECK FLAIR** For concluded-only updates, use the [CONCLUDED](https://www.reddit.com/r/BestofRedditorUpdates/search?sort=new&restrict_sr=on&q=flair%3ACONCLUDED) flair.


*I am a bot, and this action was performed automatically. Please [contact the moderators of this subreddit](/message/compose/?to=/r/BestofRedditorUpdates) if you have any questions or concerns.*","<div class=""md""><h1>Do not comment on the original posts</h1>

<p>Please read our <a href=""https://www.reddit.com/r/BestofRedditorUpdates/wiki/subrules""><strong>sub rules</strong></a>. Rule-breaking may result in a ban without notice.</p>

<p>If there is an issue with this post (flair, formatting, quality), reply to this comment or your comment may be removed in general discussion.</p>

<p><strong>CHECK FLAIR</strong> For concluded-only updates, use the <a href=""https://www.reddit.com/r/BestofRedditorUpdates/search?sort=new&amp;restrict_sr=on&amp;q=flair%3ACONCLUDED"">CONCLUDED</a> flair.</p>

<p><em>I am a bot, and this action was performed automatically. Please <a href=""/message/compose/?to=/r/BestofRedditorUpdates"">contact the moderators of this subreddit</a> if you have any questions or concerns.</em></p>
</div>",694,0.0,0.0,2026-07-22T16:28:48.742Z,comment,0.0,False,0,lc6fyle,0.0,t3_1dy6w6i,post,lc6fyle,1dy6w6i,1dy6w6i,2ea6kj,t3_1dy6w6i,1,True,0.0001,True,t5_2ea6kj,0,77,1,2024-07-08T11:48:37.000Z,https://www.reddit.com/r/BestofRedditorUpdates/comments/1dy6w6i/new_update_i_ruined_my_wifes_life/lc6fyle/,BestofRedditorUpdates
566.6488,t2_1fjcqbab9a,t1_ouf8m66,Mikeys_Toupee,False,“Dish dry-aged fishes schmells like my underwear!”,"<div class=""md""><p>“Dish dry-aged fishes schmells like my underwear!” </p>
</div>",51,0.0,0.0,2026-07-22T16:28:49.743Z,comment,1.0,False,0,ouf8m66,0.0,t1_ouf71g5,comment,ouf8m66,ouf71g5,1uiewtm,uvnoo,t3_1uiewtm,5,False,0.0088,False,t5_uvnoo,0,7,5,2026-06-29T01:49:54.000Z,https://www.reddit.com/r/MikeyChen/comments/1uiewtm/recycled_cunktent_trying_bwashills_national_dish/ouf8m66/,MikeyChen
563.6377,t2_1xdo0ittl3,t1_oug0ill,Cunkboy,False,The front is not much better either…,"<div class=""md""><p>The front is not much better either…</p>
</div>",36,0.0,0.0,2026-07-22T16:28:49.743Z,comment,1.0,False,0,oug0ill,0.0,t1_ouf71g5,comment,oug0ill,ouf71g5,1uiewtm,uvnoo,t3_1uiewtm,3,False,0.0053,False,t5_uvnoo,0,7,3,2026-06-29T04:50:34.000Z,https://www.reddit.com/r/MikeyChen/comments/1uiewtm/recycled_cunktent_trying_bwashills_national_dish/oug0ill/,MikeyChen
563.3477,t2_v90zndv6,t1_oug2u9i,Crazy_Alternative294,False,"Almost as good as this one

https://preview.redd.it/bdho7p35n5ah1.jpeg?width=1080&format=pjpg&auto=webp&s=54c2560770431388ac578e560220f4572afd9387","<div class=""md""><p>Almost as good as this one</p>

<p><a href=""https://preview.redd.it/bdho7p35n5ah1.jpeg?width=1080&amp;format=pjpg&amp;auto=webp&amp;s=54c2560770431388ac578e560220f4572afd9387"">https://preview.redd.it/bdho7p35n5ah1.jpeg?width=1080&amp;format=pjpg&amp;auto=webp&amp;s=54c2560770431388ac578e560220f4572afd9387</a></p>
</div>",146,0.0,0.0,2026-07-22T16:28:49.743Z,comment,3.0,False,0,oug2u9i,0.0,t1_ouf9vkw,comment,oug2u9i,ouf9vkw,1uiewtm,uvnoo,t3_1uiewtm,3,False,0.0053,False,t5_uvnoo,0,7,3,2026-06-29T05:07:58.000Z,https://www.reddit.com/r/MikeyChen/comments/1uiewtm/recycled_cunktent_trying_bwashills_national_dish/oug2u9i/,MikeyChen
549.9133,t2_1fjcqbab9a,t1_oujxl0v,Mikeys_Toupee,False,Stunning beauty.,"<div class=""md""><p>Stunning beauty.</p>
</div>",16,0.0,0.0,2026-07-22T16:28:49.743Z,comment,4.0,False,0,oujxl0v,0.0,t1_oug2u9i,comment,oujxl0v,oug2u9i,1uiewtm,uvnoo,t3_1uiewtm,2,False,0.0036,False,t5_uvnoo,0,2,2,2026-06-29T18:34:02.000Z,https://www.reddit.com/r/MikeyChen/comments/1uiewtm/recycled_cunktent_trying_bwashills_national_dish/oujxl0v/,MikeyChen
5377.0829,,t2_qlyzr0o8,piri_reis_,False,"After a year of research, debate, and help from many of you in your home regions, I’ve finished a national map of 78 U.S. food regions. Each area is based on distinct culinary traditions shaped by geography, culture, and history, from Gullah and Tex-Mex to Monroe BBQ and Crucian cuisine.

I’d love your feedback: Did I miss something obvious? Should a region be renamed, removed, or split further?

A version of this map’s headed to print next year as part of a national cultural atlas, so this is the last round of tuning before it gets locked in.

Edit- just tried to reupload this in higher resolution. I went as high as Reddit would allow. Sorry if it's still fuzzy. DM me or look at links in my profile and I'll point you to a higher-res version","<!-- SC_OFF --><div class=""md""><p>After a year of research, debate, and help from many of you in your home regions, I’ve finished a national map of 78 U.S. food regions. Each area is based on distinct culinary traditions shaped by geography, culture, and history, from Gullah and Tex-Mex to Monroe BBQ and Crucian cuisine.</p>

<p>I’d love your feedback: Did I miss something obvious? Should a region be renamed, removed, or split further?</p>

<p>A version of this map’s headed to print next year as part of a national cultural atlas, so this is the last round of tuning before it gets locked in.</p>

<p>Edit- just tried to reupload this in higher resolution. I went as high as Reddit would allow. Sorry if it&#39;s still fuzzy. DM me or look at links in my profile and I&#39;ll point you to a higher-res version</p>
</div><!-- SC_ON -->",751,,,2026-07-22T16:28:52.551Z,post,,True,0,t3_1pj5bz6,,,,qlyzr0o8,,,,,2950,False,0.5486,False,,0,156,2950,2025-12-10T15:23:54.000Z,https://www.reddit.com/r/MapPorn/comments/1pj5bz6/after_a_year_of_work_and_a_publishing_deal_heres/,MapPorn
5376.9707,,t1_ntaww7m,[deleted],False,[removed],"<div class=""md""><p>[removed]</p>
</div>",9,0.0,0.0,2026-07-22T16:28:52.551Z,comment,0.0,False,0,ntaww7m,0.0,t3_1pj5bz6,post,ntaww7m,1pj5bz6,1pj5bz6,2si92,t3_1pj5bz6,225,False,0.0418,False,t5_2si92,0,1,225,2025-12-10T15:30:38.000Z,https://www.reddit.com/r/MapPorn/comments/1pj5bz6/after_a_year_of_work_and_a_publishing_deal_heres/ntaww7m/,MapPorn
5377.0493,t2_qlyzr0o8,t1_ntavz5i,piri_reis_,False,"A lot of these regions were refined based on feedback from Reddit, food historians, and restaurant menus.  I’ve tried to keep things grounded in actual cooking traditions, not exclusively ingredients or restaurant trends (though there's some of that in there too). That’s why some regions were merged or cut entirely.","<div class=""md""><p>A lot of these regions were refined based on feedback from Reddit, food historians, and restaurant menus.  I’ve tried to keep things grounded in actual cooking traditions, not exclusively ingredients or restaurant trends (though there&#39;s some of that in there too). That’s why some regions were merged or cut entirely.</p>
</div>",317,0.0,0.0,2026-07-22T16:28:52.552Z,comment,0.0,False,0,ntavz5i,1.0,t3_1pj5bz6,post,ntavz5i,1pj5bz6,1pj5bz6,2si92,t3_1pj5bz6,227,False,0.0422,False,t5_2si92,0,50,227,2025-12-10T15:25:55.000Z,https://www.reddit.com/r/MapPorn/comments/1pj5bz6/after_a_year_of_work_and_a_publishing_deal_heres/ntavz5i/,MapPorn
5374.2813,t2_31uo0,t1_ntbttqd,Cheeta66,False,"This is crazy. Great work, impressive!","<div class=""md""><p>This is crazy. Great work, impressive!</p>
</div>",38,0.0,0.0,2026-07-22T16:28:52.552Z,comment,1.0,False,0,ntbttqd,0.0,t1_ntavz5i,comment,ntbttqd,ntavz5i,1pj5bz6,2si92,t3_1pj5bz6,50,False,0.0093,False,t5_2si92,0,6,50,2025-12-10T18:12:00.000Z,https://www.reddit.com/r/MapPorn/comments/1pj5bz6/after_a_year_of_work_and_a_publishing_deal_heres/ntbttqd/,MapPorn
5369.8538,t2_1abp9wu79d,t1_ntdbjkw,CoolerRancho,False,"This is fantastic, I love it!","<div class=""md""><p>This is fantastic, I love it!</p>
</div>",29,0.0,0.0,2026-07-22T16:28:52.552Z,comment,1.0,False,0,ntdbjkw,0.0,t1_ntavz5i,comment,ntdbjkw,ntavz5i,1pj5bz6,2si92,t3_1pj5bz6,2,False,0.0004,False,t5_2si92,0,6,2,2025-12-10T22:37:39.000Z,https://www.reddit.com/r/MapPorn/comments/1pj5bz6/after_a_year_of_work_and_a_publishing_deal_heres/ntdbjkw/,MapPorn
5362.5454,t2_jki0k4o4,t1_ntf90h4,CoinHawg,True,"Where the heck did you get cashew chicken and squirrel pie for the Ozarks? Someone was yanking your chain. Never in all my years have I seen either one of these on a menu anywhere in the Ozarks (other than maybe a Chinese restaurant for the cashew chicken). Oh, I've had squirrel in lasagna, but we were trying a new recipe.  There are a lot of good recipes out there for limb chickens. 

Venison and fried catfish? Yes. Often times self procured, skinned, prepped and cooked within hours of being lucky enough to get your hands on it. Heck, we even ate a deer that got hit by a car out in front of the house that we had to put down since the vehicle didn't quite do the job. No sense letting good meat go to waste, right? 

What else did I grow up on in the Ozarks 50 years ago? Pinto beans, cornbread, fried okra, collard greens, biscuits and gravy, any fish we could catch in the rivers or lakes (give me walleye and crappie any day), chicken a hundred different ways, etc. Just don't forget the bacon grease. It goes in almost everything.","<div class=""md""><p>Where the heck did you get cashew chicken and squirrel pie for the Ozarks? Someone was yanking your chain. Never in all my years have I seen either one of these on a menu anywhere in the Ozarks (other than maybe a Chinese restaurant for the cashew chicken). Oh, I&#39;ve had squirrel in lasagna, but we were trying a new recipe.  There are a lot of good recipes out there for limb chickens. </p>

<p>Venison and fried catfish? Yes. Often times self procured, skinned, prepped and cooked within hours of being lucky enough to get your hands on it. Heck, we even ate a deer that got hit by a car out in front of the house that we had to put down since the vehicle didn&#39;t quite do the job. No sense letting good meat go to waste, right? </p>

<p>What else did I grow up on in the Ozarks 50 years ago? Pinto beans, cornbread, fried okra, collard greens, biscuits and gravy, any fish we could catch in the rivers or lakes (give me walleye and crappie any day), chicken a hundred different ways, etc. Just don&#39;t forget the bacon grease. It goes in almost everything.</p>
</div>",1042,0.0,0.0,2026-07-22T16:28:52.552Z,comment,1.0,False,0,ntf90h4,0.0,t1_ntavz5i,comment,ntf90h4,ntavz5i,1pj5bz6,2si92,t3_1pj5bz6,1,False,0.0002,False,t5_2si92,0,196,1,2025-12-11T05:56:09.000Z,https://www.reddit.com/r/MapPorn/comments/1pj5bz6/after_a_year_of_work_and_a_publishing_deal_heres/ntf90h4/,MapPorn
9192.0396,t2_a3iqywkf,t1_n1bw3q0,Project_Rees,False,It's not a cult.,"<div class=""md""><p>It&#39;s not a cult.</p>
</div>",16,0.0,0.0,2026-07-22T16:28:53.541Z,comment,0.0,False,0,n1bw3q0,0.0,t3_1lrlu5s,post,n1bw3q0,1lrlu5s,1lrlu5s,2w57u,t3_1lrlu5s,139,False,0.0151,False,t5_2w57u,0,4,139,2025-07-04T16:26:31.000Z,https://www.reddit.com/r/ShitAmericansSay/comments/1lrlu5s/sad_singing_the_us_national_anthem_every_day_at/n1bw3q0/,ShitAmericansSay
9185.3118,t2_10llm2,t1_n1dxovf,LdyVder,False,"As an American, if I saw that I would turn around and walk the hell out.","<div class=""md""><p>As an American, if I saw that I would turn around and walk the hell out.</p>
</div>",72,0.0,0.0,2026-07-22T16:28:53.541Z,comment,1.0,False,0,n1dxovf,0.0,t1_n1c0i4k,comment,n1dxovf,n1c0i4k,1lrlu5s,2w57u,t3_1lrlu5s,12,False,0.0013,False,t5_2w57u,0,16,12,2025-07-04T23:10:11.000Z,https://www.reddit.com/r/ShitAmericansSay/comments/1lrlu5s/sad_singing_the_us_national_anthem_every_day_at/n1dxovf/,ShitAmericansSay
9191.3054,,t1_n1c4te0,[deleted],False,[removed],"<div class=""md""><p>[removed]</p>
</div>",9,1.0,0.0,2026-07-22T16:28:53.541Z,comment,1.0,False,0,n1c4te0,0.0,t1_n1c0i4k,comment,n1c4te0,n1c0i4k,1lrlu5s,2w57u,t3_1lrlu5s,1,False,0.0001,False,t5_2w57u,0,1,1,2025-07-04T17:10:34.000Z,https://www.reddit.com/r/ShitAmericansSay/comments/1lrlu5s/sad_singing_the_us_national_anthem_every_day_at/n1c4te0/,ShitAmericansSay
21012.798,t2_t5fargor,t1_kshguy9,frustrated-brain,False,"Not gone, it's has been cooked throughly in fire now","<div class=""md""><p>Not gone, it&#39;s has been cooked throughly in fire now</p>
</div>",52,0.0,0.0,2026-07-22T16:28:53.738Z,comment,1.0,False,0,kshguy9,0.0,t1_kscql2i,comment,kshguy9,kscql2i,1b17egx,2tyoy,t3_1b17egx,4,False,0.0002,False,t5_2tyoy,0,10,4,2024-02-28T03:41:01.000Z,https://www.reddit.com/r/Visakhapatnam/comments/1b17egx/bbq_nation_gajuwaka_got_bbqed_in_a_fire_accident/kshguy9/,Visakhapatnam
21030.9508,t2_npw8qiaml,t1_kscqcfk,Flight_Lowo,False,Lmaooo,"<div class=""md""><p>Lmaooo</p>
</div>",6,0.0,0.0,2026-07-22T16:28:53.738Z,comment,1.0,False,0,kscqcfk,0.0,t1_kscpodp,comment,kscqcfk,kscpodp,1b17egx,2tyoy,t3_1b17egx,2,False,0.0001,False,t5_2tyoy,0,1,2,2024-02-27T09:31:51.000Z,https://www.reddit.com/r/Visakhapatnam/comments/1b17egx/bbq_nation_gajuwaka_got_bbqed_in_a_fire_accident/kscqcfk/,Visakhapatnam
21031.2199,t2_dc1n09k1,t1_kscp163,Aak-paak-studios,False,When bro? Everyone ok?,"<div class=""md""><p>When bro? Everyone ok?</p>
</div>",22,0.0,0.0,2026-07-22T16:28:53.738Z,comment,0.0,False,0,kscp163,0.0,t3_1b17egx,post,kscp163,1b17egx,1b17egx,2tyoy,t3_1b17egx,8,False,0.0004,False,t5_2tyoy,0,4,8,2024-02-27T09:15:42.000Z,https://www.reddit.com/r/Visakhapatnam/comments/1b17egx/bbq_nation_gajuwaka_got_bbqed_in_a_fire_accident/kscp163/,Visakhapatnam
2692.4486,t2_26dikjg18q,t1_odogplf,Automatic-Budget-976,False,"Guys, you should stop eating outside food.. My uncles used to run a mid range restaurant and I have seen the terrible things they do. My uncles themselves never used to eat at their restaurant 😂","<div class=""md""><p>Guys, you should stop eating outside food.. My uncles used to run a mid range restaurant and I have seen the terrible things they do. My uncles themselves never used to eat at their restaurant 😂</p>
</div>",195,0.0,0.0,2026-07-22T16:28:54.017Z,comment,0.0,False,0,odogplf,0.0,t3_1s9hmfb,post,odogplf,1s9hmfb,1s9hmfb,2r749,t3_1s9hmfb,102,False,0.0379,False,t5_2r749,0,36,102,2026-04-01T12:01:59.000Z,https://www.reddit.com/r/hyderabad/comments/1s9hmfb/ubq_by_bbq_nation_order_felt_like_leftover_food/odogplf/,hyderabad
2690.6836,t2_129h74tqnf,t1_odp035e,Unlucky-Tap-9041,False,"Guys, you should stop eating home cooked food. I saw a show about a real incident where a woman named Jolly would add cyanide in food and kill people. Never eat home food. /S","<div class=""md""><p>Guys, you should stop eating home cooked food. I saw a show about a real incident where a woman named Jolly would add cyanide in food and kill people. Never eat home food. /S</p>
</div>",174,0.0,0.0,2026-07-22T16:28:54.017Z,comment,1.0,False,0,odp035e,0.0,t1_odogplf,comment,odp035e,odogplf,1s9hmfb,2r749,t3_1s9hmfb,18,False,0.0067,False,t5_2r749,0,34,18,2026-04-01T13:47:53.000Z,https://www.reddit.com/r/hyderabad/comments/1s9hmfb/ubq_by_bbq_nation_order_felt_like_leftover_food/odp035e/,hyderabad
2668.0039,t2_26dikjg18q,t1_odvebf4,Automatic-Budget-976,False,"https://preview.redd.it/eam2w6qitrsg1.jpeg?width=3024&format=pjpg&auto=webp&s=7b79ecefa953a09f5f39aa770bb937f00d25f2d0

Hyporcrisy ki bhi seema hoti hai","<div class=""md""><p><a href=""https://preview.redd.it/eam2w6qitrsg1.jpeg?width=3024&amp;format=pjpg&amp;auto=webp&amp;s=7b79ecefa953a09f5f39aa770bb937f00d25f2d0"">https://preview.redd.it/eam2w6qitrsg1.jpeg?width=3024&amp;format=pjpg&amp;auto=webp&amp;s=7b79ecefa953a09f5f39aa770bb937f00d25f2d0</a></p>

<p>Hyporcrisy ki bhi seema hoti hai</p>
</div>",152,0.0,0.0,2026-07-22T16:28:54.017Z,comment,1.0,False,0,odvebf4,0.0,t1_odogplf,comment,odvebf4,odogplf,1s9hmfb,2r749,t3_1s9hmfb,1,False,0.0004,False,t5_2r749,0,7,1,2026-04-02T12:28:40.000Z,https://www.reddit.com/r/hyderabad/comments/1s9hmfb/ubq_by_bbq_nation_order_felt_like_leftover_food/odvebf4/,hyderabad
2692.1564,t2_qwoxjzxnl,t1_odojmz3,redditUser110099,False,What are those terrible things? 😶,"<div class=""md""><p>What are those terrible things? 😶</p>
</div>",34,0.0,0.0,2026-07-22T16:28:54.017Z,comment,1.0,False,0,odojmz3,1.0,t1_odogplf,comment,odojmz3,odogplf,1s9hmfb,2r749,t3_1s9hmfb,1,False,0.0004,False,t5_2r749,0,6,1,2026-04-01T12:19:31.000Z,https://www.reddit.com/r/hyderabad/comments/1s9hmfb/ubq_by_bbq_nation_order_felt_like_leftover_food/odojmz3/,hyderabad
2691.5389,t2_8mbykldv,t1_odoq7oj,TroubleMoney5935,False,Most restaurants in Hyderabad seem to fall into that pattern. Remember when Telangana’s food safety authorities started flagging so many places after Revanth came into power? I’m sure every single one of them followed the rules to the letter… and absolutely none of them tried to “smooth things over.” 😉,"<div class=""md""><p>Most restaurants in Hyderabad seem to fall into that pattern. Remember when Telangana’s food safety authorities started flagging so many places after Revanth came into power? I’m sure every single one of them followed the rules to the letter… and absolutely none of them tried to “smooth things over.” 😉</p>
</div>",304,0.0,0.0,2026-07-22T16:28:54.017Z,comment,3.0,False,0,odoq7oj,0.0,t1_odopnvy,comment,odoq7oj,odopnvy,1s9hmfb,2r749,t3_1s9hmfb,24,False,0.0089,False,t5_2r749,0,50,24,2026-04-01T12:56:34.000Z,https://www.reddit.com/r/hyderabad/comments/1s9hmfb/ubq_by_bbq_nation_order_felt_like_leftover_food/odoq7oj/,hyderabad
2692.9478,t2_20szkjc46s,t1_odoc0v7,uneasy_45,False,"Nuvvu inka baita nundi order pedte chala varaku leftover eh istharu...ipud inka Gas raatledu ane maata tho, alane store chesi istharu...inka strict laws raavali, antha kante em cheylemu. Godava padina em chesina, valu bokkale ankuntaru ","<div class=""md""><p>Nuvvu inka baita nundi order pedte chala varaku leftover eh istharu...ipud inka Gas raatledu ane maata tho, alane store chesi istharu...inka strict laws raavali, antha kante em cheylemu. Godava padina em chesina, valu bokkale ankuntaru </p>
</div>",236,0.0,0.0,2026-07-22T16:28:54.017Z,comment,0.0,False,0,odoc0v7,0.0,t3_1s9hmfb,post,odoc0v7,1s9hmfb,1s9hmfb,2r749,t3_1s9hmfb,16,False,0.0059,False,t5_2r749,0,35,16,2026-04-01T11:32:02.000Z,https://www.reddit.com/r/hyderabad/comments/1s9hmfb/ubq_by_bbq_nation_order_felt_like_leftover_food/odoc0v7/,hyderabad
2692.8981,t2_qwoxjzxnl,t1_odocgpl,redditUser110099,False,"Sad! 
Laws vunna em labham mana officers panicheyyaruga!","<div class=""md""><p>Sad! 
Laws vunna em labham mana officers panicheyyaruga!</p>
</div>",56,0.0,0.0,2026-07-22T16:28:54.017Z,comment,1.0,False,0,odocgpl,1.0,t1_odoc0v7,comment,odocgpl,odoc0v7,1s9hmfb,2r749,t3_1s9hmfb,3,False,0.0011,False,t5_2r749,0,8,3,2026-04-01T11:35:01.000Z,https://www.reddit.com/r/hyderabad/comments/1s9hmfb/ubq_by_bbq_nation_order_felt_like_leftover_food/odocgpl/,hyderabad
2692.5861,t2_22p05jmq8u,t1_odofd9l,anu_1110,False,mana degara antha strict ekka unayi akka .,"<div class=""md""><p>mana degara antha strict ekka unayi akka .</p>
</div>",42,0.0,0.0,2026-07-22T16:28:54.017Z,comment,1.0,False,0,odofd9l,0.0,t1_odoc0v7,comment,odofd9l,odoc0v7,1s9hmfb,2r749,t3_1s9hmfb,1,False,0.0004,False,t5_2r749,0,8,1,2026-04-01T11:53:44.000Z,https://www.reddit.com/r/hyderabad/comments/1s9hmfb/ubq_by_bbq_nation_order_felt_like_leftover_food/odofd9l/,hyderabad
3162.1942,t2_1cultdypyb,t1_oa4dspy,Key-Market3068,False,Those Soldiers get Burgers Like that often.,"<div class=""md""><p>Those Soldiers get Burgers Like that often. </p>
</div>",44,0.0,0.0,2026-07-22T16:28:54.944Z,comment,1.0,False,0,oa4dspy,0.0,t1_oa1lcy1,comment,oa4dspy,oa1lcy1,1rrdh9o,2rcu3,t3_1rrdh9o,2,False,0.0006,False,t5_2rcu3,0,7,2,2026-03-12T22:17:16.000Z,https://www.reddit.com/r/burgers/comments/1rrdh9o/kshack_bbq_burger_at_valley_forge_national/oa4dspy/,burgers
3038.2611,t2_7bikzajiq,t1_ob1qjv7,A_Texas_Hobo,False,Huh?,"<div class=""md""><p>Huh?</p>
</div>",4,0.0,0.0,2026-07-22T16:28:54.944Z,comment,2.0,False,0,ob1qjv7,0.0,t1_oa4dspy,comment,ob1qjv7,oa4dspy,1rrdh9o,2rcu3,t3_1rrdh9o,1,False,0.0003,False,t5_2rcu3,0,1,1,2026-03-18T02:13:15.000Z,https://www.reddit.com/r/burgers/comments/1rrdh9o/kshack_bbq_burger_at_valley_forge_national/ob1qjv7/,burgers
3182.5339,t2_1cultdypyb,t1_o9yt2x6,Key-Market3068,False,Good Looking Burger 🍔!!,"<div class=""md""><p>Good Looking Burger 🍔!! </p>
</div>",25,0.0,0.0,2026-07-22T16:28:54.944Z,comment,0.0,False,0,o9yt2x6,0.0,t3_1rrdh9o,post,o9yt2x6,1rrdh9o,1rrdh9o,2rcu3,t3_1rrdh9o,4,False,0.0013,False,t5_2rcu3,0,4,4,2026-03-12T01:56:53.000Z,https://www.reddit.com/r/burgers/comments/1rrdh9o/kshack_bbq_burger_at_valley_forge_national/o9yt2x6/,burgers
3182.2647,t2_vfgeav7p,t1_o9yvvow,Hot-Temporary-6946,False,Sweet burger with a side of history sauce,"<div class=""md""><p>Sweet burger with a side of history sauce</p>
</div>",41,0.0,0.0,2026-07-22T16:28:54.944Z,comment,0.0,False,0,o9yvvow,0.0,t3_1rrdh9o,post,o9yvvow,1rrdh9o,1rrdh9o,2rcu3,t3_1rrdh9o,3,False,0.0009,False,t5_2rcu3,0,8,3,2026-03-12T02:13:02.000Z,https://www.reddit.com/r/burgers/comments/1rrdh9o/kshack_bbq_burger_at_valley_forge_national/o9yvvow/,burgers
3168.3714,t2_17u9e0j09t,t1_oa26rhr,MagazineDelicious151,False,Looks like it was delicious,"<div class=""md""><p>Looks like it was delicious </p>
</div>",28,0.0,0.0,2026-07-22T16:28:54.944Z,comment,0.0,False,0,oa26rhr,0.0,t3_1rrdh9o,post,oa26rhr,1rrdh9o,1rrdh9o,2rcu3,t3_1rrdh9o,2,False,0.0006,False,t5_2rcu3,0,5,2,2026-03-12T16:06:38.000Z,https://www.reddit.com/r/burgers/comments/1rrdh9o/kshack_bbq_burger_at_valley_forge_national/oa26rhr/,burgers
3182.27,t2_3lnbj7hu,t1_o9yvtr6,alien-native,False,This is the new Shake Shack burger right? How is it? It looks fucking awesome,"<div class=""md""><p>This is the new Shake Shack burger right? How is it? It looks fucking awesome </p>
</div>",78,0.0,0.0,2026-07-22T16:28:54.944Z,comment,0.0,False,0,o9yvtr6,0.0,t3_1rrdh9o,post,o9yvtr6,1rrdh9o,1rrdh9o,2rcu3,t3_1rrdh9o,3,False,0.0009,False,t5_2rcu3,0,15,3,2026-03-12T02:12:43.000Z,https://www.reddit.com/r/burgers/comments/1rrdh9o/kshack_bbq_burger_at_valley_forge_national/o9yvtr6/,burgers
3165.6822,t2_y7ksg,t1_oa35yvp,pixelsandfilm,False,"I just had one for lunch. Pretty tasty. I would give it an 7.5/10 for a shack burger. Tasty, but not like blowing my mind. Which is a pretty good summary of Shake Shack now that I think about it.","<div class=""md""><p>I just had one for lunch. Pretty tasty. I would give it an 7.5/10 for a shack burger. Tasty, but not like blowing my mind. Which is a pretty good summary of Shake Shack now that I think about it.</p>
</div>",195,0.0,0.0,2026-07-22T16:28:54.944Z,comment,1.0,False,0,oa35yvp,0.0,t1_o9yvtr6,comment,oa35yvp,o9yvtr6,1rrdh9o,2rcu3,t3_1rrdh9o,1,False,0.0003,False,t5_2rcu3,0,40,1,2026-03-12T18:47:59.000Z,https://www.reddit.com/r/burgers/comments/1rrdh9o/kshack_bbq_burger_at_valley_forge_national/oa35yvp/,burgers
3166.7244,t2_hshfblk5m,t1_oa2s81h,Significant_Day_5988,False,"Oh, I eat the hell out of that some ma gun","<div class=""md""><p>Oh, I eat the hell out of that some ma gun</p>
</div>",42,0.0,0.0,2026-07-22T16:28:54.944Z,comment,0.0,False,0,oa2s81h,0.0,t3_1rrdh9o,post,oa2s81h,1rrdh9o,1rrdh9o,2rcu3,t3_1rrdh9o,1,False,0.0003,False,t5_2rcu3,0,11,1,2026-03-12T17:45:27.000Z,https://www.reddit.com/r/burgers/comments/1rrdh9o/kshack_bbq_burger_at_valley_forge_national/oa2s81h/,burgers
3181.2269,t2_8jhoic4n,t1_o9z65tj,shaborgan,False,Looks like 5 day old recycled green onions,"<div class=""md""><p>Looks like 5 day old recycled green onions</p>
</div>",42,0.0,0.0,2026-07-22T16:28:54.944Z,comment,0.0,False,0,o9z65tj,0.0,t3_1rrdh9o,post,o9z65tj,1rrdh9o,1rrdh9o,2rcu3,t3_1rrdh9o,0,False,0.0,False,t5_2rcu3,0,8,0,2026-03-12T03:15:18.000Z,https://www.reddit.com/r/burgers/comments/1rrdh9o/kshack_bbq_burger_at_valley_forge_national/o9z65tj/,burgers
9132.4426,,t2_51nvnr4,LucyAriaRose,False,"**I am NOT the Original Poster. That is** [Diligent-Might6031](https://www.reddit.com/user/Diligent-Might6031/)**.** They posted in r/Pets

# Do NOT Comment on Original Posts. Latest update is 7 days old.

**Trigger Warning:** >!animal mistreatment!<

**Mood Spoiler:** >!currently an ok ending!<

**Are the dogs ok:** >!dogs are currently fine but it could have been a lot worse!<

**Original** [Post](https://www.reddit.com/r/Pets/comments/1lnon4d/our_dog_sitter_accidentally_fed_our_dogs_traeger/)**: June 29, 2025**

**Title:** Our dog sitter accidentally fed our dogs traeger pellets while we were out of town.

Really nice kid. Found him on Rover. He did all the things right. Except, he accidentally fed our dogs traeger pellets instead of dog food. The pellets were stored in a bag on the floor in the pantry, clearly labeled fire wood pellets. We showed him where the dog was before we left. We left very clear instructions. He kept in touch with us throughout the trip. This morning he text that the dogs didn’t want to eat their breakfast. When we get home, I see the remaining food and ask my husband “what the hell is in their food bowls?” We mix their food with hot water and goat milk and a prebiotic so it was like a black sludge. Ew.

We go upstairs and they have obviously been sick all over our bed. 🤮 poor babies were starved for two days. They clearly consumed some on the first night we were gone bc it was in their sick.

I have called their vet and they will call me back bc it’s a Sunday. Just suggested to keep an eye on them. They have since eaten a regular meal.

Hopefully this doesn’t make them sick.

What would you all do in this situation? My husband called our sitter and informed him of the mistake and is planning on just chatting to him about how dangerous it is and let it be a teaching lesson for him.

I can’t help but be very angry.

***Some of OOP's Comments:***

Commenter: Take the pups to the vet. Who knows what's in that stuff. Alternatively, there is a national SPCA poison control hotline you can call for $99 and get advice immediately. (888) 426-4435 anytime day or night. I have used them and they are very good.

>**OOP:** Thank you. Yea I called them. They said traeger pellets are not toxic but could cause gastro intestinal issues such as blockage or distress. So they advised to keep an eye on them and if they throw up their food to take them in to the ER vet

Commenter: Not trying to be contrary, but I personally feel like Poison Control is wrong in this, unless they looked up the SPECIFIC bag of pellets you have... As different traeger pellets have different woods/ingredients.

From Google:

>The primary ingredients are various hardwood species like oak, hickory, maple, and cherry, depending on the specific pellet blend. While the wood is the main component, some blends may include other natural elements like used whiskey staves or flavor-infused oils.

The following are just a few trees that are toxic to dogs:

oak, cherry, peach, plum, horse chestnut, and yew

Without knowing what oils are infused into the pellets, you wouldn't know if they were toxic ones, either.

>**OOP:** That’s actually a great point. I did tell them the ingredients. Hickory, maple wood and the brand. Kirkland.  
I did not know that those trees were toxic to dogs. Thank you for your thoughtful and detailed response. I truly appreciate it.

Commenter: I’d be furious and I would involve Rover. That’s crazy. How can you advertise yourself as a sitter if you can’t even tell what dog food looks like?! Presumably the other pellets don’t have a huge pic of a happy dog on the front! I’d be asking for any vet bills to be covered at a minimum.

>**OOP:** To be fair, our dog food also doesn’t have a picture of a dog on it. But it’s stored in an airtight container labeled dog food. The pellets were in the original pellet bag on the floor with a bag clip on it. So directly next to the dog food.  
I’m so angry. I’m so worried about my dogs and my husband just wants to chat to the sitter and share with him his mistake. And keep an eye on the dogs. I called the emergency pet poison control, they told me if they already vomited and have eaten to keep an eye for further vomit and if they continue to show signs of discomfort to take them in. I want to take them anyways. 😵‍💫

Commenter: I wonder if the kid's illiterate.

>**OOP:** I would assume so. Bc this mistake is something that only a really stupid or illiterate person could make. Or a malicious person. But he goes to the university of Michigan and can text totally normally.

Commenter: Whoa, when you said ""really nice kid"" I assumed you meant like, a ten-year-old. A university student makes this a lot scarier. This thread makes me not trust Rover.

>**OOP:** Right. Sorry about that. He’s a kid to me but no he’s a fully grown adult. This is my second not great experience with Rover. Last time we had someone dog sitting for a week and she just left the back door to my house open, mid winter, so she didn’t have to let the dogs out. We returned home to a mess of muddy dog paws all over the entire house.  
Now I don’t trust rover. Really sad.

Commenter: It's 100% the sitter's fault, but... why do you have things that can't be eaten in the pantry? I'm really curious.

>**OOP:** Great question. I have since moved them. We normally store them there bc it’s cooler than the shed and less moisture. They have been relocated to a storage closet

Commenter: As someone who pet sits for family (family only bc I know their dogs well), and literally one of the first questions is ""Where is the dog food?"" But I also do have to ask, did you go over things in person? Or did he just unlock the door and come in? I know its labeled dog food, but MAYBE he thought it was extra? My aunt has left the remainder of the food she puts in a container right next to it.

>**OOP:** He came over twice for about 30 minutes each time before we left. The final time on the day we were leaving so we could go over everything with him again and so he could get comfortable with the dogs. We also sent him a detailed list of important information via the notes app.

*Someone finds the specific brand:*

**UnburntAsh:** Is this the one you have?

[https://www.costco.com/kirkland-signature-premium-blend-bbq-hardwood-pellets%2C-40-lb.product.100980516.html](https://www.costco.com/kirkland-signature-premium-blend-bbq-hardwood-pellets%2C-40-lb.product.100980516.html)

I ask because it has oak and cherry, which are toxic to dogs.

>**OOP:** You know what, yes. That is the one we have. Okay. Gotta go. Heading to the emergency vet now. Thank you again for your due diligence.

**Update 1 (Same Post): 1-3 hours later**

Update we contacted Rover. They opened a report and said they would contact the sitter and email us back in 24 hours. They also stated that we have $25,000 in insurance coverage should our dogs need the vet. (I’m sitting at the emergency vet now) rover stated that the sitter will likely get a “slap on the wrist and possibly some training but will not be removed from The platform unless an additional incident occurs.

Someone in the comments was incredibly helpful with information about which wood is toxic to dogs. Turns out that there was wood that is toxic to dogs in the pellets we had. Which is why I chose to bring them to the emergency vet.

I will update again once I have any more info.

**Update 2 (Same Post): June 30, 2025 (Next Day)**

UPDATE NUMBER 2 emergency vet saw No obstructions thank god. But we’re watching for signs of kidney failure from the toxic wood types in the pellets. Both dogs had bowel movements this morning and kept down their food last night.

Thank you to everyone in this post for your positive vibes for our girls. This has been so stressful. I’m glad they are seemingly okay. This could have been a lot worse

***Some of OOP's Comments:***

Commenter: Why are the traeger pellets in the pantry? We have a Traeger and know what the pellets look like. That has to be one incompetent person to mistake it for dog kibble. Wow! I hope Rover does pay the vet bills.

I feel so bad for your pups. I can’t imagine your confusion, and pain at knowing your pets were mistreated.

>**OOP:** I agree. It makes no sense to store them there. I’ve moved them several times because I hate them in the pantry. My husband keeps moving them back saying “the bag says to store them in a cool dry place” okay fine. We have another storage closet and a garage but he says the garage gets too hot. I think that’s crazy talk. I put them in the shed. Bc I’m over the space they take up and this mistake sent me spiraling.  
I was up all night with my girls at the vet and then once we got home. I’m glad they have both had bowel movements and have seemingly normal energy levels. And no obstructions. But my brain keeps telling me “what if the xray missed something”

*OOP reflects more after someone asks if the sitter had a visual impairment:*

>Yea he can see. No visual impairment that I’m aware of. The thing that sticks to me is that we showed him where the food was and had him shadow us to feed the dogs the morning we left-so that he could visually see where it was and what to put in it. Instead of leaving it to chance with just a list. Because I wanted to be extremely thorough. AND he texted us in the evening “hey where’s the measuring scoop for the dog food?” And we said “in the bag of dog food inside the container” at that point he could have said “it’s not in the bag can I call you to make sure I’m doing this right” instead he just measured with whatever and fed them the pellets.

Commenter: A 21 year old college student doesn't accidentally mix up labeled dog food and labeled wood pellets.

My alarm bells for this being intentional instead of just ""an accident"" are going off, especially with how he has not reached out at ALL.

>**OOP:** He did call my husband back and apologized profusely. I also reported it to Rover. My trauma made me question if this was intentional but I don’t think it was. I think he’s incompetent

**Editor's Note:** OOP commented on different, unrelated posts in the last couple of days so I think we can assume the dogs are doing ok.","<!-- SC_OFF --><div class=""md""><p><strong>I am NOT the Original Poster. That is</strong> <a href=""https://www.reddit.com/user/Diligent-Might6031/"">Diligent-Might6031</a><strong>.</strong> They posted in <a href=""/r/Pets"">r/Pets</a></p>

<h1>Do NOT Comment on Original Posts. Latest update is 7 days old.</h1>

<p><strong>Trigger Warning:</strong> <span class=""md-spoiler-text"">animal mistreatment</span></p>

<p><strong>Mood Spoiler:</strong> <span class=""md-spoiler-text"">currently an ok ending</span></p>

<p><strong>Are the dogs ok:</strong> <span class=""md-spoiler-text"">dogs are currently fine but it could have been a lot worse</span></p>

<p><strong>Original</strong> <a href=""https://www.reddit.com/r/Pets/comments/1lnon4d/our_dog_sitter_accidentally_fed_our_dogs_traeger/"">Post</a><strong>: June 29, 2025</strong></p>

<p><strong>Title:</strong> Our dog sitter accidentally fed our dogs traeger pellets while we were out of town.</p>

<p>Really nice kid. Found him on Rover. He did all the things right. Except, he accidentally fed our dogs traeger pellets instead of dog food. The pellets were stored in a bag on the floor in the pantry, clearly labeled fire wood pellets. We showed him where the dog was before we left. We left very clear instructions. He kept in touch with us throughout the trip. This morning he text that the dogs didn’t want to eat their breakfast. When we get home, I see the remaining food and ask my husband “what the hell is in their food bowls?” We mix their food with hot water and goat milk and a prebiotic so it was like a black sludge. Ew.</p>

<p>We go upstairs and they have obviously been sick all over our bed. 🤮 poor babies were starved for two days. They clearly consumed some on the first night we were gone bc it was in their sick.</p>

<p>I have called their vet and they will call me back bc it’s a Sunday. Just suggested to keep an eye on them. They have since eaten a regular meal.</p>

<p>Hopefully this doesn’t make them sick.</p>

<p>What would you all do in this situation? My husband called our sitter and informed him of the mistake and is planning on just chatting to him about how dangerous it is and let it be a teaching lesson for him.</p>

<p>I can’t help but be very angry.</p>

<p><strong><em>Some of OOP&#39;s Comments:</em></strong></p>

<p>Commenter: Take the pups to the vet. Who knows what&#39;s in that stuff. Alternatively, there is a national SPCA poison control hotline you can call for $99 and get advice immediately. (888) 426-4435 anytime day or night. I have used them and they are very good.</p>

<blockquote>
<p><strong>OOP:</strong> Thank you. Yea I called them. They said traeger pellets are not toxic but could cause gastro intestinal issues such as blockage or distress. So they advised to keep an eye on them and if they throw up their food to take them in to the ER vet</p>
</blockquote>

<p>Commenter: Not trying to be contrary, but I personally feel like Poison Control is wrong in this, unless they looked up the SPECIFIC bag of pellets you have... As different traeger pellets have different woods/ingredients.</p>

<p>From Google:</p>

<blockquote>
<p>The primary ingredients are various hardwood species like oak, hickory, maple, and cherry, depending on the specific pellet blend. While the wood is the main component, some blends may include other natural elements like used whiskey staves or flavor-infused oils.</p>
</blockquote>

<p>The following are just a few trees that are toxic to dogs:</p>

<p>oak, cherry, peach, plum, horse chestnut, and yew</p>

<p>Without knowing what oils are infused into the pellets, you wouldn&#39;t know if they were toxic ones, either.</p>

<blockquote>
<p><strong>OOP:</strong> That’s actually a great point. I did tell them the ingredients. Hickory, maple wood and the brand. Kirkland.<br/>
I did not know that those trees were toxic to dogs. Thank you for your thoughtful and detailed response. I truly appreciate it.</p>
</blockquote>

<p>Commenter: I’d be furious and I would involve Rover. That’s crazy. How can you advertise yourself as a sitter if you can’t even tell what dog food looks like?! Presumably the other pellets don’t have a huge pic of a happy dog on the front! I’d be asking for any vet bills to be covered at a minimum.</p>

<blockquote>
<p><strong>OOP:</strong> To be fair, our dog food also doesn’t have a picture of a dog on it. But it’s stored in an airtight container labeled dog food. The pellets were in the original pellet bag on the floor with a bag clip on it. So directly next to the dog food.<br/>
I’m so angry. I’m so worried about my dogs and my husband just wants to chat to the sitter and share with him his mistake. And keep an eye on the dogs. I called the emergency pet poison control, they told me if they already vomited and have eaten to keep an eye for further vomit and if they continue to show signs of discomfort to take them in. I want to take them anyways. 😵‍💫</p>
</blockquote>

<p>Commenter: I wonder if the kid&#39;s illiterate.</p>

<blockquote>
<p><strong>OOP:</strong> I would assume so. Bc this mistake is something that only a really stupid or illiterate person could make. Or a malicious person. But he goes to the university of Michigan and can text totally normally.</p>
</blockquote>

<p>Commenter: Whoa, when you said &quot;really nice kid&quot; I assumed you meant like, a ten-year-old. A university student makes this a lot scarier. This thread makes me not trust Rover.</p>

<blockquote>
<p><strong>OOP:</strong> Right. Sorry about that. He’s a kid to me but no he’s a fully grown adult. This is my second not great experience with Rover. Last time we had someone dog sitting for a week and she just left the back door to my house open, mid winter, so she didn’t have to let the dogs out. We returned home to a mess of muddy dog paws all over the entire house.<br/>
Now I don’t trust rover. Really sad.</p>
</blockquote>

<p>Commenter: It&#39;s 100% the sitter&#39;s fault, but... why do you have things that can&#39;t be eaten in the pantry? I&#39;m really curious.</p>

<blockquote>
<p><strong>OOP:</strong> Great question. I have since moved them. We normally store them there bc it’s cooler than the shed and less moisture. They have been relocated to a storage closet</p>
</blockquote>

<p>Commenter: As someone who pet sits for family (family only bc I know their dogs well), and literally one of the first questions is &quot;Where is the dog food?&quot; But I also do have to ask, did you go over things in person? Or did he just unlock the door and come in? I know its labeled dog food, but MAYBE he thought it was extra? My aunt has left the remainder of the food she puts in a container right next to it.</p>

<blockquote>
<p><strong>OOP:</strong> He came over twice for about 30 minutes each time before we left. The final time on the day we were leaving so we could go over everything with him again and so he could get comfortable with the dogs. We also sent him a detailed list of important information via the notes app.</p>
</blockquote>

<p><em>Someone finds the specific brand:</em></p>

<p><strong>UnburntAsh:</strong> Is this the one you have?</p>

<p><a href=""https://www.costco.com/kirkland-signature-premium-blend-bbq-hardwood-pellets%2C-40-lb.product.100980516.html"">https://www.costco.com/kirkland-signature-premium-blend-bbq-hardwood-pellets%2C-40-lb.product.100980516.html</a></p>

<p>I ask because it has oak and cherry, which are toxic to dogs.</p>

<blockquote>
<p><strong>OOP:</strong> You know what, yes. That is the one we have. Okay. Gotta go. Heading to the emergency vet now. Thank you again for your due diligence.</p>
</blockquote>

<p><strong>Update 1 (Same Post): 1-3 hours later</strong></p>

<p>Update we contacted Rover. They opened a report and said they would contact the sitter and email us back in 24 hours. They also stated that we have $25,000 in insurance coverage should our dogs need the vet. (I’m sitting at the emergency vet now) rover stated that the sitter will likely get a “slap on the wrist and possibly some training but will not be removed from The platform unless an additional incident occurs.</p>

<p>Someone in the comments was incredibly helpful with information about which wood is toxic to dogs. Turns out that there was wood that is toxic to dogs in the pellets we had. Which is why I chose to bring them to the emergency vet.</p>

<p>I will update again once I have any more info.</p>

<p><strong>Update 2 (Same Post): June 30, 2025 (Next Day)</strong></p>

<p>UPDATE NUMBER 2 emergency vet saw No obstructions thank god. But we’re watching for signs of kidney failure from the toxic wood types in the pellets. Both dogs had bowel movements this morning and kept down their food last night.</p>

<p>Thank you to everyone in this post for your positive vibes for our girls. This has been so stressful. I’m glad they are seemingly okay. This could have been a lot worse</p>

<p><strong><em>Some of OOP&#39;s Comments:</em></strong></p>

<p>Commenter: Why are the traeger pellets in the pantry? We have a Traeger and know what the pellets look like. That has to be one incompetent person to mistake it for dog kibble. Wow! I hope Rover does pay the vet bills.</p>

<p>I feel so bad for your pups. I can’t imagine your confusion, and pain at knowing your pets were mistreated.</p>

<blockquote>
<p><strong>OOP:</strong> I agree. It makes no sense to store them there. I’ve moved them several times because I hate them in the pantry. My husband keeps moving them back saying “the bag says to store them in a cool dry place” okay fine. We have another storage closet and a garage but he says the garage gets too hot. I think that’s crazy talk. I put them in the shed. Bc I’m over the space they take up and this mistake sent me spiraling.<br/>
I was up all night with my girls at the vet and then once we got home. I’m glad they have both had bowel movements and have seemingly normal energy levels. And no obstructions. But my brain keeps telling me “what if the xray missed something”</p>
</blockquote>

<p><em>OOP reflects more after someone asks if the sitter had a visual impairment:</em></p>

<blockquote>
<p>Yea he can see. No visual impairment that I’m aware of. The thing that sticks to me is that we showed him where the food was and had him shadow us to feed the dogs the morning we left-so that he could visually see where it was and what to put in it. Instead of leaving it to chance with just a list. Because I wanted to be extremely thorough. AND he texted us in the evening “hey where’s the measuring scoop for the dog food?” And we said “in the bag of dog food inside the container” at that point he could have said “it’s not in the bag can I call you to make sure I’m doing this right” instead he just measured with whatever and fed them the pellets.</p>
</blockquote>

<p>Commenter: A 21 year old college student doesn&#39;t accidentally mix up labeled dog food and labeled wood pellets.</p>

<p>My alarm bells for this being intentional instead of just &quot;an accident&quot; are going off, especially with how he has not reached out at ALL.</p>

<blockquote>
<p><strong>OOP:</strong> He did call my husband back and apologized profusely. I also reported it to Rover. My trauma made me question if this was intentional but I don’t think it was. I think he’s incompetent</p>
</blockquote>

<p><strong>Editor&#39;s Note:</strong> OOP commented on different, unrelated posts in the last couple of days so I think we can assume the dogs are doing ok.</p>
</div><!-- SC_ON -->",10228,,,2026-07-22T16:28:56.340Z,post,,False,0,t3_1ltkk5x,,,,51nvnr4,,,,,2925,False,0.3203,False,,0,1832,2925,2025-07-07T04:02:23.000Z,https://www.reddit.com/r/BestofRedditorUpdates/comments/1ltkk5x/our_dog_sitter_accidentally_fed_our_dogs_traeger/,BestofRedditorUpdates
408.3037,,t2_kba46mrr,Emmie1236,False,10/10 had this all by myself,"<!-- SC_OFF --><div class=""md""><p>10/10 had this all by myself </p>
</div><!-- SC_ON -->",29,,,2026-07-22T16:28:56.353Z,post,,False,0,t3_1uo636s,,,,kba46mrr,,,,,106,False,0.2596,False,,0,14,106,2026-07-05T16:10:43.000Z,https://www.reddit.com/r/Aajmainekhaya/comments/1uo636s/what_i_ordered_from_bbq_nation_today/,Aajmainekhaya
9132.4426,t2_6l4z3,t1_n1r3c3p,AutoModerator,True,"#Do not comment on the original posts

Please read our [**sub rules**](https://www.reddit.com/r/BestofRedditorUpdates/wiki/subrules). Rule-breaking may result in a ban without notice.

If there is an issue with this post (flair, formatting, quality), reply to this comment or your comment may be removed in general discussion.

**CHECK FLAIR** For concluded-only updates, use the [CONCLUDED](https://www.reddit.com/r/BestofRedditorUpdates/search?sort=new&restrict_sr=on&q=flair%3ACONCLUDED) flair.


*I am a bot, and this action was performed automatically. Please [contact the moderators of this subreddit](/message/compose/?to=/r/BestofRedditorUpdates) if you have any questions or concerns.*","<div class=""md""><h1>Do not comment on the original posts</h1>

<p>Please read our <a href=""https://www.reddit.com/r/BestofRedditorUpdates/wiki/subrules""><strong>sub rules</strong></a>. Rule-breaking may result in a ban without notice.</p>

<p>If there is an issue with this post (flair, formatting, quality), reply to this comment or your comment may be removed in general discussion.</p>

<p><strong>CHECK FLAIR</strong> For concluded-only updates, use the <a href=""https://www.reddit.com/r/BestofRedditorUpdates/search?sort=new&amp;restrict_sr=on&amp;q=flair%3ACONCLUDED"">CONCLUDED</a> flair.</p>

<p><em>I am a bot, and this action was performed automatically. Please <a href=""/message/compose/?to=/r/BestofRedditorUpdates"">contact the moderators of this subreddit</a> if you have any questions or concerns.</em></p>
</div>",694,0.0,0.0,2026-07-22T16:28:56.340Z,comment,0.0,False,0,n1r3c3p,0.0,t3_1ltkk5x,post,n1r3c3p,1ltkk5x,1ltkk5x,2ea6kj,t3_1ltkk5x,1,True,0.0001,True,t5_2ea6kj,0,77,1,2025-07-07T04:02:23.000Z,https://www.reddit.com/r/BestofRedditorUpdates/comments/1ltkk5x/our_dog_sitter_accidentally_fed_our_dogs_traeger/n1r3c3p/,BestofRedditorUpdates
408.3032,t2_6l4z3,t1_ovph0e4,AutoModerator,True,"Hi u/Emmie1236

Welcome to r/Aajmainekhaya!

If you enjoy the discussions here, please consider joining the community using the **Join** button. It helps you stay updated with new posts and supports the growth of the subreddit.

Before participating, please take a moment to read the [community rules](https://www.reddit.com/r/AajMaineKhaya/about/rules).

We hope you enjoy your stay in r/Aajmainekhaya!


*I am a bot, and this action was performed automatically. Please [contact the moderators of this subreddit](/message/compose/?to=/r/Aajmainekhaya) if you have any questions or concerns.*","<div class=""md""><p>Hi <a href=""/u/Emmie1236"">u/Emmie1236</a></p>

<p>Welcome to <a href=""/r/Aajmainekhaya"">r/Aajmainekhaya</a>!</p>

<p>If you enjoy the discussions here, please consider joining the community using the <strong>Join</strong> button. It helps you stay updated with new posts and supports the growth of the subreddit.</p>

<p>Before participating, please take a moment to read the <a href=""https://www.reddit.com/r/AajMaineKhaya/about/rules"">community rules</a>.</p>

<p>We hope you enjoy your stay in <a href=""/r/Aajmainekhaya"">r/Aajmainekhaya</a>!</p>

<p><em>I am a bot, and this action was performed automatically. Please <a href=""/message/compose/?to=/r/Aajmainekhaya"">contact the moderators of this subreddit</a> if you have any questions or concerns.</em></p>
</div>",592,0.0,0.0,2026-07-22T16:28:56.353Z,comment,0.0,False,0,ovph0e4,0.0,t3_1uo636s,post,ovph0e4,1uo636s,1uo636s,cjw3um,t3_1uo636s,1,True,0.0024,True,t5_cjw3um,0,78,1,2026-07-05T16:10:45.000Z,https://www.reddit.com/r/Aajmainekhaya/comments/1uo636s/what_i_ordered_from_bbq_nation_today/ovph0e4/,Aajmainekhaya
407.932,t2_7fo3etzi,t1_ovplrp0,dankdutta,False,How much did this cost,"<div class=""md""><p>How much did this cost</p>
</div>",22,0.0,0.0,2026-07-22T16:28:56.353Z,comment,0.0,False,0,ovplrp0,0.0,t3_1uo636s,post,ovplrp0,1uo636s,1uo636s,cjw3um,t3_1uo636s,8,False,0.0196,False,t5_cjw3um,0,5,8,2026-07-05T16:33:01.000Z,https://www.reddit.com/r/Aajmainekhaya/comments/1uo636s/what_i_ordered_from_bbq_nation_today/ovplrp0/,Aajmainekhaya
407.7226,t2_kba46mrr,t1_ovpoh4y,Emmie1236,False,₹850  for non veg combo,"<div class=""md""><p>₹850  for non veg combo</p>
</div>",23,0.0,0.0,2026-07-22T16:28:56.353Z,comment,1.0,False,0,ovpoh4y,1.0,t1_ovplrp0,comment,ovpoh4y,ovplrp0,1uo636s,cjw3um,t3_1uo636s,2,False,0.0049,False,t5_cjw3um,0,5,2,2026-07-05T16:45:35.000Z,https://www.reddit.com/r/Aajmainekhaya/comments/1uo636s/what_i_ordered_from_bbq_nation_today/ovpoh4y/,Aajmainekhaya
407.4757,t2_7fo3etzi,t1_ovprpxu,dankdutta,False,You could've got a full non veg buffet in that price.,"<div class=""md""><p>You could&#39;ve got a full non veg buffet in that price.</p>
</div>",53,0.0,0.0,2026-07-22T16:28:56.353Z,comment,2.0,False,0,ovprpxu,0.0,t1_ovpoh4y,comment,ovprpxu,ovpoh4y,1uo636s,cjw3um,t3_1uo636s,15,False,0.0368,False,t5_cjw3um,0,11,15,2026-07-05T17:00:24.000Z,https://www.reddit.com/r/Aajmainekhaya/comments/1uo636s/what_i_ordered_from_bbq_nation_today/ovprpxu/,Aajmainekhaya
407.8023,,t1_ovpnfum,[deleted],False,[removed],"<div class=""md""><p>[removed]</p>
</div>",9,1.0,0.0,2026-07-22T16:28:56.353Z,comment,0.0,False,0,ovpnfum,0.0,t3_1uo636s,post,ovpnfum,1uo636s,1uo636s,cjw3um,t3_1uo636s,4,False,0.0098,False,t5_cjw3um,0,1,4,2026-07-05T16:40:48.000Z,https://www.reddit.com/r/Aajmainekhaya/comments/1uo636s/what_i_ordered_from_bbq_nation_today/ovpnfum/,Aajmainekhaya
407.6415,t2_kba46mrr,t1_ovppj8o,Emmie1236,False,"Tbh I would prefer biryani blues over BBQ nation's biryani. The other dishes overpowers the flavor of biryani too much in this meal so, yeah ","<div class=""md""><p>Tbh I would prefer biryani blues over BBQ nation&#39;s biryani. The other dishes overpowers the flavor of biryani too much in this meal so, yeah </p>
</div>",141,0.0,0.0,2026-07-22T16:28:56.353Z,comment,1.0,False,0,ovppj8o,1.0,t1_ovpnfum,comment,ovppj8o,ovpnfum,1uo636s,cjw3um,t3_1uo636s,3,False,0.0074,False,t5_cjw3um,0,25,3,2026-07-05T16:50:27.000Z,https://www.reddit.com/r/Aajmainekhaya/comments/1uo636s/what_i_ordered_from_bbq_nation_today/ovppj8o/,Aajmainekhaya
405.6934,t2_hueoxmxh,t1_ovqfbmz,vcxzdf,False,"Bro thalairaj even on my death bed , best biryani out there , after this biryani blues... 

If you don't like spicy then biryani blues 1st and thalairaj...","<div class=""md""><p>Bro thalairaj even on my death bed , best biryani out there , after this biryani blues... </p>

<p>If you don&#39;t like spicy then biryani blues 1st and thalairaj...</p>
</div>",155,0.0,0.0,2026-07-22T16:28:56.353Z,comment,1.0,False,0,ovqfbmz,0.0,t1_ovpnfum,comment,ovqfbmz,ovpnfum,1uo636s,cjw3um,t3_1uo636s,1,False,0.0025,False,t5_cjw3um,0,28,1,2026-07-05T18:47:20.000Z,https://www.reddit.com/r/Aajmainekhaya/comments/1uo636s/what_i_ordered_from_bbq_nation_today/ovqfbmz/,Aajmainekhaya
404.6779,t2_k9h7zizpd,t1_ovqsazu,Powerful_Travel_6952,False,Where are the prawns?? I love it lol,"<div class=""md""><p>Where are the prawns?? I love it lol</p>
</div>",36,0.0,0.0,2026-07-22T16:28:56.353Z,comment,0.0,False,0,ovqsazu,0.0,t3_1uo636s,post,ovqsazu,1uo636s,1uo636s,cjw3um,t3_1uo636s,2,False,0.0049,False,t5_cjw3um,0,8,2,2026-07-05T19:48:16.000Z,https://www.reddit.com/r/Aajmainekhaya/comments/1uo636s/what_i_ordered_from_bbq_nation_today/ovqsazu/,Aajmainekhaya
395.5734,t2_1f063d1jb0,t1_ovtmvgk,icecoldpd,False,Look there in the side of 2nd box,"<div class=""md""><p>Look there in the side of 2nd box</p>
</div>",33,0.0,0.0,2026-07-22T16:28:56.353Z,comment,1.0,False,0,ovtmvgk,0.0,t1_ovqsazu,comment,ovtmvgk,ovqsazu,1uo636s,cjw3um,t3_1uo636s,1,False,0.0025,False,t5_cjw3um,0,8,1,2026-07-06T04:54:32.000Z,https://www.reddit.com/r/Aajmainekhaya/comments/1uo636s/what_i_ordered_from_bbq_nation_today/ovtmvgk/,Aajmainekhaya
368.4534,,t1_ow1lzsz,[deleted],False,[removed],"<div class=""md""><p>[removed]</p>
</div>",9,0.0,0.0,2026-07-22T16:28:56.353Z,comment,0.0,False,0,ow1lzsz,0.0,t3_1uo636s,post,ow1lzsz,1uo636s,1uo636s,cjw3um,t3_1uo636s,1,False,0.0027,False,t5_cjw3um,0,1,1,2026-07-07T08:01:44.000Z,https://www.reddit.com/r/Aajmainekhaya/comments/1uo636s/what_i_ordered_from_bbq_nation_today/ow1lzsz/,Aajmainekhaya
7876.8386,,t2_535okcyd,Furryareospaceengr,False,"SOOO PRETTY! Super quiet, very stable, beautiful fresh interior, seats are a little firm (overall pretty good) but the cafe car is awesome. Amtrak staff were super happy and I had an absolute BLAST! Hope y’all get a chance to ride it sometime :)","<!-- SC_OFF --><div class=""md""><p>SOOO PRETTY! Super quiet, very stable, beautiful fresh interior, seats are a little firm (overall pretty good) but the cafe car is awesome. Amtrak staff were super happy and I had an absolute BLAST! Hope y’all get a chance to ride it sometime :)</p>
</div><!-- SC_ON -->",245,,,2026-07-22T16:28:57.045Z,post,,False,0,t3_1n29v3r,,,,535okcyd,,,,,4201,False,0.5333,False,,0,50,4201,2025-08-28T11:38:38.000Z,https://www.reddit.com/r/Amtrak/comments/1n29v3r/omg_guys_i_went_on_it/,Amtrak
7876.8386,t2_6l4z3,t1_nb45901,AutoModerator,True,"r/Amtrak is not associated with Amtrak in any official way. Any problems, concerns, complaints, etc should be directed to Amtrak through one of the official channels.

*I am a bot, and this action was performed automatically. Please [contact the moderators of this subreddit](/message/compose/?to=/r/Amtrak) if you have any questions or concerns.*","<div class=""md""><p><a href=""/r/Amtrak"">r/Amtrak</a> is not associated with Amtrak in any official way. Any problems, concerns, complaints, etc should be directed to Amtrak through one of the official channels.</p>

<p><em>I am a bot, and this action was performed automatically. Please <a href=""/message/compose/?to=/r/Amtrak"">contact the moderators of this subreddit</a> if you have any questions or concerns.</em></p>
</div>",347,0.0,0.0,2026-07-22T16:28:57.045Z,comment,0.0,False,0,nb45901,0.0,t3_1n29v3r,post,nb45901,1n29v3r,1n29v3r,2rbwq,t3_1n29v3r,1,True,0.0001,True,t5_2rbwq,0,50,1,2025-08-28T11:38:38.000Z,https://www.reddit.com/r/Amtrak/comments/1n29v3r/omg_guys_i_went_on_it/nb45901/,Amtrak
7867.4597,t2_88bccriuj,t1_nb7b1mn,Abandoned_Railroad,False,Congrats! Was it fast?,"<div class=""md""><p>Congrats! Was it fast?</p>
</div>",22,0.0,0.0,2026-07-22T16:28:57.045Z,comment,2.0,False,0,nb7b1mn,0.0,t1_nb47n5i,comment,nb7b1mn,nb47n5i,1n29v3r,2rbwq,t3_1n29v3r,3,False,0.0004,False,t5_2rbwq,0,4,3,2025-08-28T21:01:22.000Z,https://www.reddit.com/r/Amtrak/comments/1n29v3r/omg_guys_i_went_on_it/nb7b1mn/,Amtrak
16956.4477,,t2_8xz1w49be,Choice_Evidence1983,False,"**I am NOT OOP, OOP is** u/Valuable_Channel_522

**Originally posted to r/AITAH**

Previous [BoRU](https://new.reddit.com/r/BestofRedditorUpdates/comments/1eh7bxj/aitah_for_being_upset_my_husband_is_sharing_a/)

**[New Update]: AITAH for being upset my husband is sharing a hotel room with another woman.**

**NEW UPDATE MARKED WITH** ----

**Trigger Warnings:** >!mentions of infidelity, emotional manipulation, neglect!<

------------------------------

**RECAP**

[Original Post](https://www.reddit.com/r/AITAH/s/cGd5ok830J): **July 16, 2024**

My (36F) husband (42m) is currently in Las Vegas for a National bowling tournament. He is there with his mom and her friends/folks from their bowling league. He is an avid bowler - bowls in a Tuesday night league, often in state tournaments and sometimes in National tournaments. Typically I go with and sometimes bowl myself. This year, we decided I would not go, but stay home with our three boys (ages 4,8,10) due to heat and smoke in Vegas in July.

My husband and I have been married for 11 years. This is his second marriage. His first marriage failed because he walked in on his wife cheating on him with another man. I have never, not once, thought that he would ever be intimate with another woman while he was with me. He’s just not that type.

So, on to this trip. Typically when he goes on a trip without me (at least one a year given my job and time off requirements) he stays in a hotel room with his mom or our boys. 

Three nights ago, I was on FaceTime with him while he was in his hotel room. It was really nice and he was talking about possibly taking a nap for lack of sleep. I asked if he had his room to himself (because that would have been awesome) and he said “oh no, (?) is sharing with me”. I asked him who that was, and he said something - I don’t remember - aside from “she”. I said “wait What?!?” 

And then he went on to explain that he was supposed to share the room with his moms boyfriend, but plans changed and now he is sharing the room with another woman on the trip. He told me that I played cornhole with her last month at a get together. I reminded him who I had played cornhole with (him and a girl, but not one with the name he was giving me - I have no idea who this woman is) at which point he got very confused. He did not understand why I was upset or frustrated - so I dropped it because I did not want to deter from his time and his bowling. I know I should have asked how he would have felt if the roles were reversed - but I didn’t. Partly because I didn’t want to fight (we hardly ever fight) while the kids were up, and partly because I didn’t want to hear him chalk it up to my imagination. I have hardly slept since that night, and my dreams have been chock full of worst case scenarios, and still I have not really brought it up again. 

There have been a few occasions in which he has talked about taking naps and how lame he is in Vegas. I have mentioned a few times - sort of sarcastically as a side, that he would be having more fun if he were sharing a room with me, or if I was there instead of his present company - but he has brushed it all aside. So here we are: he has spent the last three nights in a hotel room with a woman that is not me or his mother - AMITA for being upset?

******************************

Edited to get rid of some names - husband is coming home tonight and we will talk. I'm hoping its 82 year old grandma ;)

******************************

[UPDATE]

Ok, so I took some advice and grew ""a backbone"". I texted him a little while ago instead of waiting until he got home - he and our boys are leaving for another trip tomorrow morning (I could not get the time off of work) so I wanted to make sure we had the conversation fully before he left again.

Before I give the update, I wanted to make a couple of things clear:

I do trust my husband. He has never shown he would be the kind of person to cheat, and that is not what truly concerned me. Even though I did have some pretty unpleasant dreams. My issue was that he was not upfront and honest with me. If I had done the same thing, he would have lost his mind - understandably. This is why I started the original post with ""he's just not that type"".

We do generally have great communication - the issue here is that I like to have this kind of conversation face to face rather than over the phone. It's just not something I like to hash out while we are not in the same space. Obviously, in this situation, I should have made the exception, and have now done so.

Now, for the update:

I texted him today to tell him that this situation has been bothering me for the last three days - I had questions and we needed to have this conversation. I asked who the woman was, how old she was and why didn't he tell me about the situation before I found out by accident.

There was a mixup with the rooms, something about someone not going so people were shuffled. He was paired with a woman about my age. He said he didn't think it would be a big deal and didn't want to inconvenience everyone else on the trip. He also said he did not want to upset me, which is why he didn't right out tell me about it. He did tell me that I never had anything to worry about and he made sure they weren't in the room alone together aside from when they were sleeping. I know, I know - but I really do believe him on this.

I was honest with him and told him that if roles were reversed, out of respect for him, I would have called him right away to make sure he was ok with it. I told him that while I trust him implicitly, I should not have found out the way that I did. And he should not have blown off my concern. I told him that the lack of upfront communication felt suspicious, regardless of intention or what actually happened. As for not upsetting me, I told him I would have understood and not been upset if he had just been honest.

He has apologized profusely. I told him next time to just communicate - he is adamant there will not be a next time.

So, call me naive if you want, but I am dropping it at this point. He will be home this evening and I intend on having a nice evening with him before I don't see him again for another two weeks.

Thank you for the advice - I cried it out when I found out her age, but getting this off my chest has been very relieving.

&nbsp;

[Update #2](https://www.reddit.com/r/AITAH/s/PTMEF3XjjO): **July 25, 2024**

I am not handling this as well as I thought I was.

I had decided to let it go - I know he wasn’t doing anything with this other woman. You can disagree and call me crazy if you’d like - but I do know that.

However - as much as I have tried, I can’t get past the fact that he made the decision to do something he knew I wouldn’t be ok with, and not tell me about it. It all feels - just so messed up.

I have talked to a few of my co-workers (I don’t have really any friends that aren’t friends of his that I talk to on a regular basis - and there is no way I will talk to my family because that is a shit storm I can’t handle right now) and they are all shocked and more angry for me than I have let myself be (most of them know him, the kind of person he is and what ended his first marriage - he used to work at the same company).

We had less than 24 hours together before he, his mom and all three of my children took their trip to the other side of the United States. I have been sitting in my feels and will continue to do so until they get back - almost another week from now.

I was on the phone with them this evening before they went to bed, and one of the first things my husband said to me was: “I’m sharing a bed with a red head tonight”. And I almost came unglued before I realized he was talking about one of our boys (we have three sons). After a very long pause, I said “you better be talking about —-“ and I was so angry I don’t understand how he didn’t pick up on that.

Every conversation we have had has been short and to the point because I’m really just not interested in talking to him. I have been calling my oldest son, and talking with my boys instead. His mom hasn’t really said much to me - which makes me think he has said something to her. Which is fine of course - I really don’t care about that.

Bottom line is: I don’t know what to do. It is midnight at home, I tried to go to bed two hours ago and just could not stop sobbing - so I got up and let it go. It felt good to get it out but I know I need to talk to someone. I have support lines through work I can call, but won’t tonight - far too many drinks and I don’t want to bring that into it as well - but I will call tomorrow.

I know I should be upset and angry and not let it go. But I am afraid when I do talk to a professional they will say I’m blowing it out of proportion. I will still call, but I need to get my head straight first.

He is bicycling for seven days - over 400 miles - so as much as I want to tear him a new one right now (especially after his completely insensitive and clueless joke this evening) I have not. Because I want him home safe and sound.

Regardless of my feelings in this moment - the most important thing is that my children’s dad comes home safe so we can hash this out at least in the same city and not while he is 1,000 miles away. With his mom. And my children.

&nbsp;

----------------------------

#----NEW UPDATE----

[Update #3](https://new.reddit.com/r/AITAH/comments/1enjw3h/update_3_aith_for_being_upset_my_husband_share_a/): **August 8, 2024**

Last Post: https://www.reddit.com/r/AITAH/comments/1ebnurz/update_2_aitah_for_being_upset_my_husband_shared/

Original Post: https://www.reddit.com/r/AITAH/comments/1e4gscc/aitah_for_being_upset_my_husband_is_sharing_a/

I am sorry it has been a bit since I have updated - things have been....a lot. I am also sorry this post is very long....

My family came home a day early, so I took two extra days off of work to see them and figure things out with my husband. After we had unloaded and put everything away, we had dinner and watched a show. After putting the boys to bed, my husband and I went to our room. It was pretty clear he thought he was going to get lucky, because he was very confused when I turned the light on.

I told him that I had questions and I needed him to answer them. He was hesitant but agreed. I asked him who this woman is, how old and is she married. I still don't know who she is, but he did confirm she is YOUNGER than me, and not married. I then asked who made the decision he would be sharing a room with her. He said that his mom said it would be really great if they shared so she could spend the three nights with her boyfriend/not boyfriend. I asked him why he didn't tell me about it, he said he was just so tired and had had such a long day he didn’t think about it. (conflicting with his earlier: I didn't want to upset you...). He said that he didn't think I would ever question his intentions so why would he think he would have to tell me. I told him it wasn't about questioning his intentions or fidelity, it's that what they did was completely inappropriate and disrespectful to me and our marriage. And at the absolute very least, he should have sent me a quick text explaining the situation. I also told him that his mom is not always right.

He apologized profusely, said he shouldn't have put his mom before me, he didn't think it would be a thing because he would never try to hurt me and he thought I knew that. All the things. And we honestly talked it out and worked through things for a solid few hours. We came to a really good place and connected for the first time in a long while.

Then he went to work the next day - which hurt because I didn't really have the time to be calling in, I am severely behind at work - but I did anyway because I wanted to do the right thing for us and to take care of us. But because he just spent two weeks going all over the country doing something super fun and now he is super behind in his job, he couldn't afford to take anymore time off. So that really hurt - but I let it go because he really was behind and I at least had the boys that I got to catch up with.

That day my mom called to see what we were doing for my birthday which was two days away. I had honestly forgotten about it with everything, so I told her I didn't know and asked if my husband had called her. She said he had not. So I told her I would let her know when we came up with a plan. 

That night, I asked him if he had a plan, and he said ""oh I don't know, what do you want to do?"". And that really really hurt, but I let it go because we have had so much going on. I told him it would be great if we had a BBQ and he invited people and got the groceries and he agreed. I specifically asked if he would call my mom. He did get some of the groceries, but not all of them. And he did surprise me with a cake. But that was it. I ended up inviting everyone last minute, having to apologize along the way, and had to go to the store twice to get the rest of the things we needed. 

At the party, he started showing our friends the pictures from his trip - pictures I haven't even seen yet. I was so mad, upset, frustrated. He didn't catch on. So then it came time for gifts - his was a card game and a backrub. I felt like I was just slapped in the face. To be clear: I don't place a high value on gifts - if you get me something great, if you don't, that's fine. 

But he didn't get me anything for Mother's Day, but I got him a whole slew of things for Father's day for his trip and an xbox game he wanted. (I also planned each of those days by myself). And he just went to the other side of the country, and all he thought to grab for me was a card game? I didn't want to fight in front of our friends, so I let it be. I didn't really expect more than that anyway - but it still hurt.

Then I went back to work and things were...meh. Anything he did irritated me. Anything his mom did irritated me. I was getting so frustrated and sad and angry and just not myself. Then I had a medical issue (something that pokes it's little head back up every five years like clock work, but I had been ignoring because of everything going on) come back and I went to our urgent care to take care of it. But I had to take care of all sorts of things first so that me going to the dr. didn't hamper my husbands day, so I was really irritated in the morning. It didn't help that his mom came over and I just can't handle her right now. It also didn't help that he told me that morning about all the plans he had come up with for our sons birthday in a few weeks. 

I was mad at myself for being upset (i should be stoked my husband is thinking about our son and wanting to give him a great birthday party) but I was so deflated and sad and angry in that moment. But he had to go to work so I left it alone. So before I went, I sent him a text apologizing for being irritated. I told him that I'm not in a good place mentally or physically and am really struggling. He asked how he could help, and I responded that I really didn't know. And then I saw the dr. and he referred me to surgery. This will be the third time I have had surgery for this.

I was so frustrated and sad and hurt, I decided to just put it all out there. And since he can't seem to find the time to actually talk to me, I texted him a novel. Laying out everything that is on my mind. The trip, my birthday, him not taking time, my sons birthday, all of it. After an hour he had not responded, so I sent him another text saying that maybe he could just tell me I'm not crazy and we will get through this together, or something like that at least. He responded to that saying that he loves me and has lots to say but can't say it over the phone.

So then I went to work and did the things. I felt a little better he didn't discredit all of my frustrations so things were...ok. That night he called to tell me he loved me and was going to take the next day off to spend with me (it was also my day off). I was pretty darn stoked.

The next day I asked him what were the things he wanted to say. And he said he didn't want to say it in front of the kids. So then that I night I asked him again, and he said that we have been having such a great day, he didn't want to ruin it and me get all emotional so he wasn't going to say it then. I felt like I had just been punched in the gut. So wait - you have been so nice since I texted you, but now I'm going to be sad and upset? What is going on?

It is now the next day, and I just asked him again. He completely blew me off and went to town to pick up our son from camp.

I am at a loss. I don't know what to do. I can only ask him to talk to me so many times. He doesn't share his thoughts or emotions often, but I would think he would do it now right? I don't know what to do.

**Relevant Comments**

**cthulularoo:** holy shit, you're not even an afterthought to this guy. You're don't have any importance in his life. You're just there. He'll just tell you stuff to get you off his case and then just keep ignoring you.

> **OOP:** That is definitely how I feel

**OOP responds to multiple comments on seeking for a professional counselor to help navigate the next steps and find a thing to do that helps OOP feel happy**

> **OOP:** Oh my gosh, thank you so much for your kind and understanding reply! I have made a few calls with no responses yet and quite a few say they are not taking new clients. Keeping my fingers crossed though - I do agree, I need an outside perspective other than Reddit

+

> Thank you! I have used our system, but I still have to call. They helped narrow it down but I have to make an appointment- I get 6 free sessions which is great. I just need someone to call me back 😞
> 
> Thank you for the advice - I will try. I did get in two chapters of the book I’m reading this week, and have taken extra time with my boys. I needed that ❤️

**Ladyvett:** I think that woman on the trip was more important than he’s letting on. His mother would not be welcome in my house again until she apologizes to my face. No more trips alone for any reason for a very long time. He needs to have consequences and you’re letting him coast. He’s trying to wait you out. Updateme

**Dachshundmom5:** I don't know why you just keep ""letting things go"" and deluding yourself that you're in a good place.

Your husband was in a hotel room with a younger woman for days. He gaslit you that it's no big deal and acting like you're the crazy one for thinking it's a problem. In what world are things okay after that? How much of a doormat has he made you that 1 conversation blows that over?

Your MIL set him up to cheat on you. In no world is him sharing a room with a younger single woman appropriate. He knows that. She knows that. If you think he's a good boy, I don't know what kind of blinders you have on or kool aid you're drinking, but stop.

He blew off your birthday. He couldn't even muster going to the grocery store. Let alone sending some texts.

He was away from you for 2 weeks and couldn't even bring you some postcards from along the way? My son was on a school trip for 4 days. He brought me all kinds of little things because he was in a gas station and saw this pretty postcard I would like. Or at this gift shop and thought that key chain was something I would like. So, your husband is less considerate than a teenager on a school trip with all his teenage buddies?

He gives you bullshit after bullshit and just pretends things are fine.

You lay it all out there via text and again, he blows you off. Gives you some love bombing in the form of family time, and expects to sweep it under the rug. He's hoping to wait you put before you find out what he actually did in that hotel room. Or how many times he's met that woman before. Or just to make sure he can feed you bullshit after betraying your marriage with his mom's help and you'll just ignore it.

At some point, you have to acknowledge you have a shitty husband and a VERY unhealthy marriage. How many ways does he have to show you you're not a priority, he doesn't respect you, and he could not care less about your feelings before you believe him?

&nbsp;

Latest Update here: [BoRU #3](https://redd.it/1f1f7g2)

&nbsp;

# **DO NOT COMMENT IN LINKED POSTS OR MESSAGE OOPs – BoRU Rule #7**

# **THIS IS A REPOST SUB - I AM NOT OOP**","<!-- SC_OFF --><div class=""md""><p><strong>I am NOT OOP, OOP is</strong> <a href=""/u/Valuable_Channel_522"">u/Valuable_Channel_522</a></p>

<p><strong>Originally posted to <a href=""/r/AITAH"">r/AITAH</a></strong></p>

<p>Previous <a href=""https://new.reddit.com/r/BestofRedditorUpdates/comments/1eh7bxj/aitah_for_being_upset_my_husband_is_sharing_a/"">BoRU</a></p>

<p><strong>[New Update]: AITAH for being upset my husband is sharing a hotel room with another woman.</strong></p>

<p><strong>NEW UPDATE MARKED WITH</strong> ----</p>

<p><strong>Trigger Warnings:</strong> <span class=""md-spoiler-text"">mentions of infidelity, emotional manipulation, neglect</span></p>

<hr/>

<p><strong>RECAP</strong></p>

<p><a href=""https://www.reddit.com/r/AITAH/s/cGd5ok830J"">Original Post</a>: <strong>July 16, 2024</strong></p>

<p>My (36F) husband (42m) is currently in Las Vegas for a National bowling tournament. He is there with his mom and her friends/folks from their bowling league. He is an avid bowler - bowls in a Tuesday night league, often in state tournaments and sometimes in National tournaments. Typically I go with and sometimes bowl myself. This year, we decided I would not go, but stay home with our three boys (ages 4,8,10) due to heat and smoke in Vegas in July.</p>

<p>My husband and I have been married for 11 years. This is his second marriage. His first marriage failed because he walked in on his wife cheating on him with another man. I have never, not once, thought that he would ever be intimate with another woman while he was with me. He’s just not that type.</p>

<p>So, on to this trip. Typically when he goes on a trip without me (at least one a year given my job and time off requirements) he stays in a hotel room with his mom or our boys. </p>

<p>Three nights ago, I was on FaceTime with him while he was in his hotel room. It was really nice and he was talking about possibly taking a nap for lack of sleep. I asked if he had his room to himself (because that would have been awesome) and he said “oh no, (?) is sharing with me”. I asked him who that was, and he said something - I don’t remember - aside from “she”. I said “wait What?!?” </p>

<p>And then he went on to explain that he was supposed to share the room with his moms boyfriend, but plans changed and now he is sharing the room with another woman on the trip. He told me that I played cornhole with her last month at a get together. I reminded him who I had played cornhole with (him and a girl, but not one with the name he was giving me - I have no idea who this woman is) at which point he got very confused. He did not understand why I was upset or frustrated - so I dropped it because I did not want to deter from his time and his bowling. I know I should have asked how he would have felt if the roles were reversed - but I didn’t. Partly because I didn’t want to fight (we hardly ever fight) while the kids were up, and partly because I didn’t want to hear him chalk it up to my imagination. I have hardly slept since that night, and my dreams have been chock full of worst case scenarios, and still I have not really brought it up again. </p>

<p>There have been a few occasions in which he has talked about taking naps and how lame he is in Vegas. I have mentioned a few times - sort of sarcastically as a side, that he would be having more fun if he were sharing a room with me, or if I was there instead of his present company - but he has brushed it all aside. So here we are: he has spent the last three nights in a hotel room with a woman that is not me or his mother - AMITA for being upset?</p>

<hr/>

<p>Edited to get rid of some names - husband is coming home tonight and we will talk. I&#39;m hoping its 82 year old grandma ;)</p>

<hr/>

<p>[UPDATE]</p>

<p>Ok, so I took some advice and grew &quot;a backbone&quot;. I texted him a little while ago instead of waiting until he got home - he and our boys are leaving for another trip tomorrow morning (I could not get the time off of work) so I wanted to make sure we had the conversation fully before he left again.</p>

<p>Before I give the update, I wanted to make a couple of things clear:</p>

<p>I do trust my husband. He has never shown he would be the kind of person to cheat, and that is not what truly concerned me. Even though I did have some pretty unpleasant dreams. My issue was that he was not upfront and honest with me. If I had done the same thing, he would have lost his mind - understandably. This is why I started the original post with &quot;he&#39;s just not that type&quot;.</p>

<p>We do generally have great communication - the issue here is that I like to have this kind of conversation face to face rather than over the phone. It&#39;s just not something I like to hash out while we are not in the same space. Obviously, in this situation, I should have made the exception, and have now done so.</p>

<p>Now, for the update:</p>

<p>I texted him today to tell him that this situation has been bothering me for the last three days - I had questions and we needed to have this conversation. I asked who the woman was, how old she was and why didn&#39;t he tell me about the situation before I found out by accident.</p>

<p>There was a mixup with the rooms, something about someone not going so people were shuffled. He was paired with a woman about my age. He said he didn&#39;t think it would be a big deal and didn&#39;t want to inconvenience everyone else on the trip. He also said he did not want to upset me, which is why he didn&#39;t right out tell me about it. He did tell me that I never had anything to worry about and he made sure they weren&#39;t in the room alone together aside from when they were sleeping. I know, I know - but I really do believe him on this.</p>

<p>I was honest with him and told him that if roles were reversed, out of respect for him, I would have called him right away to make sure he was ok with it. I told him that while I trust him implicitly, I should not have found out the way that I did. And he should not have blown off my concern. I told him that the lack of upfront communication felt suspicious, regardless of intention or what actually happened. As for not upsetting me, I told him I would have understood and not been upset if he had just been honest.</p>

<p>He has apologized profusely. I told him next time to just communicate - he is adamant there will not be a next time.</p>

<p>So, call me naive if you want, but I am dropping it at this point. He will be home this evening and I intend on having a nice evening with him before I don&#39;t see him again for another two weeks.</p>

<p>Thank you for the advice - I cried it out when I found out her age, but getting this off my chest has been very relieving.</p>

<p>&nbsp;</p>

<p><a href=""https://www.reddit.com/r/AITAH/s/PTMEF3XjjO"">Update #2</a>: <strong>July 25, 2024</strong></p>

<p>I am not handling this as well as I thought I was.</p>

<p>I had decided to let it go - I know he wasn’t doing anything with this other woman. You can disagree and call me crazy if you’d like - but I do know that.</p>

<p>However - as much as I have tried, I can’t get past the fact that he made the decision to do something he knew I wouldn’t be ok with, and not tell me about it. It all feels - just so messed up.</p>

<p>I have talked to a few of my co-workers (I don’t have really any friends that aren’t friends of his that I talk to on a regular basis - and there is no way I will talk to my family because that is a shit storm I can’t handle right now) and they are all shocked and more angry for me than I have let myself be (most of them know him, the kind of person he is and what ended his first marriage - he used to work at the same company).</p>

<p>We had less than 24 hours together before he, his mom and all three of my children took their trip to the other side of the United States. I have been sitting in my feels and will continue to do so until they get back - almost another week from now.</p>

<p>I was on the phone with them this evening before they went to bed, and one of the first things my husband said to me was: “I’m sharing a bed with a red head tonight”. And I almost came unglued before I realized he was talking about one of our boys (we have three sons). After a very long pause, I said “you better be talking about —-“ and I was so angry I don’t understand how he didn’t pick up on that.</p>

<p>Every conversation we have had has been short and to the point because I’m really just not interested in talking to him. I have been calling my oldest son, and talking with my boys instead. His mom hasn’t really said much to me - which makes me think he has said something to her. Which is fine of course - I really don’t care about that.</p>

<p>Bottom line is: I don’t know what to do. It is midnight at home, I tried to go to bed two hours ago and just could not stop sobbing - so I got up and let it go. It felt good to get it out but I know I need to talk to someone. I have support lines through work I can call, but won’t tonight - far too many drinks and I don’t want to bring that into it as well - but I will call tomorrow.</p>

<p>I know I should be upset and angry and not let it go. But I am afraid when I do talk to a professional they will say I’m blowing it out of proportion. I will still call, but I need to get my head straight first.</p>

<p>He is bicycling for seven days - over 400 miles - so as much as I want to tear him a new one right now (especially after his completely insensitive and clueless joke this evening) I have not. Because I want him home safe and sound.</p>

<p>Regardless of my feelings in this moment - the most important thing is that my children’s dad comes home safe so we can hash this out at least in the same city and not while he is 1,000 miles away. With his mom. And my children.</p>

<p>&nbsp;</p>

<hr/>

<h1>----NEW UPDATE----</h1>

<p><a href=""https://new.reddit.com/r/AITAH/comments/1enjw3h/update_3_aith_for_being_upset_my_husband_share_a/"">Update #3</a>: <strong>August 8, 2024</strong></p>

<p>Last Post: <a href=""https://www.reddit.com/r/AITAH/comments/1ebnurz/update_2_aitah_for_being_upset_my_husband_shared/"">https://www.reddit.com/r/AITAH/comments/1ebnurz/update_2_aitah_for_being_upset_my_husband_shared/</a></p>

<p>Original Post: <a href=""https://www.reddit.com/r/AITAH/comments/1e4gscc/aitah_for_being_upset_my_husband_is_sharing_a/"">https://www.reddit.com/r/AITAH/comments/1e4gscc/aitah_for_being_upset_my_husband_is_sharing_a/</a></p>

<p>I am sorry it has been a bit since I have updated - things have been....a lot. I am also sorry this post is very long....</p>

<p>My family came home a day early, so I took two extra days off of work to see them and figure things out with my husband. After we had unloaded and put everything away, we had dinner and watched a show. After putting the boys to bed, my husband and I went to our room. It was pretty clear he thought he was going to get lucky, because he was very confused when I turned the light on.</p>

<p>I told him that I had questions and I needed him to answer them. He was hesitant but agreed. I asked him who this woman is, how old and is she married. I still don&#39;t know who she is, but he did confirm she is YOUNGER than me, and not married. I then asked who made the decision he would be sharing a room with her. He said that his mom said it would be really great if they shared so she could spend the three nights with her boyfriend/not boyfriend. I asked him why he didn&#39;t tell me about it, he said he was just so tired and had had such a long day he didn’t think about it. (conflicting with his earlier: I didn&#39;t want to upset you...). He said that he didn&#39;t think I would ever question his intentions so why would he think he would have to tell me. I told him it wasn&#39;t about questioning his intentions or fidelity, it&#39;s that what they did was completely inappropriate and disrespectful to me and our marriage. And at the absolute very least, he should have sent me a quick text explaining the situation. I also told him that his mom is not always right.</p>

<p>He apologized profusely, said he shouldn&#39;t have put his mom before me, he didn&#39;t think it would be a thing because he would never try to hurt me and he thought I knew that. All the things. And we honestly talked it out and worked through things for a solid few hours. We came to a really good place and connected for the first time in a long while.</p>

<p>Then he went to work the next day - which hurt because I didn&#39;t really have the time to be calling in, I am severely behind at work - but I did anyway because I wanted to do the right thing for us and to take care of us. But because he just spent two weeks going all over the country doing something super fun and now he is super behind in his job, he couldn&#39;t afford to take anymore time off. So that really hurt - but I let it go because he really was behind and I at least had the boys that I got to catch up with.</p>

<p>That day my mom called to see what we were doing for my birthday which was two days away. I had honestly forgotten about it with everything, so I told her I didn&#39;t know and asked if my husband had called her. She said he had not. So I told her I would let her know when we came up with a plan. </p>

<p>That night, I asked him if he had a plan, and he said &quot;oh I don&#39;t know, what do you want to do?&quot;. And that really really hurt, but I let it go because we have had so much going on. I told him it would be great if we had a BBQ and he invited people and got the groceries and he agreed. I specifically asked if he would call my mom. He did get some of the groceries, but not all of them. And he did surprise me with a cake. But that was it. I ended up inviting everyone last minute, having to apologize along the way, and had to go to the store twice to get the rest of the things we needed. </p>

<p>At the party, he started showing our friends the pictures from his trip - pictures I haven&#39;t even seen yet. I was so mad, upset, frustrated. He didn&#39;t catch on. So then it came time for gifts - his was a card game and a backrub. I felt like I was just slapped in the face. To be clear: I don&#39;t place a high value on gifts - if you get me something great, if you don&#39;t, that&#39;s fine. </p>

<p>But he didn&#39;t get me anything for Mother&#39;s Day, but I got him a whole slew of things for Father&#39;s day for his trip and an xbox game he wanted. (I also planned each of those days by myself). And he just went to the other side of the country, and all he thought to grab for me was a card game? I didn&#39;t want to fight in front of our friends, so I let it be. I didn&#39;t really expect more than that anyway - but it still hurt.</p>

<p>Then I went back to work and things were...meh. Anything he did irritated me. Anything his mom did irritated me. I was getting so frustrated and sad and angry and just not myself. Then I had a medical issue (something that pokes it&#39;s little head back up every five years like clock work, but I had been ignoring because of everything going on) come back and I went to our urgent care to take care of it. But I had to take care of all sorts of things first so that me going to the dr. didn&#39;t hamper my husbands day, so I was really irritated in the morning. It didn&#39;t help that his mom came over and I just can&#39;t handle her right now. It also didn&#39;t help that he told me that morning about all the plans he had come up with for our sons birthday in a few weeks. </p>

<p>I was mad at myself for being upset (i should be stoked my husband is thinking about our son and wanting to give him a great birthday party) but I was so deflated and sad and angry in that moment. But he had to go to work so I left it alone. So before I went, I sent him a text apologizing for being irritated. I told him that I&#39;m not in a good place mentally or physically and am really struggling. He asked how he could help, and I responded that I really didn&#39;t know. And then I saw the dr. and he referred me to surgery. This will be the third time I have had surgery for this.</p>

<p>I was so frustrated and sad and hurt, I decided to just put it all out there. And since he can&#39;t seem to find the time to actually talk to me, I texted him a novel. Laying out everything that is on my mind. The trip, my birthday, him not taking time, my sons birthday, all of it. After an hour he had not responded, so I sent him another text saying that maybe he could just tell me I&#39;m not crazy and we will get through this together, or something like that at least. He responded to that saying that he loves me and has lots to say but can&#39;t say it over the phone.</p>

<p>So then I went to work and did the things. I felt a little better he didn&#39;t discredit all of my frustrations so things were...ok. That night he called to tell me he loved me and was going to take the next day off to spend with me (it was also my day off). I was pretty darn stoked.</p>

<p>The next day I asked him what were the things he wanted to say. And he said he didn&#39;t want to say it in front of the kids. So then that I night I asked him again, and he said that we have been having such a great day, he didn&#39;t want to ruin it and me get all emotional so he wasn&#39;t going to say it then. I felt like I had just been punched in the gut. So wait - you have been so nice since I texted you, but now I&#39;m going to be sad and upset? What is going on?</p>

<p>It is now the next day, and I just asked him again. He completely blew me off and went to town to pick up our son from camp.</p>

<p>I am at a loss. I don&#39;t know what to do. I can only ask him to talk to me so many times. He doesn&#39;t share his thoughts or emotions often, but I would think he would do it now right? I don&#39;t know what to do.</p>

<p><strong>Relevant Comments</strong></p>

<p><strong>cthulularoo:</strong> holy shit, you&#39;re not even an afterthought to this guy. You&#39;re don&#39;t have any importance in his life. You&#39;re just there. He&#39;ll just tell you stuff to get you off his case and then just keep ignoring you.</p>

<blockquote>
<p><strong>OOP:</strong> That is definitely how I feel</p>
</blockquote>

<p><strong>OOP responds to multiple comments on seeking for a professional counselor to help navigate the next steps and find a thing to do that helps OOP feel happy</strong></p>

<blockquote>
<p><strong>OOP:</strong> Oh my gosh, thank you so much for your kind and understanding reply! I have made a few calls with no responses yet and quite a few say they are not taking new clients. Keeping my fingers crossed though - I do agree, I need an outside perspective other than Reddit</p>
</blockquote>

<p>+</p>

<blockquote>
<p>Thank you! I have used our system, but I still have to call. They helped narrow it down but I have to make an appointment- I get 6 free sessions which is great. I just need someone to call me back 😞</p>

<p>Thank you for the advice - I will try. I did get in two chapters of the book I’m reading this week, and have taken extra time with my boys. I needed that ❤️</p>
</blockquote>

<p><strong>Ladyvett:</strong> I think that woman on the trip was more important than he’s letting on. His mother would not be welcome in my house again until she apologizes to my face. No more trips alone for any reason for a very long time. He needs to have consequences and you’re letting him coast. He’s trying to wait you out. Updateme</p>

<p><strong>Dachshundmom5:</strong> I don&#39;t know why you just keep &quot;letting things go&quot; and deluding yourself that you&#39;re in a good place.</p>

<p>Your husband was in a hotel room with a younger woman for days. He gaslit you that it&#39;s no big deal and acting like you&#39;re the crazy one for thinking it&#39;s a problem. In what world are things okay after that? How much of a doormat has he made you that 1 conversation blows that over?</p>

<p>Your MIL set him up to cheat on you. In no world is him sharing a room with a younger single woman appropriate. He knows that. She knows that. If you think he&#39;s a good boy, I don&#39;t know what kind of blinders you have on or kool aid you&#39;re drinking, but stop.</p>

<p>He blew off your birthday. He couldn&#39;t even muster going to the grocery store. Let alone sending some texts.</p>

<p>He was away from you for 2 weeks and couldn&#39;t even bring you some postcards from along the way? My son was on a school trip for 4 days. He brought me all kinds of little things because he was in a gas station and saw this pretty postcard I would like. Or at this gift shop and thought that key chain was something I would like. So, your husband is less considerate than a teenager on a school trip with all his teenage buddies?</p>

<p>He gives you bullshit after bullshit and just pretends things are fine.</p>

<p>You lay it all out there via text and again, he blows you off. Gives you some love bombing in the form of family time, and expects to sweep it under the rug. He&#39;s hoping to wait you put before you find out what he actually did in that hotel room. Or how many times he&#39;s met that woman before. Or just to make sure he can feed you bullshit after betraying your marriage with his mom&#39;s help and you&#39;ll just ignore it.</p>

<p>At some point, you have to acknowledge you have a shitty husband and a VERY unhealthy marriage. How many ways does he have to show you you&#39;re not a priority, he doesn&#39;t respect you, and he could not care less about your feelings before you believe him?</p>

<p>&nbsp;</p>

<p>Latest Update here: <a href=""https://redd.it/1f1f7g2"">BoRU #3</a></p>

<p>&nbsp;</p>

<h1><strong>DO NOT COMMENT IN LINKED POSTS OR MESSAGE OOPs – BoRU Rule #7</strong></h1>

<h1><strong>THIS IS A REPOST SUB - I AM NOT OOP</strong></h1>
</div><!-- SC_ON -->",20419,,,2026-07-22T16:28:58.840Z,post,,True,0,t3_1eslt68,,,,8xz1w49be,,,,,4363,False,0.2573,False,,0,3995,4363,2024-08-15T04:02:07.000Z,https://www.reddit.com/r/BestofRedditorUpdates/comments/1eslt68/new_update_aitah_for_being_upset_my_husband_is/,BestofRedditorUpdates
35447.6742,t2_ad9newrp,t1_if3f0y4,i-always_say-fuck,False,Can I work for you? This is fucking magical.,"<div class=""md""><p>Can I work for you? This is fucking magical.</p>
</div>",44,0.0,0.0,2026-07-22T16:28:57.950Z,comment,0.0,False,0,if3f0y4,0.0,t3_vsuaqu,post,if3f0y4,vsuaqu,vsuaqu,3boqz,t3_vsuaqu,14804,False,0.4176,False,t5_3boqz,0,9,14804,2022-07-06T16:48:31.000Z,https://www.reddit.com/r/MaliciousCompliance/comments/vsuaqu/you_demanded_my_entire_team_be_at_the_office_for/if3f0y4/,MaliciousCompliance
35446.3378,t2_5d5uk,t1_if3r2nf,rockstang,False,Yeah this made reddit worth reading today.,"<div class=""md""><p>Yeah this made reddit worth reading today.</p>
</div>",42,0.0,0.0,2026-07-22T16:28:57.950Z,comment,1.0,False,0,if3r2nf,0.0,t1_if3f0y4,comment,if3r2nf,if3f0y4,vsuaqu,3boqz,t3_vsuaqu,37,False,0.001,False,t5_3boqz,0,7,37,2022-07-06T18:08:42.000Z,https://www.reddit.com/r/MaliciousCompliance/comments/vsuaqu/you_demanded_my_entire_team_be_at_the_office_for/if3r2nf/,MaliciousCompliance
16949.4963,t2_8c1pmg62,t1_li7y7x0,Stunning_Strength522,False,“I can’t discuss any emotional issues because then you might get emotional”,"<div class=""md""><p>“I can’t discuss any emotional issues because then you might get emotional”</p>
</div>",75,0.0,0.0,2026-07-22T16:28:58.841Z,comment,1.0,False,0,li7y7x0,0.0,t1_li6tqef,comment,li7y7x0,li6tqef,1eslt68,2ea6kj,t3_1eslt68,60,False,0.0035,False,t5_2ea6kj,0,12,60,2024-08-15T10:59:12.000Z,https://www.reddit.com/r/BestofRedditorUpdates/comments/1eslt68/new_update_aitah_for_being_upset_my_husband_is/li7y7x0/,BestofRedditorUpdates
16953.578,t2_2k63fmqw,t1_li7axee,Luffytheeternalking,False,Exactly. I was so tired just reading it.,"<div class=""md""><p>Exactly. I was so tired just reading it.</p>
</div>",40,1.0,0.0,2026-07-22T16:28:58.841Z,comment,1.0,False,0,li7axee,0.0,t1_li6tqef,comment,li7axee,li6tqef,1eslt68,2ea6kj,t3_1eslt68,7,False,0.0004,False,t5_2ea6kj,0,8,7,2024-08-15T06:54:18.000Z,https://www.reddit.com/r/BestofRedditorUpdates/comments/1eslt68/new_update_aitah_for_being_upset_my_husband_is/li7axee/,BestofRedditorUpdates
34765.7004,t2_javj4,t1_iiv84ku,flowers4u,False,Being at the diner at 4am after a night out with friends is pretty awesome,"<div class=""md""><p>Being at the diner at 4am after a night out with friends is pretty awesome</p>
</div>",74,0.0,0.0,2026-07-22T16:28:59.552Z,comment,1.0,False,0,iiv84ku,0.0,t1_iiuxe5c,comment,iiv84ku,iiuxe5c,wfiged,2qh1i,t3_wfiged,3207,False,0.0922,False,t5_2qh1i,0,15,3207,2022-08-04T02:46:58.000Z,https://www.reddit.com/r/AskReddit/comments/wfiged/nonamericans_of_reddit_what_is_an_american_thing/iiv84ku/,AskReddit
34763.3707,t2_jyf93,t1_iivnkwx,ShadowDV,False,"Can I interest you in our lord and savior Waffle House?

Edit: and one of my most upvoted comments is about the Awful Waffle.  Thanks for the gold, silvers, and other awards kind redditors.","<div class=""md""><p>Can I interest you in our lord and savior Waffle House?</p>

<p>Edit: and one of my most upvoted comments is about the Awful Waffle.  Thanks for the gold, silvers, and other awards kind redditors.</p>
</div>",189,0.0,0.0,2026-07-22T16:28:59.552Z,comment,1.0,True,1,iivnkwx,0.0,t1_iiuxe5c,comment,iivnkwx,iiuxe5c,wfiged,2qh1i,t3_wfiged,3813,False,0.1097,False,t5_2qh1i,0,34,3813,2022-08-04T05:06:45.000Z,https://www.reddit.com/r/AskReddit/comments/wfiged/nonamericans_of_reddit_what_is_an_american_thing/iivnkwx/,AskReddit
34766.6143,t2_57gpw,t1_iiv1c9u,tenehemia,False,"It's harder to find than it used to be, but I applaud this goal.  It really is a great experience.  Diners are much more common on the East coast (New Jersey / Pennsylvania in particular is frequently considered the heart of American diners), but my personal favorite is [Mickey's Diner](https://en.wikipedia.org/wiki/Mickey%27s_Diner) in St. Paul, MN.  Nothing quite beats that ambiance.","<div class=""md""><p>It&#39;s harder to find than it used to be, but I applaud this goal.  It really is a great experience.  Diners are much more common on the East coast (New Jersey / Pennsylvania in particular is frequently considered the heart of American diners), but my personal favorite is <a href=""https://en.wikipedia.org/wiki/Mickey%27s_Diner"">Mickey&#39;s Diner</a> in St. Paul, MN.  Nothing quite beats that ambiance.</p>
</div>",388,0.0,0.0,2026-07-22T16:28:59.552Z,comment,1.0,False,0,iiv1c9u,0.0,t1_iiuxe5c,comment,iiv1c9u,iiuxe5c,wfiged,2qh1i,t3_wfiged,56,False,0.0016,False,t5_2qh1i,0,59,56,2022-08-04T01:52:08.000Z,https://www.reddit.com/r/AskReddit/comments/wfiged/nonamericans_of_reddit_what_is_an_american_thing/iiv1c9u/,AskReddit
34763.1032,t2_1kcw96lu,t1_iivp3st,almagura,True,"When my best friend and I were 21 we had this ritual of leaving social gatherings early so we could go to denny’s and drink coffee and just talk. We would sit in there for hours sometimes just talking over too many cups of coffee just enjoying each other’s company. 
Great times of hiding out in the middle of the night.","<div class=""md""><p>When my best friend and I were 21 we had this ritual of leaving social gatherings early so we could go to denny’s and drink coffee and just talk. We would sit in there for hours sometimes just talking over too many cups of coffee just enjoying each other’s company. 
Great times of hiding out in the middle of the night.</p>
</div>",320,0.0,0.0,2026-07-22T16:28:59.552Z,comment,1.0,False,0,iivp3st,0.0,t1_iiuxe5c,comment,iivp3st,iiuxe5c,wfiged,2qh1i,t3_wfiged,43,False,0.0012,False,t5_2qh1i,0,61,43,2022-08-04T05:22:48.000Z,https://www.reddit.com/r/AskReddit/comments/wfiged/nonamericans_of_reddit_what_is_an_american_thing/iivp3st/,AskReddit
34762.1602,t2_cc2dciqw,t1_iivu3ko,321spacecowboy,False,"There’s something about the buzz from the heavy drinking a few hours earlier, your body wants to so badly to go to sleep, the good company and when the pancakes/waffles hit your mouth… It’s ecstasy","<div class=""md""><p>There’s something about the buzz from the heavy drinking a few hours earlier, your body wants to so badly to go to sleep, the good company and when the pancakes/waffles hit your mouth… It’s ecstasy</p>
</div>",197,0.0,0.0,2026-07-22T16:28:59.552Z,comment,2.0,False,0,iivu3ko,0.0,t1_iiv84ku,comment,iivu3ko,iiv84ku,wfiged,2qh1i,t3_wfiged,1120,False,0.0322,False,t5_2qh1i,0,35,1120,2022-08-04T06:19:23.000Z,https://www.reddit.com/r/AskReddit/comments/wfiged/nonamericans_of_reddit_what_is_an_american_thing/iivu3ko/,AskReddit
34756.9785,t2_lmmq3mu7,t1_iiwim76,c0smiccowgirl,False,\* waffle home,"<div class=""md""><p>* waffle home</p>
</div>",14,0.0,0.0,2026-07-22T16:28:59.553Z,comment,2.0,False,1,iiwim76,0.0,t1_iivnkwx,comment,iiwim76,iivnkwx,wfiged,2qh1i,t3_wfiged,543,False,0.0156,False,t5_2qh1i,0,3,543,2022-08-04T11:30:17.000Z,https://www.reddit.com/r/AskReddit/comments/wfiged/nonamericans_of_reddit_what_is_an_american_thing/iiwim76/,AskReddit
34144.7542,,t1_imbkk6g,[deleted],False,"Grasslands evolved in symbiosis with large grazing animals. It's really not surprising. We should be reintroducing these animals wherever we can. 

Yes, a few times per year, someone will get too close with their cell phone and will die. 

That's just reality.","<div class=""md""><p>Grasslands evolved in symbiosis with large grazing animals. It&#39;s really not surprising. We should be reintroducing these animals wherever we can. </p>

<p>Yes, a few times per year, someone will get too close with their cell phone and will die. </p>

<p>That&#39;s just reality.</p>
</div>",260,0.0,0.0,2026-07-22T16:29:01.246Z,comment,0.0,False,0,imbkk6g,0.0,t3_x11s2u,post,imbkk6g,x11s2u,x11s2u,mouw,t3_x11s2u,2392,False,0.0701,False,t5_mouw,0,42,2392,2022-08-29T23:43:46.000Z,https://www.reddit.com/r/science/comments/x11s2u/reintroducing_bison_to_grasslands_increases_plant/imbkk6g/,science
849.4828,,t2_2fk1d3u7ne,AloneManchild,False,"Going all alone if anyone can join HMU

Note: I'm 20 so only same age group dm me ","<!-- SC_OFF --><div class=""md""><p>Going all alone if anyone can join HMU</p>

<p>Note: I&#39;m 20 so only same age group dm me </p>
</div><!-- SC_ON -->",82,,,2026-07-22T16:29:03.946Z,post,,False,0,t3_1u82vhm,,,,2fk1d3u7ne,,,,,1,False,0.0012,False,,0,26,1,2026-06-17T07:00:06.000Z,https://www.reddit.com/r/Bhopal/comments/1u82vhm/going_bbq_nation_tomorrow_630pm_anyone_wanna_join/,Bhopal
833.1839,t2_2fk1d3u7ne,t1_osa4ga8,AloneManchild,False,I'm going for veg buffet only,"<div class=""md""><p>I&#39;m going for veg buffet only</p>
</div>",29,0.0,0.0,2026-07-22T16:29:03.946Z,comment,1.0,False,0,osa4ga8,1.0,t1_os5puks,comment,osa4ga8,os5puks,1u82vhm,2ss2q,t3_1u82vhm,1,False,0.0012,False,t5_2ss2q,0,6,1,2026-06-17T23:18:02.000Z,https://www.reddit.com/r/Bhopal/comments/1u82vhm/going_bbq_nation_tomorrow_630pm_anyone_wanna_join/osa4ga8/,Bhopal
844.6833,t2_2gonnrv7lk,t1_os5zqde,Huge_Canary_6200,False,How much for non veg ? 🥹🙂‍↔️,"<div class=""md""><p>How much for non veg ? 🥹🙂‍↔️</p>
</div>",30,0.0,0.0,2026-07-22T16:29:03.946Z,comment,0.0,False,0,os5zqde,0.0,t3_1u82vhm,post,os5zqde,1u82vhm,1u82vhm,2ss2q,t3_1u82vhm,1,False,0.0012,False,t5_2ss2q,0,7,1,2026-06-17T11:48:04.000Z,https://www.reddit.com/r/Bhopal/comments/1u82vhm/going_bbq_nation_tomorrow_630pm_anyone_wanna_join/os5zqde/,Bhopal
833.1792,t2_2fk1d3u7ne,t1_osa4i36,AloneManchild,False,I'm veg,"<div class=""md""><p>I&#39;m veg</p>
</div>",7,0.0,0.0,2026-07-22T16:29:03.946Z,comment,1.0,False,0,osa4i36,1.0,t1_os5zqde,comment,osa4i36,os5zqde,1u82vhm,2ss2q,t3_1u82vhm,1,False,0.0012,False,t5_2ss2q,0,2,1,2026-06-17T23:18:19.000Z,https://www.reddit.com/r/Bhopal/comments/1u82vhm/going_bbq_nation_tomorrow_630pm_anyone_wanna_join/osa4i36/,Bhopal
830.1025,t2_2fk1d3u7ne,t1_osb0ibl,AloneManchild,False,560rs at dinner time,"<div class=""md""><p>560rs at dinner time </p>
</div>",21,0.0,0.0,2026-07-22T16:29:03.946Z,comment,1.0,False,0,osb0ibl,1.0,t1_osa5rkm,comment,osb0ibl,osa5rkm,1u82vhm,2ss2q,t3_1u82vhm,1,False,0.0012,False,t5_2ss2q,0,4,1,2026-06-18T02:22:55.000Z,https://www.reddit.com/r/Bhopal/comments/1u82vhm/going_bbq_nation_tomorrow_630pm_anyone_wanna_join/osb0ibl/,Bhopal
830.0883,t2_2fk1d3u7ne,t1_osb0nci,AloneManchild,False,360rs at lunch time,"<div class=""md""><p>360rs at lunch time </p>
</div>",20,0.0,0.0,2026-07-22T16:29:03.946Z,comment,1.0,False,0,osb0nci,1.0,t1_osa5rkm,comment,osb0nci,osa5rkm,1u82vhm,2ss2q,t3_1u82vhm,1,False,0.0012,False,t5_2ss2q,0,4,1,2026-06-18T02:23:46.000Z,https://www.reddit.com/r/Bhopal/comments/1u82vhm/going_bbq_nation_tomorrow_630pm_anyone_wanna_join/osb0nci/,Bhopal
822.2717,t2_pvrt43orw,t1_oscpmcy,GrandAffectionate979,False,"bro nowayy bbq nation , try pirates of grill

","<div class=""md""><p>bro nowayy bbq nation , try pirates of grill</p>
</div>",46,0.0,0.0,2026-07-22T16:29:03.946Z,comment,0.0,False,0,oscpmcy,0.0,t3_1u82vhm,post,oscpmcy,1u82vhm,1u82vhm,2ss2q,t3_1u82vhm,1,False,0.0012,False,t5_2ss2q,0,9,1,2026-06-18T10:12:46.000Z,https://www.reddit.com/r/Bhopal/comments/1u82vhm/going_bbq_nation_tomorrow_630pm_anyone_wanna_join/oscpmcy/,Bhopal
632.395,t2_2fk1d3u7ne,t1_otw2f10,AloneManchild,False,Out of budget,"<div class=""md""><p>Out of budget </p>
</div>",14,0.0,0.0,2026-07-22T16:29:03.946Z,comment,1.0,False,0,otw2f10,1.0,t1_oscpmcy,comment,otw2f10,oscpmcy,1u82vhm,2ss2q,t3_1u82vhm,1,False,0.0016,False,t5_2ss2q,0,3,1,2026-06-26T08:05:22.000Z,https://www.reddit.com/r/Bhopal/comments/1u82vhm/going_bbq_nation_tomorrow_630pm_anyone_wanna_join/otw2f10/,Bhopal
9498.8831,t2_pw4ewz7a,t1_mz1w4h1,Obvious-Durian-2014,False,Perú es Clave.,"<div class=""md""><p>Perú es Clave.</p>
</div>",14,0.0,0.0,2026-07-22T16:29:04.046Z,comment,1.0,False,0,mz1w4h1,0.0,t1_mz19hlm,comment,mz1w4h1,mz19hlm,1lgobyk,30mwc,t3_1lgobyk,6,False,0.0006,False,t5_30mwc,0,3,6,2025-06-21T21:36:05.000Z,https://www.reddit.com/r/ENA/comments/1lgobyk/bbq_would_be_peruvian_correct_if_not_what/mz1w4h1/,ENA
1905.3695,,t2_8h1h7xye,Odd_Ad_8419,False,"BBQ Nation ka food review dedo koi, kal jana h","<!-- SC_OFF --><div class=""md""><p>BBQ Nation ka food review dedo koi, kal jana h</p>
</div><!-- SC_ON -->",46,,,2026-07-22T16:29:05.353Z,post,,False,0,t3_1t3aahg,,,,8h1h7xye,,,,,1,False,0.0005,False,,0,13,1,2026-05-04T07:06:55.000Z,https://www.reddit.com/r/Jamshedpur/comments/1t3aahg/bbq_nation_food/,Jamshedpur
1489.1892,t2_5u9oguyz,t1_on2lpxm,bassconfusion,False,"Rest in peace to my beloved Tofu House. You had the best soondubu and korean potato salad. I will love you forever


ETA: apparently there is lore that is missing for some of you. I don’t know the story why, all I know is that there were two Tofu Houses, open at the same time, and one was *MY* Tofu House. Yes, it was on Convoy, and yes, it is definitely closed. I’m not an expert on much, but I was an expert on Tofu House. I started going in 2010 and never stopped.

It had the red sign on the tallest pole, you could see the outlines of cactuses on the walls from when the place was a mexican restaurant with a mural inside. The other Tofu House does not taste the same as my Tofu House. They’re different businesses.

Okay ETA again: my Tofu House rebranded to Seoul Korean Tofu House at some point before permanently closing. It was at 4229 Convoy Street. [but this was how it looked when it was perfect. Goodbye, my love.](https://www.sandiegoreader.com/places/convoy-tofu-house/)","<div class=""md""><p>Rest in peace to my beloved Tofu House. You had the best soondubu and korean potato salad. I will love you forever</p>

<p>ETA: apparently there is lore that is missing for some of you. I don’t know the story why, all I know is that there were two Tofu Houses, open at the same time, and one was <em>MY</em> Tofu House. Yes, it was on Convoy, and yes, it is definitely closed. I’m not an expert on much, but I was an expert on Tofu House. I started going in 2010 and never stopped.</p>

<p>It had the red sign on the tallest pole, you could see the outlines of cactuses on the walls from when the place was a mexican restaurant with a mural inside. The other Tofu House does not taste the same as my Tofu House. They’re different businesses.</p>

<p>Okay ETA again: my Tofu House rebranded to Seoul Korean Tofu House at some point before permanently closing. It was at 4229 Convoy Street. <a href=""https://www.sandiegoreader.com/places/convoy-tofu-house/"">but this was how it looked when it was perfect. Goodbye, my love.</a></p>
</div>",987,0.0,0.0,2026-07-22T16:29:05.245Z,comment,0.0,True,0,on2lpxm,0.0,t3_1tjn80r,post,on2lpxm,1tjn80r,1tjn80r,2qq2q,t3_1tjn80r,285,False,0.1914,False,t5_2qq2q,0,178,285,2026-05-21T15:17:44.000Z,https://www.reddit.com/r/sandiego/comments/1tjn80r/san_diego_restaurants_that_closed_permanently_in/on2lpxm/,sandiego
1488.4601,t2_he07u,t1_on2vm0a,silverfox361,False,"At least according to google maps, the Convoy location is still open. The one listed on this map was the Mira Mesa one.","<div class=""md""><p>At least according to google maps, the Convoy location is still open. The one listed on this map was the Mira Mesa one.</p>
</div>",119,0.0,0.0,2026-07-22T16:29:05.245Z,comment,1.0,False,0,on2vm0a,0.0,t1_on2lpxm,comment,on2vm0a,on2lpxm,1tjn80r,2qq2q,t3_1tjn80r,49,False,0.0329,False,t5_2qq2q,0,23,49,2026-05-21T16:01:29.000Z,https://www.reddit.com/r/sandiego/comments/1tjn80r/san_diego_restaurants_that_closed_permanently_in/on2vm0a/,sandiego
723.364,t2_1jou4m7286,t1_ot4dcdz,InnerIntent_11,False,"The Canjun Potato is soo yum. Being a non vegetarian, this still has my heart 😁","<div class=""md""><p>The Canjun Potato is soo yum. Being a non vegetarian, this still has my heart 😁</p>
</div>",80,0.0,0.0,2026-07-22T16:29:05.341Z,comment,0.0,False,0,ot4dcdz,0.0,t3_1uci90y,post,ot4dcdz,1uci90y,1uci90y,3z8bc6,t3_1uci90y,3,False,0.0041,False,t5_3z8bc6,0,16,3,2026-06-22T13:07:15.000Z,https://www.reddit.com/r/IndianFoodPhotos/comments/1uci90y/which_bbq_nation_starter_are_u_reaching_out_for/ot4dcdz/,IndianFoodPhotos
723.8776,t2_2gqizp74fs,t1_ot47pmt,Suspicious-Sally-22,False,Uffffff.Now I have a strong urge to go to bbq nation alone.,"<div class=""md""><p>Uffffff.Now I have a strong urge to go to bbq nation alone.</p>
</div>",59,0.0,0.0,2026-07-22T16:29:05.341Z,comment,0.0,False,0,ot47pmt,0.0,t3_1uci90y,post,ot47pmt,1uci90y,1uci90y,3z8bc6,t3_1uci90y,2,False,0.0028,False,t5_3z8bc6,0,12,2,2026-06-22T12:36:26.000Z,https://www.reddit.com/r/IndianFoodPhotos/comments/1uci90y/which_bbq_nation_starter_are_u_reaching_out_for/ot47pmt/,IndianFoodPhotos
723.7634,t2_2f8stip1ga,t1_ot48xbf,miti_east,False,Trust me eating alone is one of the most underrated experiences.,"<div class=""md""><p>Trust me eating alone is one of the most underrated experiences.</p>
</div>",64,0.0,0.0,2026-07-22T16:29:05.341Z,comment,1.0,False,0,ot48xbf,1.0,t1_ot47pmt,comment,ot48xbf,ot47pmt,1uci90y,3z8bc6,t3_1uci90y,1,False,0.0014,False,t5_3z8bc6,0,11,1,2026-06-22T12:43:17.000Z,https://www.reddit.com/r/IndianFoodPhotos/comments/1uci90y/which_bbq_nation_starter_are_u_reaching_out_for/ot48xbf/,IndianFoodPhotos
722.4293,t2_6ke9aouu,t1_ot4oeh3,LazyShark124,False,Prawns,"<div class=""md""><p>Prawns</p>
</div>",6,0.0,0.0,2026-07-22T16:29:05.341Z,comment,0.0,False,0,ot4oeh3,0.0,t3_1uci90y,post,ot4oeh3,1uci90y,1uci90y,3z8bc6,t3_1uci90y,2,False,0.0028,False,t5_3z8bc6,0,1,2,2026-06-22T14:03:20.000Z,https://www.reddit.com/r/IndianFoodPhotos/comments/1uci90y/which_bbq_nation_starter_are_u_reaching_out_for/ot4oeh3/,IndianFoodPhotos
722.0765,t2_1vbb9wz0et,t1_ot4sv7z,shubham_555,False,Crispy Corn any day,"<div class=""md""><p>Crispy Corn any day</p>
</div>",19,0.0,0.0,2026-07-22T16:29:05.341Z,comment,0.0,False,0,ot4sv7z,0.0,t3_1uci90y,post,ot4sv7z,1uci90y,1uci90y,3z8bc6,t3_1uci90y,2,False,0.0028,False,t5_3z8bc6,0,4,2,2026-06-22T14:24:30.000Z,https://www.reddit.com/r/IndianFoodPhotos/comments/1uci90y/which_bbq_nation_starter_are_u_reaching_out_for/ot4sv7z/,IndianFoodPhotos
721.2495,t2_jsk3l9ju,t1_ot53mfx,G40Momo,False,Potatoes. Those are yummy af,"<div class=""md""><p>Potatoes. Those are yummy af</p>
</div>",28,0.0,0.0,2026-07-22T16:29:05.341Z,comment,0.0,False,0,ot53mfx,0.0,t3_1uci90y,post,ot53mfx,1uci90y,1uci90y,3z8bc6,t3_1uci90y,2,False,0.0028,False,t5_3z8bc6,0,5,2,2026-06-22T15:14:07.000Z,https://www.reddit.com/r/IndianFoodPhotos/comments/1uci90y/which_bbq_nation_starter_are_u_reaching_out_for/ot53mfx/,IndianFoodPhotos
722.9295,t2_67hv3m9r,t1_ot4ifm0,Babe_Brute,False,Never been a buffet person and had a bad experience few months ago at Sunday brunch in a way more upmarket establishment (Marriott property) restaurant so doubt I'm visiting BBQ Nation in a jiffy. Never been though.,"<div class=""md""><p>Never been a buffet person and had a bad experience few months ago at Sunday brunch in a way more upmarket establishment (Marriott property) restaurant so doubt I&#39;m visiting BBQ Nation in a jiffy. Never been though. </p>
</div>",216,0.0,0.0,2026-07-22T16:29:05.341Z,comment,0.0,False,0,ot4ifm0,0.0,t3_1uci90y,post,ot4ifm0,1uci90y,1uci90y,3z8bc6,t3_1uci90y,1,False,0.0014,False,t5_3z8bc6,0,37,1,2026-06-22T13:33:19.000Z,https://www.reddit.com/r/IndianFoodPhotos/comments/1uci90y/which_bbq_nation_starter_are_u_reaching_out_for/ot4ifm0/,IndianFoodPhotos
721.6945,t2_ild6iddm2,t1_ot4xt4t,kyoshi_warior,False,Chicken tikka,"<div class=""md""><p>Chicken tikka </p>
</div>",14,0.0,0.0,2026-07-22T16:29:05.341Z,comment,0.0,False,0,ot4xt4t,0.0,t3_1uci90y,post,ot4xt4t,1uci90y,1uci90y,3z8bc6,t3_1uci90y,1,False,0.0014,False,t5_3z8bc6,0,2,1,2026-06-22T14:47:25.000Z,https://www.reddit.com/r/IndianFoodPhotos/comments/1uci90y/which_bbq_nation_starter_are_u_reaching_out_for/ot4xt4t/,IndianFoodPhotos
708.8001,t2_ld721x8e,t1_ot9ccqf,lmao_what04,False,How much it cost per person ,"<div class=""md""><p>How much it cost per person </p>
</div>",28,0.0,0.0,2026-07-22T16:29:05.341Z,comment,0.0,False,0,ot9ccqf,0.0,t3_1uci90y,post,ot9ccqf,1uci90y,1uci90y,3z8bc6,t3_1uci90y,1,False,0.0014,False,t5_3z8bc6,0,6,1,2026-06-23T03:41:05.000Z,https://www.reddit.com/r/IndianFoodPhotos/comments/1uci90y/which_bbq_nation_starter_are_u_reaching_out_for/ot9ccqf/,IndianFoodPhotos
1905.304,,t1_ojtnwm3,[deleted],False,[removed],"<div class=""md""><p>[removed]</p>
</div>",9,0.0,0.0,2026-07-22T16:29:05.353Z,comment,0.0,False,0,ojtnwm3,0.0,t3_1t3aahg,post,ojtnwm3,1t3aahg,1t3aahg,4uenc6,t3_1t3aahg,3,False,0.0016,False,t5_4uenc6,0,1,3,2026-05-04T07:10:51.000Z,https://www.reddit.com/r/Jamshedpur/comments/1t3aahg/bbq_nation_food/ojtnwm3/,Jamshedpur
1904.5032,t2_1ddr80gr0b,t1_ojtt4t3,FitProgrammer8825,False,aap mujhe har jagah dikh jaate ho 🤓 are you omnipresent??,"<div class=""md""><p>aap mujhe har jagah dikh jaate ho 🤓 are you omnipresent??</p>
</div>",58,0.0,0.0,2026-07-22T16:29:05.353Z,comment,1.0,False,0,ojtt4t3,0.0,t1_ojtnwm3,comment,ojtt4t3,ojtnwm3,1t3aahg,4uenc6,t3_1t3aahg,1,False,0.0005,False,t5_4uenc6,0,11,1,2026-05-04T07:58:54.000Z,https://www.reddit.com/r/Jamshedpur/comments/1t3aahg/bbq_nation_food/ojtt4t3/,Jamshedpur
1902.6684,,t1_oju55ki,[deleted],False,[removed],"<div class=""md""><p>[removed]</p>
</div>",9,0.0,0.0,2026-07-22T16:29:05.353Z,comment,2.0,False,0,oju55ki,0.0,t1_ojtt4t3,comment,oju55ki,ojtt4t3,1t3aahg,4uenc6,t3_1t3aahg,1,False,0.0005,False,t5_4uenc6,0,1,1,2026-05-04T09:48:59.000Z,https://www.reddit.com/r/Jamshedpur/comments/1t3aahg/bbq_nation_food/oju55ki/,Jamshedpur
1902.4418,t2_1ddr80gr0b,t1_oju6rq4,FitProgrammer8825,False,"Im sorry the sentence sounds wrong I meant to write ""to me you are omnipresent"" 😭","<div class=""md""><p>Im sorry the sentence sounds wrong I meant to write &quot;to me you are omnipresent&quot; 😭</p>
</div>",82,0.0,0.0,2026-07-22T16:29:05.353Z,comment,3.0,False,0,oju6rq4,0.0,t1_oju55ki,comment,oju6rq4,oju55ki,1t3aahg,4uenc6,t3_1t3aahg,2,False,0.0011,False,t5_4uenc6,0,16,2,2026-05-04T10:02:35.000Z,https://www.reddit.com/r/Jamshedpur/comments/1t3aahg/bbq_nation_food/oju6rq4/,Jamshedpur
96624.0286,t2_9l1nr,t1_ct327lo,morganeisenberg,False,"Here's the recipe, from my post at http://hostthetoast.com/bbq-chicken-mac-cheese/

Servings: 6

**Ingredients**  

1 pound macaroni pasta  
8 tablespoons unsalted butter  
1 jalapeño, seeded, stemmed and chopped  
1 small onion, sliced  
3 drops Liquid Smoke, optional  
1/2 cup all-purpose flour
3 3/4 cups whole milk
1 1/2 tablespoons kosher salt  
2 cups (8 ounces) Wisconsin aged cheddar cheese, shredded  
1 1/2 cups (6 ounces) Wisconsin smoked gouda cheese, shredded  
1/2 cup barbeque sauce, plus more to top  
1/4 teaspoon cayenne pepper  
8 ounces chicken breasts, cooked and shredded  
  cilantro  
  green onion, sliced  

**Directions**
 
Boil pasta until al dente in large pot of salted water. Drain pasta and set aside to dry.  
Return pot to stove and melt half of butter over moderate heat.   Add in jalapeño and onion and cook, stirring occasionally, until onion is golden-brown and softened, about 15 minutes.  
Add 3-4 drops of liquid smoke and stir.  
Melt remaining butter with jalapeños and onions, then stir in flour, a bit at a time, until completely combined. Continue to stir until flour turns golden and onions and jalapeños are well-coated, about 2 minutes. Slowly stir in milk and continue to stir until sauce is thick enough to coat the back of a spoon. Mix in salt.  
A handful at a time, stir in cheddar and gouda, making sure each handful is melted entirely before adding in next. Add barbecue sauce and cayenne pepper and mix until well-combined. Remove from heat and add cooked pasta and chicken breast. Mix well.  
Garnish with cilantro and green onion and drizzle with BBQ sauce. Serve warm.  ","<div class=""md""><p>Here&#39;s the recipe, from my post at <a href=""http://hostthetoast.com/bbq-chicken-mac-cheese/"">http://hostthetoast.com/bbq-chicken-mac-cheese/</a></p>

<p>Servings: 6</p>

<p><strong>Ingredients</strong>  </p>

<p>1 pound macaroni pasta<br/>
8 tablespoons unsalted butter<br/>
1 jalapeño, seeded, stemmed and chopped<br/>
1 small onion, sliced<br/>
3 drops Liquid Smoke, optional<br/>
1/2 cup all-purpose flour
3 3/4 cups whole milk
1 1/2 tablespoons kosher salt<br/>
2 cups (8 ounces) Wisconsin aged cheddar cheese, shredded<br/>
1 1/2 cups (6 ounces) Wisconsin smoked gouda cheese, shredded<br/>
1/2 cup barbeque sauce, plus more to top<br/>
1/4 teaspoon cayenne pepper<br/>
8 ounces chicken breasts, cooked and shredded<br/>
  cilantro<br/>
  green onion, sliced  </p>

<p><strong>Directions</strong></p>

<p>Boil pasta until al dente in large pot of salted water. Drain pasta and set aside to dry.<br/>
Return pot to stove and melt half of butter over moderate heat.   Add in jalapeño and onion and cook, stirring occasionally, until onion is golden-brown and softened, about 15 minutes.<br/>
Add 3-4 drops of liquid smoke and stir.<br/>
Melt remaining butter with jalapeños and onions, then stir in flour, a bit at a time, until completely combined. Continue to stir until flour turns golden and onions and jalapeños are well-coated, about 2 minutes. Slowly stir in milk and continue to stir until sauce is thick enough to coat the back of a spoon. Mix in salt.<br/>
A handful at a time, stir in cheddar and gouda, making sure each handful is melted entirely before adding in next. Add barbecue sauce and cayenne pepper and mix until well-combined. Remove from heat and add cooked pasta and chicken breast. Mix well.<br/>
Garnish with cilantro and green onion and drizzle with BBQ sauce. Serve warm.  </p>
</div>",1631,0.0,0.0,2026-07-22T16:29:05.870Z,comment,0.0,True,0,ct327lo,1.0,t3_3d9oih,post,ct327lo,3d9oih,3d9oih,2rd9v,t3_3d9oih,38,False,0.0004,False,t5_2rd9v,0,261,38,2015-07-14T16:27:23.000Z,https://www.reddit.com/r/FoodPorn/comments/3d9oih/happy_national_mac_cheese_day_celebrate_with_some/ct327lo/,FoodPorn
96593.6258,t2_bwrgj,t1_ct4plgj,ravenzephyr1,False,Thanks for the recipe! Looks wonderful :),"<div class=""md""><p>Thanks for the recipe! Looks wonderful :)</p>
</div>",41,0.0,0.0,2026-07-22T16:29:05.870Z,comment,1.0,False,0,ct4plgj,0.0,t1_ct327lo,comment,ct4plgj,ct327lo,3d9oih,2rd9v,t3_3d9oih,2,False,0.0,False,t5_2rd9v,0,7,2,2015-07-15T22:51:33.000Z,https://www.reddit.com/r/FoodPorn/comments/3d9oih/happy_national_mac_cheese_day_celebrate_with_some/ct4plgj/,FoodPorn
96593.5405,t2_9l1nr,t1_ct4prv6,morganeisenberg,False,Thanks!,"<div class=""md""><p>Thanks!</p>
</div>",7,0.0,0.0,2026-07-22T16:29:05.870Z,comment,2.0,False,0,ct4prv6,1.0,t1_ct4plgj,comment,ct4prv6,ct4plgj,3d9oih,2rd9v,t3_3d9oih,1,False,0.0,False,t5_2rd9v,0,1,1,2015-07-15T22:56:40.000Z,https://www.reddit.com/r/FoodPorn/comments/3d9oih/happy_national_mac_cheese_day_celebrate_with_some/ct4prv6/,FoodPorn
96624.0422,t2_b9ms7,t1_ct326a0,Grosswaffle,False,I didn't know you were saving this for Mac & Cheese Day... can you make it again for me so I can celebrate the right way?,"<div class=""md""><p>I didn&#39;t know you were saving this for Mac &amp; Cheese Day... can you make it again for me so I can celebrate the right way?</p>
</div>",121,0.0,0.0,2026-07-22T16:29:05.870Z,comment,0.0,False,0,ct326a0,0.0,t3_3d9oih,post,ct326a0,3d9oih,3d9oih,2rd9v,t3_3d9oih,9,False,0.0001,False,t5_2rd9v,0,26,9,2015-07-14T16:26:34.000Z,https://www.reddit.com/r/FoodPorn/comments/3d9oih/happy_national_mac_cheese_day_celebrate_with_some/ct326a0/,FoodPorn
96623.9839,t2_9l1nr,t1_ct32bs9,morganeisenberg,False,"If you were going to come down after work, I would. Alas...","<div class=""md""><p>If you were going to come down after work, I would. Alas...</p>
</div>",59,0.0,0.0,2026-07-22T16:29:05.870Z,comment,1.0,False,0,ct32bs9,1.0,t1_ct326a0,comment,ct32bs9,ct326a0,3d9oih,2rd9v,t3_3d9oih,7,False,0.0001,False,t5_2rd9v,0,12,7,2015-07-14T16:30:04.000Z,https://www.reddit.com/r/FoodPorn/comments/3d9oih/happy_national_mac_cheese_day_celebrate_with_some/ct32bs9/,FoodPorn
96614.7077,t2_4tbnb,t1_ct3oaba,wazzaa4u,False,who keeps coming up with these national days? Can tomorrow be national ass crack day?,"<div class=""md""><p>who keeps coming up with these national days? Can tomorrow be national ass crack day?</p>
</div>",85,0.0,0.0,2026-07-22T16:29:05.870Z,comment,0.0,False,0,ct3oaba,0.0,t3_3d9oih,post,ct3oaba,3d9oih,3d9oih,2rd9v,t3_3d9oih,8,False,0.0001,False,t5_2rd9v,0,15,8,2015-07-15T01:46:38.000Z,https://www.reddit.com/r/FoodPorn/comments/3d9oih/happy_national_mac_cheese_day_celebrate_with_some/ct3oaba/,FoodPorn
96612.9986,t2_9l1nr,t1_ct3rsf0,morganeisenberg,False,No idea who makes food holidays but it gives me an excuse to eat more stuff that I like so I roll with it.,"<div class=""md""><p>No idea who makes food holidays but it gives me an excuse to eat more stuff that I like so I roll with it.</p>
</div>",106,0.0,0.0,2026-07-22T16:29:05.870Z,comment,1.0,False,0,ct3rsf0,1.0,t1_ct3oaba,comment,ct3rsf0,ct3oaba,3d9oih,2rd9v,t3_3d9oih,4,False,0.0,False,t5_2rd9v,0,24,4,2015-07-15T03:29:11.000Z,https://www.reddit.com/r/FoodPorn/comments/3d9oih/happy_national_mac_cheese_day_celebrate_with_some/ct3rsf0/,FoodPorn
96621.4966,t2_4m1mc,t1_ct38qkq,Tiopy,False,"Looks amazing. Would you be willing to share the recipe??

I would totally make this tonight versus stroganoff!","<div class=""md""><p>Looks amazing. Would you be willing to share the recipe??</p>

<p>I would totally make this tonight versus stroganoff!</p>
</div>",111,0.0,0.0,2026-07-22T16:29:05.870Z,comment,0.0,False,0,ct38qkq,0.0,t3_3d9oih,post,ct38qkq,3d9oih,3d9oih,2rd9v,t3_3d9oih,6,False,0.0001,False,t5_2rd9v,0,18,6,2015-07-14T18:59:18.000Z,https://www.reddit.com/r/FoodPorn/comments/3d9oih/happy_national_mac_cheese_day_celebrate_with_some/ct38qkq/,FoodPorn
96620.4714,t2_9l1nr,t1_ct3bbu1,morganeisenberg,False,"Sure thing, it's up [in the comments](https://www.reddit.com/r/FoodPorn/comments/3d9oih/happy_national_mac_cheese_day_celebrate_with_some/ct327lo) =)","<div class=""md""><p>Sure thing, it&#39;s up <a href=""https://www.reddit.com/r/FoodPorn/comments/3d9oih/happy_national_mac_cheese_day_celebrate_with_some/ct327lo"">in the comments</a> =)</p>
</div>",149,0.0,0.0,2026-07-22T16:29:05.870Z,comment,1.0,False,0,ct3bbu1,1.0,t1_ct38qkq,comment,ct3bbu1,ct38qkq,3d9oih,2rd9v,t3_3d9oih,6,False,0.0001,False,t5_2rd9v,0,8,6,2015-07-14T20:00:49.000Z,https://www.reddit.com/r/FoodPorn/comments/3d9oih/happy_national_mac_cheese_day_celebrate_with_some/ct3bbu1/,FoodPorn
96619.9714,t2_djr59,t1_ct3ckuo,PM_ME_CORGI_PICS,False,"Seems to be deleted, any chance you could post it again? Would love to make this sometime.","<div class=""md""><p>Seems to be deleted, any chance you could post it again? Would love to make this sometime.</p>
</div>",90,0.0,0.0,2026-07-22T16:29:05.870Z,comment,2.0,False,0,ct3ckuo,0.0,t1_ct3bbu1,comment,ct3ckuo,ct3bbu1,3d9oih,2rd9v,t3_3d9oih,5,False,0.0001,False,t5_2rd9v,0,17,5,2015-07-14T20:30:49.000Z,https://www.reddit.com/r/FoodPorn/comments/3d9oih/happy_national_mac_cheese_day_celebrate_with_some/ct3ckuo/,FoodPorn
6170.8198,,t2_1kkxqjxtgb,Feisty_Echo_2310,False,"CBs ruin it for everyone! This is a post from a local restaurant that gives free meals to struggling families.... This is why we can't do nice things....

This one hurts to write.

We’ve poured our hearts, time, and money into feeding people who need it — no questions asked.

The community has stepped up big, and the attention we’ve gotten (even nationally) has helped shine a light on hunger right here at home.
We never did it for cameras or headlines — we did it because it’s the right thing to do.

But that same spotlight opened the door for the ugly side of things.
We’ve had people come in demanding ribs, large platters, and “only the expensive cuts.”
We’ve been yelled at, called disgusting, disgraceful, and even asked to hand over thousands of dollars.

I can take a lot — but when my employees, who show up every day and give their all, start getting treated like they’re worthless for trying to help others… that’s where I draw the line.

These meals are meant to help people who are truly in need — not those who turn their nose up because it’s not ribs or brisket.
If you’re being picky about free food meant to feed your family, maybe it’s time to ask yourself why.

Starting now, we’ll be asking for an EBT card or government/federal ID for free meals.
If you don’t have one but truly need help, talk to a manager — they have full authority to make that call.

And just to be clear — these free meals have always been simple.
Sandwiches, or whatever meals we’ve whipped up from what we have on hand.
Nothing fancy — just good food from good people who care.

Once the shutdown ends, we’ll keep doing what we’ve always done — feeding folks who need it.
But for now, we’re setting some boundaries to protect our team and make sure we can keep doing good for the people who truly need it.

Thanks for understanding and continuing to support our BBQ family ❤️

- (edit: removed)  (co-founder & owner)","<!-- SC_OFF --><div class=""md""><p>CBs ruin it for everyone! This is a post from a local restaurant that gives free meals to struggling families.... This is why we can&#39;t do nice things....</p>

<p>This one hurts to write.</p>

<p>We’ve poured our hearts, time, and money into feeding people who need it — no questions asked.</p>

<p>The community has stepped up big, and the attention we’ve gotten (even nationally) has helped shine a light on hunger right here at home.
We never did it for cameras or headlines — we did it because it’s the right thing to do.</p>

<p>But that same spotlight opened the door for the ugly side of things.
We’ve had people come in demanding ribs, large platters, and “only the expensive cuts.”
We’ve been yelled at, called disgusting, disgraceful, and even asked to hand over thousands of dollars.</p>

<p>I can take a lot — but when my employees, who show up every day and give their all, start getting treated like they’re worthless for trying to help others… that’s where I draw the line.</p>

<p>These meals are meant to help people who are truly in need — not those who turn their nose up because it’s not ribs or brisket.
If you’re being picky about free food meant to feed your family, maybe it’s time to ask yourself why.</p>

<p>Starting now, we’ll be asking for an EBT card or government/federal ID for free meals.
If you don’t have one but truly need help, talk to a manager — they have full authority to make that call.</p>

<p>And just to be clear — these free meals have always been simple.
Sandwiches, or whatever meals we’ve whipped up from what we have on hand.
Nothing fancy — just good food from good people who care.</p>

<p>Once the shutdown ends, we’ll keep doing what we’ve always done — feeding folks who need it.
But for now, we’re setting some boundaries to protect our team and make sure we can keep doing good for the people who truly need it.</p>

<p>Thanks for understanding and continuing to support our BBQ family ❤️</p>

<ul>
<li>(edit: removed)  (co-founder &amp; owner)</li>
</ul>
</div><!-- SC_ON -->",1915,,,2026-07-22T16:29:06.156Z,post,,False,0,t3_1oquobg,,,,1kkxqjxtgb,,,,,3481,False,0.5641,False,,0,366,3481,2025-11-07T13:39:55.000Z,https://www.reddit.com/r/ChoosingBeggars/comments/1oquobg/local_restaurant_who_gives_free_meals_to/,ChoosingBeggars
6170.537,t2_5axfv0w2,t1_nnlhe5d,trake83,False,The fact they even have to ask for the card or proof shows that people have been taking advantage of them. That’s truly sad. When you’re in need I’m not saying you should accept anything but accept something reasonable to keep you and your family fed. I love a good BBQ sandwich btw 😋,"<div class=""md""><p>The fact they even have to ask for the card or proof shows that people have been taking advantage of them. That’s truly sad. When you’re in need I’m not saying you should accept anything but accept something reasonable to keep you and your family fed. I love a good BBQ sandwich btw 😋</p>
</div>",285,0.0,0.0,2026-07-22T16:29:06.237Z,comment,0.0,False,0,nnlhe5d,0.0,t3_1oquobg,post,nnlhe5d,1oquobg,1oquobg,35fmc,t3_1oquobg,1556,False,0.2522,False,t5_35fmc,0,54,1556,2025-11-07T13:56:53.000Z,https://www.reddit.com/r/ChoosingBeggars/comments/1oquobg/local_restaurant_who_gives_free_meals_to/nnlhe5d/,ChoosingBeggars
6157.3131,t2_ysycq,t1_nnpiv7z,badchefrazzy,False,I wouldn't even question if rich entitled assholes were sneaking their way in to get free food by posing as people who need help. They absolutely should be asking to see the cards.,"<div class=""md""><p>I wouldn&#39;t even question if rich entitled assholes were sneaking their way in to get free food by posing as people who need help. They absolutely should be asking to see the cards.</p>
</div>",180,0.0,0.0,2026-07-22T16:29:06.237Z,comment,1.0,False,0,nnpiv7z,0.0,t1_nnlhe5d,comment,nnpiv7z,nnlhe5d,1oquobg,35fmc,t3_1oquobg,89,False,0.0145,False,t5_35fmc,0,33,89,2025-11-08T03:10:19.000Z,https://www.reddit.com/r/ChoosingBeggars/comments/1oquobg/local_restaurant_who_gives_free_meals_to/nnpiv7z/,ChoosingBeggars
6144.2373,t2_ml9jeaz4,t1_nns9qd6,designatedthrowawayy,False,"It does suck for those that need food and don't have ebt or a government id though. I've definitely been broke and without food stamps before. I'm glad the managers get to make the call, but how do they do that, you know?

ETA: It's still good of them to do this at all though. I'm just annoyed at the people that made this a necessary step in the first place. I've never been starving and said ""only for ribs though"".","<div class=""md""><p>It does suck for those that need food and don&#39;t have ebt or a government id though. I&#39;ve definitely been broke and without food stamps before. I&#39;m glad the managers get to make the call, but how do they do that, you know?</p>

<p>ETA: It&#39;s still good of them to do this at all though. I&#39;m just annoyed at the people that made this a necessary step in the first place. I&#39;ve never been starving and said &quot;only for ribs though&quot;.</p>
</div>",418,0.0,0.0,2026-07-22T16:29:06.237Z,comment,1.0,True,0,nns9qd6,0.0,t1_nnlhe5d,comment,nns9qd6,nnlhe5d,1oquobg,35fmc,t3_1oquobg,20,False,0.0033,False,t5_35fmc,0,81,20,2025-11-08T16:14:52.000Z,https://www.reddit.com/r/ChoosingBeggars/comments/1oquobg/local_restaurant_who_gives_free_meals_to/nns9qd6/,ChoosingBeggars
6137.9753,t2_6d1cveda,t1_nnu79lp,-HolyXanaX-,False,"We had a gift card ""giveaway"" in a shopping center in the poorest neighborhood of city. It was a war scene, it got to the news with a video of whole event. It was clear who wasn't in need and still was aggressive towards everybody else.The chosen beggers punched the others, 2 or 3 ppl went to hospital.

And I'm asking myself how I can go to places without spending 10 bucks for bus and 4h traveling time.","<div class=""md""><p>We had a gift card &quot;giveaway&quot; in a shopping center in the poorest neighborhood of city. It was a war scene, it got to the news with a video of whole event. It was clear who wasn&#39;t in need and still was aggressive towards everybody else.The chosen beggers punched the others, 2 or 3 ppl went to hospital.</p>

<p>And I&#39;m asking myself how I can go to places without spending 10 bucks for bus and 4h traveling time.</p>
</div>",406,0.0,0.0,2026-07-22T16:29:06.238Z,comment,2.0,False,0,nnu79lp,0.0,t1_nnqkxvt,comment,nnu79lp,nnqkxvt,1oquobg,35fmc,t3_1oquobg,49,False,0.008,False,t5_35fmc,0,78,49,2025-11-08T22:30:35.000Z,https://www.reddit.com/r/ChoosingBeggars/comments/1oquobg/local_restaurant_who_gives_free_meals_to/nnu79lp/,ChoosingBeggars
170.3615,,t2_1m55zvkdxb,fukinggghell,False,"Had a lot of fun, I think Bengaluru bbq nations are best I ate at all the bbq nation, nation wide. Their desserts and salad were great. And great chicken drumstick.     
I got a coupon and if anyone is interested, DM me ","<!-- SC_OFF --><div class=""md""><p>Had a lot of fun, I think Bengaluru bbq nations are best I ate at all the bbq nation, nation wide. Their desserts and salad were great. And great chicken drumstick.<br/>
I got a coupon and if anyone is interested, DM me </p>
</div><!-- SC_ON -->",220,,,2026-07-22T16:29:06.376Z,post,,False,0,t3_1ux6wh4,,,,1m55zvkdxb,,,,,14,False,0.0822,False,,0,55,14,2026-07-15T14:07:25.000Z,https://www.reddit.com/r/bangalorefoodies/comments/1ux6wh4/i_went_to_bengaluru_bbq_nation_buffet_today_and/,bangalorefoodies
1596.9065,t2_jgf8d,t1_om8unck,kellysill513,False,🍔🍟🍔👌,"<div class=""md""><p>🍔🍟🍔👌</p>
</div>",8,0.0,0.0,2026-07-22T16:29:06.338Z,comment,0.0,False,0,om8unck,0.0,t3_1tfc1x5,post,om8unck,1tfc1x5,1tfc1x5,2sf3h,t3_1tfc1x5,2,False,0.0013,False,t5_2sf3h,0,1,2,2026-05-17T03:34:43.000Z,https://www.reddit.com/r/cheeseburgers/comments/1tfc1x5/national_bbq_day_burger/om8unck/,cheeseburgers
1585.5898,t2_8jch8xlo,t1_ombebhm,pincolnl1ves,False,https://preview.redd.it/7axvq29gop1h1.jpeg?width=597&format=pjpg&auto=webp&s=393777fe3f4c53a394ce06be0ceab0f7968497be,"<div class=""md""><p><a href=""https://preview.redd.it/7axvq29gop1h1.jpeg?width=597&amp;format=pjpg&amp;auto=webp&amp;s=393777fe3f4c53a394ce06be0ceab0f7968497be"">https://preview.redd.it/7axvq29gop1h1.jpeg?width=597&amp;format=pjpg&amp;auto=webp&amp;s=393777fe3f4c53a394ce06be0ceab0f7968497be</a></p>
</div>",117,0.0,0.0,2026-07-22T16:29:06.338Z,comment,0.0,False,0,ombebhm,1.0,t3_1tfc1x5,post,ombebhm,1tfc1x5,1tfc1x5,2sf3h,t3_1tfc1x5,2,False,0.0013,False,t5_2sf3h,0,1,2,2026-05-17T14:53:43.000Z,https://www.reddit.com/r/cheeseburgers/comments/1tfc1x5/national_bbq_day_burger/ombebhm/,cheeseburgers
1582.2231,t2_17u9e0j09t,t1_omciddf,MagazineDelicious151,False,Perfection,"<div class=""md""><p>Perfection </p>
</div>",11,0.0,0.0,2026-07-22T16:29:06.338Z,comment,0.0,False,0,omciddf,0.0,t3_1tfc1x5,post,omciddf,1tfc1x5,1tfc1x5,2sf3h,t3_1tfc1x5,1,False,0.0006,False,t5_2sf3h,0,1,1,2026-05-17T18:15:43.000Z,https://www.reddit.com/r/cheeseburgers/comments/1tfc1x5/national_bbq_day_burger/omciddf/,cheeseburgers
1473.3062,t2_28iliv6gbi,t1_on7buli,Next-Seaweed3651,False,I think tomato is not fit in this burger,"<div class=""md""><p>I think tomato is not fit in this burger </p>
</div>",41,0.0,0.0,2026-07-22T16:29:06.338Z,comment,0.0,False,0,on7buli,0.0,t3_1tfc1x5,post,on7buli,1tfc1x5,1tfc1x5,2sf3h,t3_1tfc1x5,1,False,0.0007,False,t5_2sf3h,0,9,1,2026-05-22T07:10:44.000Z,https://www.reddit.com/r/cheeseburgers/comments/1tfc1x5/national_bbq_day_burger/on7buli/,cheeseburgers
169.7068,t2_7rqcbvzf,t1_oxovc01,Guilty-Gold1815,False,Is this like a rage bait? Lol ,"<div class=""md""><p>Is this like a rage bait? Lol </p>
</div>",30,0.0,0.0,2026-07-22T16:29:06.376Z,comment,0.0,False,0,oxovc01,0.0,t3_1ux6wh4,post,oxovc01,1ux6wh4,1ux6wh4,534pcx,t3_1ux6wh4,17,False,0.1002,False,t5_534pcx,0,7,17,2026-07-15T14:46:42.000Z,https://www.reddit.com/r/bangalorefoodies/comments/1ux6wh4/i_went_to_bengaluru_bbq_nation_buffet_today_and/oxovc01/,bangalorefoodies
167.1298,t2_1m55zvkdxb,t1_oxpw9oe,fukinggghell,False,lol why?,"<div class=""md""><p>lol why? </p>
</div>",9,0.0,0.0,2026-07-22T16:29:06.376Z,comment,1.0,False,0,oxpw9oe,1.0,t1_oxovc01,comment,oxpw9oe,oxovc01,1ux6wh4,534pcx,t3_1ux6wh4,-2,False,-0.012,False,t5_534pcx,0,2,-2,2026-07-15T17:21:19.000Z,https://www.reddit.com/r/bangalorefoodies/comments/1ux6wh4/i_went_to_bengaluru_bbq_nation_buffet_today_and/oxpw9oe/,bangalorefoodies
169.2293,t2_2emw7gguah,t1_oxp1zz3,Admirable_Name786,False,Did u eat veg buffet,"<div class=""md""><p>Did u eat veg buffet </p>
</div>",21,0.0,0.0,2026-07-22T16:29:06.376Z,comment,0.0,False,0,oxp1zz3,0.0,t3_1ux6wh4,post,oxp1zz3,1ux6wh4,1ux6wh4,534pcx,t3_1ux6wh4,5,False,0.0295,False,t5_534pcx,0,5,5,2026-07-15T15:15:21.000Z,https://www.reddit.com/r/bangalorefoodies/comments/1ux6wh4/i_went_to_bengaluru_bbq_nation_buffet_today_and/oxp1zz3/,bangalorefoodies
167.132,t2_1m55zvkdxb,t1_oxpw8dk,fukinggghell,False,Non veg,"<div class=""md""><p>Non veg </p>
</div>",8,0.0,0.0,2026-07-22T16:29:06.376Z,comment,1.0,False,0,oxpw8dk,1.0,t1_oxp1zz3,comment,oxpw8dk,oxp1zz3,1ux6wh4,534pcx,t3_1ux6wh4,1,False,0.006,False,t5_534pcx,0,2,1,2026-07-15T17:21:11.000Z,https://www.reddit.com/r/bangalorefoodies/comments/1ux6wh4/i_went_to_bengaluru_bbq_nation_buffet_today_and/oxpw8dk/,bangalorefoodies
157.3232,t2_kx67z,t1_oxtef9k,dr_wafu,False,First time I'm getting a recommendation to go to BBQ nation (or any restaurant)for their salads and desserts.,"<div class=""md""><p>First time I&#39;m getting a recommendation to go to BBQ nation (or any restaurant)for their salads and desserts.</p>
</div>",109,0.0,0.0,2026-07-22T16:29:06.376Z,comment,0.0,False,0,oxtef9k,0.0,t3_1ux6wh4,post,oxtef9k,1ux6wh4,1ux6wh4,534pcx,t3_1ux6wh4,4,False,0.0254,False,t5_534pcx,0,18,4,2026-07-16T03:09:43.000Z,https://www.reddit.com/r/bangalorefoodies/comments/1ux6wh4/i_went_to_bengaluru_bbq_nation_buffet_today_and/oxtef9k/,bangalorefoodies
168.9518,t2_es6tvc2sh,t1_oxp5xep,BoredGuy_v2,False,They didn't deliver my order last week which eventually got cancelled becouse lot of time went,"<div class=""md""><p>They didn&#39;t deliver my order last week which eventually got cancelled becouse lot of time went </p>
</div>",95,0.0,0.0,2026-07-22T16:29:06.376Z,comment,0.0,False,0,oxp5xep,0.0,t3_1ux6wh4,post,oxp5xep,1ux6wh4,1ux6wh4,534pcx,t3_1ux6wh4,2,False,0.0118,False,t5_534pcx,0,16,2,2026-07-15T15:32:00.000Z,https://www.reddit.com/r/bangalorefoodies/comments/1ux6wh4/i_went_to_bengaluru_bbq_nation_buffet_today_and/oxp5xep/,bangalorefoodies
165.8215,t2_gb90f8u0,t1_oxqfbdh,Comprehensive_Cut544,False,Damn I forgot barbecue nation existed,"<div class=""md""><p>Damn I forgot barbecue nation existed</p>
</div>",37,0.0,0.0,2026-07-22T16:29:06.376Z,comment,0.0,False,0,oxqfbdh,0.0,t3_1ux6wh4,post,oxqfbdh,1ux6wh4,1ux6wh4,534pcx,t3_1ux6wh4,2,False,0.0121,False,t5_534pcx,0,6,2,2026-07-15T18:39:49.000Z,https://www.reddit.com/r/bangalorefoodies/comments/1ux6wh4/i_went_to_bengaluru_bbq_nation_buffet_today_and/oxqfbdh/,bangalorefoodies
162.2682,t2_7uwv01poh,t1_oxrvedu,Traditional-One813,False,I thought they are losing business and might have closed by now,"<div class=""md""><p>I thought they are losing business and might have closed by now</p>
</div>",63,0.0,0.0,2026-07-22T16:29:06.376Z,comment,0.0,False,0,oxrvedu,0.0,t3_1ux6wh4,post,oxrvedu,1ux6wh4,1ux6wh4,534pcx,t3_1ux6wh4,2,False,0.0123,False,t5_534pcx,0,12,2,2026-07-15T22:13:01.000Z,https://www.reddit.com/r/bangalorefoodies/comments/1ux6wh4/i_went_to_bengaluru_bbq_nation_buffet_today_and/oxrvedu/,bangalorefoodies
160.2184,t2_24ts9cea79,t1_oxsjxgh,ImaginationOk9963,False,You’re soo wrong… The Koramangala one was super crowded and walk ins were sent back and the reserved had to wait upto 20 minutes to get a seat.,"<div class=""md""><p>You’re soo wrong… The Koramangala one was super crowded and walk ins were sent back and the reserved had to wait upto 20 minutes to get a seat. </p>
</div>",144,0.0,0.0,2026-07-22T16:29:06.376Z,comment,1.0,False,0,oxsjxgh,0.0,t1_oxrvedu,comment,oxsjxgh,oxrvedu,1ux6wh4,534pcx,t3_1ux6wh4,1,False,0.0062,False,t5_534pcx,0,28,1,2026-07-16T00:16:00.000Z,https://www.reddit.com/r/bangalorefoodies/comments/1ux6wh4/i_went_to_bengaluru_bbq_nation_buffet_today_and/oxsjxgh/,bangalorefoodies
170.3609,t2_6l4z3,t1_oxomhij,AutoModerator,True,"Welcome to the Bangalore Foodies community. We're glad you're here. Please take a moment to read our [Guidelines](https://www.reddit.com/r/bangalorefoodies/about/rules) to help make this a great experience for everyone.

*I am a bot, and this action was performed automatically. Please [contact the moderators of this subreddit](/message/compose/?to=/r/bangalorefoodies) if you have any questions or concerns.*","<div class=""md""><p>Welcome to the Bangalore Foodies community. We&#39;re glad you&#39;re here. Please take a moment to read our <a href=""https://www.reddit.com/r/bangalorefoodies/about/rules"">Guidelines</a> to help make this a great experience for everyone.</p>

<p><em>I am a bot, and this action was performed automatically. Please <a href=""/message/compose/?to=/r/bangalorefoodies"">contact the moderators of this subreddit</a> if you have any questions or concerns.</em></p>
</div>",410,0.0,0.0,2026-07-22T16:29:06.376Z,comment,0.0,False,0,oxomhij,0.0,t3_1ux6wh4,post,oxomhij,1ux6wh4,1ux6wh4,534pcx,t3_1ux6wh4,1,False,0.0059,False,t5_534pcx,0,51,1,2026-07-15T14:07:27.000Z,https://www.reddit.com/r/bangalorefoodies/comments/1ux6wh4/i_went_to_bengaluru_bbq_nation_buffet_today_and/oxomhij/,bangalorefoodies
170.3832,,t2_1m55zvkdxb,fukinggghell,False,"Had a lot of fun, I think Bengaluru bbq nations are best I ate at all the bbq nation, nation wide. Their desserts and salad were great. And great chicken drumstick.   
I got a coupon and if anyone is interested, DM me ","<!-- SC_OFF --><div class=""md""><p>Had a lot of fun, I think Bengaluru bbq nations are best I ate at all the bbq nation, nation wide. Their desserts and salad were great. And great chicken drumstick.<br/>
I got a coupon and if anyone is interested, DM me </p>
</div><!-- SC_ON -->",218,,,2026-07-22T16:29:06.614Z,post,,False,0,t3_1ux6v7j,,,,1m55zvkdxb,,,,,5,False,0.0293,False,,0,54,5,2026-07-15T14:06:07.000Z,https://www.reddit.com/r/Bengaluru/comments/1ux6v7j/i_went_to_bengaluru_bbq_nation_today_and_it_was_a/,Bengaluru
53.6938,t2_2d9i32n1vf,t1_oyncugm,wohnjick0703,False,Yo what's the coupon? Can you DM?,"<div class=""md""><p>Yo what&#39;s the coupon? Can you DM?</p>
</div>",33,0.0,0.0,2026-07-22T16:29:06.614Z,comment,0.0,False,0,oyncugm,0.0,t3_1ux6v7j,post,oyncugm,1ux6v7j,1ux6v7j,4r5eni,t3_1ux6v7j,1,False,0.0186,False,t5_4r5eni,0,7,1,2026-07-20T10:47:29.000Z,https://www.reddit.com/r/Bengaluru/comments/1ux6v7j/i_went_to_bengaluru_bbq_nation_today_and_it_was_a/oyncugm/,Bengaluru
872.9943,,t2_ge57qqi3x,Excellent-Pie-3846,False,What's the difference between these 2 offers??,"<!-- SC_OFF --><div class=""md""><p>What&#39;s the difference between these 2 offers?? </p>
</div><!-- SC_ON -->",47,,,2026-07-22T16:29:08.450Z,post,,False,0,t3_1u76nnq,,,,ge57qqi3x,,,,,6,False,0.0069,False,,0,10,6,2026-06-16T07:29:29.000Z,https://www.reddit.com/r/Real_teenindia/comments/1u76nnq/bbq_nation_doubt/,Real_teenindia
7650.954,t2_93e47ncl,t1_ncstvrr,weirdoldhobo1978,False,Don't start a culture war and then complain that nobody from the other side wants to be your friend.,"<div class=""md""><p>Don&#39;t start a culture war and then complain that nobody from the other side wants to be your friend.</p>
</div>",100,0.0,0.0,2026-07-22T16:29:08.348Z,comment,0.0,False,0,ncstvrr,0.0,t3_1naavtn,post,ncstvrr,1naavtn,1naavtn,2ss5b,t3_1naavtn,455,False,0.0595,False,t5_2ss5b,0,19,455,2025-09-06T21:31:54.000Z,https://www.reddit.com/r/SubredditDrama/comments/1naavtn/the_paradox_of_tolerance_is_real_alright_leftists/ncstvrr/,SubredditDrama
1632.0823,t2_knui3,t1_olz4jz8,mvriik,False,Awesome!,"<div class=""md""><p>Awesome!</p>
</div>",8,0.0,0.0,2026-07-22T16:29:08.453Z,comment,0.0,False,0,olz4jz8,0.0,t3_1tdvvlq,post,olz4jz8,1tdvvlq,1tdvvlq,2tqv1,t3_1tdvvlq,2,False,0.0012,False,t5_2tqv1,0,1,2,2026-05-15T16:24:12.000Z,https://www.reddit.com/r/wigglegrams/comments/1tdvvlq/national_bbq_day_wiggles/olz4jz8/,wigglegrams
3470.1466,t2_2v7lzy98,t1_o7t8kfg,jd807,False,A goddamn taxpayer funded BBQ EATING TOUR??!,"<div class=""md""><p>A goddamn taxpayer funded BBQ EATING TOUR??!</p>
</div>",44,0.0,0.0,2026-07-22T16:29:08.644Z,comment,0.0,False,0,o7t8kfg,0.0,t3_1rgqaog,post,o7t8kfg,1rgqaog,1rgqaog,2y77d,t3_1rgqaog,347,False,0.1,False,t5_2y77d,0,7,347,2026-02-28T02:20:21.000Z,https://www.reddit.com/r/antiwork/comments/1rgqaog/bbq_for_me_but_slop_for_thee/o7t8kfg/,antiwork
62065.3393,t2_6nmrfm2,t1_erv0006,CatpersonMax,False,YTA. Daisy dukes and a hoodie are not “casual”in terms of wedding attire.  Casual would have been nice slacks and a pretty top or jacket. Your attire was more like Saturday night at the stock car races. I would have been upset with you too and the family members in tee shirts and ball caps were similarly underdressed.,"<div class=""md""><p>YTA. Daisy dukes and a hoodie are not “casual”in terms of wedding attire.  Casual would have been nice slacks and a pretty top or jacket. Your attire was more like Saturday night at the stock car races. I would have been upset with you too and the family members in tee shirts and ball caps were similarly underdressed.</p>
</div>",319,0.0,0.0,2026-07-22T16:29:09.539Z,comment,0.0,False,0,erv0006,0.0,t3_c45x4l,post,erv0006,c45x4l,c45x4l,2xhvq,t3_c45x4l,23899,False,0.3851,False,t5_2xhvq,0,58,23899,2019-06-23T15:08:48.000Z,https://www.reddit.com/r/AmItheAsshole/comments/c45x4l/aita_for_showing_up_at_my_cousins_wedding_in_a/erv0006/,AmItheAsshole
62063.986,t2_3ahg4utb,t1_erv6310,PhileasFoggsTrvlAgt,False,"> Daisy dukes and a hoodie are not “casual”in terms of wedding attire. 

This. It's still an important event with a degree of formality. Unless the invitation clearly states otherwise, casual is more in line with business casual.

YTA OP","<div class=""md""><blockquote>
<p>Daisy dukes and a hoodie are not “casual”in terms of wedding attire. </p>
</blockquote>

<p>This. It&#39;s still an important event with a degree of formality. Unless the invitation clearly states otherwise, casual is more in line with business casual.</p>

<p>YTA OP</p>
</div>",237,0.0,0.0,2026-07-22T16:29:09.539Z,comment,1.0,False,0,erv6310,0.0,t1_erv0006,comment,erv6310,erv0006,c45x4l,2xhvq,t3_c45x4l,1028,False,0.0166,False,t5_2xhvq,0,40,1028,2019-06-23T16:30:00.000Z,https://www.reddit.com/r/AmItheAsshole/comments/c45x4l/aita_for_showing_up_at_my_cousins_wedding_in_a/erv6310/,AmItheAsshole
10755.3641,t2_2n55xu93,t1_mpu182x,Judgement_Bot_AITA,False,"Welcome to /r/AmITheAsshole. Please view our [voting guide here](https://www.reddit.com/r/AmItheAsshole/wiki/faq#wiki_what.2019s_with_these_acronyms.3F_what_do_they_mean.3F), and remember to use **only one** judgement in your comment.

OP has offered the following explanation for why they think they might be the asshole:

 > I won't forgive my father because he stole from me. Why does it make me an asshole, because family should be everything!

Help keep the sub engaging!

#Don’t downvote assholes!

Do upvote interesting posts!

 [Click Here For Our Rules](https://www.reddit.com/r/AmItheAsshole/about/rules) and [Click Here For Our FAQ](https://www.reddit.com/r/AmItheAsshole/wiki/faq)

##Subreddit Announcements

Follow the link above to learn more

---

*I am a bot, and this action was performed automatically. Please [contact the moderators of this subreddit](https://www.reddit.com/message/compose/?to=/r/AmItheAsshole) if you have any questions or concerns.*

*Contest mode is 1.5 hours long on this post.*","<div class=""md""><p>Welcome to <a href=""/r/AmITheAsshole"">/r/AmITheAsshole</a>. Please view our <a href=""https://www.reddit.com/r/AmItheAsshole/wiki/faq#wiki_what.2019s_with_these_acronyms.3F_what_do_they_mean.3F"">voting guide here</a>, and remember to use <strong>only one</strong> judgement in your comment.</p>

<p>OP has offered the following explanation for why they think they might be the asshole:</p>

<blockquote>
<p>I won&#39;t forgive my father because he stole from me. Why does it make me an asshole, because family should be everything!</p>
</blockquote>

<p>Help keep the sub engaging!</p>

<h1>Don’t downvote assholes!</h1>

<p>Do upvote interesting posts!</p>

<p><a href=""https://www.reddit.com/r/AmItheAsshole/about/rules"">Click Here For Our Rules</a> and <a href=""https://www.reddit.com/r/AmItheAsshole/wiki/faq"">Click Here For Our FAQ</a></p>

<h2>Subreddit Announcements</h2>

<p>Follow the link above to learn more</p>

<hr/>

<p><em>I am a bot, and this action was performed automatically. Please <a href=""https://www.reddit.com/message/compose/?to=/r/AmItheAsshole"">contact the moderators of this subreddit</a> if you have any questions or concerns.</em></p>

<p><em>Contest mode is 1.5 hours long on this post.</em></p>
</div>",1019,0.0,0.0,2026-07-22T16:29:10.649Z,comment,0.0,False,0,mpu182x,0.0,t3_1kbfxlu,post,mpu182x,1kbfxlu,1kbfxlu,2xhvq,t3_1kbfxlu,1,True,0.0001,True,t5_2xhvq,0,123,1,2025-04-30T13:07:20.000Z,https://www.reddit.com/r/AmItheAsshole/comments/1kbfxlu/aita_for_not_forgiving_father_after_he_stole_my/mpu182x/,AmItheAsshole
1604.76,t2_1j0f8sb4sl,t1_om6o9m5,areddituserc,False,Unrelated but every time I see this I get reminded of the thread about national tuna day where apparently you're supposed to be saving the tunas not eating their delicious flesh,"<div class=""md""><p>Unrelated but every time I see this I get reminded of the thread about national tuna day where apparently you&#39;re supposed to be saving the tunas not eating their delicious flesh</p>
</div>",177,0.0,0.0,2026-07-22T16:29:11.852Z,comment,0.0,False,0,om6o9m5,0.0,t3_1tf2zo8,post,om6o9m5,1tf2zo8,1tf2zo8,2xk5e,t3_1tf2zo8,14,False,0.0087,False,t5_2xk5e,0,31,14,2026-05-16T19:43:36.000Z,https://www.reddit.com/r/1200isplenty/comments/1tf2zo8/happy_national_bbq_day_here_are_some_lower_cal/om6o9m5/,1200isplenty
1604.4861,t2_k4ewb59s,t1_om6reut,Queasy_Dingo_8262,False,lol 😭,"<div class=""md""><p>lol 😭</p>
</div>",6,0.0,0.0,2026-07-22T16:29:11.852Z,comment,1.0,False,0,om6reut,1.0,t1_om6o9m5,comment,om6reut,om6o9m5,1tf2zo8,2xk5e,t3_1tf2zo8,5,False,0.0031,False,t5_2xk5e,0,2,5,2026-05-16T20:00:02.000Z,https://www.reddit.com/r/1200isplenty/comments/1tf2zo8/happy_national_bbq_day_here_are_some_lower_cal/om6reut/,1200isplenty
1604.44,t2_azzvxba4,t1_om6rxky,Mindless-Meaning-878,False,lol. Today you’re supposed to be saving these babies.,"<div class=""md""><p>lol. Today you’re supposed to be saving these babies.</p>
</div>",53,0.0,0.0,2026-07-22T16:29:11.852Z,comment,1.0,False,0,om6rxky,0.0,t1_om6o9m5,comment,om6rxky,om6o9m5,1tf2zo8,2xk5e,t3_1tf2zo8,2,False,0.0012,False,t5_2xk5e,0,9,2,2026-05-16T20:02:48.000Z,https://www.reddit.com/r/1200isplenty/comments/1tf2zo8/happy_national_bbq_day_here_are_some_lower_cal/om6rxky/,1200isplenty
1602.8275,t2_6zr2fcv0,t1_om79vak,DNorthman,False,Honey BBQ tuna? I never knew such a combo existed. How is it?,"<div class=""md""><p>Honey BBQ tuna? I never knew such a combo existed. How is it?</p>
</div>",61,0.0,0.0,2026-07-22T16:29:11.852Z,comment,0.0,False,0,om79vak,0.0,t3_1tf2zo8,post,om79vak,1tf2zo8,1tf2zo8,2xk5e,t3_1tf2zo8,3,False,0.0019,False,t5_2xk5e,0,13,3,2026-05-16T21:39:33.000Z,https://www.reddit.com/r/1200isplenty/comments/1tf2zo8/happy_national_bbq_day_here_are_some_lower_cal/om79vak/,1200isplenty
1602.6672,t2_k4ewb59s,t1_om7bkzw,Queasy_Dingo_8262,False,Very good! Kind of sweet tho ,"<div class=""md""><p>Very good! Kind of sweet tho </p>
</div>",29,0.0,0.0,2026-07-22T16:29:11.852Z,comment,1.0,False,0,om7bkzw,1.0,t1_om79vak,comment,om7bkzw,om79vak,1tf2zo8,2xk5e,t3_1tf2zo8,3,False,0.0019,False,t5_2xk5e,0,6,3,2026-05-16T21:49:10.000Z,https://www.reddit.com/r/1200isplenty/comments/1tf2zo8/happy_national_bbq_day_here_are_some_lower_cal/om7bkzw/,1200isplenty
1604.4255,t2_azzvxba4,t1_om6s3jk,Mindless-Meaning-878,False,How much time did you spend on this lol? I’m impressed! Love many of these.,"<div class=""md""><p>How much time did you spend on this lol? I’m impressed! Love many of these.</p>
</div>",75,0.0,0.0,2026-07-22T16:29:11.852Z,comment,0.0,False,0,om6s3jk,0.0,t3_1tf2zo8,post,om6s3jk,1tf2zo8,1tf2zo8,2xk5e,t3_1tf2zo8,2,False,0.0012,False,t5_2xk5e,0,15,2,2026-05-16T20:03:40.000Z,https://www.reddit.com/r/1200isplenty/comments/1tf2zo8/happy_national_bbq_day_here_are_some_lower_cal/om6s3jk/,1200isplenty
1601.6063,t2_pnr27,t1_om7mh2g,darkbladetrey,False,Those morning star ribs. I swear I haven’t seen them in years lol. Sometimes maybe on and off? A mythical meal. I love it,"<div class=""md""><p>Those morning star ribs. I swear I haven’t seen them in years lol. Sometimes maybe on and off? A mythical meal. I love it</p>
</div>",121,0.0,0.0,2026-07-22T16:29:11.852Z,comment,0.0,False,0,om7mh2g,0.0,t3_1tf2zo8,post,om7mh2g,1tf2zo8,1tf2zo8,2xk5e,t3_1tf2zo8,2,False,0.0012,False,t5_2xk5e,0,24,2,2026-05-16T22:52:49.000Z,https://www.reddit.com/r/1200isplenty/comments/1tf2zo8/happy_national_bbq_day_here_are_some_lower_cal/om7mh2g/,1200isplenty
1598.608,t2_k4ewb59s,t1_om8filw,Queasy_Dingo_8262,False,They have them at my wegmans all the time,"<div class=""md""><p>They have them at my wegmans all the time</p>
</div>",41,0.0,0.0,2026-07-22T16:29:11.852Z,comment,1.0,False,0,om8filw,1.0,t1_om7mh2g,comment,om8filw,om7mh2g,1tf2zo8,2xk5e,t3_1tf2zo8,1,False,0.0006,False,t5_2xk5e,0,9,1,2026-05-17T01:52:43.000Z,https://www.reddit.com/r/1200isplenty/comments/1tf2zo8/happy_national_bbq_day_here_are_some_lower_cal/om8filw/,1200isplenty
1596.2425,t2_a11haq48,t1_om9089l,PortraitofMmeX,False,That sugar free bbq sauce on air fried tofu with eggs is a fav of mine,"<div class=""md""><p>That sugar free bbq sauce on air fried tofu with eggs is a fav of mine</p>
</div>",70,0.0,0.0,2026-07-22T16:29:11.852Z,comment,0.0,False,0,om9089l,0.0,t3_1tf2zo8,post,om9089l,1tf2zo8,1tf2zo8,2xk5e,t3_1tf2zo8,1,False,0.0006,False,t5_2xk5e,0,16,1,2026-05-17T04:14:39.000Z,https://www.reddit.com/r/1200isplenty/comments/1tf2zo8/happy_national_bbq_day_here_are_some_lower_cal/om9089l/,1200isplenty
1588.4236,t2_a8cny8i7,t1_omajwr8,Josh-Baskin,False,"Natures Own Keto Hot Dog Rolls - 60 calories  
Hebrew National 97% Fat Free Hot Dogs - 45 Calories

105 calories for the combo feels crazy low. ","<div class=""md""><p>Natures Own Keto Hot Dog Rolls - 60 calories<br/>
Hebrew National 97% Fat Free Hot Dogs - 45 Calories</p>

<p>105 calories for the combo feels crazy low. </p>
</div>",144,0.0,0.0,2026-07-22T16:29:11.852Z,comment,0.0,False,0,omajwr8,0.0,t3_1tf2zo8,post,omajwr8,1tf2zo8,1tf2zo8,2xk5e,t3_1tf2zo8,1,False,0.0006,False,t5_2xk5e,0,27,1,2026-05-17T12:03:47.000Z,https://www.reddit.com/r/1200isplenty/comments/1tf2zo8/happy_national_bbq_day_here_are_some_lower_cal/omajwr8/,1200isplenty
3460.6896,,t2_jetq2l4s,Choice_Carpet_2596,False,Same as title,"<!-- SC_OFF --><div class=""md""><p>Same as title </p>
</div><!-- SC_ON -->",14,,,2026-07-22T16:29:12.487Z,post,,False,0,t3_1rh0ng8,,,,jetq2l4s,,,,,4,False,0.0012,False,,0,11,4,2026-02-28T11:47:50.000Z,https://www.reddit.com/r/Indore/comments/1rh0ng8/anyone_up_for_dinner_today_at_bbq_nation/,Indore
14384.1247,t2_ubcsk9j4,t1_lzoqs86,anonymousthrashcan,False,They sadly didn't have gulab jamum this time 💔,"<div class=""md""><p>They sadly didn&#39;t have gulab jamum this time 💔</p>
</div>",47,0.0,0.0,2026-07-22T16:29:13.909Z,comment,1.0,False,0,lzoqs86,1.0,t1_lzoqaxx,comment,lzoqs86,lzoqaxx,1h37wnn,3z8bc6,t3_1h37wnn,3,False,0.0002,False,t5_3z8bc6,0,9,3,2024-11-30T08:21:45.000Z,https://www.reddit.com/r/IndianFoodPhotos/comments/1h37wnn/two_of_the_best_things_at_bbq_nation/lzoqs86/,IndianFoodPhotos
14384.0803,,t1_lzor0op,[deleted],False,"Oh damn. Have this from my side then lol

https://preview.redd.it/dc9x98l4104e1.png?width=1080&format=pjpg&auto=webp&s=4615787f62622fb67c64cbd37bf66b6f0587aa92","<div class=""md""><p>Oh damn. Have this from my side then lol</p>

<p><a href=""https://preview.redd.it/dc9x98l4104e1.png?width=1080&amp;format=pjpg&amp;auto=webp&amp;s=4615787f62622fb67c64cbd37bf66b6f0587aa92"">https://preview.redd.it/dc9x98l4104e1.png?width=1080&amp;format=pjpg&amp;auto=webp&amp;s=4615787f62622fb67c64cbd37bf66b6f0587aa92</a></p>
</div>",159,0.0,0.0,2026-07-22T16:29:13.909Z,comment,2.0,False,0,lzor0op,0.0,t1_lzoqs86,comment,lzor0op,lzoqs86,1h37wnn,3z8bc6,t3_1h37wnn,5,False,0.0003,False,t5_3z8bc6,0,10,5,2024-11-30T08:24:25.000Z,https://www.reddit.com/r/IndianFoodPhotos/comments/1h37wnn/two_of_the_best_things_at_bbq_nation/lzor0op/,IndianFoodPhotos
14383.9333,t2_e22cgnfq,t1_lzorsqw,krish-garg6306,False,"Are we forgetting chicken tikka, mutton kebab, wings?","<div class=""md""><p>Are we forgetting chicken tikka, mutton kebab, wings?</p>
</div>",53,0.0,0.0,2026-07-22T16:29:13.909Z,comment,0.0,False,0,lzorsqw,0.0,t3_1h37wnn,post,lzorsqw,1h37wnn,1h37wnn,3z8bc6,t3_1h37wnn,16,False,0.0011,False,t5_3z8bc6,0,8,16,2024-11-30T08:33:14.000Z,https://www.reddit.com/r/IndianFoodPhotos/comments/1h37wnn/two_of_the_best_things_at_bbq_nation/lzorsqw/,IndianFoodPhotos
14380.6636,t2_ju9i6,t1_lzp9131,awhitesong,False,Bro. Shrimp. Fish. Chicken kebab. Spicy Pineapple. Mushrooms. Kulfi paan.,"<div class=""md""><p>Bro. Shrimp. Fish. Chicken kebab. Spicy Pineapple. Mushrooms. Kulfi paan.</p>
</div>",73,0.0,0.0,2026-07-22T16:29:13.909Z,comment,1.0,False,0,lzp9131,0.0,t1_lzorsqw,comment,lzp9131,lzorsqw,1h37wnn,3z8bc6,t3_1h37wnn,8,False,0.0006,False,t5_3z8bc6,0,10,8,2024-11-30T11:49:25.000Z,https://www.reddit.com/r/IndianFoodPhotos/comments/1h37wnn/two_of_the_best_things_at_bbq_nation/lzp9131/,IndianFoodPhotos
14380.315,t2_ao61i64b,t1_lzpb29x,Realistic_Rise_4805,False,Kulfi paan is delish.,"<div class=""md""><p>Kulfi paan is delish.</p>
</div>",21,0.0,0.0,2026-07-22T16:29:13.909Z,comment,2.0,False,0,lzpb29x,0.0,t1_lzp9131,comment,lzpb29x,lzp9131,1h37wnn,3z8bc6,t3_1h37wnn,4,False,0.0003,False,t5_3z8bc6,0,4,4,2024-11-30T12:10:20.000Z,https://www.reddit.com/r/IndianFoodPhotos/comments/1h37wnn/two_of_the_best_things_at_bbq_nation/lzpb29x/,IndianFoodPhotos
14382.1358,t2_832h5knl,t1_lzp165o,dipunair,False,Crispy fried corn & Cajun Potato! Cajun will suppress your appetite thou!,"<div class=""md""><p>Crispy fried corn &amp; Cajun Potato! Cajun will suppress your appetite thou!</p>
</div>",73,0.0,0.0,2026-07-22T16:29:13.909Z,comment,0.0,False,0,lzp165o,0.0,t3_1h37wnn,post,lzp165o,1h37wnn,1h37wnn,3z8bc6,t3_1h37wnn,8,False,0.0006,False,t5_3z8bc6,0,12,8,2024-11-30T10:21:05.000Z,https://www.reddit.com/r/IndianFoodPhotos/comments/1h37wnn/two_of_the_best_things_at_bbq_nation/lzp165o/,IndianFoodPhotos
14383.7394,t2_byspxy0m,t1_lzost56,Front_Juice6614,False,Someone finally said it,"<div class=""md""><p>Someone finally said it</p>
</div>",23,0.0,0.0,2026-07-22T16:29:13.909Z,comment,0.0,False,0,lzost56,0.0,t3_1h37wnn,post,lzost56,1h37wnn,1h37wnn,3z8bc6,t3_1h37wnn,4,False,0.0003,False,t5_3z8bc6,0,4,4,2024-11-30T08:44:52.000Z,https://www.reddit.com/r/IndianFoodPhotos/comments/1h37wnn/two_of_the_best_things_at_bbq_nation/lzost56/,IndianFoodPhotos
14382.7233,t2_ijv55sag,t1_lzoy3hp,jabulani_0909,False,Couldn't agree more..tried making both at home..not even close...tried at other buffet restaurants and parties..none can come close.,"<div class=""md""><p>Couldn&#39;t agree more..tried making both at home..not even close...tried at other buffet restaurants and parties..none can come close.</p>
</div>",132,0.0,0.0,2026-07-22T16:29:13.909Z,comment,0.0,False,0,lzoy3hp,0.0,t3_1h37wnn,post,lzoy3hp,1h37wnn,1h37wnn,3z8bc6,t3_1h37wnn,5,False,0.0003,False,t5_3z8bc6,0,18,5,2024-11-30T09:45:50.000Z,https://www.reddit.com/r/IndianFoodPhotos/comments/1h37wnn/two_of_the_best_things_at_bbq_nation/lzoy3hp/,IndianFoodPhotos
14383.5978,t2_m5qrcazvk,t1_lzotk0l,Kamaboko_Gonpachirro,False,I love to dip their Gulab jamuns in the Phirni awesome combo,"<div class=""md""><p>I love to dip their Gulab jamuns in the Phirni awesome combo</p>
</div>",60,0.0,0.0,2026-07-22T16:29:13.909Z,comment,0.0,False,0,lzotk0l,0.0,t3_1h37wnn,post,lzotk0l,1h37wnn,1h37wnn,3z8bc6,t3_1h37wnn,3,False,0.0002,False,t5_3z8bc6,0,12,3,2024-11-30T08:53:22.000Z,https://www.reddit.com/r/IndianFoodPhotos/comments/1h37wnn/two_of_the_best_things_at_bbq_nation/lzotk0l/,IndianFoodPhotos
3975.6303,,t2_4f5ssbqu,amir_twist_of_fate,False,"Closest city (Brownsville) is 40 minutes away, and if you want to leave SpaceX, there's very little other employment for a well paid technology person. You're basically stuck there... No job and a bored family unless you like shooting javelinas from a pickup and refining your BBQ game or fishing. I'm sure Brownsville has its good points but the old joke about the difference between a city (in this case Brownsville) and yogurt could apply... yogurt has an active culture. Here's what Google says are things to do this weekend.
Events this weekend
.
Happening Fri, Feb 6-Sun, Feb 8

Tomorrow
Candlelight: Coldplay & Imagine Dragons
Tribute concert
Feb 7, 8:30 PM
Historic Alonso Building
Brownsville, TX

Tomorrow
Star Wars + Four Hands Concert by Valley Symphony Orchestra
Orchestral concert
Feb 7, 5:00 PM
TSC Performing Arts Center
Brownsville, TX

Tomorrow
Totes and Toasts
DIY workshop
Feb 7, 12:00 PM
Vida Café
Brownsville, TX

Tomorrow
Galentine's Pink Party
Themed social gathering
Feb 7, 9:00 AM
JOLIE PETITE
Brownsville, TX
Outdoor attractions
.
Gladys Porter Zoo, Palo Alto Battlefield National Historical Park, Sabal Palm Sanctuary
Museums
.
Children's Museum of Brownsville, Historic Brownsville Museum, Brownsville
 ","<!-- SC_OFF --><div class=""md""><p>Closest city (Brownsville) is 40 minutes away, and if you want to leave SpaceX, there&#39;s very little other employment for a well paid technology person. You&#39;re basically stuck there... No job and a bored family unless you like shooting javelinas from a pickup and refining your BBQ game or fishing. I&#39;m sure Brownsville has its good points but the old joke about the difference between a city (in this case Brownsville) and yogurt could apply... yogurt has an active culture. Here&#39;s what Google says are things to do this weekend.
Events this weekend
.
Happening Fri, Feb 6-Sun, Feb 8</p>

<p>Tomorrow
Candlelight: Coldplay &amp; Imagine Dragons
Tribute concert
Feb 7, 8:30 PM
Historic Alonso Building
Brownsville, TX</p>

<p>Tomorrow
Star Wars + Four Hands Concert by Valley Symphony Orchestra
Orchestral concert
Feb 7, 5:00 PM
TSC Performing Arts Center
Brownsville, TX</p>

<p>Tomorrow
Totes and Toasts
DIY workshop
Feb 7, 12:00 PM
Vida Café
Brownsville, TX</p>

<p>Tomorrow
Galentine&#39;s Pink Party
Themed social gathering
Feb 7, 9:00 AM
JOLIE PETITE
Brownsville, TX
Outdoor attractions
.
Gladys Porter Zoo, Palo Alto Battlefield National Historical Park, Sabal Palm Sanctuary
Museums
.
Children&#39;s Museum of Brownsville, Historic Brownsville Museum, Brownsville</p>
</div><!-- SC_ON -->",1232,,,2026-07-22T16:29:14.946Z,post,,True,0,t3_1qxzi24,,,,4f5ssbqu,,,,,1422,False,0.3577,False,,0,212,1422,2026-02-07T00:51:26.000Z,https://www.reddit.com/r/texas/comments/1qxzi24/elon_musk_says_its_hard_to_convince_engineers/,texas
1057.9841,t2_yfuo3lov4,t1_oqgg0gx,Gold_Squirrel5386,False,🤷🏻‍♂️🤷🏻‍♂️,"<div class=""md""><p>🤷🏻‍♂️🤷🏻‍♂️</p>
</div>",14,0.0,0.0,2026-07-22T16:29:15.744Z,comment,1.0,False,0,oqgg0gx,1.0,t1_oqfpekj,comment,oqgg0gx,oqfpekj,1tzzk22,2qxww,t3_1tzzk22,1,False,0.0009,False,t5_2qxww,0,1,1,2026-06-08T14:30:13.000Z,https://www.reddit.com/r/BBQ/comments/1tzzk22/bbq_nation/oqgg0gx/,BBQ
1058.8463,t2_8ovin8mn,t1_oqg5en3,Usual_Ad_9161,False,Safeway Chinese food?,"<div class=""md""><p>Safeway Chinese food?</p>
</div>",21,0.0,0.0,2026-07-22T16:29:15.744Z,comment,0.0,False,0,oqg5en3,0.0,t3_1tzzk22,post,oqg5en3,1tzzk22,1tzzk22,2qxww,t3_1tzzk22,1,False,0.0009,False,t5_2qxww,0,3,1,2026-06-08T13:38:29.000Z,https://www.reddit.com/r/BBQ/comments/1tzzk22/bbq_nation/oqg5en3/,BBQ
1057.9874,t2_yfuo3lov4,t1_oqgfyui,Gold_Squirrel5386,False,Kind of,"<div class=""md""><p>Kind of </p>
</div>",8,0.0,0.0,2026-07-22T16:29:15.744Z,comment,1.0,False,0,oqgfyui,1.0,t1_oqg5en3,comment,oqgfyui,oqg5en3,1tzzk22,2qxww,t3_1tzzk22,1,False,0.0009,False,t5_2qxww,0,2,1,2026-06-08T14:30:01.000Z,https://www.reddit.com/r/BBQ/comments/1tzzk22/bbq_nation/oqgfyui/,BBQ
16692.4867,,t2_8xz1w49be,Choice_Evidence1983,False,"**I am NOT OOP, OOP is** u/Valuable_Channel_522

**Originally posted to r/AITAH**

Previous [BoRU #1](https://redd.it/1eh7bxj), [BoRU #2](https://redd.it/1eslt68)

**[New Update]: AITAH for being upset my husband is sharing a hotel room with another woman.**

**NEW UPDATE MARKED WITH** ----

**Trigger Warnings:** >!mentions of infidelity, emotional manipulation, neglect!<
  
------------------------------

**RECAP**

[Original Post](https://redd.it/1e4gscc): **July 16, 2024**

My (36F) husband (42m) is currently in Las Vegas for a National bowling tournament. He is there with his mom and her friends/folks from their bowling league. He is an avid bowler - bowls in a Tuesday night league, often in state tournaments and sometimes in National tournaments. Typically I go with and sometimes bowl myself. This year, we decided I would not go, but stay home with our three boys (ages 4, 8, 10) due to heat and smoke in Vegas in July.

My husband and I have been married for 11 years. This is his second marriage. His first marriage failed because he walked in on his wife cheating on him with another man. I have never, not once, thought that he would ever be intimate with another woman while he was with me. He’s just not that type.

So, on to this trip. Typically when he goes on a trip without me (at least one a year given my job and time off requirements) he stays in a hotel room with his mom or our boys. 

Three nights ago, I was on FaceTime with him while he was in his hotel room. It was really nice and he was talking about possibly taking a nap for lack of sleep. I asked if he had his room to himself (because that would have been awesome) and he said “oh no, (?) is sharing with me”. I asked him who that was, and he said something - I don’t remember - aside from “she”. I said “wait What?!?” 

And then he went on to explain that he was supposed to share the room with his moms boyfriend, but plans changed and now he is sharing the room with another woman on the trip. He told me that I played cornhole with her last month at a get together. I reminded him who I had played cornhole with (him and a girl, but not one with the name he was giving me - I have no idea who this woman is) at which point he got very confused. He did not understand why I was upset or frustrated - so I dropped it because I did not want to deter from his time and his bowling. I know I should have asked how he would have felt if the roles were reversed - but I didn’t. Partly because I didn’t want to fight (we hardly ever fight) while the kids were up, and partly because I didn’t want to hear him chalk it up to my imagination. I have hardly slept since that night, and my dreams have been chock full of worst case scenarios, and still I have not really brought it up again. 

There have been a few occasions in which he has talked about taking naps and how lame he is in Vegas. I have mentioned a few times - sort of sarcastically as a side, that he would be having more fun if he were sharing a room with me, or if I was there instead of his present company - but he has brushed it all aside. So here we are: he has spent the last three nights in a hotel room with a woman that is not me or his mother - AMITA for being upset?

******************************

Edited to get rid of some names - husband is coming home tonight and we will talk. I'm hoping its 82 year old grandma ;)

******************************

[UPDATE]

Ok, so I took some advice and grew ""a backbone"". I texted him a little while ago instead of waiting until he got home - he and our boys are leaving for another trip tomorrow morning (I could not get the time off of work) so I wanted to make sure we had the conversation fully before he left again.

Before I give the update, I wanted to make a couple of things clear:

I do trust my husband. He has never shown he would be the kind of person to cheat, and that is not what truly concerned me. Even though I did have some pretty unpleasant dreams. My issue was that he was not upfront and honest with me. If I had done the same thing, he would have lost his mind - understandably. This is why I started the original post with ""he's just not that type"".

We do generally have great communication - the issue here is that I like to have this kind of conversation face to face rather than over the phone. It's just not something I like to hash out while we are not in the same space. Obviously, in this situation, I should have made the exception, and have now done so.

Now, for the update:

I texted him today to tell him that this situation has been bothering me for the last three days - I had questions and we needed to have this conversation. I asked who the woman was, how old she was and why didn't he tell me about the situation before I found out by accident.

There was a mixup with the rooms, something about someone not going so people were shuffled. He was paired with a woman about my age. He said he didn't think it would be a big deal and didn't want to inconvenience everyone else on the trip. He also said he did not want to upset me, which is why he didn't right out tell me about it. He did tell me that I never had anything to worry about and he made sure they weren't in the room alone together aside from when they were sleeping. I know, I know - but I really do believe him on this.

I was honest with him and told him that if roles were reversed, out of respect for him, I would have called him right away to make sure he was ok with it. I told him that while I trust him implicitly, I should not have found out the way that I did. And he should not have blown off my concern. I told him that the lack of upfront communication felt suspicious, regardless of intention or what actually happened. As for not upsetting me, I told him I would have understood and not been upset if he had just been honest.

He has apologized profusely. I told him next time to just communicate - he is adamant there will not be a next time.

So, call me naive if you want, but I am dropping it at this point. He will be home this evening and I intend on having a nice evening with him before I don't see him again for another two weeks.

Thank you for the advice - I cried it out when I found out her age, but getting this off my chest has been very relieving.

&nbsp;

[Update #2](https://redd.it/1ebnurz): **July 25, 2024**

I am not handling this as well as I thought I was.

I had decided to let it go - I know he wasn’t doing anything with this other woman. You can disagree and call me crazy if you’d like - but I do know that.

However - as much as I have tried, I can’t get past the fact that he made the decision to do something he knew I wouldn’t be ok with, and not tell me about it. It all feels - just so messed up.

I have talked to a few of my co-workers (I don’t have really any friends that aren’t friends of his that I talk to on a regular basis - and there is no way I will talk to my family because that is a shit storm I can’t handle right now) and they are all shocked and more angry for me than I have let myself be (most of them know him, the kind of person he is and what ended his first marriage - he used to work at the same company).

We had less than 24 hours together before he, his mom and all three of my children took their trip to the other side of the United States. I have been sitting in my feels and will continue to do so until they get back - almost another week from now.

I was on the phone with them this evening before they went to bed, and one of the first things my husband said to me was: “I’m sharing a bed with a red head tonight”. And I almost came unglued before I realized he was talking about one of our boys (we have three sons). After a very long pause, I said “you better be talking about —-“ and I was so angry I don’t understand how he didn’t pick up on that.

Every conversation we have had has been short and to the point because I’m really just not interested in talking to him. I have been calling my oldest son, and talking with my boys instead. His mom hasn’t really said much to me - which makes me think he has said something to her. Which is fine of course - I really don’t care about that.

Bottom line is: I don’t know what to do. It is midnight at home, I tried to go to bed two hours ago and just could not stop sobbing - so I got up and let it go. It felt good to get it out but I know I need to talk to someone. I have support lines through work I can call, but won’t tonight - far too many drinks and I don’t want to bring that into it as well - but I will call tomorrow.

I know I should be upset and angry and not let it go. But I am afraid when I do talk to a professional they will say I’m blowing it out of proportion. I will still call, but I need to get my head straight first.

He is bicycling for seven days - over 400 miles - so as much as I want to tear him a new one right now (especially after his completely insensitive and clueless joke this evening) I have not. Because I want him home safe and sound.

Regardless of my feelings in this moment - the most important thing is that my children’s dad comes home safe so we can hash this out at least in the same city and not while he is 1,000 miles away. With his mom. And my children.

&nbsp;

[Update #3](https://redd.it/1enjw3h): **August 8, 2024**

Last Post: https://www.reddit.com/r/AITAH/comments/1ebnurz/update_2_aitah_for_being_upset_my_husband_shared/

Original Post: https://www.reddit.com/r/AITAH/comments/1e4gscc/aitah_for_being_upset_my_husband_is_sharing_a/

I am sorry it has been a bit since I have updated - things have been....a lot. I am also sorry this post is very long....

My family came home a day early, so I took two extra days off of work to see them and figure things out with my husband. After we had unloaded and put everything away, we had dinner and watched a show. After putting the boys to bed, my husband and I went to our room. It was pretty clear he thought he was going to get lucky, because he was very confused when I turned the light on.

I told him that I had questions and I needed him to answer them. He was hesitant but agreed. I asked him who this woman is, how old and is she married. I still don't know who she is, but he did confirm she is YOUNGER than me, and not married. I then asked who made the decision he would be sharing a room with her. He said that his mom said it would be really great if they shared so she could spend the three nights with her boyfriend/not boyfriend. I asked him why he didn't tell me about it, he said he was just so tired and had had such a long day he didn’t think about it. (conflicting with his earlier: I didn't want to upset you...). He said that he didn't think I would ever question his intentions so why would he think he would have to tell me. I told him it wasn't about questioning his intentions or fidelity, it's that what they did was completely inappropriate and disrespectful to me and our marriage. And at the absolute very least, he should have sent me a quick text explaining the situation. I also told him that his mom is not always right.

He apologized profusely, said he shouldn't have put his mom before me, he didn't think it would be a thing because he would never try to hurt me and he thought I knew that. All the things. And we honestly talked it out and worked through things for a solid few hours. We came to a really good place and connected for the first time in a long while.

Then he went to work the next day - which hurt because I didn't really have the time to be calling in, I am severely behind at work - but I did anyway because I wanted to do the right thing for us and to take care of us. But because he just spent two weeks going all over the country doing something super fun and now he is super behind in his job, he couldn't afford to take anymore time off. So that really hurt - but I let it go because he really was behind and I at least had the boys that I got to catch up with.

That day my mom called to see what we were doing for my birthday which was two days away. I had honestly forgotten about it with everything, so I told her I didn't know and asked if my husband had called her. She said he had not. So I told her I would let her know when we came up with a plan. 

That night, I asked him if he had a plan, and he said ""oh I don't know, what do you want to do?"". And that really really hurt, but I let it go because we have had so much going on. I told him it would be great if we had a BBQ and he invited people and got the groceries and he agreed. I specifically asked if he would call my mom. He did get some of the groceries, but not all of them. And he did surprise me with a cake. But that was it. I ended up inviting everyone last minute, having to apologize along the way, and had to go to the store twice to get the rest of the things we needed. 

At the party, he started showing our friends the pictures from his trip - pictures I haven't even seen yet. I was so mad, upset, frustrated. He didn't catch on. So then it came time for gifts - his was a card game and a backrub. I felt like I was just slapped in the face. To be clear: I don't place a high value on gifts - if you get me something great, if you don't, that's fine. 

But he didn't get me anything for Mother's Day, but I got him a whole slew of things for Father's day for his trip and an xbox game he wanted. (I also planned each of those days by myself). And he just went to the other side of the country, and all he thought to grab for me was a card game? I didn't want to fight in front of our friends, so I let it be. I didn't really expect more than that anyway - but it still hurt.

Then I went back to work and things were...meh. Anything he did irritated me. Anything his mom did irritated me. I was getting so frustrated and sad and angry and just not myself. Then I had a medical issue (something that pokes it's little head back up every five years like clock work, but I had been ignoring because of everything going on) come back and I went to our urgent care to take care of it. But I had to take care of all sorts of things first so that me going to the dr. didn't hamper my husbands day, so I was really irritated in the morning. It didn't help that his mom came over and I just can't handle her right now. It also didn't help that he told me that morning about all the plans he had come up with for our sons birthday in a few weeks. 

I was mad at myself for being upset (i should be stoked my husband is thinking about our son and wanting to give him a great birthday party) but I was so deflated and sad and angry in that moment. But he had to go to work so I left it alone. So before I went, I sent him a text apologizing for being irritated. I told him that I'm not in a good place mentally or physically and am really struggling. He asked how he could help, and I responded that I really didn't know. And then I saw the dr. and he referred me to surgery. This will be the third time I have had surgery for this.

I was so frustrated and sad and hurt, I decided to just put it all out there. And since he can't seem to find the time to actually talk to me, I texted him a novel. Laying out everything that is on my mind. The trip, my birthday, him not taking time, my sons birthday, all of it. After an hour he had not responded, so I sent him another text saying that maybe he could just tell me I'm not crazy and we will get through this together, or something like that at least. He responded to that saying that he loves me and has lots to say but can't say it over the phone.

So then I went to work and did the things. I felt a little better he didn't discredit all of my frustrations so things were...ok. That night he called to tell me he loved me and was going to take the next day off to spend with me (it was also my day off). I was pretty darn stoked.

The next day I asked him what were the things he wanted to say. And he said he didn't want to say it in front of the kids. So then that I night I asked him again, and he said that we have been having such a great day, he didn't want to ruin it and me get all emotional so he wasn't going to say it then. I felt like I had just been punched in the gut. So wait - you have been so nice since I texted you, but now I'm going to be sad and upset? What is going on?

It is now the next day, and I just asked him again. He completely blew me off and went to town to pick up our son from camp.

I am at a loss. I don't know what to do. I can only ask him to talk to me so many times. He doesn't share his thoughts or emotions often, but I would think he would do it now right? I don't know what to do.

**Relevant Comments**

**cthulularoo:** holy shit, you're not even an afterthought to this guy. You're don't have any importance in his life. You're just there. He'll just tell you stuff to get you off his case and then just keep ignoring you.

> **OOP:** That is definitely how I feel

**OOP responds to multiple comments on seeking for a professional counselor to help navigate the next steps and find a thing to do that helps OOP feel happy**

> **OOP:** Oh my gosh, thank you so much for your kind and understanding reply! I have made a few calls with no responses yet and quite a few say they are not taking new clients. Keeping my fingers crossed though - I do agree, I need an outside perspective other than Reddit

+

> Thank you! I have used our system, but I still have to call. They helped narrow it down but I have to make an appointment- I get 6 free sessions which is great. I just need someone to call me back 😞
> 
> Thank you for the advice - I will try. I did get in two chapters of the book I’m reading this week, and have taken extra time with my boys. I needed that ❤️

**Ladyvett:** I think that woman on the trip was more important than he’s letting on. His mother would not be welcome in my house again until she apologizes to my face. No more trips alone for any reason for a very long time. He needs to have consequences and you’re letting him coast. He’s trying to wait you out. Updateme

**Dachshundmom5:** I don't know why you just keep ""letting things go"" and deluding yourself that you're in a good place.

Your husband was in a hotel room with a younger woman for days. He gaslit you that it's no big deal and acting like you're the crazy one for thinking it's a problem. In what world are things okay after that? How much of a doormat has he made you that 1 conversation blows that over?

Your MIL set him up to cheat on you. In no world is him sharing a room with a younger single woman appropriate. He knows that. She knows that. If you think he's a good boy, I don't know what kind of blinders you have on or kool aid you're drinking, but stop.

He blew off your birthday. He couldn't even muster going to the grocery store. Let alone sending some texts.

He was away from you for 2 weeks and couldn't even bring you some postcards from along the way? My son was on a school trip for 4 days. He brought me all kinds of little things because he was in a gas station and saw this pretty postcard I would like. Or at this gift shop and thought that key chain was something I would like. So, your husband is less considerate than a teenager on a school trip with all his teenage buddies?

He gives you bullshit after bullshit and just pretends things are fine.

You lay it all out there via text and again, he blows you off. Gives you some love bombing in the form of family time, and expects to sweep it under the rug. He's hoping to wait you put before you find out what he actually did in that hotel room. Or how many times he's met that woman before. Or just to make sure he can feed you bullshit after betraying your marriage with his mom's help and you'll just ignore it.

At some point, you have to acknowledge you have a shitty husband and a VERY unhealthy marriage. How many ways does he have to show you you're not a priority, he doesn't respect you, and he could not care less about your feelings before you believe him?

&nbsp;

#----NEW UPDATE----

[Final Update](https://redd.it/1ew3res): **August 19, 2024**

I apologize for the late update - my health took a pretty drastic turn for the worse for a minute. But no worries, all is good now. And I had a really good talk with my Dr. about putting myself first and she is getting me in touch with a counselor.

Now, for the update: it's barely an update, and for that I'm sorry.

When I finally did get him to tell me what he wanted to say (he ended up saying it in front of the boys anyway) he only brought up two things I had talked about in the novel I had sent him. The first was that I was going to look for a counselor. He said he loved that idea and that it really helped him when he was talking to one.

Then he brought up that I had mentioned how much weight I have gained since the birth of our last child. He said that he still finds me crazy attractive, as should be evident by the fact that he still shows up in bed. Then he started talking about what I shouldn't be doing if I wanted to lose weight, and apologizing for the fact that he and the boys have ridiculous metabolisms and don't have to worry about it. I asked him to stop trying to give me weight loss advice - that wasn't the point of me telling him.

I asked if there was anything else he wanted to say and he said no. Just those two things.

So at this point this is where I am at:

My husband did not cheat on me - I do know this is true

I am still not in a good place because of so many things happening at once - so I am seeking help

Thanks for the advice and support from most of you. But this is my last post on this. I won't be able to actually work on my marriage reading some of these responses.

**Comments** 

**AnonThrowAway072023:** Wow Well it is your life not anyone else's.  His idea of treating you with love and respect and honor, and make up for his MANY missteps is to try and make you less fat.  

But don't worry, he still wants to fuck you as is. 
 
I really hope for the best for you.  Like most following your story I think he treats you like shit and beyond taking you for granted.  He won't change because he feels he isn't behaving wrong. 

You deserve a better happier life, I'm so so sorry.

**Impressive-Arm4668:** ""should be evident by the fact that he still shows up in bed"" is a WILD statement to me 💀

&nbsp;

Latest Update here: [BoRU #4](https://redd.it/1f7qr9i)

&nbsp;

# **DO NOT COMMENT IN LINKED POSTS OR MESSAGE OOPs – BoRU Rule #7**

# **THIS IS A REPOST SUB - I AM NOT OOP**","<!-- SC_OFF --><div class=""md""><p><strong>I am NOT OOP, OOP is</strong> <a href=""/u/Valuable_Channel_522"">u/Valuable_Channel_522</a></p>

<p><strong>Originally posted to <a href=""/r/AITAH"">r/AITAH</a></strong></p>

<p>Previous <a href=""https://redd.it/1eh7bxj"">BoRU #1</a>, <a href=""https://redd.it/1eslt68"">BoRU #2</a></p>

<p><strong>[New Update]: AITAH for being upset my husband is sharing a hotel room with another woman.</strong></p>

<p><strong>NEW UPDATE MARKED WITH</strong> ----</p>

<p><strong>Trigger Warnings:</strong> <span class=""md-spoiler-text"">mentions of infidelity, emotional manipulation, neglect</span></p>

<hr/>

<p><strong>RECAP</strong></p>

<p><a href=""https://redd.it/1e4gscc"">Original Post</a>: <strong>July 16, 2024</strong></p>

<p>My (36F) husband (42m) is currently in Las Vegas for a National bowling tournament. He is there with his mom and her friends/folks from their bowling league. He is an avid bowler - bowls in a Tuesday night league, often in state tournaments and sometimes in National tournaments. Typically I go with and sometimes bowl myself. This year, we decided I would not go, but stay home with our three boys (ages 4, 8, 10) due to heat and smoke in Vegas in July.</p>

<p>My husband and I have been married for 11 years. This is his second marriage. His first marriage failed because he walked in on his wife cheating on him with another man. I have never, not once, thought that he would ever be intimate with another woman while he was with me. He’s just not that type.</p>

<p>So, on to this trip. Typically when he goes on a trip without me (at least one a year given my job and time off requirements) he stays in a hotel room with his mom or our boys. </p>

<p>Three nights ago, I was on FaceTime with him while he was in his hotel room. It was really nice and he was talking about possibly taking a nap for lack of sleep. I asked if he had his room to himself (because that would have been awesome) and he said “oh no, (?) is sharing with me”. I asked him who that was, and he said something - I don’t remember - aside from “she”. I said “wait What?!?” </p>

<p>And then he went on to explain that he was supposed to share the room with his moms boyfriend, but plans changed and now he is sharing the room with another woman on the trip. He told me that I played cornhole with her last month at a get together. I reminded him who I had played cornhole with (him and a girl, but not one with the name he was giving me - I have no idea who this woman is) at which point he got very confused. He did not understand why I was upset or frustrated - so I dropped it because I did not want to deter from his time and his bowling. I know I should have asked how he would have felt if the roles were reversed - but I didn’t. Partly because I didn’t want to fight (we hardly ever fight) while the kids were up, and partly because I didn’t want to hear him chalk it up to my imagination. I have hardly slept since that night, and my dreams have been chock full of worst case scenarios, and still I have not really brought it up again. </p>

<p>There have been a few occasions in which he has talked about taking naps and how lame he is in Vegas. I have mentioned a few times - sort of sarcastically as a side, that he would be having more fun if he were sharing a room with me, or if I was there instead of his present company - but he has brushed it all aside. So here we are: he has spent the last three nights in a hotel room with a woman that is not me or his mother - AMITA for being upset?</p>

<hr/>

<p>Edited to get rid of some names - husband is coming home tonight and we will talk. I&#39;m hoping its 82 year old grandma ;)</p>

<hr/>

<p>[UPDATE]</p>

<p>Ok, so I took some advice and grew &quot;a backbone&quot;. I texted him a little while ago instead of waiting until he got home - he and our boys are leaving for another trip tomorrow morning (I could not get the time off of work) so I wanted to make sure we had the conversation fully before he left again.</p>

<p>Before I give the update, I wanted to make a couple of things clear:</p>

<p>I do trust my husband. He has never shown he would be the kind of person to cheat, and that is not what truly concerned me. Even though I did have some pretty unpleasant dreams. My issue was that he was not upfront and honest with me. If I had done the same thing, he would have lost his mind - understandably. This is why I started the original post with &quot;he&#39;s just not that type&quot;.</p>

<p>We do generally have great communication - the issue here is that I like to have this kind of conversation face to face rather than over the phone. It&#39;s just not something I like to hash out while we are not in the same space. Obviously, in this situation, I should have made the exception, and have now done so.</p>

<p>Now, for the update:</p>

<p>I texted him today to tell him that this situation has been bothering me for the last three days - I had questions and we needed to have this conversation. I asked who the woman was, how old she was and why didn&#39;t he tell me about the situation before I found out by accident.</p>

<p>There was a mixup with the rooms, something about someone not going so people were shuffled. He was paired with a woman about my age. He said he didn&#39;t think it would be a big deal and didn&#39;t want to inconvenience everyone else on the trip. He also said he did not want to upset me, which is why he didn&#39;t right out tell me about it. He did tell me that I never had anything to worry about and he made sure they weren&#39;t in the room alone together aside from when they were sleeping. I know, I know - but I really do believe him on this.</p>

<p>I was honest with him and told him that if roles were reversed, out of respect for him, I would have called him right away to make sure he was ok with it. I told him that while I trust him implicitly, I should not have found out the way that I did. And he should not have blown off my concern. I told him that the lack of upfront communication felt suspicious, regardless of intention or what actually happened. As for not upsetting me, I told him I would have understood and not been upset if he had just been honest.</p>

<p>He has apologized profusely. I told him next time to just communicate - he is adamant there will not be a next time.</p>

<p>So, call me naive if you want, but I am dropping it at this point. He will be home this evening and I intend on having a nice evening with him before I don&#39;t see him again for another two weeks.</p>

<p>Thank you for the advice - I cried it out when I found out her age, but getting this off my chest has been very relieving.</p>

<p>&nbsp;</p>

<p><a href=""https://redd.it/1ebnurz"">Update #2</a>: <strong>July 25, 2024</strong></p>

<p>I am not handling this as well as I thought I was.</p>

<p>I had decided to let it go - I know he wasn’t doing anything with this other woman. You can disagree and call me crazy if you’d like - but I do know that.</p>

<p>However - as much as I have tried, I can’t get past the fact that he made the decision to do something he knew I wouldn’t be ok with, and not tell me about it. It all feels - just so messed up.</p>

<p>I have talked to a few of my co-workers (I don’t have really any friends that aren’t friends of his that I talk to on a regular basis - and there is no way I will talk to my family because that is a shit storm I can’t handle right now) and they are all shocked and more angry for me than I have let myself be (most of them know him, the kind of person he is and what ended his first marriage - he used to work at the same company).</p>

<p>We had less than 24 hours together before he, his mom and all three of my children took their trip to the other side of the United States. I have been sitting in my feels and will continue to do so until they get back - almost another week from now.</p>

<p>I was on the phone with them this evening before they went to bed, and one of the first things my husband said to me was: “I’m sharing a bed with a red head tonight”. And I almost came unglued before I realized he was talking about one of our boys (we have three sons). After a very long pause, I said “you better be talking about —-“ and I was so angry I don’t understand how he didn’t pick up on that.</p>

<p>Every conversation we have had has been short and to the point because I’m really just not interested in talking to him. I have been calling my oldest son, and talking with my boys instead. His mom hasn’t really said much to me - which makes me think he has said something to her. Which is fine of course - I really don’t care about that.</p>

<p>Bottom line is: I don’t know what to do. It is midnight at home, I tried to go to bed two hours ago and just could not stop sobbing - so I got up and let it go. It felt good to get it out but I know I need to talk to someone. I have support lines through work I can call, but won’t tonight - far too many drinks and I don’t want to bring that into it as well - but I will call tomorrow.</p>

<p>I know I should be upset and angry and not let it go. But I am afraid when I do talk to a professional they will say I’m blowing it out of proportion. I will still call, but I need to get my head straight first.</p>

<p>He is bicycling for seven days - over 400 miles - so as much as I want to tear him a new one right now (especially after his completely insensitive and clueless joke this evening) I have not. Because I want him home safe and sound.</p>

<p>Regardless of my feelings in this moment - the most important thing is that my children’s dad comes home safe so we can hash this out at least in the same city and not while he is 1,000 miles away. With his mom. And my children.</p>

<p>&nbsp;</p>

<p><a href=""https://redd.it/1enjw3h"">Update #3</a>: <strong>August 8, 2024</strong></p>

<p>Last Post: <a href=""https://www.reddit.com/r/AITAH/comments/1ebnurz/update_2_aitah_for_being_upset_my_husband_shared/"">https://www.reddit.com/r/AITAH/comments/1ebnurz/update_2_aitah_for_being_upset_my_husband_shared/</a></p>

<p>Original Post: <a href=""https://www.reddit.com/r/AITAH/comments/1e4gscc/aitah_for_being_upset_my_husband_is_sharing_a/"">https://www.reddit.com/r/AITAH/comments/1e4gscc/aitah_for_being_upset_my_husband_is_sharing_a/</a></p>

<p>I am sorry it has been a bit since I have updated - things have been....a lot. I am also sorry this post is very long....</p>

<p>My family came home a day early, so I took two extra days off of work to see them and figure things out with my husband. After we had unloaded and put everything away, we had dinner and watched a show. After putting the boys to bed, my husband and I went to our room. It was pretty clear he thought he was going to get lucky, because he was very confused when I turned the light on.</p>

<p>I told him that I had questions and I needed him to answer them. He was hesitant but agreed. I asked him who this woman is, how old and is she married. I still don&#39;t know who she is, but he did confirm she is YOUNGER than me, and not married. I then asked who made the decision he would be sharing a room with her. He said that his mom said it would be really great if they shared so she could spend the three nights with her boyfriend/not boyfriend. I asked him why he didn&#39;t tell me about it, he said he was just so tired and had had such a long day he didn’t think about it. (conflicting with his earlier: I didn&#39;t want to upset you...). He said that he didn&#39;t think I would ever question his intentions so why would he think he would have to tell me. I told him it wasn&#39;t about questioning his intentions or fidelity, it&#39;s that what they did was completely inappropriate and disrespectful to me and our marriage. And at the absolute very least, he should have sent me a quick text explaining the situation. I also told him that his mom is not always right.</p>

<p>He apologized profusely, said he shouldn&#39;t have put his mom before me, he didn&#39;t think it would be a thing because he would never try to hurt me and he thought I knew that. All the things. And we honestly talked it out and worked through things for a solid few hours. We came to a really good place and connected for the first time in a long while.</p>

<p>Then he went to work the next day - which hurt because I didn&#39;t really have the time to be calling in, I am severely behind at work - but I did anyway because I wanted to do the right thing for us and to take care of us. But because he just spent two weeks going all over the country doing something super fun and now he is super behind in his job, he couldn&#39;t afford to take anymore time off. So that really hurt - but I let it go because he really was behind and I at least had the boys that I got to catch up with.</p>

<p>That day my mom called to see what we were doing for my birthday which was two days away. I had honestly forgotten about it with everything, so I told her I didn&#39;t know and asked if my husband had called her. She said he had not. So I told her I would let her know when we came up with a plan. </p>

<p>That night, I asked him if he had a plan, and he said &quot;oh I don&#39;t know, what do you want to do?&quot;. And that really really hurt, but I let it go because we have had so much going on. I told him it would be great if we had a BBQ and he invited people and got the groceries and he agreed. I specifically asked if he would call my mom. He did get some of the groceries, but not all of them. And he did surprise me with a cake. But that was it. I ended up inviting everyone last minute, having to apologize along the way, and had to go to the store twice to get the rest of the things we needed. </p>

<p>At the party, he started showing our friends the pictures from his trip - pictures I haven&#39;t even seen yet. I was so mad, upset, frustrated. He didn&#39;t catch on. So then it came time for gifts - his was a card game and a backrub. I felt like I was just slapped in the face. To be clear: I don&#39;t place a high value on gifts - if you get me something great, if you don&#39;t, that&#39;s fine. </p>

<p>But he didn&#39;t get me anything for Mother&#39;s Day, but I got him a whole slew of things for Father&#39;s day for his trip and an xbox game he wanted. (I also planned each of those days by myself). And he just went to the other side of the country, and all he thought to grab for me was a card game? I didn&#39;t want to fight in front of our friends, so I let it be. I didn&#39;t really expect more than that anyway - but it still hurt.</p>

<p>Then I went back to work and things were...meh. Anything he did irritated me. Anything his mom did irritated me. I was getting so frustrated and sad and angry and just not myself. Then I had a medical issue (something that pokes it&#39;s little head back up every five years like clock work, but I had been ignoring because of everything going on) come back and I went to our urgent care to take care of it. But I had to take care of all sorts of things first so that me going to the dr. didn&#39;t hamper my husbands day, so I was really irritated in the morning. It didn&#39;t help that his mom came over and I just can&#39;t handle her right now. It also didn&#39;t help that he told me that morning about all the plans he had come up with for our sons birthday in a few weeks. </p>

<p>I was mad at myself for being upset (i should be stoked my husband is thinking about our son and wanting to give him a great birthday party) but I was so deflated and sad and angry in that moment. But he had to go to work so I left it alone. So before I went, I sent him a text apologizing for being irritated. I told him that I&#39;m not in a good place mentally or physically and am really struggling. He asked how he could help, and I responded that I really didn&#39;t know. And then I saw the dr. and he referred me to surgery. This will be the third time I have had surgery for this.</p>

<p>I was so frustrated and sad and hurt, I decided to just put it all out there. And since he can&#39;t seem to find the time to actually talk to me, I texted him a novel. Laying out everything that is on my mind. The trip, my birthday, him not taking time, my sons birthday, all of it. After an hour he had not responded, so I sent him another text saying that maybe he could just tell me I&#39;m not crazy and we will get through this together, or something like that at least. He responded to that saying that he loves me and has lots to say but can&#39;t say it over the phone.</p>

<p>So then I went to work and did the things. I felt a little better he didn&#39;t discredit all of my frustrations so things were...ok. That night he called to tell me he loved me and was going to take the next day off to spend with me (it was also my day off). I was pretty darn stoked.</p>

<p>The next day I asked him what were the things he wanted to say. And he said he didn&#39;t want to say it in front of the kids. So then that I night I asked him again, and he said that we have been having such a great day, he didn&#39;t want to ruin it and me get all emotional so he wasn&#39;t going to say it then. I felt like I had just been punched in the gut. So wait - you have been so nice since I texted you, but now I&#39;m going to be sad and upset? What is going on?</p>

<p>It is now the next day, and I just asked him again. He completely blew me off and went to town to pick up our son from camp.</p>

<p>I am at a loss. I don&#39;t know what to do. I can only ask him to talk to me so many times. He doesn&#39;t share his thoughts or emotions often, but I would think he would do it now right? I don&#39;t know what to do.</p>

<p><strong>Relevant Comments</strong></p>

<p><strong>cthulularoo:</strong> holy shit, you&#39;re not even an afterthought to this guy. You&#39;re don&#39;t have any importance in his life. You&#39;re just there. He&#39;ll just tell you stuff to get you off his case and then just keep ignoring you.</p>

<blockquote>
<p><strong>OOP:</strong> That is definitely how I feel</p>
</blockquote>

<p><strong>OOP responds to multiple comments on seeking for a professional counselor to help navigate the next steps and find a thing to do that helps OOP feel happy</strong></p>

<blockquote>
<p><strong>OOP:</strong> Oh my gosh, thank you so much for your kind and understanding reply! I have made a few calls with no responses yet and quite a few say they are not taking new clients. Keeping my fingers crossed though - I do agree, I need an outside perspective other than Reddit</p>
</blockquote>

<p>+</p>

<blockquote>
<p>Thank you! I have used our system, but I still have to call. They helped narrow it down but I have to make an appointment- I get 6 free sessions which is great. I just need someone to call me back 😞</p>

<p>Thank you for the advice - I will try. I did get in two chapters of the book I’m reading this week, and have taken extra time with my boys. I needed that ❤️</p>
</blockquote>

<p><strong>Ladyvett:</strong> I think that woman on the trip was more important than he’s letting on. His mother would not be welcome in my house again until she apologizes to my face. No more trips alone for any reason for a very long time. He needs to have consequences and you’re letting him coast. He’s trying to wait you out. Updateme</p>

<p><strong>Dachshundmom5:</strong> I don&#39;t know why you just keep &quot;letting things go&quot; and deluding yourself that you&#39;re in a good place.</p>

<p>Your husband was in a hotel room with a younger woman for days. He gaslit you that it&#39;s no big deal and acting like you&#39;re the crazy one for thinking it&#39;s a problem. In what world are things okay after that? How much of a doormat has he made you that 1 conversation blows that over?</p>

<p>Your MIL set him up to cheat on you. In no world is him sharing a room with a younger single woman appropriate. He knows that. She knows that. If you think he&#39;s a good boy, I don&#39;t know what kind of blinders you have on or kool aid you&#39;re drinking, but stop.</p>

<p>He blew off your birthday. He couldn&#39;t even muster going to the grocery store. Let alone sending some texts.</p>

<p>He was away from you for 2 weeks and couldn&#39;t even bring you some postcards from along the way? My son was on a school trip for 4 days. He brought me all kinds of little things because he was in a gas station and saw this pretty postcard I would like. Or at this gift shop and thought that key chain was something I would like. So, your husband is less considerate than a teenager on a school trip with all his teenage buddies?</p>

<p>He gives you bullshit after bullshit and just pretends things are fine.</p>

<p>You lay it all out there via text and again, he blows you off. Gives you some love bombing in the form of family time, and expects to sweep it under the rug. He&#39;s hoping to wait you put before you find out what he actually did in that hotel room. Or how many times he&#39;s met that woman before. Or just to make sure he can feed you bullshit after betraying your marriage with his mom&#39;s help and you&#39;ll just ignore it.</p>

<p>At some point, you have to acknowledge you have a shitty husband and a VERY unhealthy marriage. How many ways does he have to show you you&#39;re not a priority, he doesn&#39;t respect you, and he could not care less about your feelings before you believe him?</p>

<p>&nbsp;</p>

<h1>----NEW UPDATE----</h1>

<p><a href=""https://redd.it/1ew3res"">Final Update</a>: <strong>August 19, 2024</strong></p>

<p>I apologize for the late update - my health took a pretty drastic turn for the worse for a minute. But no worries, all is good now. And I had a really good talk with my Dr. about putting myself first and she is getting me in touch with a counselor.</p>

<p>Now, for the update: it&#39;s barely an update, and for that I&#39;m sorry.</p>

<p>When I finally did get him to tell me what he wanted to say (he ended up saying it in front of the boys anyway) he only brought up two things I had talked about in the novel I had sent him. The first was that I was going to look for a counselor. He said he loved that idea and that it really helped him when he was talking to one.</p>

<p>Then he brought up that I had mentioned how much weight I have gained since the birth of our last child. He said that he still finds me crazy attractive, as should be evident by the fact that he still shows up in bed. Then he started talking about what I shouldn&#39;t be doing if I wanted to lose weight, and apologizing for the fact that he and the boys have ridiculous metabolisms and don&#39;t have to worry about it. I asked him to stop trying to give me weight loss advice - that wasn&#39;t the point of me telling him.</p>

<p>I asked if there was anything else he wanted to say and he said no. Just those two things.</p>

<p>So at this point this is where I am at:</p>

<p>My husband did not cheat on me - I do know this is true</p>

<p>I am still not in a good place because of so many things happening at once - so I am seeking help</p>

<p>Thanks for the advice and support from most of you. But this is my last post on this. I won&#39;t be able to actually work on my marriage reading some of these responses.</p>

<p><strong>Comments</strong> </p>

<p><strong>AnonThrowAway072023:</strong> Wow Well it is your life not anyone else&#39;s.  His idea of treating you with love and respect and honor, and make up for his MANY missteps is to try and make you less fat.  </p>

<p>But don&#39;t worry, he still wants to fuck you as is. </p>

<p>I really hope for the best for you.  Like most following your story I think he treats you like shit and beyond taking you for granted.  He won&#39;t change because he feels he isn&#39;t behaving wrong. </p>

<p>You deserve a better happier life, I&#39;m so so sorry.</p>

<p><strong>Impressive-Arm4668:</strong> &quot;should be evident by the fact that he still shows up in bed&quot; is a WILD statement to me 💀</p>

<p>&nbsp;</p>

<p>Latest Update here: <a href=""https://redd.it/1f7qr9i"">BoRU #4</a></p>

<p>&nbsp;</p>

<h1><strong>DO NOT COMMENT IN LINKED POSTS OR MESSAGE OOPs – BoRU Rule #7</strong></h1>

<h1><strong>THIS IS A REPOST SUB - I AM NOT OOP</strong></h1>
</div><!-- SC_ON -->",22556,,,2026-07-22T16:29:16.256Z,post,,True,0,t3_1f1f7g2,,,,8xz1w49be,,,,,2710,False,0.1623,False,,0,4455,2710,2024-08-26T04:00:04.000Z,https://www.reddit.com/r/BestofRedditorUpdates/comments/1f1f7g2/new_update_aitah_for_being_upset_my_husband_is/,BestofRedditorUpdates
165.5261,,t2_2fqrvkts1z,Admirable-Yoghurt-72,False,"From seeing scots arriving in Boston and drinking all the beer and singing American pie to Europeans taking home ranch sauce and touring different, unique parts of America, admitting the lies of the media told to them, followed by the arrival of Erling Haaland. Then you also got the Japanese team trying out the Texas version of BBQ and Germans developing a different perspective of the country after coming to see it in person, I think it’s permanently changed forever how Europeans and other nations view the USA in a positive way. ","<!-- SC_OFF --><div class=""md""><p>From seeing scots arriving in Boston and drinking all the beer and singing American pie to Europeans taking home ranch sauce and touring different, unique parts of America, admitting the lies of the media told to them, followed by the arrival of Erling Haaland. Then you also got the Japanese team trying out the Texas version of BBQ and Germans developing a different perspective of the country after coming to see it in person, I think it’s permanently changed forever how Europeans and other nations view the USA in a positive way. </p>
</div><!-- SC_ON -->",535,,,2026-07-22T16:29:16.940Z,post,,False,0,t3_1uxf3kj,,,,2fqrvkts1z,,,,,208,False,1.2566,False,,0,106,208,2026-07-15T18:57:43.000Z,https://www.reddit.com/r/IWantToAskAnAmerican/comments/1uxf3kj/what_do_you_guys_think_of_the_big_pr_win_from_the/,IWantToAskAnAmerican
164.3033,t2_t5kk4r8q,t1_oxr1d9p,ComplexBeyond6083,False,"Honestly, it makes me happy.  America as advertised and America as experienced are quite different.  I love that people have heard all this nonsense and then come here to experience the glorious counterexample.","<div class=""md""><p>Honestly, it makes me happy.  America as advertised and America as experienced are quite different.  I love that people have heard all this nonsense and then come here to experience the glorious counterexample.</p>
</div>",210,0.0,0.0,2026-07-22T16:29:16.940Z,comment,1.0,False,0,oxr1d9p,0.0,t1_oxqjvij,comment,oxr1d9p,oxqjvij,1uxf3kj,hmqnyt,t3_1uxf3kj,31,False,0.1887,False,t5_hmqnyt,0,33,31,2026-07-15T20:11:05.000Z,https://www.reddit.com/r/IWantToAskAnAmerican/comments/1uxf3kj/what_do_you_guys_think_of_the_big_pr_win_from_the/oxr1d9p/,IWantToAskAnAmerican
165.2794,t2_6cq3j30l,t1_oxqn1y1,Icy-Journalist-4329,False,I would contend that you hear most bad things  from the media (who for a lack of a better term are “in charge” of news).,"<div class=""md""><p>I would contend that you hear most bad things  from the media (who for a lack of a better term are “in charge” of news). </p>
</div>",121,0.0,0.0,2026-07-22T16:29:16.940Z,comment,1.0,False,0,oxqn1y1,0.0,t1_oxqjvij,comment,oxqn1y1,oxqjvij,1uxf3kj,hmqnyt,t3_1uxf3kj,23,False,0.1392,False,t5_hmqnyt,0,25,23,2026-07-15T19:12:31.000Z,https://www.reddit.com/r/IWantToAskAnAmerican/comments/1uxf3kj/what_do_you_guys_think_of_the_big_pr_win_from_the/oxqn1y1/,IWantToAskAnAmerican
3482.4614,,t2_1j0dbq5a,AustinStatesman,False,"Health and Human Services Secretary Robert F. Kennedy Jr. kicked off what he called a “national BBQ tour” Thursday with a stop in Austin.

The visit corresponds to Kennedy’s long-running pitch that America’s health problems start in the grocery aisle and that “real food” should replace what he and his allies describe as an ultra-processed, additive-heavy diet.","<!-- SC_OFF --><div class=""md""><p>Health and Human Services Secretary Robert F. Kennedy Jr. kicked off what he called a “national BBQ tour” Thursday with a stop in Austin.</p>

<p>The visit corresponds to Kennedy’s long-running pitch that America’s health problems start in the grocery aisle and that “real food” should replace what he and his allies describe as an ultra-processed, additive-heavy diet.</p>
</div><!-- SC_ON -->",362,,,2026-07-22T16:29:17.940Z,post,,False,0,t3_1rg7hl4,,,,1j0dbq5a,,,,,0,False,0.0,False,,0,72,0,2026-02-27T14:01:37.000Z,https://www.reddit.com/r/Austin/comments/1rg7hl4/rfk_jr_visits_terry_blacks_in_austin_to_promote/,Austin
17801.1438,t2_7wzts9v6,t1_lclbuvm,Plastic_Salary_4084,False,Food and drink prices are lower than I expected.,"<div class=""md""><p>Food and drink prices are lower than I expected.</p>
</div>",48,0.0,0.0,2026-07-22T16:29:17.842Z,comment,0.0,False,0,lclbuvm,0.0,t3_1e08w4c,post,lclbuvm,1e08w4c,1e08w4c,2qhxs,t3_1e08w4c,1058,False,0.0594,False,t5_2qhxs,0,9,1058,2024-07-10T23:20:40.000Z,https://www.reddit.com/r/minnesota/comments/1e08w4c/took_the_borealis_from_st_paul_to_chicago_and/lclbuvm/,minnesota
17801.048,t2_12mjtm,t1_lclct7c,williamtowne,False,"Yeah but did you read the reviews? 

""My 13 YO also would like it clarified that the Mac and cheese on the train is NOT as good as the michelenas frozen Mac and cheese""

😂","<div class=""md""><p>Yeah but did you read the reviews? </p>

<p>&quot;My 13 YO also would like it clarified that the Mac and cheese on the train is NOT as good as the michelenas frozen Mac and cheese&quot;</p>

<p>😂</p>
</div>",172,0.0,0.0,2026-07-22T16:29:17.842Z,comment,1.0,False,0,lclct7c,0.0,t1_lclbuvm,comment,lclct7c,lclbuvm,1e08w4c,2qhxs,t3_1e08w4c,523,False,0.0294,False,t5_2qhxs,0,35,523,2024-07-10T23:26:25.000Z,https://www.reddit.com/r/minnesota/comments/1e08w4c/took_the_borealis_from_st_paul_to_chicago_and/lclct7c/,minnesota
17800.4016,t2_qn0j790p,t1_lclj5f3,LessTalkMoreTacos,False,I’ve brought my own beer/bottle of wine on the train and some cups. We don’t broadcast it and no one seems to mind.,"<div class=""md""><p>I’ve brought my own beer/bottle of wine on the train and some cups. We don’t broadcast it and no one seems to mind.</p>
</div>",115,0.0,0.0,2026-07-22T16:29:17.842Z,comment,1.0,False,0,lclj5f3,0.0,t1_lclbuvm,comment,lclj5f3,lclbuvm,1e08w4c,2qhxs,t3_1e08w4c,84,False,0.0047,False,t5_2qhxs,0,23,84,2024-07-11T00:05:12.000Z,https://www.reddit.com/r/minnesota/comments/1e08w4c/took_the_borealis_from_st_paul_to_chicago_and/lclj5f3/,minnesota
17800.5616,t2_te85j,t1_lclhl56,KickAClay,False,So is the quality. Mmm mmm microwave food.,"<div class=""md""><p>So is the quality. Mmm mmm microwave food.</p>
</div>",42,0.0,0.0,2026-07-22T16:29:17.842Z,comment,1.0,False,0,lclhl56,0.0,t1_lclbuvm,comment,lclhl56,lclbuvm,1e08w4c,2qhxs,t3_1e08w4c,9,False,0.0005,False,t5_2qhxs,0,8,9,2024-07-10T23:55:36.000Z,https://www.reddit.com/r/minnesota/comments/1e08w4c/took_the_borealis_from_st_paul_to_chicago_and/lclhl56/,minnesota
17717.728,t2_kwf1hxw8,t1_ld4e9ue,pureplay181,False,"They just have a cafe which is great for pop and snacks, no sit down meal service in a dining car like the Empire Builder.  I heard you can't use the dining car anymore anyway on long-distance trains unless you book a sleeper and not just a seat.","<div class=""md""><p>They just have a cafe which is great for pop and snacks, no sit down meal service in a dining car like the Empire Builder.  I heard you can&#39;t use the dining car anymore anyway on long-distance trains unless you book a sleeper and not just a seat.</p>
</div>",246,0.0,0.0,2026-07-22T16:29:17.842Z,comment,1.0,False,0,ld4e9ue,0.0,t1_lclbuvm,comment,ld4e9ue,lclbuvm,1e08w4c,2qhxs,t3_1e08w4c,2,False,0.0001,False,t5_2qhxs,0,48,2,2024-07-14T10:45:37.000Z,https://www.reddit.com/r/minnesota/comments/1e08w4c/took_the_borealis_from_st_paul_to_chicago_and/ld4e9ue/,minnesota
17799.6997,t2_10wo61cq3u,t1_lclpuda,ya_silly_goose,False,The prices don’t really make a lot of sense. Craft beer and Ultra are the same price. Hot coffee and caribou cold brew are the same price. A cocktail is $1 more than an Ultra.,"<div class=""md""><p>The prices don’t really make a lot of sense. Craft beer and Ultra are the same price. Hot coffee and caribou cold brew are the same price. A cocktail is $1 more than an Ultra.</p>
</div>",175,0.0,0.0,2026-07-22T16:29:17.842Z,comment,1.0,False,0,lclpuda,0.0,t1_lclbuvm,comment,lclpuda,lclbuvm,1e08w4c,2qhxs,t3_1e08w4c,7,False,0.0004,False,t5_2qhxs,0,35,7,2024-07-11T00:47:19.000Z,https://www.reddit.com/r/minnesota/comments/1e08w4c/took_the_borealis_from_st_paul_to_chicago_and/lclpuda/,minnesota
17798.9205,t2_2cirht00,t1_lclx62n,No-Rice-2261,False,Well Michelenas is darn good when add black pepper.,"<div class=""md""><p>Well Michelenas is darn good when add black pepper.</p>
</div>",51,0.0,0.0,2026-07-22T16:29:17.842Z,comment,2.0,False,0,lclx62n,0.0,t1_lclct7c,comment,lclx62n,lclct7c,1e08w4c,2qhxs,t3_1e08w4c,8,False,0.0004,False,t5_2qhxs,0,9,8,2024-07-11T01:34:04.000Z,https://www.reddit.com/r/minnesota/comments/1e08w4c/took_the_borealis_from_st_paul_to_chicago_and/lclx62n/,minnesota
3478.9889,t2_3vk8lee4,t1_o7qgomn,organized_chaos23,False,BBQ and healthy are not normally mentioned in the same sentence.  The salt content alone …,"<div class=""md""><p>BBQ and healthy are not normally mentioned in the same sentence.  The salt content alone …</p>
</div>",90,0.0,0.0,2026-07-22T16:29:17.940Z,comment,0.0,False,0,o7qgomn,0.0,t3_1rg7hl4,post,o7qgomn,1rg7hl4,1rg7hl4,2qhn5,t3_1rg7hl4,52,False,0.0149,False,t5_2qhn5,0,16,52,2026-02-27T17:29:58.000Z,https://www.reddit.com/r/Austin/comments/1rg7hl4/rfk_jr_visits_terry_blacks_in_austin_to_promote/o7qgomn/,Austin
3477.2433,t2_4fbt6,t1_o7r2rtv,caguru,False,"Your link shows Terry Black's donate 3x as much to Hays County Democratic party than Greg Abbot.

Disappointing to support Abbott, but not really all that damning IMO.","<div class=""md""><p>Your link shows Terry Black&#39;s donate 3x as much to Hays County Democratic party than Greg Abbot.</p>

<p>Disappointing to support Abbott, but not really all that damning IMO.</p>
</div>",167,0.0,0.0,2026-07-22T16:29:17.940Z,comment,1.0,False,0,o7r2rtv,0.0,t1_o7qfjlu,comment,o7r2rtv,o7qfjlu,1rg7hl4,2qhn5,t3_1rg7hl4,14,False,0.004,False,t5_2qhn5,0,28,14,2026-02-27T19:14:42.000Z,https://www.reddit.com/r/Austin/comments/1rg7hl4/rfk_jr_visits_terry_blacks_in_austin_to_promote/o7r2rtv/,Austin
3476.6519,t2_4hjtfk5p,t1_o7r9xza,anotherJREbot,False,Crazy how he just showed up lol,"<div class=""md""><p>Crazy how he just showed up lol</p>
</div>",31,0.0,0.0,2026-07-22T16:29:17.940Z,comment,1.0,False,0,o7r9xza,0.0,t1_o7r8ams,comment,o7r9xza,o7r8ams,1rg7hl4,2qhn5,t3_1rg7hl4,-1,False,-0.0003,False,t5_2qhn5,0,7,-1,2026-02-27T19:50:11.000Z,https://www.reddit.com/r/Austin/comments/1rg7hl4/rfk_jr_visits_terry_blacks_in_austin_to_promote/o7r9xza/,Austin
1961.1363,t2_6l4z3,t1_ojes3hu,AutoModerator,True,"**Reminder:** A key feature of r/AskTheWorld is having your user flair set.

Please take a moment to choose your **country or nationality flair** before joining the discussion.  
It helps everyone understand context and keeps conversations smoother.

You can set your flair here:
https://www.reddit.com/r/AskTheWorld/comments/1m0c891/how_to_change_your_flair_please_read_before/


*I am a bot, and this action was performed automatically. Please [contact the moderators of this subreddit](/message/compose/?to=/r/AskTheWorld) if you have any questions or concerns.*","<div class=""md""><p><strong>Reminder:</strong> A key feature of <a href=""/r/AskTheWorld"">r/AskTheWorld</a> is having your user flair set.</p>

<p>Please take a moment to choose your <strong>country or nationality flair</strong> before joining the discussion.<br/>
It helps everyone understand context and keeps conversations smoother.</p>

<p>You can set your flair here:
<a href=""https://www.reddit.com/r/AskTheWorld/comments/1m0c891/how_to_change_your_flair_please_read_before/"">https://www.reddit.com/r/AskTheWorld/comments/1m0c891/how_to_change_your_flair_please_read_before/</a></p>

<p><em>I am a bot, and this action was performed automatically. Please <a href=""/message/compose/?to=/r/AskTheWorld"">contact the moderators of this subreddit</a> if you have any questions or concerns.</em></p>
</div>",565,0.0,0.0,2026-07-22T16:29:18.646Z,comment,0.0,False,0,ojes3hu,0.0,t3_1t199ur,post,ojes3hu,1t199ur,1t199ur,2so0f,t3_1t199ur,1,True,0.0005,True,t5_2so0f,0,67,1,2026-05-01T23:21:08.000Z,https://www.reddit.com/r/AskTheWorld/comments/1t199ur/is_there_a_country_that_you_secretly_admire/ojes3hu/,AskTheWorld
1960.5568,t2_qg007lej,t1_ojey3ff,Live_Cookie_5690,False,"I love South Korea, would love to go there and try all the different food","<div class=""md""><p>I love South Korea, would love to go there and try all the different food</p>
</div>",73,0.0,0.0,2026-07-22T16:29:18.646Z,comment,1.0,False,0,ojey3ff,0.0,t1_ojetelu,comment,ojey3ff,ojetelu,1t199ur,2so0f,t3_1t199ur,17,False,0.0087,False,t5_2so0f,0,15,17,2026-05-01T23:55:54.000Z,https://www.reddit.com/r/AskTheWorld/comments/1t199ur/is_there_a_country_that_you_secretly_admire/ojey3ff/,AskTheWorld
1958.2791,t2_gqz655sg0,t1_ojfl8qp,Beale_St_Boozebag,False,Mexico is a great place with great people.,"<div class=""md""><p>Mexico is a great place with great people. </p>
</div>",43,0.0,0.0,2026-07-22T16:29:18.646Z,comment,1.0,False,0,ojfl8qp,0.0,t1_ojetelu,comment,ojfl8qp,ojetelu,1t199ur,2so0f,t3_1t199ur,14,False,0.0071,False,t5_2so0f,0,8,14,2026-05-02T02:12:34.000Z,https://www.reddit.com/r/AskTheWorld/comments/1t199ur/is_there_a_country_that_you_secretly_admire/ojfl8qp/,AskTheWorld
1393.7834,t2_20rx9s4569,t1_onsm9sk,IDE-TradeBot,False,"|**User Report**| | | |
|--- |--- |--- |--- |
|**Username**|/u/Academic-Age-6506|**Account Age**|7 months|
|**Post Karma**|3|**Comment Karma**|11|
|**Confirmed Trades**|3|**Unique Traders**|3|

^^This ^^information ^^does ^^not ^^guarantee ^^a ^^successful ^^trade. ^^It ^^is ^^being ^^provided ^^to ^^help ^^potential ^^trade ^^partners ^^have ^^more ^^immediate ^^background ^^information ^^about ^^with ^^whom ^^they ^^are ^^trading. ^^Please ^^be ^^sure ^^to ^^familiarize ^^yourself ^^with ^^the ^^[RULES](https://www.reddit.com/r/IndiaDealsExchange/wiki/rules) ^^and ^^other ^^guides ^^on ^^the ^^[WIKI](https://www.reddit.com/r/IndiaDealsExchange/wiki/index). ^^We ^^highly ^^recommend ^^using ^^the ^^[ADMIN](https://www.reddit.com/r/IndiaDealsExchange/wiki/admin_method) ^^to ^^ensure ^^a ^^secure ^^trade.","<div class=""md""><table><thead>
<tr>
<th><strong>User Report</strong></th>
<th></th>
<th></th>
<th></th>
</tr>
</thead><tbody>
<tr>
<td><strong>Username</strong></td>
<td><a href=""/u/Academic-Age-6506"">/u/Academic-Age-6506</a></td>
<td><strong>Account Age</strong></td>
<td>7 months</td>
</tr>
<tr>
<td><strong>Post Karma</strong></td>
<td>3</td>
<td><strong>Comment Karma</strong></td>
<td>11</td>
</tr>
<tr>
<td><strong>Confirmed Trades</strong></td>
<td>3</td>
<td><strong>Unique Traders</strong></td>
<td>3</td>
</tr>
</tbody></table>

<p><sup><sup>This</sup></sup> <sup><sup>information</sup></sup> <sup><sup>does</sup></sup> <sup><sup>not</sup></sup> <sup><sup>guarantee</sup></sup> <sup><sup>a</sup></sup> <sup><sup>successful</sup></sup> <sup><sup>trade.</sup></sup> <sup><sup>It</sup></sup> <sup><sup>is</sup></sup> <sup><sup>being</sup></sup> <sup><sup>provided</sup></sup> <sup><sup>to</sup></sup> <sup><sup>help</sup></sup> <sup><sup>potential</sup></sup> <sup><sup>trade</sup></sup> <sup><sup>partners</sup></sup> <sup><sup>have</sup></sup> <sup><sup>more</sup></sup> <sup><sup>immediate</sup></sup> <sup><sup>background</sup></sup> <sup><sup>information</sup></sup> <sup><sup>about</sup></sup> <sup><sup>with</sup></sup> <sup><sup>whom</sup></sup> <sup><sup>they</sup></sup> <sup><sup>are</sup></sup> <sup><sup>trading.</sup></sup> <sup><sup>Please</sup></sup> <sup><sup>be</sup></sup> <sup><sup>sure</sup></sup> <sup><sup>to</sup></sup> <sup><sup>familiarize</sup></sup> <sup><sup>yourself</sup></sup> <sup><sup>with</sup></sup> <sup><sup>the</sup></sup> <sup><sup><a href=""https://www.reddit.com/r/IndiaDealsExchange/wiki/rules"">RULES</a></sup></sup> <sup><sup>and</sup></sup> <sup><sup>other</sup></sup> <sup><sup>guides</sup></sup> <sup><sup>on</sup></sup> <sup><sup>the</sup></sup> <sup><sup><a href=""https://www.reddit.com/r/IndiaDealsExchange/wiki/index"">WIKI</a>.</sup></sup> <sup><sup>We</sup></sup> <sup><sup>highly</sup></sup> <sup><sup>recommend</sup></sup> <sup><sup>using</sup></sup> <sup><sup>the</sup></sup> <sup><sup><a href=""https://www.reddit.com/r/IndiaDealsExchange/wiki/admin_method"">ADMIN</a></sup></sup> <sup><sup>to</sup></sup> <sup><sup>ensure</sup></sup> <sup><sup>a</sup></sup> <sup><sup>secure</sup></sup> <sup><sup>trade.</sup></sup></p>
</div>",815,0.0,0.0,2026-07-22T16:29:19.372Z,comment,0.0,False,0,onsm9sk,0.0,t3_1tnb7qs,post,onsm9sk,1tnb7qs,1tnb7qs,en6kgi,t3_1tnb7qs,1,True,0.0007,True,t5_en6kgi,0,73,1,2026-05-25T14:42:19.000Z,https://www.reddit.com/r/IndiaDealsExchange/comments/1tnb7qs/h_bbq_nation_voucher_1000_and_500_w_60_upi/onsm9sk/,IndiaDealsExchange
1845.3273,t2_29fjz0fqd2,t1_okb2lqy,GrahamZusi,False,"Roger Espinoza's bachelor party was down in Mexico a few years ago and I will say, we were treated quite well. Always looking for an excuse to go back!

...and yes, would've been nice to have them help us out in 2018 😉","<div class=""md""><p>Roger Espinoza&#39;s bachelor party was down in Mexico a few years ago and I will say, we were treated quite well. Always looking for an excuse to go back!</p>

<p>...and yes, would&#39;ve been nice to have them help us out in 2018 😉</p>
</div>",219,0.0,0.0,2026-07-22T16:29:22.138Z,comment,1.0,False,0,okb2lqy,1.0,t1_ok9rho8,comment,okb2lqy,ok9rho8,1t5gfk9,2rbnb,t3_1t5gfk9,148,False,0.0802,False,t5_2rbnb,0,43,148,2026-05-06T19:09:44.000Z,https://www.reddit.com/r/MLS/comments/1t5gfk9/im_graham_zusi_ama/okb2lqy/,MLS
2643.2384,,t1_oe2eysm,[deleted],False,"very true, went there alone and charged me 900rs-quality was absurbly bad. like the skewers were so charred that you didnt not even have to use the grill. all i could taste was the the black char.

  
2nd thing is they just forcefeed you random shit, if youre an introvert or smth, just ignore bcz the ppl there dont even stop after you tell them to. ","<div class=""md""><p>very true, went there alone and charged me 900rs-quality was absurbly bad. like the skewers were so charred that you didnt not even have to use the grill. all i could taste was the the black char.</p>

<p>2nd thing is they just forcefeed you random shit, if youre an introvert or smth, just ignore bcz the ppl there dont even stop after you tell them to. </p>
</div>",351,0.0,0.0,2026-07-22T16:29:22.195Z,comment,1.0,False,0,oe2eysm,0.0,t1_oe24jxr,comment,oe2eysm,oe24jxr,1sbb8fc,frtrdp,t3_1sbb8fc,1,False,0.0004,False,t5_frtrdp,0,66,1,2026-04-03T13:15:04.000Z,https://www.reddit.com/r/Real_teenindia/comments/1sbb8fc/went_to_bbq_nation_unlimited_for_just_600/oe2eysm/,Real_teenindia
2643.1159,t2_17gmeesmqy,t1_oe2gb6m,Longjumping_Slide594,False,\+ bhai food is mediocre i can eat better and tastier food at half the price and agle din pet bhi kharab hota hai,"<div class=""md""><p>+ bhai food is mediocre i can eat better and tastier food at half the price and agle din pet bhi kharab hota hai</p>
</div>",113,0.0,0.0,2026-07-22T16:29:22.195Z,comment,2.0,False,0,oe2gb6m,0.0,t1_oe2eysm,comment,oe2gb6m,oe2eysm,1sbb8fc,frtrdp,t3_1sbb8fc,2,False,0.0008,False,t5_frtrdp,0,24,2,2026-04-03T13:22:25.000Z,https://www.reddit.com/r/Real_teenindia/comments/1sbb8fc/went_to_bbq_nation_unlimited_for_just_600/oe2gb6m/,Real_teenindia
2643.0645,,t1_oe2gvnp,[deleted],False,"lol, isse acha main olive garden chala jau

","<div class=""md""><p>lol, isse acha main olive garden chala jau</p>
</div>",44,0.0,0.0,2026-07-22T16:29:22.195Z,comment,3.0,False,0,oe2gvnp,0.0,t1_oe2gb6m,comment,oe2gvnp,oe2gb6m,1sbb8fc,frtrdp,t3_1sbb8fc,2,False,0.0008,False,t5_frtrdp,0,8,2,2026-04-03T13:25:30.000Z,https://www.reddit.com/r/Real_teenindia/comments/1sbb8fc/went_to_bbq_nation_unlimited_for_just_600/oe2gvnp/,Real_teenindia
1124.0609,t2_24siy1v6ue,t1_opyy5ie,Bathletic,False,What's the current price for non veg buffet .any idea?,"<div class=""md""><p>What&#39;s the current price for non veg buffet .any idea?</p>
</div>",54,0.0,0.0,2026-07-22T16:29:22.195Z,comment,0.0,False,0,opyy5ie,0.0,t3_1sbb8fc,post,opyy5ie,1sbb8fc,1sbb8fc,frtrdp,t3_1sbb8fc,1,False,0.0009,False,t5_frtrdp,0,10,1,2026-06-05T20:25:43.000Z,https://www.reddit.com/r/Real_teenindia/comments/1sbb8fc/went_to_bbq_nation_unlimited_for_just_600/opyy5ie/,Real_teenindia
1124.0456,t2_cw1qgzfo,t1_opyycjf,Divyam4070,False,just use the bbq nation app and check it changes time to time,"<div class=""md""><p>just use the bbq nation app and check it changes time to time</p>
</div>",61,0.0,0.0,2026-07-22T16:29:22.195Z,comment,1.0,False,0,opyycjf,1.0,t1_opyy5ie,comment,opyycjf,opyy5ie,1sbb8fc,frtrdp,t3_1sbb8fc,1,False,0.0009,False,t5_frtrdp,0,13,1,2026-06-05T20:26:38.000Z,https://www.reddit.com/r/Real_teenindia/comments/1sbb8fc/went_to_bbq_nation_unlimited_for_just_600/opyycjf/,Real_teenindia
1124.0362,t2_24siy1v6ue,t1_opyygqu,Bathletic,False,Ok thanks bro,"<div class=""md""><p>Ok thanks bro</p>
</div>",13,0.0,0.0,2026-07-22T16:29:22.195Z,comment,2.0,False,0,opyygqu,0.0,t1_opyycjf,comment,opyygqu,opyycjf,1sbb8fc,frtrdp,t3_1sbb8fc,1,False,0.0009,False,t5_frtrdp,0,3,1,2026-06-05T20:27:12.000Z,https://www.reddit.com/r/Real_teenindia/comments/1sbb8fc/went_to_bbq_nation_unlimited_for_just_600/opyygqu/,Real_teenindia
1605.893,t2_sa1tux8r,t1_om6bezr,EqualRoss,False,So your favorite things at a bbq are things the bbq was not used to prepare…not judging btw everyone has a choice. Just an observation.,"<div class=""md""><p>So your favorite things at a bbq are things the bbq was not used to prepare…not judging btw everyone has a choice. Just an observation.</p>
</div>",135,0.0,0.0,2026-07-22T16:29:22.771Z,comment,0.0,True,0,om6bezr,0.0,t3_1tf1njs,post,om6bezr,1tf1njs,1tf1njs,50cbb1,t3_1tf1njs,12,False,0.0075,False,t5_50cbb1,0,25,12,2026-05-16T18:35:48.000Z,https://www.reddit.com/r/foodquestions/comments/1tf1njs/happy_national_barbecue_day_what_are_your/om6bezr/,foodquestions
1605.7035,t2_3t556ma4,t1_om6dlwl,Perle1234,True,They must be vegetarian or vegan.,"<div class=""md""><p>They must be vegetarian or vegan. </p>
</div>",34,0.0,0.0,2026-07-22T16:29:22.771Z,comment,1.0,False,0,om6dlwl,0.0,t1_om6bezr,comment,om6dlwl,om6bezr,1tf1njs,50cbb1,t3_1tf1njs,3,False,0.0019,False,t5_50cbb1,0,6,3,2026-05-16T18:47:10.000Z,https://www.reddit.com/r/foodquestions/comments/1tf1njs/happy_national_barbecue_day_what_are_your/om6dlwl/,foodquestions
1605.9327,t2_4juvkjic,t1_om6ayhz,rgbkng,False,"For bbq my favs are brisket, picana,  ribs, and pork.  For grilling nothing beats a good hotdog, chicken, or hamburger","<div class=""md""><p>For bbq my favs are brisket, picana,  ribs, and pork.  For grilling nothing beats a good hotdog, chicken, or hamburger</p>
</div>",118,0.0,0.0,2026-07-22T16:29:22.771Z,comment,0.0,False,0,om6ayhz,0.0,t3_1tf1njs,post,om6ayhz,1tf1njs,1tf1njs,50cbb1,t3_1tf1njs,6,False,0.0037,False,t5_50cbb1,0,20,6,2026-05-16T18:33:25.000Z,https://www.reddit.com/r/foodquestions/comments/1tf1njs/happy_national_barbecue_day_what_are_your/om6ayhz/,foodquestions
1605.8397,t2_l558jjhuz,t1_om6c14b,AccomplishedLine9351,True,"Red skin potato salad, baked beans, deviled eggs, cole slaw, crispy chips all of them...","<div class=""md""><p>Red skin potato salad, baked beans, deviled eggs, cole slaw, crispy chips all of them...</p>
</div>",88,0.0,0.0,2026-07-22T16:29:22.771Z,comment,0.0,False,0,om6c14b,0.0,t3_1tf1njs,post,om6c14b,1tf1njs,1tf1njs,50cbb1,t3_1tf1njs,3,False,0.0019,False,t5_50cbb1,0,15,3,2026-05-16T18:39:00.000Z,https://www.reddit.com/r/foodquestions/comments/1tf1njs/happy_national_barbecue_day_what_are_your/om6c14b/,foodquestions
1605.6974,t2_3t556ma4,t1_om6doef,Perle1234,True,Mainly all the “no thanks” items lol,"<div class=""md""><p>Mainly all the “no thanks” items lol</p>
</div>",36,0.0,0.0,2026-07-22T16:29:22.771Z,comment,0.0,False,0,om6doef,0.0,t3_1tf1njs,post,om6doef,1tf1njs,1tf1njs,50cbb1,t3_1tf1njs,3,False,0.0019,False,t5_50cbb1,0,7,3,2026-05-16T18:47:32.000Z,https://www.reddit.com/r/foodquestions/comments/1tf1njs/happy_national_barbecue_day_what_are_your/om6doef/,foodquestions
1605.6505,t2_2cg8pm3jwq,t1_om6e7wv,tattedNsassy7,False,Smoked brisket and smoked pulled pork..,"<div class=""md""><p>Smoked brisket and smoked pulled pork.. </p>
</div>",40,0.0,0.0,2026-07-22T16:29:22.771Z,comment,0.0,False,0,om6e7wv,0.0,t3_1tf1njs,post,om6e7wv,1tf1njs,1tf1njs,50cbb1,t3_1tf1njs,3,False,0.0019,False,t5_50cbb1,0,6,3,2026-05-16T18:50:21.000Z,https://www.reddit.com/r/foodquestions/comments/1tf1njs/happy_national_barbecue_day_what_are_your/om6e7wv/,foodquestions
1605.6858,t2_zy3yb0mdm,t1_om6dta2,Yd1891,False,Otter pops,"<div class=""md""><p>Otter pops </p>
</div>",11,0.0,0.0,2026-07-22T16:29:22.771Z,comment,0.0,False,0,om6dta2,0.0,t3_1tf1njs,post,om6dta2,1tf1njs,1tf1njs,50cbb1,t3_1tf1njs,2,False,0.0012,False,t5_50cbb1,0,2,2,2026-05-16T18:48:14.000Z,https://www.reddit.com/r/foodquestions/comments/1tf1njs/happy_national_barbecue_day_what_are_your/om6dta2/,foodquestions
1605.4319,t2_d1swt,t1_om6gpg5,NOLA-VeeRAD,False,👆 That’s bait,"<div class=""md""><p>👆 That’s bait </p>
</div>",15,0.0,0.0,2026-07-22T16:29:22.771Z,comment,0.0,False,0,om6gpg5,0.0,t3_1tf1njs,post,om6gpg5,1tf1njs,1tf1njs,50cbb1,t3_1tf1njs,0,False,0.0,False,t5_50cbb1,0,3,0,2026-05-16T19:03:28.000Z,https://www.reddit.com/r/foodquestions/comments/1tf1njs/happy_national_barbecue_day_what_are_your/om6gpg5/,foodquestions
1605.1099,t2_hz2en,t1_om6kcyb,jgollsneid,False,Or OP is 11,"<div class=""md""><p>Or OP is 11</p>
</div>",11,0.0,0.0,2026-07-22T16:29:22.771Z,comment,1.0,False,0,om6kcyb,0.0,t1_om6gpg5,comment,om6kcyb,om6gpg5,1tf1njs,50cbb1,t3_1tf1njs,1,False,0.0006,False,t5_50cbb1,0,4,1,2026-05-16T19:22:47.000Z,https://www.reddit.com/r/foodquestions/comments/1tf1njs/happy_national_barbecue_day_what_are_your/om6kcyb/,foodquestions
1604.6635,t2_k7tnzxpl,t1_om6pexh,ruinsofsilver,False,"some of mine are pretty similar to yours. mac n cheese, devilled eggs, key lime pie, corn on the cob, baked beans, potato salad, banana pudding, jalapeno cornbread with honey butter. i also really enjoy fresh and grilled summer fruits like pineapple and watermelon.","<div class=""md""><p>some of mine are pretty similar to yours. mac n cheese, devilled eggs, key lime pie, corn on the cob, baked beans, potato salad, banana pudding, jalapeno cornbread with honey butter. i also really enjoy fresh and grilled summer fruits like pineapple and watermelon.</p>
</div>",265,0.0,0.0,2026-07-22T16:29:22.771Z,comment,1.0,False,0,om6pexh,0.0,t1_om6gpg5,comment,om6pexh,om6gpg5,1tf1njs,50cbb1,t3_1tf1njs,1,False,0.0006,False,t5_50cbb1,0,44,1,2026-05-16T19:49:34.000Z,https://www.reddit.com/r/foodquestions/comments/1tf1njs/happy_national_barbecue_day_what_are_your/om6pexh/,foodquestions
1774.0106,,t2_23fmng3va1,PapaAgyeDelhi,False,"I want to take my friend for my Result success party. I had a confusion ,Which one is to be preferred? You can also suggest me some other buffet.","<!-- SC_OFF --><div class=""md""><p>I want to take my friend for my Result success party. I had a confusion ,Which one is to be preferred? You can also suggest me some other buffet.</p>
</div><!-- SC_ON -->",145,,,2026-07-22T16:29:23.152Z,post,,False,0,t3_1t8cukx,,,,23fmng3va1,,,,,0,False,0.0,False,,0,34,0,2026-05-09T18:28:45.000Z,https://www.reddit.com/r/gurgaon/comments/1t8cukx/bbq_nation_vs_bbq_company/,gurgaon
4680.1184,,t2_1u0bz7lfxt,kilowatt230,False,"Hey all, 

not your usual visa/steps post, more a thank-you note before we head out.

I moved to the United States in my early 20s for work, married here, and after 15 years (and two kids born in America) we’re moving back to Europe for the next chapter. Before we go, I wanted to share what this country gave us, in case it helps someone who’s on the fence about coming.

I arrived with shaky English and pretty much broke, moved with a visa. I was so scared at the beginning, but I have always noticed that strangers were absurdly kind here in the US from neighbors to clerks to random folks who slowed down their speech so I could follow. Even at the DMV...

We found that across the map: New York upstate (my home), Florida, Texas “how y’all doin’?” energy, California and and especially Colorado. The welcome wasn’t performative, but real. I felt alone, because it's hard to immigrate, but never lonely... we were never made to feel like outsiders.

Opportunities are real as well as access to credit, opening bank account. Was hard because we did not know, but we built credit carefully, saved hard, and bought a home in under ten years, something that had felt impossible back in Europe with a normal job. 

Is America perfect? No country is, but compared to much of the world, discrimination here was low in our experience. Our mixed-race family lived, worked, worshiped (and not), and played alongside everyone else, at church, school, DMV and pretty much everywhere. The peaceful coexistence of different faiths and nationality and none at all, in the same block, is still one of my favorite American sights.

Food alone could keep you here: Mexican at lunch, Japanese at dinner, Korean BBQ on Friday, pizza on Sunday. You can eat around the planet without leaving a zip code. And the small stuff that isn’t small: libraries that feel like sanctuaries, parks that belong to everyone, coaches and teachers who went the extra mile for our kids, the endless “you got this” optimism that pushes people to take the next step.... and even the person behind the counter when your paperwork is a mess.

We’re leaving not out of fear or politics, but because our family’s “third place” is calling and we want a slower rhythm for a while. The US was good to us. It made room for our accents, gave our children a birthplace, and taught us to dream bigger and work steadier. If you’re “MovingToUSA” and wondering whether it’s worth it: for us, absolutely. Come with realistic expectations, patience, and respect for the placeand it will likely give back more than you expect.

Thank you, America, thank you Florida, Texas, California, New York, and sweet Colorado most of all...for your warmth also during winter, for your chances, your second chances, and your stubborn belief in tomorrow and positivity of people in this land.. We’ll be back to visit, probably crying happy tears in a grocery aisle the moment we see a wall of cereals again, especially all the colorful one.","<!-- SC_OFF --><div class=""md""><p>Hey all, </p>

<p>not your usual visa/steps post, more a thank-you note before we head out.</p>

<p>I moved to the United States in my early 20s for work, married here, and after 15 years (and two kids born in America) we’re moving back to Europe for the next chapter. Before we go, I wanted to share what this country gave us, in case it helps someone who’s on the fence about coming.</p>

<p>I arrived with shaky English and pretty much broke, moved with a visa. I was so scared at the beginning, but I have always noticed that strangers were absurdly kind here in the US from neighbors to clerks to random folks who slowed down their speech so I could follow. Even at the DMV...</p>

<p>We found that across the map: New York upstate (my home), Florida, Texas “how y’all doin’?” energy, California and and especially Colorado. The welcome wasn’t performative, but real. I felt alone, because it&#39;s hard to immigrate, but never lonely... we were never made to feel like outsiders.</p>

<p>Opportunities are real as well as access to credit, opening bank account. Was hard because we did not know, but we built credit carefully, saved hard, and bought a home in under ten years, something that had felt impossible back in Europe with a normal job. </p>

<p>Is America perfect? No country is, but compared to much of the world, discrimination here was low in our experience. Our mixed-race family lived, worked, worshiped (and not), and played alongside everyone else, at church, school, DMV and pretty much everywhere. The peaceful coexistence of different faiths and nationality and none at all, in the same block, is still one of my favorite American sights.</p>

<p>Food alone could keep you here: Mexican at lunch, Japanese at dinner, Korean BBQ on Friday, pizza on Sunday. You can eat around the planet without leaving a zip code. And the small stuff that isn’t small: libraries that feel like sanctuaries, parks that belong to everyone, coaches and teachers who went the extra mile for our kids, the endless “you got this” optimism that pushes people to take the next step.... and even the person behind the counter when your paperwork is a mess.</p>

<p>We’re leaving not out of fear or politics, but because our family’s “third place” is calling and we want a slower rhythm for a while. The US was good to us. It made room for our accents, gave our children a birthplace, and taught us to dream bigger and work steadier. If you’re “MovingToUSA” and wondering whether it’s worth it: for us, absolutely. Come with realistic expectations, patience, and respect for the placeand it will likely give back more than you expect.</p>

<p>Thank you, America, thank you Florida, Texas, California, New York, and sweet Colorado most of all...for your warmth also during winter, for your chances, your second chances, and your stubborn belief in tomorrow and positivity of people in this land.. We’ll be back to visit, probably crying happy tears in a grocery aisle the moment we see a wall of cereals again, especially all the colorful one.</p>
</div><!-- SC_ON -->",2974,,,2026-07-22T16:29:23.145Z,post,,False,0,t3_1q7g5er,,,,1u0bz7lfxt,,,,,1254,False,0.2679,False,,0,526,1254,2026-01-08T16:22:17.000Z,https://www.reddit.com/r/MovingToUSA/comments/1q7g5er/15_years_in_america_a_grateful_goodbye_for_now/,MovingToUSA
1772.0764,t2_1wyhegr179,t1_okvqpyk,TheFitSyntaxx,False,Isme ai picture ki kya zarurat ti?,"<div class=""md""><p>Isme ai picture ki kya zarurat ti? </p>
</div>",35,0.0,0.0,2026-07-22T16:29:23.152Z,comment,0.0,False,0,okvqpyk,0.0,t3_1t8cukx,post,okvqpyk,1t8cukx,1t8cukx,2u624,t3_1t8cukx,4,False,0.0023,False,t5_2u624,0,7,4,2026-05-09T20:24:48.000Z,https://www.reddit.com/r/gurgaon/comments/1t8cukx/bbq_nation_vs_bbq_company/okvqpyk/,gurgaon
1772.6603,t2_8hgwrym96,t1_okvkcok,ibu__hatela,False,I liked BBQ company,"<div class=""md""><p>I liked BBQ company</p>
</div>",19,0.0,0.0,2026-07-22T16:29:23.152Z,comment,0.0,False,0,okvkcok,0.0,t3_1t8cukx,post,okvkcok,1t8cukx,1t8cukx,2u624,t3_1t8cukx,2,False,0.0011,False,t5_2u624,0,4,2,2026-05-09T19:49:46.000Z,https://www.reddit.com/r/gurgaon/comments/1t8cukx/bbq_nation_vs_bbq_company/okvkcok/,gurgaon
1772.7839,t2_4dhthfoq,t1_okvj07j,vishesh_1987,False,Barbeque company is bad,"<div class=""md""><p>Barbeque company is bad</p>
</div>",23,0.0,0.0,2026-07-22T16:29:23.152Z,comment,0.0,False,0,okvj07j,0.0,t3_1t8cukx,post,okvj07j,1t8cukx,1t8cukx,2u624,t3_1t8cukx,0,False,0.0,False,t5_2u624,0,4,0,2026-05-09T19:42:21.000Z,https://www.reddit.com/r/gurgaon/comments/1t8cukx/bbq_nation_vs_bbq_company/okvj07j/,gurgaon
9627.0593,,t2_hkf0a7sj,Patient-Author-2960,False,"Total rip-off, $50 to stand in line for a rib bone or a shaving of meat. Had to wait 45-55 minutes in line at each of the 4 places giving ""included live fire samples"". Absolutely not enough places serving samples at all.

Based on the description of the event we were expecting included wine and beer tasting. This was incorrect.  We still had to pay for drinks.

1/10 would not recommend. 
","<!-- SC_OFF --><div class=""md""><p>Total rip-off, $50 to stand in line for a rib bone or a shaving of meat. Had to wait 45-55 minutes in line at each of the 4 places giving &quot;included live fire samples&quot;. Absolutely not enough places serving samples at all.</p>

<p>Based on the description of the event we were expecting included wine and beer tasting. This was incorrect.  We still had to pay for drinks.</p>

<p>1/10 would not recommend. </p>
</div><!-- SC_ON -->",391,,,2026-07-22T16:29:23.341Z,post,,False,0,t3_1lcsr0q,,,,hkf0a7sj,,,,,81,False,0.0084,False,,0,83,81,2025-06-16T13:25:50.000Z,https://www.reddit.com/r/BBQ/comments/1lcsr0q/anyone_else_attend_the_train_wreck_national_bbq/,BBQ
4669.5659,t2_668xdknj,t1_nyiymd8,The_Flagrant_Vagrant,False,"For all of the negativity you see on Reddit about the US, it is nice to see something positive.","<div class=""md""><p>For all of the negativity you see on Reddit about the US, it is nice to see something positive.</p>
</div>",95,0.0,0.0,2026-07-22T16:29:23.145Z,comment,0.0,False,0,nyiymd8,0.0,t3_1q7g5er,post,nyiymd8,1q7g5er,1q7g5er,3j5pah,t3_1q7g5er,49,False,0.0105,False,t5_3j5pah,0,19,49,2026-01-09T02:55:26.000Z,https://www.reddit.com/r/MovingToUSA/comments/1q7g5er/15_years_in_america_a_grateful_goodbye_for_now/nyiymd8/,MovingToUSA
4565.2395,t2_1d5snz2i,t1_nzc1goz,Orexii,False,"My parents moved to the US completely broke. I was born in government housing. In 1 generation their 5 kids became engineers, a psychiatrist, and a nurse practitioner. We own homes, significant investments, and I can already retire almost anywhere in the world as I became a millionaire at 27. These are not isolated stats. Chinese, Nigerian, Indian, and many other nationalities statistically do extremely well here. If you can't see why this financial freedom that enables countless other freedoms in life is appealing to many foreigners, then this subreddit just likely isn't for you. I don't stress about anything. I'm about to buy my mom her own house and land so she can farm, which is her dream. I'll always be grateful for what the US has afforded me and my family","<div class=""md""><p>My parents moved to the US completely broke. I was born in government housing. In 1 generation their 5 kids became engineers, a psychiatrist, and a nurse practitioner. We own homes, significant investments, and I can already retire almost anywhere in the world as I became a millionaire at 27. These are not isolated stats. Chinese, Nigerian, Indian, and many other nationalities statistically do extremely well here. If you can&#39;t see why this financial freedom that enables countless other freedoms in life is appealing to many foreigners, then this subreddit just likely isn&#39;t for you. I don&#39;t stress about anything. I&#39;m about to buy my mom her own house and land so she can farm, which is her dream. I&#39;ll always be grateful for what the US has afforded me and my family</p>
</div>",772,0.0,0.0,2026-07-22T16:29:23.146Z,comment,6.0,False,0,nzc1goz,0.0,t1_nzby8ae,comment,nzc1goz,nzby8ae,1q7g5er,3j5pah,t3_1q7g5er,2,False,0.0004,False,t5_3j5pah,0,133,2,2026-01-13T11:15:01.000Z,https://www.reddit.com/r/MovingToUSA/comments/1q7g5er/15_years_in_america_a_grateful_goodbye_for_now/nzc1goz/,MovingToUSA
9625.9065,,t1_my34vk8,[deleted],False,"For sure. 

Have gone to many ""Blues and BBQ"" type events over the years and they are definitely not worth it.","<div class=""md""><p>For sure. </p>

<p>Have gone to many &quot;Blues and BBQ&quot; type events over the years and they are definitely not worth it.</p>
</div>",110,0.0,0.0,2026-07-22T16:29:23.341Z,comment,1.0,False,0,my34vk8,0.0,t1_my2sgds,comment,my34vk8,my2sgds,1lcsr0q,2qxww,t3_1lcsr0q,6,False,0.0006,False,t5_2qxww,0,21,6,2025-06-16T14:35:00.000Z,https://www.reddit.com/r/BBQ/comments/1lcsr0q/anyone_else_attend_the_train_wreck_national_bbq/my34vk8/,BBQ
9622.3462,t2_16b2bn,t1_my4dyc5,anarrowview,False,Agreed unless it’s a hyper-local festival.,"<div class=""md""><p>Agreed unless it’s a hyper-local festival.</p>
</div>",42,0.0,0.0,2026-07-22T16:29:23.341Z,comment,1.0,False,0,my4dyc5,0.0,t1_my2sgds,comment,my4dyc5,my2sgds,1lcsr0q,2qxww,t3_1lcsr0q,2,False,0.0002,False,t5_2qxww,0,6,2,2025-06-16T18:08:37.000Z,https://www.reddit.com/r/BBQ/comments/1lcsr0q/anyone_else_attend_the_train_wreck_national_bbq/my4dyc5/,BBQ
9625.582,t2_nqiq47su,t1_my38v02,Rumblarr,False,"The majority are, but I was at one in my small town last week that was jam packed with people and my family was stuffed to the hills in about half an hour. Admission was $20 also. Longest line was about five minutes, most booths didn't have a line. One of the few perks of being in the middle of nowhere.","<div class=""md""><p>The majority are, but I was at one in my small town last week that was jam packed with people and my family was stuffed to the hills in about half an hour. Admission was $20 also. Longest line was about five minutes, most booths didn&#39;t have a line. One of the few perks of being in the middle of nowhere.</p>
</div>",304,0.0,0.0,2026-07-22T16:29:23.341Z,comment,1.0,False,0,my38v02,0.0,t1_my2sgds,comment,my38v02,my2sgds,1lcsr0q,2qxww,t3_1lcsr0q,3,False,0.0003,False,t5_2qxww,0,61,3,2025-06-16T14:54:28.000Z,https://www.reddit.com/r/BBQ/comments/1lcsr0q/anyone_else_attend_the_train_wreck_national_bbq/my38v02/,BBQ
9617.1423,t2_12yj5q,t1_my64spt,xxartbqxx,False,Agreed. Panda Fest was the last for me. Complete screw job.,"<div class=""md""><p>Agreed. Panda Fest was the last for me. Complete screw job.</p>
</div>",59,0.0,0.0,2026-07-22T16:29:23.341Z,comment,1.0,False,0,my64spt,0.0,t1_my2sgds,comment,my64spt,my2sgds,1lcsr0q,2qxww,t3_1lcsr0q,1,False,0.0001,False,t5_2qxww,0,11,1,2025-06-16T23:20:51.000Z,https://www.reddit.com/r/BBQ/comments/1lcsr0q/anyone_else_attend_the_train_wreck_national_bbq/my64spt/,BBQ
9625.0584,t2_5v4frj976,t1_my3fcxu,amortized-poultry,False,Any chance you're reasonable driving distance from. Virginia and wouldn't mind sharing the name of this festival? I have a friend who might be interested when it happens next year.,"<div class=""md""><p>Any chance you&#39;re reasonable driving distance from. Virginia and wouldn&#39;t mind sharing the name of this festival? I have a friend who might be interested when it happens next year.</p>
</div>",180,0.0,0.0,2026-07-22T16:29:23.341Z,comment,2.0,False,0,my3fcxu,0.0,t1_my38v02,comment,my3fcxu,my38v02,1lcsr0q,2qxww,t3_1lcsr0q,1,False,0.0001,False,t5_2qxww,0,30,1,2025-06-16T15:25:53.000Z,https://www.reddit.com/r/BBQ/comments/1lcsr0q/anyone_else_attend_the_train_wreck_national_bbq/my3fcxu/,BBQ
9626.6615,t2_rogapej3,t1_my2w2gv,Simple-Purpose-899,False,"All food fests are like this. They sell all you can eat, and then don't expect anyone to eat. ","<div class=""md""><p>All food fests are like this. They sell all you can eat, and then don&#39;t expect anyone to eat. </p>
</div>",94,0.0,0.0,2026-07-22T16:29:23.341Z,comment,0.0,False,0,my2w2gv,0.0,t3_1lcsr0q,post,my2w2gv,1lcsr0q,1lcsr0q,2qxww,t3_1lcsr0q,57,False,0.0059,False,t5_2qxww,0,19,57,2025-06-16T13:49:42.000Z,https://www.reddit.com/r/BBQ/comments/1lcsr0q/anyone_else_attend_the_train_wreck_national_bbq/my2w2gv/,BBQ
9626.5443,t2_8fd1x,t1_my2xdwg,The_DaHowie,False,"Rib Fest, in downtown Minneapolis, when sponsored by Northwest Airlines, was Great


The even booked excellent bands


It helped that I lived 3 blocks away


Nowadays food fest are terrible ","<div class=""md""><p>Rib Fest, in downtown Minneapolis, when sponsored by Northwest Airlines, was Great</p>

<p>The even booked excellent bands</p>

<p>It helped that I lived 3 blocks away</p>

<p>Nowadays food fest are terrible </p>
</div>",190,0.0,0.0,2026-07-22T16:29:23.341Z,comment,1.0,False,0,my2xdwg,0.0,t1_my2w2gv,comment,my2xdwg,my2w2gv,1lcsr0q,2qxww,t3_1lcsr0q,13,False,0.0014,False,t5_2qxww,0,30,13,2025-06-16T13:56:44.000Z,https://www.reddit.com/r/BBQ/comments/1lcsr0q/anyone_else_attend_the_train_wreck_national_bbq/my2xdwg/,BBQ
9626.5843,t2_dcvt47g0,t1_my2wxrk,PurpleZebra99,False,"All you can eat as long as it’s one bite at a time, waiting in a 30 min line for each bite.","<div class=""md""><p>All you can eat as long as it’s one bite at a time, waiting in a 30 min line for each bite.</p>
</div>",91,0.0,0.0,2026-07-22T16:29:23.341Z,comment,1.0,False,0,my2wxrk,0.0,t1_my2w2gv,comment,my2wxrk,my2w2gv,1lcsr0q,2qxww,t3_1lcsr0q,26,False,0.0027,False,t5_2qxww,0,22,26,2025-06-16T13:54:20.000Z,https://www.reddit.com/r/BBQ/comments/1lcsr0q/anyone_else_attend_the_train_wreck_national_bbq/my2wxrk/,BBQ
9625.8962,,t1_my34zwx,[deleted],False,All you can eat... But there's just not much to eat...,"<div class=""md""><p>All you can eat... But there&#39;s just not much to eat...</p>
</div>",54,0.0,0.0,2026-07-22T16:29:23.341Z,comment,1.0,False,0,my34zwx,0.0,t1_my2w2gv,comment,my34zwx,my2w2gv,1lcsr0q,2qxww,t3_1lcsr0q,3,False,0.0003,False,t5_2qxww,0,11,3,2025-06-16T14:35:37.000Z,https://www.reddit.com/r/BBQ/comments/1lcsr0q/anyone_else_attend_the_train_wreck_national_bbq/my34zwx/,BBQ
982.9683,,t2_15el9prfhc,Slow_Firefighter_405,False,"There was a save food flash offer on zomato for chicken biriyani from BBQ nation

When I got the food I think the chicken was already ""saved"" before the offer has been sent out

  
or maybe the chicken was saved from being slaughtered. they just amputated the top of its wings and was let to live another day","<!-- SC_OFF --><div class=""md""><p>There was a save food flash offer on zomato for chicken biriyani from BBQ nation</p>

<p>When I got the food I think the chicken was already &quot;saved&quot; before the offer has been sent out</p>

<p>or maybe the chicken was saved from being slaughtered. they just amputated the top of its wings and was let to live another day</p>
</div><!-- SC_ON -->",308,,,2026-07-22T16:29:23.745Z,post,,False,0,t3_1u35n36,,,,15el9prfhc,,,,,0,False,0.0,False,,0,68,0,2026-06-11T17:31:18.000Z,https://www.reddit.com/r/Zomato/comments/1u35n36/ordered_chicken_biriyani_from_bbq_nation_under/,Zomato
6347.928,t2_me4w7qz3,t1_nmbhloo,ChantillyMenchu,False,"Mauritius and Trinidad and Tobago:

* Similar population: 1.2 - 1.3 million
* Both were British colonies with economies based on sugar plantations.
* After the abolition of slavery, both islands saw an influx of indentured labourers from the Indian subcontinent.
* Both are multicultural societies (Black/Creole, Indian, European, and Chinese influences) with unique syncretic cultures in food (rotis, curries), and diverse relgious populations (Christianity, Hinudism, Islam), etc
* Both are relatively stable democracies and have transitioned from purely agricultural economies to more diversified ones (including tourism).

If French creole didn't die off in Trinidad and Tobago (even if the French Creoles were very different), the similarities would be even stronger.

Africa's smaller islands (Seychelles, Réunion, Cabo Verde) have a lot of similarities with Caribbean nations.","<div class=""md""><p>Mauritius and Trinidad and Tobago:</p>

<ul>
<li>Similar population: 1.2 - 1.3 million</li>
<li>Both were British colonies with economies based on sugar plantations.</li>
<li>After the abolition of slavery, both islands saw an influx of indentured labourers from the Indian subcontinent.</li>
<li>Both are multicultural societies (Black/Creole, Indian, European, and Chinese influences) with unique syncretic cultures in food (rotis, curries), and diverse relgious populations (Christianity, Hinudism, Islam), etc</li>
<li>Both are relatively stable democracies and have transitioned from purely agricultural economies to more diversified ones (including tourism).</li>
</ul>

<p>If French creole didn&#39;t die off in Trinidad and Tobago (even if the French Creoles were very different), the similarities would be even stronger.</p>

<p>Africa&#39;s smaller islands (Seychelles, Réunion, Cabo Verde) have a lot of similarities with Caribbean nations.</p>
</div>",883,0.0,0.0,2026-07-22T16:29:23.650Z,comment,0.0,False,0,nmbhloo,0.0,t3_1okkmx8,post,nmbhloo,1okkmx8,1okkmx8,2qnms,t3_1okkmx8,365,False,0.0575,False,t5_2qnms,0,126,365,2025-10-31T04:33:43.000Z,https://www.reddit.com/r/geography/comments/1okkmx8/which_two_countries_are_located_far_away_from/nmbhloo/,geography
6347.7993,t2_c35nm,t1_nmbiiu3,burgleshams,False,"This is the best one yet (aside from OP’s).  

I would also propose Seychelles and the Bahamas.","<div class=""md""><p>This is the best one yet (aside from OP’s).  </p>

<p>I would also propose Seychelles and the Bahamas.</p>
</div>",95,0.0,0.0,2026-07-22T16:29:23.650Z,comment,1.0,False,0,nmbiiu3,0.0,t1_nmbhloo,comment,nmbiiu3,nmbhloo,1okkmx8,2qnms,t3_1okkmx8,73,False,0.0115,False,t5_2qnms,0,17,73,2025-10-31T04:41:26.000Z,https://www.reddit.com/r/geography/comments/1okkmx8/which_two_countries_are_located_far_away_from/nmbiiu3/,geography
945.628,t2_15el9prfhc,t1_ordhfk6,Slow_Firefighter_405,False,Yes... ,"<div class=""md""><p>Yes... </p>
</div>",7,0.0,0.0,2026-07-22T16:29:23.745Z,comment,1.0,False,0,ordhfk6,1.0,t1_orcfvb5,comment,ordhfk6,orcfvb5,1u35n36,ah83gf,t3_1u35n36,1,False,0.0011,False,t5_ah83gf,0,1,1,2026-06-13T06:51:43.000Z,https://www.reddit.com/r/Zomato/comments/1u35n36/ordered_chicken_biriyani_from_bbq_nation_under/ordhfk6/,Zomato
33930.202,t2_5xkqv,t1_inifnxn,FancyRobot,False,we deserve to go 0-17 for either one of these things,"<div class=""md""><p>we deserve to go 0-17 for either one of these things</p>
</div>",52,0.0,0.0,2026-07-22T16:29:24.247Z,comment,0.0,False,0,inifnxn,0.0,t3_x8i8vn,post,inifnxn,x8i8vn,x8i8vn,2qmg3,t3_x8i8vn,389,False,0.0115,False,t5_2qmg3,0,11,389,2022-09-07T22:17:17.000Z,https://www.reddit.com/r/nfl/comments/x8i8vn/phleaglesnation_new_food_item_at_the_linc_this/inifnxn/,nfl
33924.3351,t2_hiee3,t1_injpri5,EntropyFighter,False,I can practically hear Bill Burr roasting the Eagles for this right now.,"<div class=""md""><p>I can practically hear Bill Burr roasting the Eagles for this right now.</p>
</div>",72,0.0,0.0,2026-07-22T16:29:24.247Z,comment,1.0,False,0,injpri5,0.0,t1_inifnxn,comment,injpri5,inifnxn,x8i8vn,2qmg3,t3_x8i8vn,2,False,0.0001,False,t5_2qmg3,0,13,2,2022-09-08T04:09:18.000Z,https://www.reddit.com/r/nfl/comments/x8i8vn/phleaglesnation_new_food_item_at_the_linc_this/injpri5/,nfl
33927.1067,t2_4xfq2,t1_inj5cd4,blarch,False,Your city's favorite thing is a sandwich that looks like someone barfed in it. These look like cereal-coated horse turds. I'm sure they'll be a hit.,"<div class=""md""><p>Your city&#39;s favorite thing is a sandwich that looks like someone barfed in it. These look like cereal-coated horse turds. I&#39;m sure they&#39;ll be a hit.</p>
</div>",148,1.0,0.0,2026-07-22T16:29:24.247Z,comment,1.0,False,0,inj5cd4,0.0,t1_inifnxn,comment,inj5cd4,inifnxn,x8i8vn,2qmg3,t3_x8i8vn,-11,False,-0.0003,False,t5_2qmg3,0,26,-11,2022-09-08T01:23:00.000Z,https://www.reddit.com/r/nfl/comments/x8i8vn/phleaglesnation_new_food_item_at_the_linc_this/inj5cd4/,nfl
1127.6812,t2_yfuo3lov4,t1_opxn9ux,Gold_Squirrel5386,False,Never tried duck wanna try soon😁,"<div class=""md""><p>Never tried duck wanna try soon😁</p>
</div>",33,0.0,0.0,2026-07-22T16:29:24.448Z,comment,1.0,False,0,opxn9ux,1.0,t1_opxmee2,comment,opxn9ux,opxmee2,1txpwe7,cgifuq,t3_1txpwe7,1,False,0.0009,False,t5_cgifuq,0,6,1,2026-06-05T16:48:32.000Z,https://www.reddit.com/r/MaaOoriVanta/comments/1txpwe7/bbq_nation/opxn9ux/,MaaOoriVanta
1605.1377,,t2_k4ewb59s,Queasy_Dingo_8262,False,are there any others u remember ?,"<!-- SC_OFF --><div class=""md""><p>are there any others u remember ? </p>
</div><!-- SC_ON -->",34,,,2026-07-22T16:29:24.859Z,post,,False,0,t3_1tf2yhl,,,,k4ewb59s,,,,,53,False,0.033,False,,0,17,53,2026-05-16T19:21:09.000Z,https://www.reddit.com/r/forgottenfoods/comments/1tf2yhl/happy_national_bbq_day_here_are_bbq_foods_i_miss/,forgottenfoods
1597.5688,t2_cdlj9ao1,t1_om8p1gq,Resident-Gold-3466,False,"Those all sound good, except for the Lunchables chicken.  They have to be refrigerated, so I can't imagine eating cold chicken.","<div class=""md""><p>Those all sound good, except for the Lunchables chicken.  They have to be refrigerated, so I can&#39;t imagine eating cold chicken.</p>
</div>",127,0.0,0.0,2026-07-22T16:29:24.859Z,comment,0.0,False,0,om8p1gq,0.0,t3_1tf2yhl,post,om8p1gq,1tf2yhl,1tf2yhl,aymrgq,t3_1tf2yhl,1,False,0.0006,False,t5_aymrgq,0,21,1,2026-05-17T02:55:17.000Z,https://www.reddit.com/r/forgottenfoods/comments/1tf2yhl/happy_national_bbq_day_here_are_bbq_foods_i_miss/om8p1gq/,forgottenfoods
1594.9141,t2_11r4g6nz,t1_om9a994,LinkN7,False,![gif](giphy|qi5yA8J5dC8V4CY1po),"<div class=""md""><p><a href=""https://giphy.com/gifs/qi5yA8J5dC8V4CY1po"" target=""_blank"">https://giphy.com/gifs/qi5yA8J5dC8V4CY1po</a></p>
</div>",32,0.0,0.0,2026-07-22T16:29:24.859Z,comment,1.0,False,0,om9a994,0.0,t1_om8p1gq,comment,om9a994,om8p1gq,1tf2yhl,aymrgq,t3_1tf2yhl,2,False,0.0013,False,t5_aymrgq,0,1,2,2026-05-17T05:34:34.000Z,https://www.reddit.com/r/forgottenfoods/comments/1tf2yhl/happy_national_bbq_day_here_are_bbq_foods_i_miss/om9a994/,forgottenfoods
1591.43,t2_cdlj9ao1,t1_om9xosr,Resident-Gold-3466,False,😂🤣😂🤣,"<div class=""md""><p>😂🤣😂🤣</p>
</div>",8,0.0,0.0,2026-07-22T16:29:24.859Z,comment,2.0,False,0,om9xosr,0.0,t1_om9a994,comment,om9xosr,om9a994,1tf2yhl,aymrgq,t3_1tf2yhl,2,False,0.0013,False,t5_aymrgq,0,1,2,2026-05-17T09:03:37.000Z,https://www.reddit.com/r/forgottenfoods/comments/1tf2yhl/happy_national_bbq_day_here_are_bbq_foods_i_miss/om9xosr/,forgottenfoods
1595.23,t2_nf9dwgvw,t1_om9801o,NoPrinciple3335,False,Bbq goldfish,"<div class=""md""><p>Bbq goldfish</p>
</div>",12,0.0,0.0,2026-07-22T16:29:24.859Z,comment,0.0,False,0,om9801o,0.0,t3_1tf2yhl,post,om9801o,1tf2yhl,1tf2yhl,aymrgq,t3_1tf2yhl,1,False,0.0006,False,t5_aymrgq,0,2,1,2026-05-17T05:15:37.000Z,https://www.reddit.com/r/forgottenfoods/comments/1tf2yhl/happy_national_bbq_day_here_are_bbq_foods_i_miss/om9801o/,forgottenfoods
1602.5213,t2_nvcf4,t1_om7d5w0,untangledtech,False,Did that lunchables come with a panda condom?,"<div class=""md""><p>Did that lunchables come with a panda condom? </p>
</div>",46,0.0,0.0,2026-07-22T16:29:24.859Z,comment,0.0,False,0,om7d5w0,0.0,t3_1tf2yhl,post,om7d5w0,1tf2yhl,1tf2yhl,aymrgq,t3_1tf2yhl,-1,False,-0.0006,False,t5_aymrgq,0,8,-1,2026-05-16T21:58:08.000Z,https://www.reddit.com/r/forgottenfoods/comments/1tf2yhl/happy_national_bbq_day_here_are_bbq_foods_i_miss/om7d5w0/,forgottenfoods
1598.6388,t2_k4ewb59s,t1_om8f9gh,Queasy_Dingo_8262,False,They are chocolate filled cookies don’t be weird ,"<div class=""md""><p>They are chocolate filled cookies don’t be weird </p>
</div>",49,0.0,0.0,2026-07-22T16:29:24.859Z,comment,1.0,False,0,om8f9gh,1.0,t1_om7d5w0,comment,om8f9gh,om7d5w0,1tf2yhl,aymrgq,t3_1tf2yhl,2,False,0.0013,False,t5_aymrgq,0,8,2,2026-05-17T01:51:05.000Z,https://www.reddit.com/r/forgottenfoods/comments/1tf2yhl/happy_national_bbq_day_here_are_bbq_foods_i_miss/om8f9gh/,forgottenfoods
7041.0045,,t2_fbdxmifb,Willing_Switch_8213,False,Friday dinner buffet at bbq nation at ₹450??? is this legit??? i don’t think so,"<!-- SC_OFF --><div class=""md""><p>Friday dinner buffet at bbq nation at ₹450??? is this legit??? i don’t think so </p>
</div><!-- SC_ON -->",80,,,2026-07-22T16:29:25.036Z,post,,False,0,t3_1nvx998,,,,fbdxmifb,,,,,75,False,0.0107,False,,0,23,75,2025-10-02T07:29:09.000Z,https://www.reddit.com/r/pune/comments/1nvx998/is_this_legit_bbq_nation_westend_mall_aundh/,pune
7040.7545,t2_k4ptwhwa,t1_nhbttro,PleasantRace4794,False,"Fri Sat sun there is a different rate as shown in the image. So I am sure, everyday here comes with *, please check.","<div class=""md""><p>Fri Sat sun there is a different rate as shown in the image. So I am sure, everyday here comes with *, please check.</p>
</div>",116,0.0,0.0,2026-07-22T16:29:25.036Z,comment,0.0,False,0,nhbttro,0.0,t3_1nvx998,post,nhbttro,1nvx998,1nvx998,2qvrw,t3_1nvx998,56,False,0.008,False,t5_2qvrw,0,24,56,2025-10-02T07:44:09.000Z,https://www.reddit.com/r/pune/comments/1nvx998/is_this_legit_bbq_nation_westend_mall_aundh/nhbttro/,pune
7038.2356,t2_k5a3fsnk,t1_nhc8ou0,Panda-768,False,"look just under it, it clearly says Sun fri and Sat

everyday is rest of the week","<div class=""md""><p>look just under it, it clearly says Sun fri and Sat</p>

<p>everyday is rest of the week</p>
</div>",81,0.0,0.0,2026-07-22T16:29:25.036Z,comment,2.0,False,0,nhc8ou0,0.0,t1_nhbu2bt,comment,nhc8ou0,nhbu2bt,1nvx998,2qvrw,t3_1nvx998,8,False,0.0011,False,t5_2qvrw,0,17,8,2025-10-02T10:15:17.000Z,https://www.reddit.com/r/pune/comments/1nvx998/is_this_legit_bbq_nation_westend_mall_aundh/nhc8ou0/,pune
9124.1851,t2_lz2rz7h,t1_n1snfjn,canyoufeeltheDtonite,False,"Start one, no reason not to!","<div class=""md""><p>Start one, no reason not to!</p>
</div>",28,0.0,0.0,2026-07-22T16:29:25.471Z,comment,2.0,False,0,n1snfjn,0.0,t1_n1qgfam,comment,n1snfjn,n1qgfam,1ltc2vk,2qolh,t3_1ltc2vk,6,False,0.0007,False,t5_2qolh,0,6,6,2025-07-07T12:18:19.000Z,https://www.reddit.com/r/union/comments/1ltc2vk/some_boss/n1snfjn/,union
1966.9794,t2_791b4c23,t1_ojcu7qo,Certain-Dress9763,False,Lalqila restaurant,"<div class=""md""><p>Lalqila restaurant </p>
</div>",19,0.0,0.0,2026-07-22T16:29:25.711Z,comment,0.0,False,0,ojcu7qo,0.0,t3_1syt1gm,post,ojcu7qo,1syt1gm,1syt1gm,3oy79,t3_1syt1gm,1,False,0.0005,False,t5_3oy79,0,2,1,2026-05-01T17:30:40.000Z,https://www.reddit.com/r/DubaiMallus/comments/1syt1gm/bbq_nation_buffet_bday_party/ojcu7qo/,DubaiMallus
1987.2669,t2_sd90qpmm,t1_oj7dvs5,UniqueCriticism2601,False,"BBQ nation @ sharjah central is 76 with out vat  for dinner in week days. Bday person on same day gets free entry if you bring atleast 3 person. 
It eas decent experience i went for party there yesterday. Not crowded.","<div class=""md""><p>BBQ nation @ sharjah central is 76 with out vat  for dinner in week days. Bday person on same day gets free entry if you bring atleast 3 person. 
It eas decent experience i went for party there yesterday. Not crowded.</p>
</div>",217,0.0,0.0,2026-07-22T16:29:25.711Z,comment,0.0,False,0,oj7dvs5,0.0,t3_1syt1gm,post,oj7dvs5,1syt1gm,1syt1gm,3oy79,t3_1syt1gm,1,False,0.0005,False,t5_3oy79,0,41,1,2026-04-30T21:13:25.000Z,https://www.reddit.com/r/DubaiMallus/comments/1syt1gm/bbq_nation_buffet_bday_party/oj7dvs5/,DubaiMallus
1996.2735,t2_1hbqq9rntr,t1_oj49pao,TurbulentSurprise609,False,"Bro, check out Cobone or Groupon. They’ve got plenty of buffet deals with different pricing. You can choose based on whether you want breakfast / lunch or dinner.","<div class=""md""><p>Bro, check out Cobone or Groupon. They’ve got plenty of buffet deals with different pricing. You can choose based on whether you want breakfast / lunch or dinner.</p>
</div>",162,0.0,0.0,2026-07-22T16:29:25.711Z,comment,0.0,False,0,oj49pao,0.0,t3_1syt1gm,post,oj49pao,1syt1gm,1syt1gm,3oy79,t3_1syt1gm,1,False,0.0005,False,t5_3oy79,0,28,1,2026-04-30T12:13:01.000Z,https://www.reddit.com/r/DubaiMallus/comments/1syt1gm/bbq_nation_buffet_bday_party/oj49pao/,DubaiMallus
2014.7738,t2_dil7rv5i,t1_oiz9qfz,amg63-dreamer,False,"BBQ nation food is really below average when we visit couple of months back.
Also too crowded with a lot of noise .
","<div class=""md""><p>BBQ nation food is really below average when we visit couple of months back.
Also too crowded with a lot of noise .</p>
</div>",116,0.0,0.0,2026-07-22T16:29:25.711Z,comment,0.0,False,0,oiz9qfz,0.0,t3_1syt1gm,post,oiz9qfz,1syt1gm,1syt1gm,3oy79,t3_1syt1gm,2,False,0.001,False,t5_3oy79,0,23,2,2026-04-29T17:43:00.000Z,https://www.reddit.com/r/DubaiMallus/comments/1syt1gm/bbq_nation_buffet_bday_party/oiz9qfz/,DubaiMallus
2022.5141,t2_7o6wtv5g,t1_oiwsr07,ADSavy,False,"BBQ Nation have special price now
Weekday 59 & weekends 69","<div class=""md""><p>BBQ Nation have special price now
Weekday 59 &amp; weekends 69</p>
</div>",58,0.0,0.0,2026-07-22T16:29:25.711Z,comment,0.0,False,0,oiwsr07,0.0,t3_1syt1gm,post,oiwsr07,1syt1gm,1syt1gm,3oy79,t3_1syt1gm,2,False,0.001,False,t5_3oy79,0,11,2,2026-04-29T09:58:35.000Z,https://www.reddit.com/r/DubaiMallus/comments/1syt1gm/bbq_nation_buffet_bday_party/oiwsr07/,DubaiMallus
2022.213,t2_bhl6hg83,t1_oiwuy06,Large_Skin4631,False,Which location?i just called DSO branch they told its 94 per person on weekends,"<div class=""md""><p>Which location?i just called DSO branch they told its 94 per person on weekends</p>
</div>",79,0.0,0.0,2026-07-22T16:29:25.711Z,comment,1.0,False,0,oiwuy06,1.0,t1_oiwsr07,comment,oiwuy06,oiwsr07,1syt1gm,3oy79,t3_1syt1gm,1,False,0.0005,False,t5_3oy79,0,14,1,2026-04-29T10:16:39.000Z,https://www.reddit.com/r/DubaiMallus/comments/1syt1gm/bbq_nation_buffet_bday_party/oiwuy06/,DubaiMallus
2022.8916,t2_5aqje7qt,t1_oiwq3rw,sakhavk,False,"absolute barbecues dinner aanengi 89+ aanu weekendil.

deira city centrinte aduthayi oru branch und..

table munkooti book cheyyam.

[avarude websitil kayariyal kooduthal details kittum.](https://www.absolutebarbecuesme.com/buffet-menu)","<div class=""md""><p>absolute barbecues dinner aanengi 89+ aanu weekendil.</p>

<p>deira city centrinte aduthayi oru branch und..</p>

<p>table munkooti book cheyyam.</p>

<p><a href=""https://www.absolutebarbecuesme.com/buffet-menu"">avarude websitil kayariyal kooduthal details kittum.</a></p>
</div>",236,0.0,0.0,2026-07-22T16:29:25.711Z,comment,0.0,False,0,oiwq3rw,0.0,t3_1syt1gm,post,oiwq3rw,1syt1gm,1syt1gm,3oy79,t3_1syt1gm,1,False,0.0005,False,t5_3oy79,0,24,1,2026-04-29T09:35:56.000Z,https://www.reddit.com/r/DubaiMallus/comments/1syt1gm/bbq_nation_buffet_bday_party/oiwq3rw/,DubaiMallus
2011.4152,t2_ght6kw34,t1_oj0imqq,Important_Law_780,False,Absolute bbq nte quality ippo koranj,"<div class=""md""><p>Absolute bbq nte quality ippo koranj</p>
</div>",36,0.0,0.0,2026-07-22T16:29:25.711Z,comment,1.0,False,0,oj0imqq,0.0,t1_oiwq3rw,comment,oj0imqq,oiwq3rw,1syt1gm,3oy79,t3_1syt1gm,1,False,0.0005,False,t5_3oy79,0,6,1,2026-04-29T21:04:31.000Z,https://www.reddit.com/r/DubaiMallus/comments/1syt1gm/bbq_nation_buffet_bday_party/oj0imqq/,DubaiMallus
2023.5819,t2_f4ph8wsh6,t1_oiwllrf,StillLearningLife-1,False,"It was 65 per person on weekdays and 85 on weekends. 

I am not 100% sure. Just call their branch to confirm and reserve","<div class=""md""><p>It was 65 per person on weekdays and 85 on weekends. </p>

<p>I am not 100% sure. Just call their branch to confirm and reserve</p>
</div>",120,0.0,0.0,2026-07-22T16:29:25.711Z,comment,0.0,False,0,oiwllrf,0.0,t3_1syt1gm,post,oiwllrf,1syt1gm,1syt1gm,3oy79,t3_1syt1gm,3,False,0.0015,False,t5_3oy79,0,24,3,2026-04-29T08:54:31.000Z,https://www.reddit.com/r/DubaiMallus/comments/1syt1gm/bbq_nation_buffet_bday_party/oiwllrf/,DubaiMallus
4397.8427,,t2_bb86jzcn,elonmusk_ka_chacha,False,"Hey Punekars 👋

It’s my birthday tomorrow 🎂 and I’m planning to go to BBQ Nation. I’m pure veg, so I wanted honest opinions from people here.

Which BBQ Nation outlet near Hinjewadi, Wakad, or within 5–10 km from Hinjewadi would you recommend for:

Best veg food options

Taste and variety

Service and overall experience

Also, a few things I’d love to know:

Is BBQ Nation actually worth it for pure veg people?

Any must-try veg items I should not miss?

Best time/day to go to avoid too much rush

Anything I should keep in mind since it’s a birthday visit?

Looking forward to celebrating with good food, so your suggestions will really help. Thanks in advance! 🙌🎉","<!-- SC_OFF --><div class=""md""><p>Hey Punekars 👋</p>

<p>It’s my birthday tomorrow 🎂 and I’m planning to go to BBQ Nation. I’m pure veg, so I wanted honest opinions from people here.</p>

<p>Which BBQ Nation outlet near Hinjewadi, Wakad, or within 5–10 km from Hinjewadi would you recommend for:</p>

<p>Best veg food options</p>

<p>Taste and variety</p>

<p>Service and overall experience</p>

<p>Also, a few things I’d love to know:</p>

<p>Is BBQ Nation actually worth it for pure veg people?</p>

<p>Any must-try veg items I should not miss?</p>

<p>Best time/day to go to avoid too much rush</p>

<p>Anything I should keep in mind since it’s a birthday visit?</p>

<p>Looking forward to celebrating with good food, so your suggestions will really help. Thanks in advance! 🙌🎉</p>
</div><!-- SC_ON -->",673,,,2026-07-22T16:29:25.839Z,post,,False,0,t3_1qhxrz0,,,,bb86jzcn,,,,,7,False,0.0016,False,,0,136,7,2026-01-20T10:38:52.000Z,https://www.reddit.com/r/pune/comments/1qhxrz0/going_to_bbq_nation_for_first_time_which_one_is/,pune
1394.7125,,t2_1kr89pjvck,Handy_Hemlock77,False,"We're planning a hangout in BBQN wakad. I'm very confused about the pricing. The vegetarian price is around 600. How much would the total be after taxes and all, per person, if there are 5 of us? (I know many people feel it isn't worth it and all, but we've made up our minds)","<!-- SC_OFF --><div class=""md""><p>We&#39;re planning a hangout in BBQN wakad. I&#39;m very confused about the pricing. The vegetarian price is around 600. How much would the total be after taxes and all, per person, if there are 5 of us? (I know many people feel it isn&#39;t worth it and all, but we&#39;ve made up our minds)</p>
</div><!-- SC_ON -->",276,,,2026-07-22T16:29:25.863Z,post,,False,0,t3_1tn9or2,,,,1kr89pjvck,,,,,2,False,0.0014,False,,0,56,2,2026-05-25T13:46:41.000Z,https://www.reddit.com/r/pune/comments/1tn9or2/bbq_nation/,pune
4397.8191,t2_bo74t9gej,t1_o0n8odm,Large-Rabbit-4491,False,"I am non vegetarian, I would suggest dont go as a pure veg person, but for nonveg its heaven","<div class=""md""><p>I am non vegetarian, I would suggest dont go as a pure veg person, but for nonveg its heaven</p>
</div>",92,0.0,0.0,2026-07-22T16:29:25.839Z,comment,0.0,False,0,o0n8odm,0.0,t3_1qhxrz0,post,o0n8odm,1qhxrz0,1qhxrz0,2qvrw,t3_1qhxrz0,18,False,0.0041,False,t5_2qvrw,0,19,18,2026-01-20T10:40:17.000Z,https://www.reddit.com/r/pune/comments/1qhxrz0/going_to_bbq_nation_for_first_time_which_one_is/o0n8odm/,pune
4397.7277,t2_94k774gm9,t1_o0n9ari,PositiveParking819,False,If you tell them it's your birthday they'll provide a cake.. but for pure Veg it's a waste of money..,"<div class=""md""><p>If you tell them it&#39;s your birthday they&#39;ll provide a cake.. but for pure Veg it&#39;s a waste of money..</p>
</div>",101,0.0,0.0,2026-07-22T16:29:25.839Z,comment,0.0,False,0,o0n9ari,0.0,t3_1qhxrz0,post,o0n9ari,1qhxrz0,1qhxrz0,2qvrw,t3_1qhxrz0,11,False,0.0025,False,t5_2qvrw,0,20,11,2026-01-20T10:45:46.000Z,https://www.reddit.com/r/pune/comments/1qhxrz0/going_to_bbq_nation_for_first_time_which_one_is/o0n9ari/,pune
4397.6358,t2_94k774gm9,t1_o0n9xan,PositiveParking819,False,850+taxes I guess...,"<div class=""md""><p>850+taxes I guess...</p>
</div>",20,0.0,0.0,2026-07-22T16:29:25.839Z,comment,2.0,False,0,o0n9xan,0.0,t1_o0n9ryx,comment,o0n9xan,o0n9ryx,1qhxrz0,2qvrw,t3_1qhxrz0,2,False,0.0005,False,t5_2qvrw,0,3,2,2026-01-20T10:51:17.000Z,https://www.reddit.com/r/pune/comments/1qhxrz0/going_to_bbq_nation_for_first_time_which_one_is/o0n9xan/,pune
4397.1988,,t1_o0ncxmq,[deleted],False,It's a waste of money for pure veg and totally unhygienic!!,"<div class=""md""><p>It&#39;s a waste of money for pure veg and totally unhygienic!!</p>
</div>",59,0.0,0.0,2026-07-22T16:29:25.839Z,comment,0.0,False,0,o0ncxmq,0.0,t3_1qhxrz0,post,o0ncxmq,1qhxrz0,1qhxrz0,2qvrw,t3_1qhxrz0,2,False,0.0005,False,t5_2qvrw,0,11,2,2026-01-20T11:17:30.000Z,https://www.reddit.com/r/pune/comments/1qhxrz0/going_to_bbq_nation_for_first_time_which_one_is/o0ncxmq/,pune
4392.3094,t2_138ypn,t1_o0ornp0,AnujKulkarni,False,Food quality wise AB < BBQ N,"<div class=""md""><p>Food quality wise AB &lt; BBQ N</p>
</div>",28,0.0,0.0,2026-07-22T16:29:25.839Z,comment,1.0,False,0,o0ornp0,0.0,t1_o0nc000,comment,o0ornp0,o0nc000,1qhxrz0,2qvrw,t3_1qhxrz0,3,False,0.0007,False,t5_2qvrw,0,7,3,2026-01-20T16:10:52.000Z,https://www.reddit.com/r/pune/comments/1qhxrz0/going_to_bbq_nation_for_first_time_which_one_is/o0ornp0/,pune
4396.5508,t2_bb86jzcn,t1_o0nhtc3,elonmusk_ka_chacha,False,"I saw ab's menu it says to book table for only 599 . Is that really the real price, or there will be extra charge for food","<div class=""md""><p>I saw ab&#39;s menu it says to book table for only 599 . Is that really the real price, or there will be extra charge for food</p>
</div>",122,0.0,0.0,2026-07-22T16:29:25.839Z,comment,1.0,False,0,o0nhtc3,1.0,t1_o0nc000,comment,o0nhtc3,o0nc000,1qhxrz0,2qvrw,t3_1qhxrz0,1,False,0.0002,False,t5_2qvrw,0,27,1,2026-01-20T11:56:23.000Z,https://www.reddit.com/r/pune/comments/1qhxrz0/going_to_bbq_nation_for_first_time_which_one_is/o0nhtc3/,pune
186.7361,,t2_1f7sgzrw58,EggOnlyDiet,False,"My inspiration for making this: https://old.reddit.com/r/nba/comments/1uwbu9g/oc_what_fast_food_chain_is_each_nba_franchise/

## What Fast-Food Franchise Is Each NFL Franchise?

**Arizona Cardinals: Carl’s Jr.**
They have technically existed forever, are vaguely associated with the desert, and occasionally produce something that looks exciting in the commercials. Then you experience it and remember why nobody was talking about them.

**Atlanta Falcons: Chick-fil-A**
The Atlanta pairing is obvious. The brand is beloved, the color scheme works, and being structurally unavailable on Sundays is such a perfect Falcons metaphor that no further explanation is required.

**Baltimore Ravens: Mission BBQ**
Meat-heavy, intensely organized, and completely uninterested in subtlety. The formula is always physicality, competent management, and making sure you leave feeling like you were hit by something.

**Buffalo Bills: Buffalo Wild Wings**
Loud, chaotic, covered in sauce, and best enjoyed with a room full of increasingly emotional people. The experience is usually excellent until the final few minutes, when something devastating happens to everyone involved.

**Carolina Panthers: Subway**
Keeps changing the menu, the leadership, and the person behind the counter, but no combination has made the product feel fresh in years.

**Chicago Bears: Portillo’s**
Built on beef, history, and the conviction that the old ways were better. After years of serving the same disappointing thing, the menu finally looks modern enough that Chicago is ready to become unbearable again.

**Cincinnati Bengals: Wendy’s**
Usually sharp, entertaining, and much better than the old version. Unfortunately, the entire experience depends on one essential ingredient remaining healthy.

**Cleveland Browns: Long John Silver’s**
The building looks abandoned, the product has raised serious questions for years, and yet an incredibly loyal group of customers keeps showing up. Nobody knows whether this is admirable or a cry for help.

**Dallas Cowboys: McDonald’s**
The biggest brand in the country, unavoidable in advertising, and still dining out on what it accomplished in the 1990s. Every year brings a new promotional campaign explaining why this version will be different.

**Denver Broncos: Qdoba**
For years, everyone treated it as the less interesting burrito option. Then you look up and realize it has quietly assembled one of the best operations around while the flashier competition struggles.

**Detroit Lions: Little Caesars**
Detroit-born, blue-collar, ridiculed for years, and suddenly much better than the jokes suggest. The fans who survived the bad years are now furious that everyone else has discovered it.

**Green Bay Packers: Culver’s**
Small-town Wisconsin, cheese, consistency, and a customer base that treats the place like a civic institution. It should not be this nationally successful given the size of its market, yet the formula keeps working.

**Houston Texans: Chipotle**
Young, exciting, and loaded with high-quality ingredients. When assembled correctly, it looks like one of the best options available, but one bad decision can still ruin the entire bowl.

**Indianapolis Colts: Steak ’n Shake**
A Midwestern classic still trading heavily on memories of when the operation was elite. The ingredients seem recognizable, but every visit takes longer than expected and ends with questions about management.

**Jacksonville Jaguars: Firehouse Subs**
Solid ingredients, underrated nationally, and occasionally much better than people realize, right before one awkward experience reminds everyone why they had stopped paying attention.

**Kansas City Chiefs: KFC**
Red, globally recognized, and for years the default answer whenever someone wanted a reliable win. One terrible batch has everyone loudly declaring the empire finished, which probably means it is not.

**Las Vegas Raiders: Hooters**
The entire brand is built around an edgy image that was much cooler several decades ago. It keeps relocating into flashier markets, but the actual product still feels stuck in the past.

**Los Angeles Chargers: Panda Express**
Efficient, consistently pretty good, and somehow incapable of inspiring the level of devotion its quality should produce. Half the people in the building appear to be there because it was the most convenient available option.

**Los Angeles Rams: Five Guys**
Flashy, expensive, and built by paying top dollar for every ingredient. The finished product can be great, but it never feels like something designed to last on a budget.

**Miami Dolphins: Baskin-Robbins**
Bright, fun, and extremely appealing in warm weather. By the time December arrives, the enthusiasm has usually melted away.

**Minnesota Vikings: Dairy Queen**
A Minnesota institution that delivers plenty of enjoyable regular-season experiences, followed by an annual brain freeze at exactly the worst possible moment.

**New England Patriots: Dunkin’**
New England runs on it. It dominated daily life for years, declined enough that outsiders started celebrating, and then returned to the national stage before anyone was emotionally prepared for it.

**New Orleans Saints: Popeyes**
Louisiana flavor, a fanatically loyal local following, and memories of a truly great peak. Lately, you walk in excited and discover that several important items are unavailable.

**New York Giants: Nathan’s Famous**
An old New York institution whose name carries considerably more weight than its current product. People still talk about the glory days, while the modern experience mostly survives on nostalgia and prime real estate.

**New York Jets: Sbarro**
It claims New York, but New Yorkers would prefer not to discuss it. Every few years, a new manager promises the recipe has been fixed, and every few years you are left staring at the same sad slice.

**Philadelphia Eagles: Wawa**
Aggressively regional, extremely well-run, and loved with an intensity outsiders find slightly frightening. Criticize it within city limits and you may be required to defend yourself physically.

**Pittsburgh Steelers: Domino’s**
The recipe rarely changes, the presentation is never glamorous, and somehow it keeps delivering a winning product no matter how many people predict this is the year it finally falls apart.

**San Francisco 49ers: In-N-Out**
A California classic with a limited menu, a famous history, and fans who insist the old formula remains superior to everything else. The product is excellent when every component is available, which is not always.

**Seattle Seahawks: Starbucks**
Born in Seattle, spread everywhere, went through a period when people thought the magic was gone, and then suddenly ended up on top of the world again. Now everyone has to pretend they always believed in the new recipe.

**Tampa Bay Buccaneers: Taco Bell**
Usually chaotic, frequently questionable, and never built for long-term stability. Every once in a while, though, it produces something unexpectedly great and everyone forgives years of bad decisions.

**Tennessee Titans: Quiznos**
Had a legitimate peak around the turn of the century, gradually disappeared from national relevance, and still occasionally causes someone to ask, “Wait, are they still around?”

**Washington Commanders: Burger King**
Has changed its name, logo, leadership, and overall identity so many times that nobody is quite sure what the brand stands for. New management insists the comeback is real.","<!-- SC_OFF --><div class=""md""><p>My inspiration for making this: <a href=""https://old.reddit.com/r/nba/comments/1uwbu9g/oc_what_fast_food_chain_is_each_nba_franchise/"">https://old.reddit.com/r/nba/comments/1uwbu9g/oc_what_fast_food_chain_is_each_nba_franchise/</a></p>

<h2>What Fast-Food Franchise Is Each NFL Franchise?</h2>

<p><strong>Arizona Cardinals: Carl’s Jr.</strong>
They have technically existed forever, are vaguely associated with the desert, and occasionally produce something that looks exciting in the commercials. Then you experience it and remember why nobody was talking about them.</p>

<p><strong>Atlanta Falcons: Chick-fil-A</strong>
The Atlanta pairing is obvious. The brand is beloved, the color scheme works, and being structurally unavailable on Sundays is such a perfect Falcons metaphor that no further explanation is required.</p>

<p><strong>Baltimore Ravens: Mission BBQ</strong>
Meat-heavy, intensely organized, and completely uninterested in subtlety. The formula is always physicality, competent management, and making sure you leave feeling like you were hit by something.</p>

<p><strong>Buffalo Bills: Buffalo Wild Wings</strong>
Loud, chaotic, covered in sauce, and best enjoyed with a room full of increasingly emotional people. The experience is usually excellent until the final few minutes, when something devastating happens to everyone involved.</p>

<p><strong>Carolina Panthers: Subway</strong>
Keeps changing the menu, the leadership, and the person behind the counter, but no combination has made the product feel fresh in years.</p>

<p><strong>Chicago Bears: Portillo’s</strong>
Built on beef, history, and the conviction that the old ways were better. After years of serving the same disappointing thing, the menu finally looks modern enough that Chicago is ready to become unbearable again.</p>

<p><strong>Cincinnati Bengals: Wendy’s</strong>
Usually sharp, entertaining, and much better than the old version. Unfortunately, the entire experience depends on one essential ingredient remaining healthy.</p>

<p><strong>Cleveland Browns: Long John Silver’s</strong>
The building looks abandoned, the product has raised serious questions for years, and yet an incredibly loyal group of customers keeps showing up. Nobody knows whether this is admirable or a cry for help.</p>

<p><strong>Dallas Cowboys: McDonald’s</strong>
The biggest brand in the country, unavoidable in advertising, and still dining out on what it accomplished in the 1990s. Every year brings a new promotional campaign explaining why this version will be different.</p>

<p><strong>Denver Broncos: Qdoba</strong>
For years, everyone treated it as the less interesting burrito option. Then you look up and realize it has quietly assembled one of the best operations around while the flashier competition struggles.</p>

<p><strong>Detroit Lions: Little Caesars</strong>
Detroit-born, blue-collar, ridiculed for years, and suddenly much better than the jokes suggest. The fans who survived the bad years are now furious that everyone else has discovered it.</p>

<p><strong>Green Bay Packers: Culver’s</strong>
Small-town Wisconsin, cheese, consistency, and a customer base that treats the place like a civic institution. It should not be this nationally successful given the size of its market, yet the formula keeps working.</p>

<p><strong>Houston Texans: Chipotle</strong>
Young, exciting, and loaded with high-quality ingredients. When assembled correctly, it looks like one of the best options available, but one bad decision can still ruin the entire bowl.</p>

<p><strong>Indianapolis Colts: Steak ’n Shake</strong>
A Midwestern classic still trading heavily on memories of when the operation was elite. The ingredients seem recognizable, but every visit takes longer than expected and ends with questions about management.</p>

<p><strong>Jacksonville Jaguars: Firehouse Subs</strong>
Solid ingredients, underrated nationally, and occasionally much better than people realize, right before one awkward experience reminds everyone why they had stopped paying attention.</p>

<p><strong>Kansas City Chiefs: KFC</strong>
Red, globally recognized, and for years the default answer whenever someone wanted a reliable win. One terrible batch has everyone loudly declaring the empire finished, which probably means it is not.</p>

<p><strong>Las Vegas Raiders: Hooters</strong>
The entire brand is built around an edgy image that was much cooler several decades ago. It keeps relocating into flashier markets, but the actual product still feels stuck in the past.</p>

<p><strong>Los Angeles Chargers: Panda Express</strong>
Efficient, consistently pretty good, and somehow incapable of inspiring the level of devotion its quality should produce. Half the people in the building appear to be there because it was the most convenient available option.</p>

<p><strong>Los Angeles Rams: Five Guys</strong>
Flashy, expensive, and built by paying top dollar for every ingredient. The finished product can be great, but it never feels like something designed to last on a budget.</p>

<p><strong>Miami Dolphins: Baskin-Robbins</strong>
Bright, fun, and extremely appealing in warm weather. By the time December arrives, the enthusiasm has usually melted away.</p>

<p><strong>Minnesota Vikings: Dairy Queen</strong>
A Minnesota institution that delivers plenty of enjoyable regular-season experiences, followed by an annual brain freeze at exactly the worst possible moment.</p>

<p><strong>New England Patriots: Dunkin’</strong>
New England runs on it. It dominated daily life for years, declined enough that outsiders started celebrating, and then returned to the national stage before anyone was emotionally prepared for it.</p>

<p><strong>New Orleans Saints: Popeyes</strong>
Louisiana flavor, a fanatically loyal local following, and memories of a truly great peak. Lately, you walk in excited and discover that several important items are unavailable.</p>

<p><strong>New York Giants: Nathan’s Famous</strong>
An old New York institution whose name carries considerably more weight than its current product. People still talk about the glory days, while the modern experience mostly survives on nostalgia and prime real estate.</p>

<p><strong>New York Jets: Sbarro</strong>
It claims New York, but New Yorkers would prefer not to discuss it. Every few years, a new manager promises the recipe has been fixed, and every few years you are left staring at the same sad slice.</p>

<p><strong>Philadelphia Eagles: Wawa</strong>
Aggressively regional, extremely well-run, and loved with an intensity outsiders find slightly frightening. Criticize it within city limits and you may be required to defend yourself physically.</p>

<p><strong>Pittsburgh Steelers: Domino’s</strong>
The recipe rarely changes, the presentation is never glamorous, and somehow it keeps delivering a winning product no matter how many people predict this is the year it finally falls apart.</p>

<p><strong>San Francisco 49ers: In-N-Out</strong>
A California classic with a limited menu, a famous history, and fans who insist the old formula remains superior to everything else. The product is excellent when every component is available, which is not always.</p>

<p><strong>Seattle Seahawks: Starbucks</strong>
Born in Seattle, spread everywhere, went through a period when people thought the magic was gone, and then suddenly ended up on top of the world again. Now everyone has to pretend they always believed in the new recipe.</p>

<p><strong>Tampa Bay Buccaneers: Taco Bell</strong>
Usually chaotic, frequently questionable, and never built for long-term stability. Every once in a while, though, it produces something unexpectedly great and everyone forgives years of bad decisions.</p>

<p><strong>Tennessee Titans: Quiznos</strong>
Had a legitimate peak around the turn of the century, gradually disappeared from national relevance, and still occasionally causes someone to ask, “Wait, are they still around?”</p>

<p><strong>Washington Commanders: Burger King</strong>
Has changed its name, logo, leadership, and overall identity so many times that nobody is quite sure what the brand stands for. New management insists the comeback is real.</p>
</div><!-- SC_ON -->",7463,,,2026-07-22T16:29:26.943Z,post,,False,0,t3_1uwmcvz,,,,1f7sgzrw58,,,,,420,False,2.2492,False,,0,1109,420,2026-07-14T21:45:17.000Z,https://www.reddit.com/r/nfl/comments/1uwmcvz/what_fast_food_chain_is_each_nfl_franchise/,nfl
1394.4164,t2_8yd9vdzg,t1_onsem3l,Illustrious_Role_304,False,better ask at counter,"<div class=""md""><p>better ask at counter</p>
</div>",21,0.0,0.0,2026-07-22T16:29:25.863Z,comment,0.0,False,0,onsem3l,0.0,t3_1tn9or2,post,onsem3l,1tn9or2,1tn9or2,2qvrw,t3_1tn9or2,2,False,0.0014,False,t5_2qvrw,0,4,2,2026-05-25T14:04:27.000Z,https://www.reddit.com/r/pune/comments/1tn9or2/bbq_nation/onsem3l/,pune
1361.5358,t2_m0cvn8ua,t1_oo2c6x2,santrupt1994,False,"I have checked the Barbecue Nation website, it says Rs. 899 per person + taxes. If it's 5 people then it will cost Rs. 4495 + taxes.","<div class=""md""><p>I have checked the Barbecue Nation website, it says Rs. 899 per person + taxes. If it&#39;s 5 people then it will cost Rs. 4495 + taxes.</p>
</div>",132,0.0,0.0,2026-07-22T16:29:25.863Z,comment,0.0,False,0,oo2c6x2,0.0,t3_1tn9or2,post,oo2c6x2,1tn9or2,1tn9or2,2qvrw,t3_1tn9or2,1,False,0.0007,False,t5_2qvrw,0,27,1,2026-05-26T22:57:17.000Z,https://www.reddit.com/r/pune/comments/1tn9or2/bbq_nation/oo2c6x2/,pune
872.9664,,t2_ge57qqi3x,Excellent-Pie-3846,False,What's the difference between these 2 offers?? Food mei any difference?,"<!-- SC_OFF --><div class=""md""><p>What&#39;s the difference between these 2 offers?? Food mei any difference? </p>
</div><!-- SC_ON -->",72,,,2026-07-22T16:29:27.150Z,post,,False,0,t3_1u76owp,,,,ge57qqi3x,,,,,4,False,0.0046,False,,0,14,4,2026-06-16T07:31:28.000Z,https://www.reddit.com/r/kalyan_dombivli/comments/1u76owp/bbq_nation_xperia/,kalyan_dombivli
183.7253,t2_215wxtyh,t1_oxl8xt5,Brix001,False,"Yep, it’s July","<div class=""md""><p>Yep, it’s July</p>
</div>",14,0.0,0.0,2026-07-22T16:29:26.944Z,comment,0.0,False,0,oxl8xt5,0.0,t3_1uwmcvz,post,oxl8xt5,1uwmcvz,1uwmcvz,2qmg3,t3_1uwmcvz,746,False,4.0604,False,t5_2qmg3,0,3,746,2026-07-15T00:45:56.000Z,https://www.reddit.com/r/nfl/comments/1uwmcvz/what_fast_food_chain_is_each_nfl_franchise/oxl8xt5/,nfl
1598.8431,t2_r1zaq,t1_om8db24,Inanimate_CARB0N_Rod,False,"Put Stubbs Original bbq sauce on there. It's half the calories of most bottled sauces and is actual bbq sauce, not diet food.","<div class=""md""><p>Put Stubbs Original bbq sauce on there. It&#39;s half the calories of most bottled sauces and is actual bbq sauce, not diet food.</p>
</div>",125,0.0,0.0,2026-07-22T16:29:27.049Z,comment,0.0,False,0,om8db24,0.0,t3_1tf30o2,post,om8db24,1tf30o2,1tf30o2,aitkr7,t3_1tf30o2,3,False,0.0019,False,t5_aitkr7,0,23,3,2026-05-17T01:38:52.000Z,https://www.reddit.com/r/LowCalFoodFinds/comments/1tf30o2/happy_national_bbq_day_here_are_some_lower_cal/om8db24/,LowCalFoodFinds
1596.9564,t2_bsncug31,t1_om8u9x8,r4v3n70rch,False,honestly sf sweet baby ray's tastes just as good imo,"<div class=""md""><p>honestly sf sweet baby ray&#39;s tastes just as good imo</p>
</div>",52,0.0,0.0,2026-07-22T16:29:27.049Z,comment,1.0,False,0,om8u9x8,0.0,t1_om8db24,comment,om8u9x8,om8db24,1tf30o2,aitkr7,t3_1tf30o2,3,False,0.0019,False,t5_aitkr7,0,10,3,2026-05-17T03:32:04.000Z,https://www.reddit.com/r/LowCalFoodFinds/comments/1tf30o2/happy_national_bbq_day_here_are_some_lower_cal/om8u9x8/,LowCalFoodFinds
1573.7433,t2_3wjl8jz2,t1_omez38a,tulipskull,False,The bbq pizza lean cuisine is soo good,"<div class=""md""><p>The bbq pizza lean cuisine is soo good </p>
</div>",39,0.0,0.0,2026-07-22T16:29:27.049Z,comment,0.0,False,0,omez38a,0.0,t3_1tf30o2,post,omez38a,1tf30o2,1tf30o2,aitkr7,t3_1tf30o2,2,False,0.0013,False,t5_aitkr7,0,8,2,2026-05-18T02:44:51.000Z,https://www.reddit.com/r/LowCalFoodFinds/comments/1tf30o2/happy_national_bbq_day_here_are_some_lower_cal/omez38a/,LowCalFoodFinds
1600.1386,t2_88a8yqg1,t1_om814qp,Significant-Ad-2328,False,"Don’t eat any of that and just grill some chicken thighs and potatoes. 

Lean steak if you can afford the macros ","<div class=""md""><p>Don’t eat any of that and just grill some chicken thighs and potatoes. </p>

<p>Lean steak if you can afford the macros </p>
</div>",113,0.0,0.0,2026-07-22T16:29:27.049Z,comment,0.0,False,0,om814qp,0.0,t3_1tf30o2,post,om814qp,1tf30o2,1tf30o2,aitkr7,t3_1tf30o2,-4,False,-0.0025,False,t5_aitkr7,0,21,-4,2026-05-17T00:21:08.000Z,https://www.reddit.com/r/LowCalFoodFinds/comments/1tf30o2/happy_national_bbq_day_here_are_some_lower_cal/om814qp/,LowCalFoodFinds
837.9756,t2_1d71geyioh,t1_os8ef01,No-Shirt-2185,False,You get only 4 starters in cheap one and also need to pay for water bottles. Also limited main course without kulfi. Did tasted awful when u went.i complained and was given free meal upgrade on next visit .,"<div class=""md""><p>You get only 4 starters in cheap one and also need to pay for water bottles. Also limited main course without kulfi. Did tasted awful when u went.i complained and was given free meal upgrade on next visit .</p>
</div>",206,0.0,0.0,2026-07-22T16:29:27.150Z,comment,0.0,False,0,os8ef01,0.0,t3_1u76owp,post,os8ef01,1u76owp,1u76owp,273rti,t3_1u76owp,2,False,0.0024,False,t5_273rti,0,39,2,2026-06-17T18:30:55.000Z,https://www.reddit.com/r/kalyan_dombivli/comments/1u76owp/bbq_nation_xperia/os8ef01/,kalyan_dombivli
872.8498,t2_7m3p1b2o,t1_orxyitj,NebulouslyKeen,False,"Others might know better, but I think with the cheaper option you won’t get on table BBQ, just what’s in the buffet. ","<div class=""md""><p>Others might know better, but I think with the cheaper option you won’t get on table BBQ, just what’s in the buffet. </p>
</div>",117,0.0,0.0,2026-07-22T16:29:27.150Z,comment,0.0,False,0,orxyitj,0.0,t3_1u76owp,post,orxyitj,1u76owp,1u76owp,273rti,t3_1u76owp,1,False,0.0011,False,t5_273rti,0,22,1,2026-06-16T07:38:28.000Z,https://www.reddit.com/r/kalyan_dombivli/comments/1u76owp/bbq_nation_xperia/orxyitj/,kalyan_dombivli
866.3134,t2_ge57qqi3x,t1_orzlgr7,Excellent-Pie-3846,False,Oh is it,"<div class=""md""><p>Oh is it</p>
</div>",8,0.0,0.0,2026-07-22T16:29:27.150Z,comment,1.0,False,0,orzlgr7,1.0,t1_orxyitj,comment,orzlgr7,orxyitj,1u76owp,273rti,t3_1u76owp,1,False,0.0012,False,t5_273rti,0,3,1,2026-06-16T14:10:39.000Z,https://www.reddit.com/r/kalyan_dombivli/comments/1u76owp/bbq_nation_xperia/orzlgr7/,kalyan_dombivli
870.4198,t2_7uc0hg09,t1_oryfe5i,Abhir-86,False,Try r/mumbai,"<div class=""md""><p>Try <a href=""/r/mumbai"">r/mumbai</a></p>
</div>",12,0.0,0.0,2026-07-22T16:29:27.150Z,comment,0.0,False,0,oryfe5i,0.0,t3_1u76owp,post,oryfe5i,1u76owp,1u76owp,273rti,t3_1u76owp,0,False,0.0,False,t5_273rti,0,2,0,2026-06-16T10:04:16.000Z,https://www.reddit.com/r/kalyan_dombivli/comments/1u76owp/bbq_nation_xperia/oryfe5i/,kalyan_dombivli
16500.4561,t2_6l4z3,t1_ll97ovu,AutoModerator,True,"#Do not comment on the original posts

Please read our [**sub rules**](https://www.reddit.com/r/BestofRedditorUpdates/wiki/subrules). Rule-breaking may result in a ban without notice.

If there is an issue with this post (flair, formatting, quality), reply to this comment or your comment may be removed in general discussion.

**CHECK FLAIR** For concluded-only updates, use the [CONCLUDED](https://www.reddit.com/r/BestofRedditorUpdates/search?sort=new&restrict_sr=on&q=flair%3ACONCLUDED) flair.


*I am a bot, and this action was performed automatically. Please [contact the moderators of this subreddit](/message/compose/?to=/r/BestofRedditorUpdates) if you have any questions or concerns.*","<div class=""md""><h1>Do not comment on the original posts</h1>

<p>Please read our <a href=""https://www.reddit.com/r/BestofRedditorUpdates/wiki/subrules""><strong>sub rules</strong></a>. Rule-breaking may result in a ban without notice.</p>

<p>If there is an issue with this post (flair, formatting, quality), reply to this comment or your comment may be removed in general discussion.</p>

<p><strong>CHECK FLAIR</strong> For concluded-only updates, use the <a href=""https://www.reddit.com/r/BestofRedditorUpdates/search?sort=new&amp;restrict_sr=on&amp;q=flair%3ACONCLUDED"">CONCLUDED</a> flair.</p>

<p><em>I am a bot, and this action was performed automatically. Please <a href=""/message/compose/?to=/r/BestofRedditorUpdates"">contact the moderators of this subreddit</a> if you have any questions or concerns.</em></p>
</div>",694,0.0,0.0,2026-07-22T16:29:28.046Z,comment,0.0,False,0,ll97ovu,0.0,t3_1f7qr9i,post,ll97ovu,1f7qr9i,1f7qr9i,2ea6kj,t3_1f7qr9i,1,True,0.0001,True,t5_2ea6kj,0,77,1,2024-09-03T04:02:06.000Z,https://www.reddit.com/r/BestofRedditorUpdates/comments/1f7qr9i/new_update_aitah_for_being_upset_my_husband_is/ll97ovu/,BestofRedditorUpdates
16482.207,t2_nxxb3e38,t1_lldlld6,Tight-Shift5706,False,"I agree AnonThrowAway. I mean jfc, does she need to be run over by a freaking bulldozer? And just what the hell does shevthink MIL is going to say??"" Yes darling,  I fixed him up to fk another woman""?

Frankly,  I'd divorce him ass whether he cheated or not. On his better days, he still treats her like trash. And I'm a guy saying this. Husband is so repulsive, I'd ne playing ""Burning Bed""/s.","<div class=""md""><p>I agree AnonThrowAway. I mean jfc, does she need to be run over by a freaking bulldozer? And just what the hell does shevthink MIL is going to say??&quot; Yes darling,  I fixed him up to fk another woman&quot;?</p>

<p>Frankly,  I&#39;d divorce him ass whether he cheated or not. On his better days, he still treats her like trash. And I&#39;m a guy saying this. Husband is so repulsive, I&#39;d ne playing &quot;Burning Bed&quot;/s.</p>
</div>",394,0.0,0.0,2026-07-22T16:29:28.046Z,comment,1.0,False,0,lldlld6,0.0,t1_ll98m3u,comment,lldlld6,ll98m3u,1f7qr9i,2ea6kj,t3_1f7qr9i,15,False,0.0009,False,t5_2ea6kj,0,74,15,2024-09-03T22:17:03.000Z,https://www.reddit.com/r/BestofRedditorUpdates/comments/1f7qr9i/new_update_aitah_for_being_upset_my_husband_is/lldlld6/,BestofRedditorUpdates
1604.9971,t2_iowg0mkb0,t1_om6ln90,Think-Tie5943,False,Honey bbq frito twists,"<div class=""md""><p>Honey bbq frito twists</p>
</div>",22,0.0,0.0,2026-07-22T16:29:28.678Z,comment,0.0,False,0,om6ln90,0.0,t3_1tf33qh,post,om6ln90,1tf33qh,1tf33qh,2vgxr,t3_1tf33qh,8,False,0.005,False,t5_2vgxr,0,4,8,2026-05-16T19:29:39.000Z,https://www.reddit.com/r/snacking/comments/1tf33qh/happy_national_bbq_day_what_are_your_favorite_bbq/om6ln90/,snacking
1602.8566,t2_fm62hpr6,t1_om79lxl,jadedjed1,False,https://preview.redd.it/5uafoifojk1h1.jpeg?width=2000&format=pjpg&auto=webp&s=89f3c71fd820e1aa2fb6d96ffd034a67be32fa23,"<div class=""md""><p><a href=""https://preview.redd.it/5uafoifojk1h1.jpeg?width=2000&amp;format=pjpg&amp;auto=webp&amp;s=89f3c71fd820e1aa2fb6d96ffd034a67be32fa23"">https://preview.redd.it/5uafoifojk1h1.jpeg?width=2000&amp;format=pjpg&amp;auto=webp&amp;s=89f3c71fd820e1aa2fb6d96ffd034a67be32fa23</a></p>
</div>",118,0.0,0.0,2026-07-22T16:29:28.678Z,comment,0.0,False,0,om79lxl,0.0,t3_1tf33qh,post,om79lxl,1tf33qh,1tf33qh,2vgxr,t3_1tf33qh,5,False,0.0031,False,t5_2vgxr,0,1,5,2026-05-16T21:38:05.000Z,https://www.reddit.com/r/snacking/comments/1tf33qh/happy_national_bbq_day_what_are_your_favorite_bbq/om79lxl/,snacking
1602.3596,t2_dlzjcd5bf,t1_om7eva2,FridgeFucker17982,False,These were shockingly good. Couldn’t stop myself from finishing the bag,"<div class=""md""><p>These were shockingly good. Couldn’t stop myself from finishing the bag </p>
</div>",72,0.0,0.0,2026-07-22T16:29:28.678Z,comment,1.0,False,0,om7eva2,0.0,t1_om79lxl,comment,om7eva2,om79lxl,1tf33qh,2vgxr,t3_1tf33qh,1,False,0.0006,False,t5_2vgxr,0,11,1,2026-05-16T22:07:54.000Z,https://www.reddit.com/r/snacking/comments/1tf33qh/happy_national_bbq_day_what_are_your_favorite_bbq/om7eva2/,snacking
1604.8874,t2_14vz68gzl8,t1_om6mvww,shortRenae,False,I actually really like BBQ Doritos! Dipped in ranch or sour cream for a little treat.,"<div class=""md""><p>I actually really like BBQ Doritos! Dipped in ranch or sour cream for a little treat. </p>
</div>",86,0.0,0.0,2026-07-22T16:29:28.678Z,comment,0.0,False,0,om6mvww,0.0,t3_1tf33qh,post,om6mvww,1tf33qh,1tf33qh,2vgxr,t3_1tf33qh,4,False,0.0025,False,t5_2vgxr,0,16,4,2026-05-16T19:36:14.000Z,https://www.reddit.com/r/snacking/comments/1tf33qh/happy_national_bbq_day_what_are_your_favorite_bbq/om6mvww/,snacking
1603.1535,t2_62uc35sg,t1_om76elc,tracitytm_,False,https://preview.redd.it/u8kvtc0igk1h1.jpeg?width=900&format=pjpg&auto=webp&s=e4e9bb6d69dc81f1e1a944848b1260975d28b11b,"<div class=""md""><p><a href=""https://preview.redd.it/u8kvtc0igk1h1.jpeg?width=900&amp;format=pjpg&amp;auto=webp&amp;s=e4e9bb6d69dc81f1e1a944848b1260975d28b11b"">https://preview.redd.it/u8kvtc0igk1h1.jpeg?width=900&amp;format=pjpg&amp;auto=webp&amp;s=e4e9bb6d69dc81f1e1a944848b1260975d28b11b</a></p>
</div>",117,0.0,0.0,2026-07-22T16:29:28.678Z,comment,0.0,False,0,om76elc,0.0,t3_1tf33qh,post,om76elc,1tf33qh,1tf33qh,2vgxr,t3_1tf33qh,2,False,0.0012,False,t5_2vgxr,0,1,2,2026-05-16T21:20:16.000Z,https://www.reddit.com/r/snacking/comments/1tf33qh/happy_national_bbq_day_what_are_your_favorite_bbq/om76elc/,snacking
1596.9663,t2_9q63fr6f5,t1_om8u727,Emergency-Box-5719,False,"These.  *For freaking evahhhhh.*

https://preview.redd.it/ir0xs0iqam1h1.jpeg?width=600&format=pjpg&auto=webp&s=fdd5af6425802e2fbc30d9f1e8abd19706330a22","<div class=""md""><p>These.  <em>For freaking evahhhhh.</em></p>

<p><a href=""https://preview.redd.it/ir0xs0iqam1h1.jpeg?width=600&amp;format=pjpg&amp;auto=webp&amp;s=fdd5af6425802e2fbc30d9f1e8abd19706330a22"">https://preview.redd.it/ir0xs0iqam1h1.jpeg?width=600&amp;format=pjpg&amp;auto=webp&amp;s=fdd5af6425802e2fbc30d9f1e8abd19706330a22</a></p>
</div>",151,0.0,0.0,2026-07-22T16:29:28.678Z,comment,0.0,False,0,om8u727,0.0,t3_1tf33qh,post,om8u727,1tf33qh,1tf33qh,2vgxr,t3_1tf33qh,2,False,0.0013,False,t5_2vgxr,0,5,2,2026-05-17T03:31:30.000Z,https://www.reddit.com/r/snacking/comments/1tf33qh/happy_national_bbq_day_what_are_your_favorite_bbq/om8u727/,snacking
1604.8607,t2_rgxkv2hp,t1_om6n6p9,obsessivelizbeth,False,Ruffles bbq,"<div class=""md""><p>Ruffles bbq</p>
</div>",11,0.0,0.0,2026-07-22T16:29:28.678Z,comment,0.0,False,0,om6n6p9,0.0,t3_1tf33qh,post,om6n6p9,1tf33qh,1tf33qh,2vgxr,t3_1tf33qh,1,False,0.0006,False,t5_2vgxr,0,2,1,2026-05-16T19:37:50.000Z,https://www.reddit.com/r/snacking/comments/1tf33qh/happy_national_bbq_day_what_are_your_favorite_bbq/om6n6p9/,snacking
1601.9121,t2_rw1i7yja,t1_om7jfnf,Sensitive_Regular_84,False,Lays BBQ chips or the Doritos BBQ,"<div class=""md""><p>Lays BBQ chips or the Doritos BBQ</p>
</div>",33,0.0,0.0,2026-07-22T16:29:28.678Z,comment,0.0,False,0,om7jfnf,0.0,t3_1tf33qh,post,om7jfnf,1tf33qh,1tf33qh,2vgxr,t3_1tf33qh,1,False,0.0006,False,t5_2vgxr,0,7,1,2026-05-16T22:34:45.000Z,https://www.reddit.com/r/snacking/comments/1tf33qh/happy_national_bbq_day_what_are_your_favorite_bbq/om7jfnf/,snacking
1598.7346,t2_ik4ltxn3f,t1_om8eck6,masson34,False,Bieno bbq roasted chickpeas,"<div class=""md""><p>Bieno bbq roasted chickpeas </p>
</div>",28,0.0,0.0,2026-07-22T16:29:28.678Z,comment,0.0,False,0,om8eck6,0.0,t3_1tf33qh,post,om8eck6,1tf33qh,1tf33qh,2vgxr,t3_1tf33qh,1,False,0.0006,False,t5_2vgxr,0,4,1,2026-05-17T01:45:24.000Z,https://www.reddit.com/r/snacking/comments/1tf33qh/happy_national_bbq_day_what_are_your_favorite_bbq/om8eck6/,snacking
1594.6585,t2_pnzsw76ei,t1_om9c1m2,Possible-Detail2441,False,Bbq Doritos or honey bbq Fritos twists,"<div class=""md""><p>Bbq Doritos or honey bbq Fritos twists </p>
</div>",39,0.0,0.0,2026-07-22T16:29:28.678Z,comment,0.0,False,0,om9c1m2,0.0,t3_1tf33qh,post,om9c1m2,1tf33qh,1tf33qh,2vgxr,t3_1tf33qh,1,False,0.0006,False,t5_2vgxr,0,7,1,2026-05-17T05:49:58.000Z,https://www.reddit.com/r/snacking/comments/1tf33qh/happy_national_bbq_day_what_are_your_favorite_bbq/om9c1m2/,snacking
2665.0578,,t2_8zti9a02,Live_Ostrich_6668,False,"In terms of ambience, value for money and overall food quality? 

First hand experiences would be highly appreciated ","<!-- SC_OFF --><div class=""md""><p>In terms of ambience, value for money and overall food quality? </p>

<p>First hand experiences would be highly appreciated </p>
</div><!-- SC_ON -->",117,,,2026-07-22T16:29:28.942Z,post,,False,0,t3_1sakhea,,,,8zti9a02,,,,,5,False,0.0019,False,,0,31,5,2026-04-02T15:26:01.000Z,https://www.reddit.com/r/Patna/comments/1sakhea/pirates_of_grill_vs_bbq_nation_which_is_the_best/,Patna
2664.6355,t2_1m2962bdvr,t1_odwj8cl,Mysterious_Guava3663,False,Pirates of grill 100%,"<div class=""md""><p>Pirates of grill 100%</p>
</div>",21,0.0,0.0,2026-07-22T16:29:28.942Z,comment,0.0,False,0,odwj8cl,0.0,t3_1sakhea,post,odwj8cl,1sakhea,1sakhea,2sri0,t3_1sakhea,3,False,0.0011,False,t5_2sri0,0,4,3,2026-04-02T15:51:21.000Z,https://www.reddit.com/r/Patna/comments/1sakhea/pirates_of_grill_vs_bbq_nation_which_is_the_best/odwj8cl/,Patna
2664.8386,t2_dea5nvhp,t1_odwgkho,Horngri,False,"Pirates of Grill, no comparison. As a foodie who has visited almost every big buffet chain in Patna, I can guarantee you that you'll have a better food experience in Pirates of Grill. ","<div class=""md""><p>Pirates of Grill, no comparison. As a foodie who has visited almost every big buffet chain in Patna, I can guarantee you that you&#39;ll have a better food experience in Pirates of Grill. </p>
</div>",184,0.0,0.0,2026-07-22T16:29:28.942Z,comment,0.0,False,0,odwgkho,0.0,t3_1sakhea,post,odwgkho,1sakhea,1sakhea,2sri0,t3_1sakhea,2,False,0.0008,False,t5_2sri0,0,33,2,2026-04-02T15:39:10.000Z,https://www.reddit.com/r/Patna/comments/1sakhea/pirates_of_grill_vs_bbq_nation_which_is_the_best/odwgkho/,Patna
2664.3553,t2_8zti9a02,t1_odwmvop,Live_Ostrich_6668,False,What other places have you visited?,"<div class=""md""><p>What other places have you visited? </p>
</div>",36,0.0,0.0,2026-07-22T16:29:28.942Z,comment,1.0,False,0,odwmvop,1.0,t1_odwgkho,comment,odwmvop,odwgkho,1sakhea,2sri0,t3_1sakhea,1,False,0.0004,False,t5_2sri0,0,6,1,2026-04-02T16:08:10.000Z,https://www.reddit.com/r/Patna/comments/1sakhea/pirates_of_grill_vs_bbq_nation_which_is_the_best/odwmvop/,Patna
2650.2494,t2_dea5nvhp,t1_oe0wt01,Horngri,False,Depends on the festive promotions and timings. It can be between 699-900. They may have early bird discount too.,"<div class=""md""><p>Depends on the festive promotions and timings. It can be between 699-900. They may have early bird discount too.</p>
</div>",112,0.0,0.0,2026-07-22T16:29:28.942Z,comment,2.0,False,0,oe0wt01,0.0,t1_oe0w49b,comment,oe0wt01,oe0w49b,1sakhea,2sri0,t3_1sakhea,1,False,0.0004,False,t5_2sri0,0,19,1,2026-04-03T06:14:31.000Z,https://www.reddit.com/r/Patna/comments/1sakhea/pirates_of_grill_vs_bbq_nation_which_is_the_best/oe0wt01/,Patna
9765.3084,,t2_1i22jy5eyv,PinkExcalibur,False,"Amidst an ongoing prosecution riddled with alleged misconduct—withheld evidence, prejudicial leaks, and aggressive death penalty pursuit—Luigi Mangione chose kindness for his 27th birthday.
From confinement, he sent his correspondents a ""27 Things I’m Grateful For"" list, reflecting his resilience and empathy.

We’re moved by his grace under fire and thank this community for:
Upholding his presumption of innocence,
Exposing corporate-driven corruption in this case,Ensuring the truth isn’t buried by power. His gratitude is a testament to the humanity the system tries to break. His letter reveals profound humanity—a stark contrast to the system punishing him to protect corrupt power. Stand for Luigi at the next court date June 26th. ","<!-- SC_OFF --><div class=""md""><p>Amidst an ongoing prosecution riddled with alleged misconduct—withheld evidence, prejudicial leaks, and aggressive death penalty pursuit—Luigi Mangione chose kindness for his 27th birthday.
From confinement, he sent his correspondents a &quot;27 Things I’m Grateful For&quot; list, reflecting his resilience and empathy.</p>

<p>We’re moved by his grace under fire and thank this community for:
Upholding his presumption of innocence,
Exposing corporate-driven corruption in this case,Ensuring the truth isn’t buried by power. His gratitude is a testament to the humanity the system tries to break. His letter reveals profound humanity—a stark contrast to the system punishing him to protect corrupt power. Stand for Luigi at the next court date June 26th. </p>
</div><!-- SC_ON -->",740,,,2026-07-22T16:29:29.345Z,post,,False,0,t3_1l87gsf,,,,1i22jy5eyv,,,,,1876,False,0.1921,False,,0,120,1876,2025-06-10T19:10:59.000Z,https://www.reddit.com/r/FreeLuigi/comments/1l87gsf/despite_unjust_prosecution_luigi_27_sends/,FreeLuigi
1.9427,t2_2hhmlzekoz,t1_oz31tt1,Rush_Floyd_Zep_4ever,False,My Grandparents used to eat this along with fresh home made flour tortillas made with lard and butter with salt sprinkled on it. I still do too....my god fat and carb heaven! I add fresh garlic and melted butter to make a dipping sauce. I call it a Mexican bread stick lol. Just roll up the tortilla and dip that mother!,"<div class=""md""><p>My Grandparents used to eat this along with fresh home made flour tortillas made with lard and butter with salt sprinkled on it. I still do too....my god fat and carb heaven! I add fresh garlic and melted butter to make a dipping sauce. I call it a Mexican bread stick lol. Just roll up the tortilla and dip that mother! </p>
</div>",321,0.0,0.0,2026-07-22T16:29:32.641Z,comment,2.0,False,0,oz31tt1,1.0,t1_oz2z0zx,comment,oz31tt1,oz2z0zx,1v3h9a2,2s9rl,t3_1v3h9a2,17,False,8.7507,False,t5_2s9rl,0,61,17,2026-07-22T14:32:59.000Z,https://www.reddit.com/r/70s/comments/1v3h9a2/simple_saltines_and_butter/oz31tt1/,70s
0.888,t2_big1fquv,t1_oz3gqka,Beemerba,False,"When I was a kid, my grandparents had some Norwegian friends that made lefsa. It's similar to a canape and served rolled up with butter and brown sugar. I found that eating a tortilla the same way was almost as good. ","<div class=""md""><p>When I was a kid, my grandparents had some Norwegian friends that made lefsa. It&#39;s similar to a canape and served rolled up with butter and brown sugar. I found that eating a tortilla the same way was almost as good. </p>
</div>",217,0.0,0.0,2026-07-22T16:29:32.641Z,comment,3.0,False,0,oz3gqka,0.0,t1_oz31tt1,comment,oz3gqka,oz31tt1,1v3h9a2,2s9rl,t3_1v3h9a2,1,False,1.1261,False,t5_2s9rl,0,41,1,2026-07-22T15:36:16.000Z,https://www.reddit.com/r/70s/comments/1v3h9a2/simple_saltines_and_butter/oz3gqka/,70s
3.425,t2_25d71c5lb9,t1_oz2if5g,illonlyfadeaway,False,Damn it FIFA did it. We Stand As One.,"<div class=""md""><p>Damn it FIFA did it. We Stand As One.</p>
</div>",37,0.0,0.0,2026-07-22T16:29:32.847Z,comment,0.0,False,0,oz2if5g,0.0,t3_1v3fbi5,post,oz2if5g,1v3fbi5,1v3fbi5,2tfso,t3_1v3fbi5,569,False,166.1314,False,t5_2tfso,0,9,569,2026-07-22T13:04:03.000Z,https://www.reddit.com/r/soccercirclejerk/comments/1v3fbi5/this_is_how_they_celebrated_the_expulsion_on_enzo/oz2if5g/,soccercirclejerk
4.0288,t2_1rv5xylj8e,t1_oz2bc0v,Erianthus,False,Exactly. The rural India and many urban people also worship Modi like a God and cuss Congress limitless. They don't even listen to or wants to understand what is wrong with this govt. We as a citizen must be open minded to follow the latest ideology not just the party propaganda.,"<div class=""md""><p>Exactly. The rural India and many urban people also worship Modi like a God and cuss Congress limitless. They don&#39;t even listen to or wants to understand what is wrong with this govt. We as a citizen must be open minded to follow the latest ideology not just the party propaganda. </p>
</div>",281,0.0,0.0,2026-07-22T16:29:33.752Z,comment,1.0,False,0,oz2bc0v,0.0,t1_oz2acw9,comment,oz2bc0v,oz2acw9,1v3ei3a,2zhzn,t3_1v3ei3a,52,False,12.9071,False,t5_2zhzn,0,51,52,2026-07-22T12:27:50.000Z,https://www.reddit.com/r/IndianTeenagers/comments/1v3ei3a/i_thought_raga_will_never_become_pm_but_bhartiya/oz2bc0v/,IndianTeenagers
2.5651,t2_bjlvx7l7v,t1_oz2tdbk,tera_chachu,False,"This is insanity mate 

This cop is so evil","<div class=""md""><p>This is insanity mate </p>

<p>This cop is so evil</p>
</div>",43,0.0,0.0,2026-07-22T16:29:33.458Z,comment,1.0,False,0,oz2tdbk,0.0,t1_oz2py1p,comment,oz2tdbk,oz2py1p,1v3fhy2,2qh1q,t3_1v3fhy2,31,False,12.0853,False,t5_2qh1q,0,9,31,2026-07-22T13:55:39.000Z,https://www.reddit.com/r/india/comments/1v3fhy2/dharmendra_pradhans_daughter_disables_instagram/oz2tdbk/,india
2.3187,t2_8lq1hd30,t1_oz2wobg,kaiser_17,False,Thats creepy. People liking this are creeps.   Why should a child bear the sins of her parent.   Pradhan's kids have nothing to do with this.,"<div class=""md""><p>Thats creepy. People liking this are creeps.   Why should a child bear the sins of her parent.   Pradhan&#39;s kids have nothing to do with this.</p>
</div>",141,1.0,0.0,2026-07-22T16:29:33.458Z,comment,1.0,False,0,oz2wobg,0.0,t1_oz2m1vp,comment,oz2wobg,oz2m1vp,1v3fhy2,2qh1q,t3_1v3fhy2,-46,False,-19.8387,False,t5_2qh1q,0,25,-46,2026-07-22T14:10:26.000Z,https://www.reddit.com/r/india/comments/1v3fhy2/dharmendra_pradhans_daughter_disables_instagram/oz2wobg/,india
0.1507,t2_8yo4elxf,t1_oz3rdik,Environmental_Bus507,False,"If you are doing this, make sure to exclude minors. Otherwise thats another sinkhole you are opening for yourself.","<div class=""md""><p>If you are doing this, make sure to exclude minors. Otherwise thats another sinkhole you are opening for yourself.</p>
</div>",114,0.0,0.0,2026-07-22T16:29:33.458Z,comment,2.0,False,0,oz3rdik,0.0,t1_oz2pnjx,comment,oz3rdik,oz2pnjx,1v3fhy2,2qh1q,t3_1v3fhy2,1,False,6.6357,False,t5_2qh1q,0,19,1,2026-07-22T16:20:31.000Z,https://www.reddit.com/r/india/comments/1v3fhy2/dharmendra_pradhans_daughter_disables_instagram/oz3rdik/,india
13.4335,t2_1gqragn5q2,t1_oz054hr,SouthsideSlimbo,False,I’d have to be talked out of cooking it….,"<div class=""md""><p>I’d have to be talked out of cooking it….</p>
</div>",41,0.0,0.0,2026-07-22T16:29:35.538Z,comment,0.0,False,0,oz054hr,0.0,t3_1v33pwl,post,oz054hr,1v33pwl,1v33pwl,3bhqq,t3_1v33pwl,535,False,39.8258,False,t5_3bhqq,0,9,535,2026-07-22T03:03:35.000Z,https://www.reddit.com/r/GrandmasPantry/comments/1v33pwl/pulled_this_out_of_a_box_in_my_dads_attic_labeled/oz054hr/,GrandmasPantry
13.0171,t2_vmnjj44u,t1_oz095pc,pSphere1,False,"That flavor packet must be as hard as a rock. 

It would probably be best to boil it down and pick out the paper after.","<div class=""md""><p>That flavor packet must be as hard as a rock. </p>

<p>It would probably be best to boil it down and pick out the paper after.</p>
</div>",119,0.0,0.0,2026-07-22T16:29:35.539Z,comment,1.0,False,0,oz095pc,0.0,t1_oz054hr,comment,oz095pc,oz054hr,1v33pwl,3bhqq,t3_1v33pwl,171,False,13.1366,False,t5_3bhqq,0,25,171,2026-07-22T03:28:34.000Z,https://www.reddit.com/r/GrandmasPantry/comments/1v33pwl/pulled_this_out_of_a_box_in_my_dads_attic_labeled/oz095pc/,GrandmasPantry
11.8371,t2_9bzjxc5b,t1_oz0ju8r,koboldtsar,False,It's so old the price evaporated,"<div class=""md""><p>It&#39;s so old the price evaporated </p>
</div>",33,0.0,0.0,2026-07-22T16:29:35.539Z,comment,1.0,False,0,oz0ju8r,0.0,t1_oz054hr,comment,oz0ju8r,oz054hr,1v33pwl,3bhqq,t3_1v33pwl,11,False,0.9293,False,t5_3bhqq,0,6,11,2026-07-22T04:39:22.000Z,https://www.reddit.com/r/GrandmasPantry/comments/1v33pwl/pulled_this_out_of_a_box_in_my_dads_attic_labeled/oz0ju8r/,GrandmasPantry
7.9896,t2_9zuef,t1_oz1d801,iSirMeepsAlot,False,"You can certainly *cook it,* but just don’t **eat it.**  

I would 10/10 be cooking it just to see if it holds up, or just turns into a nasty mush. It’s processed to hella even back then, so I wouldn’t be too surprised if it looked perfectly fine… just a bit stale and clumpy.  ","<div class=""md""><p>You can certainly <em>cook it,</em> but just don’t <strong>eat it.</strong>  </p>

<p>I would 10/10 be cooking it just to see if it holds up, or just turns into a nasty mush. It’s processed to hella even back then, so I wouldn’t be too surprised if it looked perfectly fine… just a bit stale and clumpy.  </p>
</div>",278,0.0,0.0,2026-07-22T16:29:35.539Z,comment,1.0,False,0,oz1d801,0.0,t1_oz054hr,comment,oz1d801,oz054hr,1v33pwl,3bhqq,t3_1v33pwl,6,False,0.751,False,t5_3bhqq,0,54,6,2026-07-22T08:30:13.000Z,https://www.reddit.com/r/GrandmasPantry/comments/1v33pwl/pulled_this_out_of_a_box_in_my_dads_attic_labeled/oz1d801/,GrandmasPantry
6.1043,t2_7uc0mqkg,t1_oz1rcjw,twelvespareboobs,False,Expired Kraft gets weevils... That box likely has a few dead bugs in it,"<div class=""md""><p>Expired Kraft gets weevils... That box likely has a few dead bugs in it </p>
</div>",72,0.0,0.0,2026-07-22T16:29:35.539Z,comment,1.0,False,0,oz1rcjw,0.0,t1_oz054hr,comment,oz1rcjw,oz054hr,1v33pwl,3bhqq,t3_1v33pwl,5,False,0.8191,False,t5_3bhqq,0,14,5,2026-07-22T10:23:20.000Z,https://www.reddit.com/r/GrandmasPantry/comments/1v33pwl/pulled_this_out_of_a_box_in_my_dads_attic_labeled/oz1rcjw/,GrandmasPantry
7.8193,t2_9njg7l2v,t1_oz1efqc,jefferyJEFFERYbaby,False,I’m lactose intolerant so this would fuck me up regardless of its age. I would still try it.,"<div class=""md""><p>I’m lactose intolerant so this would fuck me up regardless of its age. I would still try it.</p>
</div>",92,0.0,0.0,2026-07-22T16:29:35.539Z,comment,1.0,False,0,oz1efqc,0.0,t1_oz054hr,comment,oz1efqc,oz054hr,1v33pwl,3bhqq,t3_1v33pwl,3,False,0.3837,False,t5_3bhqq,0,18,3,2026-07-22T08:40:26.000Z,https://www.reddit.com/r/GrandmasPantry/comments/1v33pwl/pulled_this_out_of_a_box_in_my_dads_attic_labeled/oz1efqc/,GrandmasPantry
1.1032,t2_9evil,t1_oz3dobq,ForgetfulDoryFish,False,the cheese powder goes rancid and turns brown; it would be very gross,"<div class=""md""><p>the cheese powder goes rancid and turns brown; it would be very gross</p>
</div>",69,0.0,0.0,2026-07-22T16:29:35.539Z,comment,1.0,False,0,oz3dobq,0.0,t1_oz054hr,comment,oz3dobq,oz054hr,1v33pwl,3bhqq,t3_1v33pwl,2,False,1.8129,False,t5_3bhqq,0,13,2,2026-07-22T15:23:24.000Z,https://www.reddit.com/r/GrandmasPantry/comments/1v33pwl/pulled_this_out_of_a_box_in_my_dads_attic_labeled/oz3dobq/,GrandmasPantry
12.0563,t2_1y1gte2a0d,t1_oz0hy6b,Longjumping-Solid680,False,"""It's'a Me, Diarrhea!""","<div class=""md""><p>&quot;It&#39;s&#39;a Me, Diarrhea!&quot;</p>
</div>",22,0.0,0.0,2026-07-22T16:29:35.539Z,comment,2.0,False,0,oz0hy6b,0.0,t1_oz095pc,comment,oz0hy6b,oz095pc,1v33pwl,3bhqq,t3_1v33pwl,208,False,17.2524,False,t5_3bhqq,0,3,208,2026-07-22T04:26:13.000Z,https://www.reddit.com/r/GrandmasPantry/comments/1v33pwl/pulled_this_out_of_a_box_in_my_dads_attic_labeled/oz0hy6b/,GrandmasPantry
12.2368,t2_bwcetpzq,t1_oz0gcp6,peanutgallery_31,False,Treat it like bouillon,"<div class=""md""><p>Treat it like bouillon </p>
</div>",23,0.0,0.0,2026-07-22T16:29:35.539Z,comment,2.0,False,0,oz0gcp6,0.0,t1_oz095pc,comment,oz0gcp6,oz095pc,1v33pwl,3bhqq,t3_1v33pwl,23,False,1.8796,False,t5_3bhqq,0,4,23,2026-07-22T04:15:23.000Z,https://www.reddit.com/r/GrandmasPantry/comments/1v33pwl/pulled_this_out_of_a_box_in_my_dads_attic_labeled/oz0gcp6/,GrandmasPantry
2.7276,t2_ffknh,t1_oz2r8i9,thefirstviolinist,False,"*""Flavor packet?""* It's Kraft Macaroni & Cheese. I think you mean ***cheese*** packet, no? I ***hope*** you mean cheese packet! 😅

I suppose the cheese *does* have a flavor, but calling it a ""flavor packet""— ah-la ramen noodles— is hilarious to me! 🤣","<div class=""md""><p><em>&quot;Flavor packet?&quot;</em> It&#39;s Kraft Macaroni &amp; Cheese. I think you mean <strong><em>cheese</em></strong> packet, no? I <strong><em>hope</em></strong> you mean cheese packet! 😅</p>

<p>I suppose the cheese <em>does</em> have a flavor, but calling it a &quot;flavor packet&quot;— ah-la ramen noodles— is hilarious to me! 🤣</p>
</div>",252,0.0,0.0,2026-07-22T16:29:35.539Z,comment,2.0,False,0,oz2r8i9,0.0,t1_oz095pc,comment,oz2r8i9,oz095pc,1v33pwl,3bhqq,t3_1v33pwl,4,False,1.4665,False,t5_3bhqq,0,43,4,2026-07-22T13:45:56.000Z,https://www.reddit.com/r/GrandmasPantry/comments/1v33pwl/pulled_this_out_of_a_box_in_my_dads_attic_labeled/oz2r8i9/,GrandmasPantry
12.1446,t2_zjiokassh,t1_oz0h66t,qualityvote2,False,"u/IndicationBrief5950, there weren't enough votes to determine the quality of your post...","<div class=""md""><p><a href=""/u/IndicationBrief5950"">u/IndicationBrief5950</a>, there weren&#39;t enough votes to determine the quality of your post...</p>
</div>",90,0.0,0.0,2026-07-22T16:29:35.647Z,comment,0.0,True,0,oz0h66t,0.0,t3_1v35gb9,post,oz0h66t,1v35gb9,1v35gb9,qir9n,t3_1v35gb9,1,True,0.0823,True,t5_qir9n,0,12,1,2026-07-22T04:20:55.000Z,https://www.reddit.com/r/HolUp/comments/1v35gb9/catstanbul/oz0h66t/,HolUp
1.8939,t2_12ha4spb,t1_oz32izj,TheGhostOfFalunGong,False,"Mukhang Latin Americans ang mga kawatan na ito. mind you, may visa free access karamihan sa kanila sa Schengen area tapos tayong mga Pinoy sangkatutak na requirements para makapagbakayson lang dyan.","<div class=""md""><p>Mukhang Latin Americans ang mga kawatan na ito. mind you, may visa free access karamihan sa kanila sa Schengen area tapos tayong mga Pinoy sangkatutak na requirements para makapagbakayson lang dyan.</p>
</div>",198,0.0,0.0,2026-07-22T16:29:36.154Z,comment,1.0,False,0,oz32izj,0.0,t1_oz2l4ae,comment,oz32izj,oz2l4ae,1v3f7hd,fkhmlz,t3_1v3f7hd,7,False,3.6961,False,t5_fkhmlz,0,31,7,2026-07-22T14:35:58.000Z,https://www.reddit.com/r/AnongThoughtsMo/comments/1v3f7hd/anong_thoughts_mo/oz32izj/,AnongThoughtsMo
2.742,t2_14db0u,t1_oz2r1wm,stingerized,False,And Yaris tail lights too.,"<div class=""md""><p>And Yaris tail lights too.</p>
</div>",26,0.0,0.0,2026-07-22T16:29:36.348Z,comment,1.0,False,0,oz2r1wm,0.0,t1_oz2ndnz,comment,oz2r1wm,oz2ndnz,1v3g2rv,32szo,t3_1v3g2rv,80,False,29.1758,False,t5_32szo,0,5,80,2026-07-22T13:45:05.000Z,https://www.reddit.com/r/whatisthiscar/comments/1v3g2rv/spotted_in_suzuka/oz2r1wm/,whatisthiscar
2.9111,t2_2iclq4ebrr,t1_oz2ovro,Gone_22,False,"I just got done watching the pilot debrief about Saudi Flight 163 where basically the opposite of this happened.. 

They landed with a fire but the captain told them not to evacuate and he continued to taxi off the runway. Took them 21 minutes after landing to attempt to start evacuating the aircraft and everyone on that flight passed away due to smoke inhalation. 

Amazing how following protocol saves lives. ","<div class=""md""><p>I just got done watching the pilot debrief about Saudi Flight 163 where basically the opposite of this happened.. </p>

<p>They landed with a fire but the captain told them not to evacuate and he continued to taxi off the runway. Took them 21 minutes after landing to attempt to start evacuating the aircraft and everyone on that flight passed away due to smoke inhalation. </p>

<p>Amazing how following protocol saves lives. </p>
</div>",413,0.0,0.0,2026-07-22T16:29:36.946Z,comment,0.0,False,0,oz2ovro,0.0,t3_1v3fng0,post,oz2ovro,1v3fng0,1v3fng0,2qhu8,t3_1v3fng0,341,False,117.1379,False,t5_2qhu8,0,70,341,2026-07-22T13:34:57.000Z,https://www.reddit.com/r/aviation/comments/1v3fng0/a_small_detail/oz2ovro/,aviation
6.3842,t2_1rgl98ij,t1_oz1p3c7,Hevnaar,False,"Girl? Twink?

![gif](giphy|XvjC06Gh9lhfZNBNIM)","<div class=""md""><p>Girl? Twink?</p>

<p><a href=""https://giphy.com/gifs/XvjC06Gh9lhfZNBNIM"" target=""_blank"">https://giphy.com/gifs/XvjC06Gh9lhfZNBNIM</a></p>
</div>",46,0.0,0.0,2026-07-22T16:29:41.146Z,comment,1.0,False,0,oz1p3c7,0.0,t1_oz14kb1,comment,oz1p3c7,oz14kb1,1v37vti,j34kt,t3_1v37vti,63,False,9.8681,False,t5_j34kt,0,3,63,2026-07-22T10:06:38.000Z,https://www.reddit.com/r/blursedimages/comments/1v37vti/blursed_game/oz1p3c7/,blursedimages
3.7981,t2_5v9hpkhsy,t1_oz2e0gj,frozen_desserts_01,False,Holy puchi Takane,"<div class=""md""><p>Holy puchi Takane</p>
</div>",17,0.0,0.0,2026-07-22T16:29:41.213Z,comment,0.0,False,0,oz2e0gj,0.0,t3_1v3eeft,post,oz2e0gj,1v3eeft,1v3eeft,gehk6i,t3_1v3eeft,6,False,1.5797,False,t5_gehk6i,0,3,6,2026-07-22T12:41:48.000Z,https://www.reddit.com/r/Manga_Manwa_Manhua/comments/1v3eeft/tsuki_no_joou_no_nekashitsukekata_how_to_put_the/oz2e0gj/,Manga_Manwa_Manhua
5.7224,t2_1crvlejexa,t1_oz1uk07,Specific-Ear8958,False,![gif](giphy|f5XoT6Bf0Vj8RqEP5p),"<div class=""md""><p><a href=""https://giphy.com/gifs/f5XoT6Bf0Vj8RqEP5p"" target=""_blank"">https://giphy.com/gifs/f5XoT6Bf0Vj8RqEP5p</a></p>
</div>",32,0.0,0.0,2026-07-22T16:29:42.657Z,comment,1.0,False,0,oz1uk07,0.0,t1_oz1pw71,comment,oz1uk07,oz1pw71,1v3bgpa,2qzzt,t3_1v3bgpa,1,True,0.1748,False,t5_2qzzt,0,1,1,2026-07-22T10:46:22.000Z,https://www.reddit.com/r/hungary/comments/1v3bgpa/mp_bek%C3%B6sz%C3%B6nt_nek%C3%BCnk_vit%C3%A9zy_ama_%C3%A9rkez%C5%91ben/oz1uk07/,hungary
5.9327,t2_e87i1,t1_oz1srre,acecombine,False,"![gif](giphy|oBwOba7cOph4I)  
kikerestem amin látszik a másik deszka is :)","<div class=""md""><p><a href=""https://giphy.com/gifs/oBwOba7cOph4I"" target=""_blank"">https://giphy.com/gifs/oBwOba7cOph4I</a><br/>
kikerestem amin látszik a másik deszka is :)</p>
</div>",74,0.0,0.0,2026-07-22T16:29:42.657Z,comment,1.0,False,0,oz1srre,0.0,t1_oz1npxv,comment,oz1srre,oz1npxv,1v3bgpa,2qzzt,t3_1v3bgpa,1,True,0.1686,False,t5_2qzzt,0,9,1,2026-07-22T10:33:45.000Z,https://www.reddit.com/r/hungary/comments/1v3bgpa/mp_bek%C3%B6sz%C3%B6nt_nek%C3%BCnk_vit%C3%A9zy_ama_%C3%A9rkez%C5%91ben/oz1srre/,hungary
4.531,t2_el9l6xrj,t1_oz25wnl,Sparkling_Hails,False,Fiatalnak neveztek. 🥹,"<div class=""md""><p>Fiatalnak neveztek. 🥹</p>
</div>",22,0.0,0.0,2026-07-22T16:29:42.657Z,comment,1.0,False,0,oz25wnl,0.0,t1_oz1npxv,comment,oz25wnl,oz1npxv,1v3bgpa,2qzzt,t3_1v3bgpa,1,True,0.2207,False,t5_2qzzt,0,3,1,2026-07-22T11:57:51.000Z,https://www.reddit.com/r/hungary/comments/1v3bgpa/mp_bek%C3%B6sz%C3%B6nt_nek%C3%BCnk_vit%C3%A9zy_ama_%C3%A9rkez%C5%91ben/oz25wnl/,hungary
6.4046,t2_dkmcnm8l,t1_oz1oxon,Affectionate_Life177,False,"The protest site is called "" Jantar Mantar ""","<div class=""md""><p>The protest site is called &quot; Jantar Mantar &quot;</p>
</div>",44,0.0,0.0,2026-07-22T16:29:43.445Z,comment,1.0,False,0,oz1oxon,0.0,t1_oz118ol,comment,oz1oxon,oz118ol,1v32oah,2qh0u,t3_1v32oah,1,True,0.1561,False,t5_2qh0u,0,9,1,2026-07-22T10:05:27.000Z,https://www.reddit.com/r/pics/comments/1v32oah/people_from_all_over_india_are_ordering_food/oz1oxon/,pics
5.8596,t2_iybp7q97v,t1_oz1tdtf,CarmynRamy,False,Autocorrect! Edited!,"<div class=""md""><p>Autocorrect! Edited!</p>
</div>",20,0.0,0.0,2026-07-22T16:29:43.445Z,comment,2.0,False,0,oz1tdtf,0.0,t1_oz1oxon,comment,oz1tdtf,oz1oxon,1v32oah,2qh0u,t3_1v32oah,1,True,0.1707,False,t5_2qh0u,0,2,1,2026-07-22T10:38:09.000Z,https://www.reddit.com/r/pics/comments/1v32oah/people_from_all_over_india_are_ordering_food/oz1tdtf/,pics
2.0204,t2_3o91c,t1_oz30ssy,addandsubtract,False,"Today, reddit delivered.","<div class=""md""><p>Today, reddit delivered.</p>
</div>",24,0.0,0.0,2026-07-22T16:29:43.445Z,comment,5.0,False,0,oz30ssy,0.0,t1_oz2zrho,comment,oz30ssy,oz2zrho,1v32oah,2qh0u,t3_1v32oah,1,True,0.495,False,t5_2qh0u,0,3,1,2026-07-22T14:28:30.000Z,https://www.reddit.com/r/pics/comments/1v32oah/people_from_all_over_india_are_ordering_food/oz30ssy/,pics
1.5802,t2_fs8fd5kn,t1_oz36y4q,alcalcalcalcalca,False,"It IS subplot, 90% of the anime has nothing to do with romance.","<div class=""md""><p>It IS subplot, 90% of the anime has nothing to do with romance.</p>
</div>",63,0.0,0.0,2026-07-22T16:29:43.644Z,comment,3.0,False,0,oz36y4q,0.0,t1_oz2lp8m,comment,oz36y4q,oz2lp8m,1v3fdnx,38yv2,t3_1v3fdnx,3,False,1.8985,False,t5_38yv2,0,13,3,2026-07-22T14:54:55.000Z,https://www.reddit.com/r/RomanceMangaAnime/comments/1v3fdnx/hyper_competentintelligent_mmc_and_ball_of/oz36y4q/,RomanceMangaAnime
2.5982,t2_5xc1e,t1_oz2sz5r,jsdodgers,False,"If you saw last nights Dodgers-Phillies game, yes, they're not the brightest. ","<div class=""md""><p>If you saw last nights Dodgers-Phillies game, yes, they&#39;re not the brightest. </p>
</div>",78,0.0,0.0,2026-07-22T16:29:45.346Z,comment,2.0,False,0,oz2sz5r,0.0,t1_oz26yez,comment,oz2sz5r,oz26yez,1v3dpti,2qm7u,t3_1v3dpti,5,False,1.9244,False,t5_2qm7u,0,12,5,2026-07-22T13:53:52.000Z,https://www.reddit.com/r/baseball/comments/1v3dpti/pete_crowarmstrong_has_overtaken_shohei_ohtani_as/oz2sz5r/,baseball
12.7699,t2_16rfll,t1_oz0bhl0,drivalowrida,False,![gif](giphy|7IGuxoKgY34WlBpepI),"<div class=""md""><p><a href=""https://giphy.com/gifs/7IGuxoKgY34WlBpepI"" target=""_blank"">https://giphy.com/gifs/7IGuxoKgY34WlBpepI</a></p>
</div>",32,0.0,0.0,2026-07-22T16:29:45.761Z,comment,1.0,False,0,oz0bhl0,0.0,t1_oyyoll7,comment,oz0bhl0,oyyoll7,1v2x06i,2qhsa,t3_1v2x06i,41,False,3.2107,False,t5_2qhsa,0,1,41,2026-07-22T03:43:34.000Z,https://www.reddit.com/r/interestingasfuck/comments/1v2x06i/curvy_candle_burning_through_itself/oz0bhl0/,interestingasfuck
4.6254,t2_2khnwzx8,t1_oz24ykz,Bepehandle,False,And why tf did they give her a massive chest 😭,"<div class=""md""><p>And why tf did they give her a massive chest 😭</p>
</div>",47,0.0,0.0,2026-07-22T16:29:51.567Z,comment,1.0,False,0,oz24ykz,0.0,t1_oz202b7,comment,oz24ykz,oz202b7,1v3cnlu,2ub0g,t3_1v3cnlu,131,False,28.3219,False,t5_2ub0g,0,11,131,2026-07-22T11:52:20.000Z,https://www.reddit.com/r/Ben10/comments/1v3cnlu/ben_10_x_spy_x_family_by_nathanz57/oz24ykz/,Ben10
1.8688,t2_1akn952ji8,t1_oz32xy5,The_H7160,False,https://preview.redd.it/3qovw5krlseh1.jpeg?width=216&format=pjpg&auto=webp&s=3734b1cbb5ad48a30f23d2f80e9687a243ce7be9,"<div class=""md""><p><a href=""https://preview.redd.it/3qovw5krlseh1.jpeg?width=216&amp;format=pjpg&amp;auto=webp&amp;s=3734b1cbb5ad48a30f23d2f80e9687a243ce7be9"">https://preview.redd.it/3qovw5krlseh1.jpeg?width=216&amp;format=pjpg&amp;auto=webp&amp;s=3734b1cbb5ad48a30f23d2f80e9687a243ce7be9</a></p>
</div>",117,0.0,0.0,2026-07-22T16:29:52.552Z,comment,0.0,False,0,oz32xy5,0.0,t3_1v3hyb7,post,oz32xy5,1v3hyb7,1v3hyb7,qmi8w,t3_1v3hyb7,632,False,338.1849,False,t5_qmi8w,0,1,632,2026-07-22T14:37:45.000Z,https://www.reddit.com/r/Deltarune/comments/1v3hyb7/do_you_think_noelle_ever_made_kris_in_the_sims_to/oz32xy5/,Deltarune
1.5502,t2_2dtqgivfar,t1_oz37em6,blaigmush,False,https://preview.redd.it/nt1pzzv5pseh1.png?width=498&format=png&auto=webp&s=10cfb39a266b1c7ad552489f60e4a56006144067,"<div class=""md""><p><a href=""https://preview.redd.it/nt1pzzv5pseh1.png?width=498&amp;format=png&amp;auto=webp&amp;s=10cfb39a266b1c7ad552489f60e4a56006144067"">https://preview.redd.it/nt1pzzv5pseh1.png?width=498&amp;format=png&amp;auto=webp&amp;s=10cfb39a266b1c7ad552489f60e4a56006144067</a></p>
</div>",115,0.0,0.0,2026-07-22T16:29:52.552Z,comment,1.0,False,0,oz37em6,0.0,t1_oz32xy5,comment,oz37em6,oz32xy5,1v3hyb7,qmi8w,t3_1v3hyb7,158,False,101.9223,False,t5_qmi8w,0,1,158,2026-07-22T14:56:52.000Z,https://www.reddit.com/r/Deltarune/comments/1v3hyb7/do_you_think_noelle_ever_made_kris_in_the_sims_to/oz37em6/,Deltarune
1.3124,t2_2bfp7wu1hw,t1_oz3ar0t,FoolsUponFools,False,hi,"<div class=""md""><p>hi</p>
</div>",2,0.0,0.0,2026-07-22T16:29:52.552Z,comment,1.0,False,0,oz3ar0t,0.0,t1_oz32xy5,comment,oz3ar0t,oz32xy5,1v3hyb7,qmi8w,t3_1v3hyb7,8,False,6.0957,False,t5_qmi8w,0,1,8,2026-07-22T15:11:08.000Z,https://www.reddit.com/r/Deltarune/comments/1v3hyb7/do_you_think_noelle_ever_made_kris_in_the_sims_to/oz3ar0t/,Deltarune
19.3966,t2_ab3e2m4wd,t1_oyy8tk5,Mysterious-Leg-4612,False,well it aint called a steam train fe-... hold up,"<div class=""md""><p>well it aint called a steam train fe-... hold up</p>
</div>",48,0.0,0.0,2026-07-22T16:29:52.855Z,comment,0.0,False,0,oyy8tk5,0.0,t3_1v2v62n,post,oyy8tk5,1v2v62n,1v2v62n,2qwis,t3_1v2v62n,2206,False,113.7313,False,t5_2qwis,0,10,2206,2026-07-21T21:06:05.000Z,https://www.reddit.com/r/Steam/comments/1v2v62n/choo_chooooo/oyy8tk5/,Steam
3.8457,t2_20o6lsqo89,t1_oz2di6p,Eevee-Biologist,False,"10000? Rookie numbers. 
Through the combined power of 32 Fable-subagents you should be able to produce at least 128.000 lines of pure, unfiltered slop per hour!

(And ruin your companies financial future in the process)","<div class=""md""><p>10000? Rookie numbers. 
Through the combined power of 32 Fable-subagents you should be able to produce at least 128.000 lines of pure, unfiltered slop per hour!</p>

<p>(And ruin your companies financial future in the process)</p>
</div>",219,0.0,0.0,2026-07-22T16:29:53.543Z,comment,1.0,False,0,oz2di6p,0.0,t1_oz1z4v2,comment,oz2di6p,oz1z4v2,1v3cy52,dp6k3k,t3_1v3cy52,5,False,1.3002,False,t5_dp6k3k,0,35,5,2026-07-22T12:39:09.000Z,https://www.reddit.com/r/ClaudeCode/comments/1v3cy52/claude_this_project_will_take_3_months_me_you/oz2di6p/,ClaudeCode
1.756,t2_db5qzd3s,t1_oz34ini,IceWallow97,False,lol,"<div class=""md""><p>lol</p>
</div>",3,0.0,0.0,2026-07-22T16:29:53.543Z,comment,2.0,False,0,oz34ini,0.0,t1_oz22hkb,comment,oz34ini,oz22hkb,1v3cy52,dp6k3k,t3_1v3cy52,1,False,0.5695,False,t5_dp6k3k,0,1,1,2026-07-22T14:44:32.000Z,https://www.reddit.com/r/ClaudeCode/comments/1v3cy52/claude_this_project_will_take_3_months_me_you/oz34ini/,ClaudeCode
5.0078,t2_18cg8d43,t1_oz215yt,Killer_Boi,False,https://preview.redd.it/6396biz5oreh1.jpeg?width=1080&format=pjpg&auto=webp&s=1af936275c636f713cb060c754205514ef41149b,"<div class=""md""><p><a href=""https://preview.redd.it/6396biz5oreh1.jpeg?width=1080&amp;format=pjpg&amp;auto=webp&amp;s=1af936275c636f713cb060c754205514ef41149b"">https://preview.redd.it/6396biz5oreh1.jpeg?width=1080&amp;format=pjpg&amp;auto=webp&amp;s=1af936275c636f713cb060c754205514ef41149b</a></p>
</div>",118,0.0,0.0,2026-07-22T16:29:54.206Z,comment,1.0,False,0,oz215yt,0.0,t1_oz1v8lt,comment,oz215yt,oz1v8lt,1v3ck3u,2yvry,t3_1v3ck3u,78,False,15.5757,False,t5_2yvry,0,1,78,2026-07-22T11:29:26.000Z,https://www.reddit.com/r/AnarchyChess/comments/1v3ck3u/chess_squares_tier_list/oz215yt/,AnarchyChess
5.5903,t2_3041t8g1,t1_oz1vqnf,OK1526,False,OPs username checks out,"<div class=""md""><p>OPs username checks out</p>
</div>",23,0.0,0.0,2026-07-22T16:29:54.206Z,comment,1.0,False,0,oz1vqnf,0.0,t1_oz1v8lt,comment,oz1vqnf,oz1v8lt,1v3ck3u,2yvry,t3_1v3ck3u,8,False,1.4311,False,t5_2yvry,0,4,8,2026-07-22T10:54:29.000Z,https://www.reddit.com/r/AnarchyChess/comments/1v3ck3u/chess_squares_tier_list/oz1vqnf/,AnarchyChess
1.3367,t2_2hzrrfpsgm,t1_oz3aev7,I_Chug_Nuln_Oil,False,Art,"<div class=""md""><p>Art</p>
</div>",3,0.0,0.0,2026-07-22T16:29:54.206Z,comment,3.0,False,0,oz3aev7,0.0,t1_oz2yqzv,comment,oz3aev7,oz2yqzv,1v3ck3u,2yvry,t3_1v3ck3u,5,False,3.7406,False,t5_2yvry,0,1,5,2026-07-22T15:09:42.000Z,https://www.reddit.com/r/AnarchyChess/comments/1v3ck3u/chess_squares_tier_list/oz3aev7/,AnarchyChess
4.4084,t2_1ordllf4nq,t1_oz277wm,Legendarium_,False,praise be the Duke,"<div class=""md""><p>praise be the Duke</p>
</div>",18,0.0,0.0,2026-07-22T16:29:54.206Z,comment,1.0,False,0,oz277wm,0.0,t1_oz1xhp8,comment,oz277wm,oz1xhp8,1v3ck3u,2yvry,t3_1v3ck3u,14,False,3.1758,False,t5_2yvry,0,4,14,2026-07-22T12:05:24.000Z,https://www.reddit.com/r/AnarchyChess/comments/1v3ck3u/chess_squares_tier_list/oz277wm/,AnarchyChess
2.1737,t2_73uwadxea,t1_oz2yq9a,FireMarshallMC,False,https://preview.redd.it/zicg2o5iiseh1.jpeg?width=393&format=pjpg&auto=webp&s=85c3d8716fbe392ec2ff6531591100f0f231cb1c,"<div class=""md""><p><a href=""https://preview.redd.it/zicg2o5iiseh1.jpeg?width=393&amp;format=pjpg&amp;auto=webp&amp;s=85c3d8716fbe392ec2ff6531591100f0f231cb1c"">https://preview.redd.it/zicg2o5iiseh1.jpeg?width=393&amp;format=pjpg&amp;auto=webp&amp;s=85c3d8716fbe392ec2ff6531591100f0f231cb1c</a></p>
</div>",117,0.0,0.0,2026-07-22T16:29:54.206Z,comment,1.0,False,0,oz2yq9a,0.0,t1_oz24isd,comment,oz2yq9a,oz24isd,1v3ck3u,2yvry,t3_1v3ck3u,35,False,16.1016,False,t5_2yvry,0,1,35,2026-07-22T14:19:29.000Z,https://www.reddit.com/r/AnarchyChess/comments/1v3ck3u/chess_squares_tier_list/oz2yq9a/,AnarchyChess
4.2137,t2_29ukel7tda,t1_oz29bvi,SovoK_404,False,r/theletterh,"<div class=""md""><p><a href=""/r/theletterh"">r/theletterh</a></p>
</div>",12,0.0,0.0,2026-07-22T16:29:54.206Z,comment,1.0,False,0,oz29bvi,0.0,t1_oz24isd,comment,oz29bvi,oz24isd,1v3ck3u,2yvry,t3_1v3ck3u,16,False,3.7971,False,t5_2yvry,0,1,16,2026-07-22T12:17:05.000Z,https://www.reddit.com/r/AnarchyChess/comments/1v3ck3u/chess_squares_tier_list/oz29bvi/,AnarchyChess
2.7717,t2_6l4z3,t1_oz2qqd8,AutoModerator,True,"This is a friendly reminder to comment with a link to the **recipe** on which the review is found; do not link the review itself.

And while you're here, why not review the [/r/ididnthaveeggs rules](https://www.reddit.com/r/ididnthaveeggs/about/sidebar)?


*I am a bot, and this action was performed automatically. Please [contact the moderators of this subreddit](/message/compose/?to=/r/ididnthaveeggs) if you have any questions or concerns.*","<div class=""md""><p>This is a friendly reminder to comment with a link to the <strong>recipe</strong> on which the review is found; do not link the review itself.</p>

<p>And while you&#39;re here, why not review the <a href=""https://www.reddit.com/r/ididnthaveeggs/about/sidebar"">/r/ididnthaveeggs rules</a>?</p>

<p><em>I am a bot, and this action was performed automatically. Please <a href=""/message/compose/?to=/r/ididnthaveeggs"">contact the moderators of this subreddit</a> if you have any questions or concerns.</em></p>
</div>",444,0.0,0.0,2026-07-22T16:29:55.249Z,comment,0.0,False,0,oz2qqd8,0.0,t3_1v3gkwx,post,oz2qqd8,1v3gkwx,1v3gkwx,2tw81i,t3_1v3gkwx,1,True,0.3608,True,t5_2tw81i,0,59,1,2026-07-22T13:43:37.000Z,https://www.reddit.com/r/ididnthaveeggs/comments/1v3gkwx/reading_is_important/oz2qqd8/,ididnthaveeggs
2.709,t2_6m6nxepm,t1_oz2rjtz,NapalmAxolotl,False,I dislike rosemary. How dare you write a recipe with rosemary that isn't tailored for me specifically!,"<div class=""md""><p>I dislike rosemary. How dare you write a recipe with rosemary that isn&#39;t tailored for me specifically!</p>
</div>",102,0.0,0.0,2026-07-22T16:29:55.249Z,comment,0.0,False,0,oz2rjtz,0.0,t3_1v3gkwx,post,oz2rjtz,1v3gkwx,1v3gkwx,2tw81i,t3_1v3gkwx,322,False,118.863,False,t5_2tw81i,0,17,322,2026-07-22T13:47:23.000Z,https://www.reddit.com/r/ididnthaveeggs/comments/1v3gkwx/reading_is_important/oz2rjtz/,ididnthaveeggs
2.6715,t2_jmbdr,t1_oz2s1iv,bowlofdelicious,False,My humblest apologies!,"<div class=""md""><p>My humblest apologies! </p>
</div>",23,0.0,0.0,2026-07-22T16:29:55.249Z,comment,1.0,False,0,oz2s1iv,1.0,t1_oz2rjtz,comment,oz2s1iv,oz2rjtz,1v3gkwx,2tw81i,t3_1v3gkwx,59,False,22.085,False,t5_2tw81i,0,3,59,2026-07-22T13:49:38.000Z,https://www.reddit.com/r/ididnthaveeggs/comments/1v3gkwx/reading_is_important/oz2s1iv/,ididnthaveeggs
2.4987,t2_znqxd,t1_oz2uc77,W1D0WM4K3R,False,"It's okay, just substitute rosemary for bay leaves. It's basically the same thing. ","<div class=""md""><p>It&#39;s okay, just substitute rosemary for bay leaves. It&#39;s basically the same thing. </p>
</div>",83,0.0,0.0,2026-07-22T16:29:55.249Z,comment,1.0,False,0,oz2uc77,0.0,t1_oz2rjtz,comment,oz2uc77,oz2rjtz,1v3gkwx,2tw81i,t3_1v3gkwx,23,False,9.2048,False,t5_2tw81i,0,13,23,2026-07-22T14:00:00.000Z,https://www.reddit.com/r/ididnthaveeggs/comments/1v3gkwx/reading_is_important/oz2uc77/,ididnthaveeggs
0.9095,t2_20nszk6e5l,t1_oz3giov,Critical-Notice-4395,False,Now I’m hungry. Rosemary and lemon are two of my favorite things. Thanks!,"<div class=""md""><p>Now I’m hungry. Rosemary and lemon are two of my favorite things. Thanks!</p>
</div>",73,0.0,0.0,2026-07-22T16:29:55.249Z,comment,1.0,False,0,oz3giov,0.0,t1_oz2rjtz,comment,oz3giov,oz2rjtz,1v3gkwx,2tw81i,t3_1v3gkwx,3,False,3.2985,False,t5_2tw81i,0,13,3,2026-07-22T15:35:21.000Z,https://www.reddit.com/r/ididnthaveeggs/comments/1v3gkwx/reading_is_important/oz3giov/,ididnthaveeggs
2.3478,t2_6m6nxepm,t1_oz2wd24,NapalmAxolotl,False,"I have rhododendron leaves, that's interchangeable, right?

People say they're toxic but I know that's just a scam by Big Herb.","<div class=""md""><p>I have rhododendron leaves, that&#39;s interchangeable, right?</p>

<p>People say they&#39;re toxic but I know that&#39;s just a scam by Big Herb.</p>
</div>",127,0.0,0.0,2026-07-22T16:29:55.249Z,comment,2.0,False,0,oz2wd24,0.0,t1_oz2uc77,comment,oz2wd24,oz2uc77,1v3gkwx,2tw81i,t3_1v3gkwx,36,False,15.3335,False,t5_2tw81i,0,21,36,2026-07-22T14:09:03.000Z,https://www.reddit.com/r/ididnthaveeggs/comments/1v3gkwx/reading_is_important/oz2wd24/,ididnthaveeggs
1.6803,t2_cww2l,t1_oz35l4u,Serendipnick,False,"Too much sugar in rhododendron leaves, you should use organic air.","<div class=""md""><p>Too much sugar in rhododendron leaves, you should use organic air.</p>
</div>",66,0.0,0.0,2026-07-22T16:29:55.249Z,comment,3.0,False,0,oz35l4u,0.0,t1_oz2wd24,comment,oz35l4u,oz2wd24,1v3gkwx,2tw81i,t3_1v3gkwx,14,False,8.3318,False,t5_2tw81i,0,11,14,2026-07-22T14:49:06.000Z,https://www.reddit.com/r/ididnthaveeggs/comments/1v3gkwx/reading_is_important/oz35l4u/,ididnthaveeggs
1.234,t2_42mopjgh,t1_oz3bv8h,DadsRGR8,False,I just mowed the lawn so I’m going to use grass clippings instead. Waste not want not!,"<div class=""md""><p>I just mowed the lawn so I’m going to use grass clippings instead. Waste not want not!</p>
</div>",86,0.0,0.0,2026-07-22T16:29:55.249Z,comment,3.0,False,0,oz3bv8h,0.0,t1_oz2wd24,comment,oz3bv8h,oz2wd24,1v3gkwx,2tw81i,t3_1v3gkwx,4,False,3.2415,False,t5_2tw81i,0,17,4,2026-07-22T15:15:53.000Z,https://www.reddit.com/r/ididnthaveeggs/comments/1v3gkwx/reading_is_important/oz3bv8h/,ididnthaveeggs
0.9328,t2_10deh76p,t1_oz3g6mv,SoyboyCowboy,False,"Use tomato leaves, anything from the nightshade family. It'll detox you like no other!

(Don't, really. Poison!)","<div class=""md""><p>Use tomato leaves, anything from the nightshade family. It&#39;ll detox you like no other!</p>

<p>(Don&#39;t, really. Poison!)</p>
</div>",112,0.0,0.0,2026-07-22T16:29:55.249Z,comment,3.0,False,0,oz3g6mv,0.0,t1_oz2wd24,comment,oz3g6mv,oz2wd24,1v3gkwx,2tw81i,t3_1v3gkwx,4,False,4.2882,False,t5_2tw81i,0,17,4,2026-07-22T15:33:57.000Z,https://www.reddit.com/r/ididnthaveeggs/comments/1v3gkwx/reading_is_important/oz3g6mv/,ididnthaveeggs
1.6167,t2_6m6nxepm,t1_oz36hdm,NapalmAxolotl,False,"Wildfire smoke is organic, right?","<div class=""md""><p>Wildfire smoke is organic, right?</p>
</div>",33,0.0,0.0,2026-07-22T16:29:55.249Z,comment,4.0,False,0,oz36hdm,0.0,t1_oz35l4u,comment,oz36hdm,oz35l4u,1v3gkwx,2tw81i,t3_1v3gkwx,9,False,5.5669,False,t5_2tw81i,0,5,9,2026-07-22T14:52:55.000Z,https://www.reddit.com/r/ididnthaveeggs/comments/1v3gkwx/reading_is_important/oz36hdm/,ididnthaveeggs
7.1892,t2_9rac1yow,t1_oz1j1bu,WonderEuphoric,False,"![gif](giphy|LJAdVnJVqEb9g81Bx8)

","<div class=""md""><p><a href=""https://giphy.com/gifs/LJAdVnJVqEb9g81Bx8"" target=""_blank"">https://giphy.com/gifs/LJAdVnJVqEb9g81Bx8</a></p>
</div>",34,0.0,0.0,2026-07-22T16:29:55.163Z,comment,0.0,False,0,oz1j1bu,0.0,t3_1v3a5al,post,oz1j1bu,1v3a5al,1v3a5al,2ra77,t3_1v3a5al,378,False,52.5789,False,t5_2ra77,0,1,378,2026-07-22T09:18:34.000Z,https://www.reddit.com/r/GTA/comments/1v3a5al/mods_these_days_have_come_a_long_way_to_be_this/oz1j1bu/,GTA
