id,type,createdAt,post_text,linkedinUrl,author/name,author/linkedinUrl,author/info,repostId,processed_at
7482979990876110848,post,,"📢 WE ARE HIRING

🏢 Organization: Barbeque Nation

💼 Position: In-House Staff

🎓 Qualification: Minimum 10th Pass

🌍 Location: Pan India

💰 Salary: ₹11,500 – ₹15,000/Month

🎁 Benefits:
🍽️ Free Food
🏠 Accommodation Provided
🚆 Travel Allowance (TA)
✅ Immediate Joining

📝 Job Responsibilities
✔ Restaurant Operations Support
✔ Kitchen & Service Team Assistance
✔ Maintain Hygiene Standards
✔ Customer Service Support

👨‍💼 Freshers & Experienced Candidates Welcome

 📩 How to Apply:
Interested candidates send your CV to *+91 9333892277 / +91 9163066266*
📝 Mention: *SS CAREER SOLUTIONS* 

Regards,
*SS CAREER SOLUTIONS* - Building Careers. Strengthening Businesses.
📧Email: sscareersolutions2@gmail.com - *SS Career Solutions* – Building Careers. Strengthening Businesses.

🚫 NO REGISTRATION FEES
✅ 100% Genuine Job Opportunity                       -                 Male Female both applicable.",https://www.linkedin.com/posts/sumit-nandi-b44464360_we-are-hiring-organization-barbeque-activity-7482979990876110848-luO2,SUMIT NANDI,https://www.linkedin.com/in/sumit-nandi-b44464360?miniProfileUrn=urn%3Ali%3Afsd_profile%3AACoAAFnEt2QBeexAA_dE-1rQ1zSVvoAO_cAAgBw,SS CAREER SOLUTIONS,,2026-07-30 07:08:28
7487396943632146434,post,,"We're Hiring: Customer Care Executive | Barbeque Nation | Jayanagar
📍 Location: Jayanagar
💼 Job Type: Full-time | On-site
🕒 Hiring: Immediate Joiners Preferred
🎯 Open Positions: 10
About the Role
Barbeque Nation is looking for enthusiastic and customer-focused Customer Care Executives to join our team. If you have excellent communication skills and enjoy interacting with customers, this is a great opportunity to build your career with a leading hospitality brand.
Eligibility
Freshers are welcome to apply
Minimum qualification: 10th Pass
Fluency in English and Hindi is mandatory
Age: 18–30 years
Key Responsibilities
Handle inbound and outbound customer calls professionally.
Convert customer enquiries into confirmed bookings and sales.
Resolve customer queries, concerns, and objections effectively.
Achieve daily targets while maintaining high service quality standards.
Candidate Requirements
Strong communication and persuasion skills.
Sales-oriented, target-driven, and self-motivated.
Willing to work 9-hour rotational shifts (between 8:00 AM and 10:00 PM).
Comfortable working on weekends and public holidays (comp-off provided).
Why Join Barbeque Nation?
Work with one of India's leading hospitality brands.
Supportive and growth-oriented work environment.
Excellent learning and career advancement opportunities.
Experience: 0–5 years
Education: 10th Pass and above
Languages: English & Hindi
📞 To apply or know more, contact:
Snigdha – 9986731408
Apply now and kick-start your career with Barbeque Nation!",https://www.linkedin.com/feed/update/urn:li:groupPost:10398421-7487396942805745664,Snigdha P.,https://www.linkedin.com/in/snigdha-p-bb467aa3?miniProfileUrn=urn%3Ali%3Afsd_profile%3AACoAABX9eTgB2kOodCyY1oJsYQIkzTBFxqxXo88,Management graduate,,2026-07-30 07:08:28
7484325092622266370,comment,2026-07-18T19:15:54.118Z,"Interested for guwahati location feild recruiter job, 3/4 yrs experience as a recruiter job,8638490423 cl me plz... I will immediately joiners.. plz help me sir/mem..",https://www.linkedin.com/feed/update/urn:li:activity:7481700244318113792?commentUrn=urn%3Ali%3Acomment%3A%28activity%3A7481700244318113792%2C7484325092622266370%29&dashCommentUrn=urn%3Ali%3Afsd_comment%3A%287484325092622266370%2Curn%3Ali%3Aactivity%3A7481700244318113792%29,,,,,2026-07-30 07:08:28
7485004725361422336,comment,2026-07-20T16:16:31.190Z,Interested for jharkhand ,https://www.linkedin.com/feed/update/urn:li:activity:7481700244318113792?commentUrn=urn%3Ali%3Acomment%3A%28activity%3A7481700244318113792%2C7485004725361422336%29&dashCommentUrn=urn%3Ali%3Afsd_comment%3A%287485004725361422336%2Curn%3Ali%3Aactivity%3A7481700244318113792%29,,,,,2026-07-30 07:08:28
7482362332539678720,comment,2026-07-13T09:16:35.648Z,"Hi Adarsh, we're already supporting large-scale recruitment projects and have a strong presence in the North East through our office in Guwahati. If you require support in hiring frontline or blue-collar talent across the region, we'd be happy to help. Looking forward to connecting!",https://www.linkedin.com/feed/update/urn:li:activity:7481700244318113792?commentUrn=urn%3Ali%3Acomment%3A%28activity%3A7481700244318113792%2C7482362332539678720%29&dashCommentUrn=urn%3Ali%3Afsd_comment%3A%287482362332539678720%2Curn%3Ali%3Aactivity%3A7481700244318113792%29,,,,,2026-07-30 07:08:28
7482284262390484992,comment,2026-07-13T04:06:22.274Z,"Interested for guwahati location feild recruiter job in guwahati location,8638490423 ,,4 yrs experience ",https://www.linkedin.com/feed/update/urn:li:activity:7481700244318113792?commentUrn=urn%3Ali%3Acomment%3A%28activity%3A7481700244318113792%2C7482284262390484992%29&dashCommentUrn=urn%3Ali%3Afsd_comment%3A%287482284262390484992%2Curn%3Ali%3Aactivity%3A7481700244318113792%29,,,,,2026-07-30 07:08:28
7486270535916621824,comment,2026-07-24T04:06:23.944Z,Rishikesh Kumar fyi,https://www.linkedin.com/feed/update/urn:li:activity:7481700244318113792?commentUrn=urn%3Ali%3Acomment%3A%28activity%3A7481700244318113792%2C7486270535916621824%29&dashCommentUrn=urn%3Ali%3Afsd_comment%3A%287486270535916621824%2Curn%3Ali%3Aactivity%3A7481700244318113792%29,,,,,2026-07-30 07:08:28
7482951352223117312,comment,2026-07-15T00:17:08.883Z,Adarsh Pandey sir I have a similar experience please have a look at my resume already shared on your mail please check,https://www.linkedin.com/feed/update/urn:li:activity:7481700244318113792?commentUrn=urn%3Ali%3Acomment%3A%28activity%3A7481700244318113792%2C7482951352223117312%29&dashCommentUrn=urn%3Ali%3Afsd_comment%3A%287482951352223117312%2Curn%3Ali%3Aactivity%3A7481700244318113792%29,,,,,2026-07-30 07:08:28
7481758007538683904,comment,2026-07-11T17:15:13.340Z,We can help you source right candidates in bulk ,https://www.linkedin.com/feed/update/urn:li:activity:7481700244318113792?commentUrn=urn%3Ali%3Acomment%3A%28activity%3A7481700244318113792%2C7481758007538683904%29&dashCommentUrn=urn%3Ali%3Afsd_comment%3A%287481758007538683904%2Curn%3Ali%3Aactivity%3A7481700244318113792%29,,,,,2026-07-30 07:08:28
7484261221706174465,comment,2026-07-18T15:02:06.105Z,Interested for Guwahati & WestBengal ,https://www.linkedin.com/feed/update/urn:li:activity:7481700244318113792?commentUrn=urn%3Ali%3Acomment%3A%28activity%3A7481700244318113792%2C7484261221706174465%29&dashCommentUrn=urn%3Ali%3Afsd_comment%3A%287484261221706174465%2Curn%3Ali%3Aactivity%3A7481700244318113792%29,,,,,2026-07-30 07:08:28
7481733406545080320,comment,2026-07-11T15:37:28.006Z,Ujjal K. Mazumder ,https://www.linkedin.com/feed/update/urn:li:activity:7481700244318113792?commentUrn=urn%3Ali%3Acomment%3A%28activity%3A7481700244318113792%2C7481733406545080320%29&dashCommentUrn=urn%3Ali%3Afsd_comment%3A%287481733406545080320%2Curn%3Ali%3Aactivity%3A7481700244318113792%29,,,,,2026-07-30 07:08:28
7482502754515603456,comment,2026-07-13T18:34:34.857Z,Interested  for facility management.,https://www.linkedin.com/feed/update/urn:li:activity:7481700244318113792?commentUrn=urn%3Ali%3Acomment%3A%28activity%3A7481700244318113792%2C7482502754515603456%29&dashCommentUrn=urn%3Ali%3Afsd_comment%3A%287482502754515603456%2Curn%3Ali%3Aactivity%3A7481700244318113792%29,,,,,2026-07-30 07:08:28
7481700244318113792,post,,"🚨 We're Hiring | Blue Collar Recruiter | Barbeque Nation Hospitality Ltd. 🚨

Are you passionate about recruitment and experienced in hiring frontline talent? Join Barbeque Nation Hospitality Ltd. and become a part of one of India's leading hospitality brands.

📍 Locations:
Jharkhand
Odisha
Guwahati (Assam)
West Bengal
Bihar
Chhattisgarh

💰 Salary: ₹30,000 – ₹45,000 per month (Based on experience)

Key Responsibilities:
✅ End-to-end blue-collar recruitment for restaurant operations
✅ Bulk hiring of Stewards, Kitchen Helpers, Housekeeping, Utility Staff, Commis, and other frontline roles.
✅ Sourcing through job portals, social media, local vendors, job fairs, and field recruitment
✅ Conduct screening and interview coordination
✅ Ensure timely closures as per business requirements
✅ Coordinate with outlet teams and hiring managers
✅ Maintain recruitment MIS and candidate database

Preferred Candidate Profile:
✔️ 2–5 years of recruitment experience (Hospitality, Retail, QSR, or Facility Management preferred)
✔️ Strong experience in bulk hiring and frontline recruitment
✔️ Good communication and stakeholder management skills
✔️ Willingness to travel across the assigned region
If you're looking to build your career with a fast-growing hospitality brand, we'd love to hear from you!

📩 Share your resume at: adarsh.p@barbequenation.com
                                           bitu.p@barbequenation.com

Please mention the preferred location in the subject line while applying.

#Hiring #Recruitment #BlueCollarHiring #HospitalityJobs #RestaurantHiring #BarbequeNation #TalentAcquisition #HRJobs #BulkHiring #RecruiterJobs #JharkhandJobs #OdishaJobs #WestBengalJobs #BiharJobs #ChhattisgarhJobs #GuwahatiJobs

Harsha Kumar Mishra Bitu Patra Jayanta Saha Baidyanath Mishra Jyoti M. Shahzeen Kapadia",https://www.linkedin.com/posts/adarsh-pandey-hr_hiring-recruitment-bluecollarhiring-activity-7481700244318113792-PH1h,Adarsh Pandey,https://www.linkedin.com/in/adarsh-pandey-hr?miniProfileUrn=urn%3Ali%3Afsd_profile%3AACoAACM4DAsB7sdl-4vYHOjDCHPXBeUbMC-_kBM,HR Professional || Barbeque Nation Hospitality Ltd.,,2026-07-30 07:08:28
7486031960159666177,post,,"📢 **Hiring: Customer Care Executive – Barbeque Nation**

🏢 **Company:** Barbeque Nation
📍 **Location:** Jayanagar, Bengaluru
💼 **Job Type:** Full-time | Work From Office
🚀 **Hiring:** Immediate | **10 Openings**

### ✅ Eligibility

• 10th Pass or above
• Freshers & Experienced candidates (0–5 Years)
• Age: 18–30 Years
• Fluent in **English & Hindi** (Mandatory)

### 💼 Key Responsibilities

• Handle inbound & outbound customer calls
• Convert inquiries into confirmed bookings & sales
• Resolve customer queries, concerns & objections
• Achieve daily targets while maintaining service quality

### 🎯 Candidate Profile

• Strong communication & persuasion skills
• Sales-oriented and target-driven
• Self-motivated with good customer-handling skills
• Willing to work **9-hour rotational shifts (8 AM–10 PM)**
• Comfortable working weekends & festivals (**Comp-off provided**)

### 🌟 Why Join?

✨ Work with a leading hospitality brand
✨ Supportive work environment
✨ Growth & career opportunities

📩 **Interested candidates can apply here:   https://lnkd.in/deBsCZba

#Hiring #CustomerCareExecutive #BarbequeNation #BangaloreJobs #JayanagarJobs #CustomerServiceJobs #BPOJobs #FreshersJobs #ImmediateHiring #SalesJobs #JobOpening",https://www.linkedin.com/feed/update/urn:li:groupPost:10332870-7486031959417110528,Sabiha Shaikh,https://www.linkedin.com/in/sabiha-shaikh-1526b4380?miniProfileUrn=urn%3Ali%3Afsd_profile%3AACoAAF4TXs4BFAE9QM7murO0wT0y4Iosf9Alvbk,HR Recruiter,,2026-07-30 07:08:28
7481053465000194048,comment,2026-07-09T18:35:37.309Z,Any vacancy available for Odisha location ,https://www.linkedin.com/feed/update/urn:li:activity:7480138662215794688?commentUrn=urn%3Ali%3Acomment%3A%28activity%3A7480138662215794688%2C7481053465000194048%29&dashCommentUrn=urn%3Ali%3Afsd_comment%3A%287481053465000194048%2Curn%3Ali%3Aactivity%3A7480138662215794688%29,,,,,2026-07-30 07:08:28
7480138662215794688,post,,"🚨 800+ JOBS OPEN AT BARBEQUE NATION 🚨

Dreaming of a career in hospitality? This is your chance! ✨

Naya India HR Foundation (NIHF) is hiring for
👑 BARBEQUE NATION - One of India's Leading Restaurant Chains

📍 **JOB LOCATIONS:**
Gujarat | Mumbai | Chennai | Hyderabad | Pune

💰 **SALARY & BENEFITS:**
Monthly CTC: ₹16,000 
Take Home: ₹11,500
🍽️ Free Breakfast + Lunch + Dinner
🏠 Free Sharing Accommodation
🚑 Medical & Life Insurance + Health Checkup
🚌 Free Transportation Tickets
📅 Weekly Off + 30 Annual Leaves + 6 Casual + 6 Sick Leaves
✈️ Opportunity to Work Abroad

🎓 **BONUS: STUDY WHILE YOU WORK - 100% FREE**
Get Bachelor Degree or Diploma in Hotel Management FREE!
Zero Fees | Practical Training | Career Growth

⏰ **IMMEDIATE JOINING**
🚀 **PROMOTION OPPORTUNITY AFTER 6 MONTHS**

Start your career with confidence. Grow. Learn. Earn. 💼

Apply Now! 📲
WhatsApp: +91 6289468616
Email: indrishchowdhuri.nihf@gmail.com",https://www.linkedin.com/posts/indrish-chowdhuri-88059238b_800-jobs-open-at-barbeque-nation-activity-7480138662215794688-SA4Q,Indrish Chowdhuri,https://www.linkedin.com/in/indrish-chowdhuri-88059238b?miniProfileUrn=urn%3Ali%3Afsd_profile%3AACoAAGAEF2ABO2Z7iAP8vGbelVYCGpCI98CtOsE,HR Operations Intern | MBA Student at Brainware University | Integrating Data-Driven HR & Digital Marketing Basics,,2026-07-30 07:08:28
7481261642324815872,post,,"Barbeque Nation is hiring!

We are excited to share hospitality job opportunities for the following positions:

🔹 Kitchen Steward
🔹 Kitchen Helper
🔹 Associate

📍 Locations: Mumbai, Pune & Chennai

If you're looking to build or grow your career in the hospitality industry, this is a great opportunity to join one of India's leading restaurant brands.

How to Apply:

Download the AirigoJobs app by scanning the QR code.
Register as a Job Seeker.
Complete your profile.
Explore available openings.
Apply for your preferred position.

Start your hospitality career today with AirigoJobs.

🌐 www.airigojobs.com

#AirigoJobs #BarbequeNation #Hiring #HospitalityCareers #KitchenJobs #RestaurantJobs #CareerGrowth #JobsIndia #Recruitment #NowHiring",https://www.linkedin.com/posts/airigo-jobs_airigojobs-barbequenation-hiring-activity-7481261642324815872-9296,Airigo Jobs,https://www.linkedin.com/company/airigo-jobs/posts,14 followers,,2026-07-30 07:08:28
7486736616980578304,post,,"📢 We're Hiring | Customer Care Executive | Barbeque Nation | Bangalore
🏢 Company: Barbeque Nation
📍 Location: Jayanagar, Bangalore
💼 Job Type: Full-time | Work from Office
⚡ Hiring: Immediate Joiners
📌 Open Positions: 10
Barbeque Nation is looking for enthusiastic and customer-focused Customer Care Executives to join our team. Freshers are welcome to apply!
Eligibility Criteria
Minimum qualification: 10th Pass
Freshers can apply
Fluent communication skills in English & Hindi (Mandatory)
Age: 18–30 years
Key Responsibilities
Handle inbound and outbound customer calls professionally.
Convert customer inquiries into confirmed bookings and sales.
Resolve customer queries, concerns, and objections effectively.
Maintain high-quality customer service standards.
Achieve daily targets while ensuring customer satisfaction.
Candidate Requirements
Strong communication and persuasion skills.
Sales-oriented and target-driven approach.
Self-motivated with good customer handling abilities.
Willingness to work in rotational shifts.
Work Schedule
9-hour rotational shifts
Shift window: 8:00 AM – 10:00 PM
Comfortable working on weekends and festivals
Comp-off will be provided
Why Join Barbeque Nation?
✨ Opportunity to work with a leading hospitality brand
✨ Supportive work environment
✨ Growth and career development opportunities
📞 Interested candidates can contact:
Snigdha
📱 9986731408
Know someone looking for a customer care opportunity? Tag them or share this post with your network!
#Hiring #BarbequeNation #CustomerCare #CustomerSupport #BPOJobs #BangaloreJobs #Jayanagar #FreshersJobs #HospitalityJobs #ImmediateHiring #CareerOpportunity",https://www.linkedin.com/posts/snigdha-p-bb467aa3_hiring-barbequenation-customercare-activity-7486736616980578304-qCHK,Snigdha P.,https://www.linkedin.com/in/snigdha-p-bb467aa3?miniProfileUrn=urn%3Ali%3Afsd_profile%3AACoAABX9eTgB2kOodCyY1oJsYQIkzTBFxqxXo88,Management graduate,,2026-07-30 07:08:28
7487782697713647617,post,,"🚨 We're Hiring | Customer Care Executive – Barbeque Nation

📍 Location: Jayanagar, Bengaluru
💰 Salary: ₹16,000 – ₹20,000/month
🎓 Qualification: Minimum 10th Pass
🎂 Age: 18–30 Years
🗣️ Languages: English & Hindi
✨ Freshers & Experienced candidates can apply!

📩 Apply Here:-  https://lnkd.in/dByNnaHr

Contact Info:
HR:- Harshitha BL
Mob:- 9108214087
E-mail:- harshithabl@earlyjobs.co.in
For More Information:- https://www.earlyjobs.ai/


#Hiring #CustomerCareExecutive #BarbequeNation #JayanagarJobs #BengaluruJobs #JobsInBangalore #CustomerService #FreshersJobs #ImmediateHiring #VoiceProcess #HospitalityJobs #CareerOpportunity #ApplyNow #WalkInJobs",https://www.linkedin.com/posts/harshitha-b-l-1a4b6940b_earlyjobs-fast-growing-platform-for-jobs-activity-7487782697713647617-EuPM,Harshitha B L,https://www.linkedin.com/in/harshitha-b-l-1a4b6940b?miniProfileUrn=urn%3Ali%3Afsd_profile%3AACoAAGilF8wBeyQdIv1Je9UtryMRKEuiKEGDLC0,"Assisted in candidate sourcing, screening, interview coordination, and recruitment operations, contributing to the end-to-end hiring process.",,2026-07-30 07:08:28
7482450206517518336,comment,2026-07-13T15:05:46.437Z,"Interested for recruiter guwahati location barbeque nation,8638490423 cl me",https://www.linkedin.com/feed/update/urn:li:activity:7480878040416448513?commentUrn=urn%3Ali%3Acomment%3A%28activity%3A7480878040416448513%2C7482450206517518336%29&dashCommentUrn=urn%3Ali%3Afsd_comment%3A%287482450206517518336%2Curn%3Ali%3Aactivity%3A7480878040416448513%29,,,,,2026-07-30 07:08:28
7480878715107917824,comment,2026-07-09T07:01:13.688Z,Cfbr,https://www.linkedin.com/feed/update/urn:li:activity:7480878040416448513?commentUrn=urn%3Ali%3Acomment%3A%28activity%3A7480878040416448513%2C7480878715107917824%29&dashCommentUrn=urn%3Ali%3Afsd_comment%3A%287480878715107917824%2Curn%3Ali%3Aactivity%3A7480878040416448513%29,,,,,2026-07-30 07:08:28
7485264863511113729,comment,2026-07-21T09:30:12.958Z,#CFBR ,https://www.linkedin.com/feed/update/urn:li:activity:7480878040416448513?commentUrn=urn%3Ali%3Acomment%3A%28activity%3A7480878040416448513%2C7485264863511113729%29&dashCommentUrn=urn%3Ali%3Afsd_comment%3A%287485264863511113729%2Curn%3Ali%3Aactivity%3A7480878040416448513%29,,,,,2026-07-30 07:08:28
7480971647982788609,comment,2026-07-09T13:10:30.612Z,I have sent my resume to you on mail please kindly check on this,https://www.linkedin.com/feed/update/urn:li:activity:7480878040416448513?commentUrn=urn%3Ali%3Acomment%3A%28activity%3A7480878040416448513%2C7480971647982788609%29&dashCommentUrn=urn%3Ali%3Afsd_comment%3A%287480971647982788609%2Curn%3Ali%3Aactivity%3A7480878040416448513%29,,,,,2026-07-30 07:08:28
7480878040416448513,post,,"🚀 We're Growing... Are You Ready to Grow With Us?

At Barbeque Nation Hospitality Ltd., we believe great restaurants are built by great people. We're looking for an energetic and business-driven Cluster HR Business Partner (HRBP) who is passionate about people, operations, and creating high-performing teams.

📍 Hiring Across:  Dhanbad / Jharkhand / | Guwahati (Assam) | Andhra Pradesh

👨‍💼 Position
Cluster HR Business Partner (HRBP)

💰 Salary: ₹3–5 LPA (Based on experience & interview performance)

🎯 Experience
✔ 4–7 Years

🎓 Qualification
Graduate / MBA

🏨 Preferred Industry
Hospitality | QSR | Hotels | Retail | FMCG

💼 Your Role
As a Cluster HRBP, you'll work closely with Operations to drive business success by managing the complete employee lifecycle and building a strong people-first culture.

Key Responsibilities:
✅ Partner with Business Leaders to achieve operational and HR objectives.
✅ Drive employee engagement, retention, and performance.
✅ Manage employee relations and resolve grievances effectively.
✅ Ensure labour law and statutory compliance.
✅ Conduct outlet visits, HR audits, and manpower planning.
✅ Lead recruitment for restaurant operations, including Stewards, Kitchen Staff, Utility, and other frontline roles whenever required.

✈️ Travel Requirement: Candidates should be comfortable with frequent travel across assigned restaurant locations.

🌟 Why Join Barbeque Nation?
✨ Work with one of India's most loved casual dining brands.
✨ Be part of a dynamic and collaborative work culture.
✨ Accelerate your career through continuous learning and growth opportunities.
✨ Make a meaningful impact by partnering directly with business leaders.

📩 Interested? We'd love to connect!
📧 Email your CV: adarsh.p@barbequenation.com

Subject Line:
CV for Cluster HRBP – Preferred Location – Candidate Name

If this opportunity matches your aspirations—or you know someone who would be a great fit—apply now, tag them in the comments, or share this post within your network!

Let's build great teams together. 💙

#Hiring #ClusterHRBP #HRBP #HumanResources #HospitalityJobs #QSRJobs #RetailJobs #HRCareers #TalentAcquisition #PeoplePartner #BarbequeNation #NowHiring #Careers #Jobs #Leadership #EmployeeExperience #OdishaJobs #JharkhandJobs #BiharJobs #ChhattisgarhJobs #GuwahatiJobs #AndhraPradeshJobs

Harsha Kumar Mishra Baidyanath Mishra Jyoti M.  Shahzeen Kapadia",https://www.linkedin.com/posts/adarsh-pandey-hr_hiring-clusterhrbp-hrbp-activity-7480878040416448513-EKpb,Adarsh Pandey,https://www.linkedin.com/in/adarsh-pandey-hr?miniProfileUrn=urn%3Ali%3Afsd_profile%3AACoAACM4DAsB7sdl-4vYHOjDCHPXBeUbMC-_kBM,HR Professional || Barbeque Nation Hospitality Ltd.,,2026-07-30 07:08:28
7486286876027301888,comment,2026-07-24T05:11:19.730Z,"Im instrested, but the link is not working ",https://www.linkedin.com/feed/update/urn:li:activity:7486031789099241472?commentUrn=urn%3Ali%3Acomment%3A%28activity%3A7486031789099241472%2C7486286876027301888%29&dashCommentUrn=urn%3Ali%3Afsd_comment%3A%287486286876027301888%2Curn%3Ali%3Aactivity%3A7486031789099241472%29,,,,,2026-07-30 07:08:28
7486031789099241472,post,,"📢 **Hiring: Customer Care Executive – Barbeque Nation**

🏢 **Company:** Barbeque Nation
📍 **Location:** Jayanagar, Bengaluru
💼 **Job Type:** Full-time | Work From Office
🚀 **Hiring:** Immediate | **10 Openings**

### ✅ Eligibility

• 10th Pass or above
• Freshers & Experienced candidates (0–5 Years)
• Age: 18–30 Years
• Fluent in **English & Hindi** (Mandatory)

### 💼 Key Responsibilities

• Handle inbound & outbound customer calls
• Convert inquiries into confirmed bookings & sales
• Resolve customer queries, concerns & objections
• Achieve daily targets while maintaining service quality

### 🎯 Candidate Profile

• Strong communication & persuasion skills
• Sales-oriented and target-driven
• Self-motivated with good customer-handling skills
• Willing to work **9-hour rotational shifts (8 AM–10 PM)**
• Comfortable working weekends & festivals (**Comp-off provided**)

### 🌟 Why Join?

✨ Work with a leading hospitality brand
✨ Supportive work environment
✨ Growth & career opportunities

📩 **Interested candidates can apply here:   https://lnkd.in/deBsCZba

#Hiring #CustomerCareExecutive #BarbequeNation #BangaloreJobs #JayanagarJobs #CustomerServiceJobs #BPOJobs #FreshersJobs #ImmediateHiring #SalesJobs #JobOpening",https://www.linkedin.com/posts/sabiha-shaikh-1526b4380_hiring-customercareexecutive-barbequenation-activity-7486031789099241472-jvEC,Sabiha Shaikh,https://www.linkedin.com/in/sabiha-shaikh-1526b4380?miniProfileUrn=urn%3Ali%3Afsd_profile%3AACoAAF4TXs4BFAE9QM7murO0wT0y4Iosf9Alvbk,HR Recruiter,,2026-07-30 07:08:28
7478785687106973696,post,,"🚀 Build Skills. Earn While You Learn. Launch Your Career!

We are excited to share the Work Integrated Learning Program (WILP) in collaboration with United Foodbrands Limited (formerly Barbeque Nation Hospitality Limited).

This is an excellent opportunity for students and job seekers who want to build a successful career in the Food & Beverage Industry.

✨ Program Highlights: ✅ 100% Course Fee Sponsored ✅ Monthly Stipend – ₹9,700 ✅ Free Accommodation ✅ Three Meals Daily ✅ Government Recognized Diploma/Certificate ✅ Medical Insurance Coverage ✅ One-Time Travel Allowance ✅ Employment Opportunity upon successful completion ✅ Starting Salary: ₹15,000/month

📢 Calling Placement Officers, Training & Placement Cells, Colleges, NGOs, Skill Development Centers, Recruitment & Placement Agencies!

Let's work together to provide meaningful career opportunities to deserving candidates. We welcome institutional partnerships and candidate referrals.

🎯 Candidates: If you're looking for a career opportunity with training, stipend, and job placement, comment ""Interested"" or send me a DM.

🤝 Placement Organizations & Recruitment Partners: Let's collaborate to create successful careers and bridge the gap between talent and industry.

#WILP #UnitedFoodbrands #BarbequeNation #PlacementDrive #Hiring #CareerOpportunity #JobSeekers #PlacementCell #Recruitment #SkillDevelopment #CampusPlacement #HospitalityJobs #FoodAndBeverage #TrainingAndPlacement #IndiaJobs #Careers #EmploymentOpportunity",https://www.linkedin.com/posts/pruthviraj-yedke-40bb05269_wilp-unitedfoodbrands-barbequenation-activity-7478785687106973696-7rB1,Pruthviraj Yedke,https://www.linkedin.com/in/pruthviraj-yedke-40bb05269?miniProfileUrn=urn%3Ali%3Afsd_profile%3AACoAAEHWeAsBFKOTB3MBQJ05Tmgb8BvGSuSEwn4,𝐌𝐚𝐧𝐚𝐠𝐞𝐦𝐞𝐧𝐭 𝐂𝐨𝐧𝐬𝐮𝐥𝐭𝐚𝐧𝐭 | 𝐒𝐭𝐫𝐚𝐭𝐞𝐠𝐢𝐜 𝐎𝐩𝐞𝐫𝐚𝐭𝐢𝐨𝐧𝐬 | 𝐆𝐨𝐯𝐞𝐫𝐧𝐦𝐞𝐧𝐭 𝐏𝐫𝐨𝐣𝐞𝐜𝐭𝐬 | 𝐒𝐭𝐚𝐤𝐞𝐡𝐨𝐥𝐝𝐞𝐫 𝐌𝐚𝐧𝐚𝐠𝐞𝐦𝐞𝐧𝐭 | 𝐏𝐮𝐛𝐥𝐢𝐜 𝐒𝐞𝐜𝐭𝐨𝐫 𝐀𝐝𝐯𝐢𝐬𝐨𝐫𝐲,,2026-07-30 07:08:28
7487837115406282752,comment,2026-07-28T11:51:25.600Z,"Submitted 
Hope to hear from you soon 🙏🏻",https://www.linkedin.com/feed/update/urn:li:activity:7487535789719879680?commentUrn=urn%3Ali%3Acomment%3A%28activity%3A7487535789719879680%2C7487837115406282752%29&dashCommentUrn=urn%3Ali%3Afsd_comment%3A%287487837115406282752%2Curn%3Ali%3Aactivity%3A7487535789719879680%29,,,,,2026-07-30 07:08:28
7487701405068136449,comment,2026-07-28T02:52:09.733Z,Ahmed Wazeiry ,https://www.linkedin.com/feed/update/urn:li:activity:7487535789719879680?commentUrn=urn%3Ali%3Acomment%3A%28activity%3A7487535789719879680%2C7487701405068136449%29&dashCommentUrn=urn%3Ali%3Afsd_comment%3A%287487701405068136449%2Curn%3Ali%3Aactivity%3A7487535789719879680%29,,,,,2026-07-30 07:08:28
7487582832156958720,comment,2026-07-27T19:00:59.748Z,Interested/Immediate Joiner - 9818355045,https://www.linkedin.com/feed/update/urn:li:activity:7487535789719879680?commentUrn=urn%3Ali%3Acomment%3A%28activity%3A7487535789719879680%2C7487582832156958720%29&dashCommentUrn=urn%3Ali%3Afsd_comment%3A%287487582832156958720%2Curn%3Ali%3Aactivity%3A7487535789719879680%29,,,,,2026-07-30 07:08:28
7487535789719879680,post,,"I am hiring , Join the winning team. 

Ps : Only candidates residing in Cairo are eligible.",https://www.linkedin.com/posts/guemeim_i-am-hiring-join-the-winning-team-ps-activity-7487535789719879680-eqpn,Mohamed Guemei,https://www.linkedin.com/in/guemeim?miniProfileUrn=urn%3Ali%3Afsd_profile%3AACoAAAHDKRABrgdiW0in9MCcZTTKPJNsjD6JDPg,Managing Director / General Manager – BPO & CX Zero-to-Scale Delivery Center Builder | Multilingual CX Operations | P&L Ownership,,2026-07-30 07:08:28
7487610986225635329,post,,Charlotte!!! Come on over to the cool side!!,https://www.linkedin.com/posts/activity-7487610986225635329-JkwE,Makeila McCants,https://www.linkedin.com/in/makeilamccants?miniProfileUrn=urn%3Ali%3Afsd_profile%3AACoAADPkSdIBqx7hGvw3IWWvCDNW2XEkh1JO6NU,"Talent Acquisition Business Partner | Leadership Coach | Recruiting Strategy & Workforce Planning | Recruiting & Sourcing With Strategy, Precision, and Just the Right Vibe is My Superpower 😎💪🏾",7.487562191244603e+18,2026-07-30 07:08:28
7487935993753350144,post,,I would very much recommend Global Resourcing as a great place to work.,https://www.linkedin.com/posts/mattstanleytdp_hiring-recruitmentjobs-businessdevelopment-activity-7487935993753350144--CqZ,Matt Stanley,https://www.linkedin.com/in/mattstanleytdp?miniProfileUrn=urn%3Ali%3Afsd_profile%3AACoAAAJgQ74BLkQtfR_XfKqDMkP_LMUKidIchvY,"Co-Founder at Think Digital Partners UKtech50 - Top 50 UK tech leader nominated 2023, 2026",7.487885783564116e+18,2026-07-30 07:08:28
7488118740581085184,post,,"Expert advice to help you successfully navigate building your team in China. Our Talentor China partner Michael Wang provides his local #recruitment expertise to help UK companies 

#hiring #China #recruiting #executivesearch Talentor International",https://www.linkedin.com/posts/dougmackay-executivesearch_recruitment-hiring-china-activity-7488118740581085184-ek9I,Doug Mackay,https://www.linkedin.com/in/dougmackay-executivesearch?miniProfileUrn=urn%3Ali%3Afsd_profile%3AACoAAAAzvSYBCJfsSb8i5eRip6op1yUe3leC8iY,"Strategic Talent Consultant helping SME companies in Aerospace, Building Products & Construction, Healthcare and Industrial Technology to grow by recruiting and developing high performing teams. ☎️ 0044 (0) 7921 483040",,2026-07-30 07:08:28
7487147488186085376,comment,2026-07-26T14:11:05.658Z,I am interested ,https://www.linkedin.com/feed/update/urn:li:activity:7482739718535716864?commentUrn=urn%3Ali%3Acomment%3A%28activity%3A7482739718535716864%2C7487147488186085376%29&dashCommentUrn=urn%3Ali%3Afsd_comment%3A%287487147488186085376%2Curn%3Ali%3Aactivity%3A7482739718535716864%29,,,,,2026-07-30 07:08:28
7483789160147927040,comment,2026-07-17T07:46:17.859Z,#CFBR,https://www.linkedin.com/feed/update/urn:li:activity:7482739718535716864?commentUrn=urn%3Ali%3Acomment%3A%28activity%3A7482739718535716864%2C7483789160147927040%29&dashCommentUrn=urn%3Ali%3Afsd_comment%3A%287483789160147927040%2Curn%3Ali%3Aactivity%3A7482739718535716864%29,,,,,2026-07-30 07:08:28
7482739718535716864,post,,"Hiring | Operations Executive – Control Tower

Barbeque Nation is looking for an Operations Executive – Control Tower to manage real-time delivery operations and ensure seamless order fulfillment across outlets.

Key Requirements:
Experience in Operations, Customer Support, Logistics Coordination, or 
Order Management.
Monitor live order dashboards and drive timely delivery resolution.
Coordinate with store teams and delivery partners for smooth operations.
Handle customer escalations and operational issues.
Prepare and maintain reports using MS Excel, Word, and Email.
Strong communication, coordination, and problem-solving skills.
Ability to work in a fast-paced, shift-based environment.
Candidates with experience in food delivery, hospitality, logistics, or customer operations will be preferred.

Click here to apply and find more details about the job.

https://lnkd.in/g8hXAw7d",https://www.linkedin.com/posts/pratima-sharma-25842568_control-tower-executive-bengaluru-united-activity-7482739718535716864-VcNn,Pratima Sharma,https://www.linkedin.com/in/pratima-sharma-25842568?miniProfileUrn=urn%3Ali%3Afsd_profile%3AACoAAA5M9SQBKxrY-b0MTeEBS1jSwWuu38NJhPc,Human Resource Professional | Talent Acquisition Specialist | Hiring Brilliant Co-Workers to Accelerate Organizational Outcomes :-),,2026-07-30 07:08:28
7487079927691816960,comment,2026-07-26T09:42:37.981Z,Really inspiring venture Francois and a lot of food for thoughts. One person can change the future of many and we all have the possibility to do that. ,https://www.linkedin.com/feed/update/urn:li:ugcPost:7486077343074263040?commentUrn=urn%3Ali%3Acomment%3A%28ugcPost%3A7486077343074263040%2C7487079927691816960%29&dashCommentUrn=urn%3Ali%3Afsd_comment%3A%287487079927691816960%2Curn%3Ali%3AugcPost%3A7486077343074263040%29,,,,,2026-07-30 07:08:28
7487503062299832320,comment,2026-07-27T13:44:01.133Z,This is very inspiring and thought provoking.,https://www.linkedin.com/feed/update/urn:li:ugcPost:7486077343074263040?commentUrn=urn%3Ali%3Acomment%3A%28ugcPost%3A7486077343074263040%2C7487503062299832320%29&dashCommentUrn=urn%3Ali%3Afsd_comment%3A%287487503062299832320%2Curn%3Ali%3AugcPost%3A7486077343074263040%29,,,,,2026-07-30 07:08:28
7487193739874996224,comment,2026-07-26T17:14:52.919Z,"""This job creator to outlive me"" is the sentence that matters most in this update and probably the hardest one to actually build toward. 

Choosing a business structure as the vehicle for giving back is a quieter decision than it looks. It commits you to building something that has to hold up on its own economics, long after the motivation that started it is no longer in the room. Two decades in, that discipline is what separates a legacy project from an institution. ",https://www.linkedin.com/feed/update/urn:li:ugcPost:7486077343074263040?commentUrn=urn%3Ali%3Acomment%3A%28ugcPost%3A7486077343074263040%2C7487193739874996224%29&dashCommentUrn=urn%3Ali%3Afsd_comment%3A%287487193739874996224%2Curn%3Ali%3AugcPost%3A7486077343074263040%29,,,,,2026-07-30 07:08:28
7488239742233309184,comment,2026-07-29T14:31:19.315Z,"Inspiring commitment and work, Francois. It’s impressive to see how you’ve built something that is both impactful and sustainable. I also appreciate the stories behind the headline — this work requires often uncelebrated day by day heroism from a talented and committed team. Thanks for your work and for sharing it!",https://www.linkedin.com/feed/update/urn:li:ugcPost:7486077343074263040?commentUrn=urn%3Ali%3Acomment%3A%28ugcPost%3A7486077343074263040%2C7488239742233309184%29&dashCommentUrn=urn%3Ali%3Afsd_comment%3A%287488239742233309184%2Curn%3Ali%3AugcPost%3A7486077343074263040%29,,,,,2026-07-30 07:08:28
7487825870364033025,comment,2026-07-28T11:06:44.573Z,"What a fantastic outcome for everyone involved, for nature and for our planet 👏 ",https://www.linkedin.com/feed/update/urn:li:ugcPost:7486077343074263040?commentUrn=urn%3Ali%3Acomment%3A%28ugcPost%3A7486077343074263040%2C7487825870364033025%29&dashCommentUrn=urn%3Ali%3Afsd_comment%3A%287487825870364033025%2Curn%3Ali%3AugcPost%3A7486077343074263040%29,,,,,2026-07-30 07:08:28
7487114148112211969,comment,2026-07-26T11:58:36.765Z,"Super, François!
It is a real pleasure to read your posts and, above all, to see how committed you are to supporting agricultural development initiatives and promoting projects related to the agricultural sector in Togo and even beyond, including tourism, hospitality, and other strategic business, yeah!
💪🏾💪🏾💪🏾💪🏾
I truly admire what you are doing and would have given a great deal to follow your example, as our country of origin needs people like you now more than ever.
👏🏾👏🏾👏🏾
Congratulations! You could have simply enjoyed your remarkable success in the high-tech industry in the United States without getting involved in promoting, supporting, and investing in Togo. Instead, you chose to give back, and that is deeply inspiring.
« Tous fiers de toi François »
👊🏽👊🏽👊🏽
Above all, the pride with which you embrace and affirm your roots commands great respect and admiration.
Keep up the outstanding work. Wishing you continued strength and success François and once again, my utmost respect.
Stay blessed ",https://www.linkedin.com/feed/update/urn:li:ugcPost:7486077343074263040?commentUrn=urn%3Ali%3Acomment%3A%28ugcPost%3A7486077343074263040%2C7487114148112211969%29&dashCommentUrn=urn%3Ali%3Afsd_comment%3A%287487114148112211969%2Curn%3Ali%3AugcPost%3A7486077343074263040%29,,,,,2026-07-30 07:08:28
7487548600529469440,comment,2026-07-27T16:44:58.293Z,More grace Sir!,https://www.linkedin.com/feed/update/urn:li:ugcPost:7486077343074263040?commentUrn=urn%3Ali%3Acomment%3A%28ugcPost%3A7486077343074263040%2C7487548600529469440%29&dashCommentUrn=urn%3Ali%3Afsd_comment%3A%287487548600529469440%2Curn%3Ali%3AugcPost%3A7486077343074263040%29,,,,,2026-07-30 07:08:28
7486375244224561152,comment,2026-07-24T11:02:28.351Z,Thanks for sharing the inspiring yet challenging journey of Cajou Espoir. i admire your stamina and dedication in overcoming so many challenges along the way of becoming globally competitive. all the best for all the team of Cajou Espoir! ,https://www.linkedin.com/feed/update/urn:li:ugcPost:7486077343074263040?commentUrn=urn%3Ali%3Acomment%3A%28ugcPost%3A7486077343074263040%2C7486375244224561152%29&dashCommentUrn=urn%3Ali%3Afsd_comment%3A%287486375244224561152%2Curn%3Ali%3AugcPost%3A7486077343074263040%29,,,,,2026-07-30 07:08:28
7486271179364651008,comment,2026-07-24T04:08:57.354Z,"This was an incredible read—deeply inspiring and a powerful reminder of the impact business can have when it’s driven by purpose. I also loved learning that it’s possible to create value from the entire cashew fruit, not just the nut! What a great example of innovation, reducing waste, and creating lasting change. Business truly can be one of the most powerful forces for good.",https://www.linkedin.com/feed/update/urn:li:ugcPost:7486077343074263040?commentUrn=urn%3Ali%3Acomment%3A%28ugcPost%3A7486077343074263040%2C7486271179364651008%29&dashCommentUrn=urn%3Ali%3Afsd_comment%3A%287486271179364651008%2Curn%3Ali%3AugcPost%3A7486077343074263040%29,,,,,2026-07-30 07:08:28
7486182191425642497,comment,2026-07-23T22:15:20.976Z,"Thank you for sharing these great insights François Locoh-Donou.
Your story is truly inspiring for the diaspora and a wonderful example of what can be achieved through innovative thinking.",https://www.linkedin.com/feed/update/urn:li:ugcPost:7486077343074263040?commentUrn=urn%3Ali%3Acomment%3A%28ugcPost%3A7486077343074263040%2C7486182191425642497%29&dashCommentUrn=urn%3Ali%3Afsd_comment%3A%287486182191425642497%2Curn%3Ali%3AugcPost%3A7486077343074263040%29,,,,,2026-07-30 07:08:28
7486077345360175104,post,,"When I was writing my Africa Day post in May, it reminded me just how many of you have been cheering on Cajou Espoir since it launched in 2004. For over two decades, you have followed our journey to bring opportunity and dignity to rural Togo. In that moment, I felt it was time to give you a proper update. Some F5ers may have nudged me on that point too. 😉  

To help with that update, I sat down with Gavin Daly, an author and former journalist who recently joined our F5 team. Gavin’s objectivity, curiosity, and fresh eyes are exactly what this update—and you—deserve.   

Before you dive in, it’s important to understand that while Cajou Espoir is my main way of giving back, it is structured as a business, specifically a B2B social enterprise that’s committed to reinvesting in rural Togolese communities. This structure is a conscious choice. The long-term goal is for this job creator to outlive me.  

Here’s Gavin’s take on our conversation about the challenges and joys of creating a truly sustainable and scalable social enterprise. To everyone who has cheered us on or asked how the business is doing over the years, thank you. This update on our continuing evolution is for you.",https://www.linkedin.com/posts/fldonou_when-i-was-writing-my-africa-day-post-in-activity-7486077345360175104-fIpw,François Locoh-Donou,https://www.linkedin.com/in/fldonou?miniProfileUrn=urn%3Ali%3Afsd_profile%3AACoAAAxLGVUBPiebf2qvbR505osz2nbjP-UJCLw,"Chairman, President, & CEO of F5",,2026-07-30 07:08:28
7487920477491863552,comment,2026-07-28T17:22:40.669Z,Contract Personnel Limited Hiring is not about collecting CVs but finding people who match the skills culture and long term goals of the business As a garage owner I know the right technician must fit both the role and the team because a poor hire affects productivity and customer service Lets connect,https://www.linkedin.com/feed/update/urn:li:ugcPost:7483484337464647680?commentUrn=urn%3Ali%3Acomment%3A%28ugcPost%3A7483484337464647680%2C7487920477491863552%29&dashCommentUrn=urn%3Ali%3Afsd_comment%3A%287487920477491863552%2Curn%3Ali%3AugcPost%3A7483484337464647680%29,,,,,2026-07-30 07:08:28
7486314409599012864,post,,"Hiring isn't about collecting CVs - it's about finding the right people. 

Our specialist recruiters professionally shortlist candidates who match your skills, culture, and long-term goals.

Ready to hire with confidence? 

☎Call 01603 764044 or ✉email perms@cpl.uk.com.",https://www.linkedin.com/posts/contract-personnel-limited_hiring-isnt-about-collecting-cvs-its-activity-7486314409599012864-d8P0,Contract Personnel Limited,https://www.linkedin.com/company/contract-personnel-limited/posts,"3,718 followers",,2026-07-30 07:08:28
7488039277675843584,post,,Episode 756 of Jobs I Love But Can't Take. Hopefully someone awesome in my network can.,https://www.linkedin.com/posts/nicoleaharris_review-vacancy-activity-7488039277675843584-OvED,"Nicole A. Harris, MSIDT",https://www.linkedin.com/in/nicoleaharris?miniProfileUrn=urn%3Ali%3Afsd_profile%3AACoAAAE9qE8B1WGSitlpA1s4lv9UWg-l0IWqcKg,Learning Strategist | nicoleharrislearningsolutions.com 🔸Future Folklorist🔸Training Facilitator🔸eLearning Creative🔸Arts Programmer🔸African Diaspora Educator,7.487853521506312e+18,2026-07-30 07:08:28
7487618116307468288,comment,2026-07-27T21:21:12.146Z,"Bonjour Uta, votre recherche de Travel Advisors francophones à Lisbonne pour Personalvermittlung U. Herrmann attire mon attention, le secteur du tourisme portugais semble en effet très dynamique en ce moment. Je me demande si vous avez déjà envisagé de solliciter des freelances spécialisés pour ce type de mission, cela pourrait élargir votre vivier de candidats qualifiés au-delà des profils salariés classiques. Sur Freelance.bj, plusieurs indépendants pourraient répondre à un besoin ponctuel ou récurrent comme le vôtre. N'hésitez pas à y publier votre annonce, je serais curieuse de voir les profils que cela vous permettrait de rencontrer.",https://www.linkedin.com/feed/update/urn:li:activity:7487524421360889858?commentUrn=urn%3Ali%3Acomment%3A%28activity%3A7487524421360889858%2C7487618116307468288%29&dashCommentUrn=urn%3Ali%3Afsd_comment%3A%287487618116307468288%2Curn%3Ali%3Aactivity%3A7487524421360889858%29,,,,,2026-07-30 07:08:28
7487524421360889858,post,,Are you a French Speaker already based in Lisbon?,https://www.linkedin.com/posts/uta-herrmann-631224143_we-are-looking-for-french-speaking-travel-activity-7487524421360889858-gDxg,Uta Herrmann,https://www.linkedin.com/in/uta-herrmann-631224143?miniProfileUrn=urn%3Ali%3Afsd_profile%3AACoAACK9CIUBmk_5qUiIasp828J98_bTszRp8bk,"Personalvermittlungsexperte bei Personalvermittlung U. Herrmann | Personalbeschaffung, Geschäftsführung",,2026-07-30 07:08:28
7487920649152167936,comment,2026-07-28T17:23:21.597Z,Mark Norrish Reading and Southampton are becoming strong destinations for manufacturing and engineering growth with expanding opportunities and talent pools As a garage owner I see how regional investment can create better access to skilled technicians and support long term business growth Lets connect,https://www.linkedin.com/feed/update/urn:li:ugcPost:7485628556316745728?commentUrn=urn%3Ali%3Acomment%3A%28ugcPost%3A7485628556316745728%2C7487920649152167936%29&dashCommentUrn=urn%3Ali%3Afsd_comment%3A%287487920649152167936%2Curn%3Ali%3AugcPost%3A7485628556316745728%29,,,,,2026-07-30 07:08:28
7485649856452218880,comment,2026-07-22T11:00:02.428Z,Very interesting insights Mark Norrish Thanks for sharing.,https://www.linkedin.com/feed/update/urn:li:ugcPost:7485628556316745728?commentUrn=urn%3Ali%3Acomment%3A%28ugcPost%3A7485628556316745728%2C7485649856452218880%29&dashCommentUrn=urn%3Ali%3Afsd_comment%3A%287485649856452218880%2Curn%3Ali%3AugcPost%3A7485628556316745728%29,,,,,2026-07-30 07:08:28
7485628557101080576,post,,"The latest regional growth data highlights what many of us are already seeing on the ground: Reading and Southampton continue to be key destinations for Manufacturing & Engineering investment. With Reading forecast to be the UK’s fastest-growing local economy over the next three years - according to the latest EY Regional Economic Forecast

✅ Candidates benefit from a growing number of opportunities, exposure to advanced technologies, and clearer career development pathways.
✅ Clients benefit from expanding talent pools, stronger business confidence, and access to skilled professionals who can help drive productivity and growth.

The South remains a fantastic place to build a career or grow a business within Manufacturing & Engineering.

If you're hiring, considering your next move, or simply interested in understanding the market, I'd be happy to share insights.

Get in touch today - marknorrish@michaelpage.co.uk  07768712818

#ManufacturingJobs #EngineeringJobs #Reading #Southampton #Permanent #IndustrialRecruitment #HiringNow #Careers

https://lnkd.in/eDYpCHVf",https://www.linkedin.com/posts/marknorrishengineeringmanufacturingleadershiprecruitment_manufacturingjobs-engineeringjobs-reading-activity-7485628557101080576-pBYC,Mark Norrish,https://www.linkedin.com/in/marknorrishengineeringmanufacturingleadershiprecruitment?miniProfileUrn=urn%3Ali%3Afsd_profile%3AACoAAAJdaqkB-vmtm7YMpFD8AP5u4rVqVGoI2Vs,Business Director – Engineering & Manufacturing Leadership Recruitment. Helping manufacturers attract senior technical and operational talent.,,2026-07-30 07:08:28
7487905629446049793,comment,2026-07-28T16:23:40.620Z,We are doing our best out here! lol,https://www.linkedin.com/feed/update/urn:li:activity:7486616218561396737?commentUrn=urn%3Ali%3Acomment%3A%28activity%3A7486616218561396737%2C7487905629446049793%29&dashCommentUrn=urn%3Ali%3Afsd_comment%3A%287487905629446049793%2Curn%3Ali%3Aactivity%3A7486616218561396737%29,,,,,2026-07-30 07:08:28
7487849668710719490,comment,2026-07-28T12:41:18.541Z,I had a company tell me I had the job but they were too busy to on board me. They told me I couldn't start for six weeks. I told them I was not interested and took another job. Three months later I get a call from them demanding I show up to work.,https://www.linkedin.com/feed/update/urn:li:activity:7486616218561396737?commentUrn=urn%3Ali%3Acomment%3A%28activity%3A7486616218561396737%2C7487849668710719490%29&dashCommentUrn=urn%3Ali%3Afsd_comment%3A%287487849668710719490%2Curn%3Ali%3Aactivity%3A7486616218561396737%29,,,,,2026-07-30 07:08:28
7486625139804073984,comment,2026-07-25T03:35:28.099Z,Happy social Saturday sis,https://www.linkedin.com/feed/update/urn:li:activity:7486616218561396737?commentUrn=urn%3Ali%3Acomment%3A%28activity%3A7486616218561396737%2C7486625139804073984%29&dashCommentUrn=urn%3Ali%3Afsd_comment%3A%287486625139804073984%2Curn%3Ali%3Aactivity%3A7486616218561396737%29,,,,,2026-07-30 07:08:28
7486675151674146816,comment,2026-07-25T06:54:11.857Z,Busayo The Growth_VA thanks for the repost.,https://www.linkedin.com/feed/update/urn:li:activity:7486616218561396737?commentUrn=urn%3Ali%3Acomment%3A%28activity%3A7486616218561396737%2C7486675151674146816%29&dashCommentUrn=urn%3Ali%3Afsd_comment%3A%287486675151674146816%2Curn%3Ali%3Aactivity%3A7486616218561396737%29,,,,,2026-07-30 07:08:28
7487898478778404864,comment,2026-07-28T15:55:15.768Z,Its either no response or we have moved onto someone else. I have been getting that sort of reply going on 4 months now. guess Im used to it.,https://www.linkedin.com/feed/update/urn:li:activity:7486616218561396737?commentUrn=urn%3Ali%3Acomment%3A%28activity%3A7486616218561396737%2C7487898478778404864%29&dashCommentUrn=urn%3Ali%3Afsd_comment%3A%287487898478778404864%2Curn%3Ali%3Aactivity%3A7486616218561396737%29,,,,,2026-07-30 07:08:28
7486637217554182144,comment,2026-07-25T04:23:27.659Z,Happy social Saturday  @,https://www.linkedin.com/feed/update/urn:li:activity:7486616218561396737?commentUrn=urn%3Ali%3Acomment%3A%28activity%3A7486616218561396737%2C7486637217554182144%29&dashCommentUrn=urn%3Ali%3Afsd_comment%3A%287486637217554182144%2Curn%3Ali%3Aactivity%3A7486616218561396737%29,,,,,2026-07-30 07:08:28
7486675349464915968,comment,2026-07-25T06:54:59.015Z,"If you've ever had an interesting job application process.

I would love to hear it.",https://www.linkedin.com/feed/update/urn:li:activity:7486616218561396737?commentUrn=urn%3Ali%3Acomment%3A%28activity%3A7486616218561396737%2C7486675349464915968%29&dashCommentUrn=urn%3Ali%3Afsd_comment%3A%287486675349464915968%2Curn%3Ali%3Aactivity%3A7486616218561396737%29,,,,,2026-07-30 07:08:28
7487881795087298560,comment,2026-07-28T14:48:58.066Z,"I must say, I really appreciate institutions that respond, to me it means respect and actual recognition of applicant's effort",https://www.linkedin.com/feed/update/urn:li:activity:7486616218561396737?commentUrn=urn%3Ali%3Acomment%3A%28activity%3A7486616218561396737%2C7487881795087298560%29&dashCommentUrn=urn%3Ali%3Afsd_comment%3A%287487881795087298560%2Curn%3Ali%3Aactivity%3A7486616218561396737%29,,,,,2026-07-30 07:08:28
7487758734518173697,comment,2026-07-28T06:39:58.140Z,"Learned the hard way. HR is not your friend, they are the company's 3rd line support 🤣",https://www.linkedin.com/feed/update/urn:li:activity:7486616218561396737?commentUrn=urn%3Ali%3Acomment%3A%28activity%3A7486616218561396737%2C7487758734518173697%29&dashCommentUrn=urn%3Ali%3Afsd_comment%3A%287487758734518173697%2Curn%3Ali%3Aactivity%3A7486616218561396737%29,,,,,2026-07-30 07:08:28
7487504039467929600,comment,2026-07-27T13:47:54.107Z,Best laughs for this one - excellent work.,https://www.linkedin.com/feed/update/urn:li:activity:7486616218561396737?commentUrn=urn%3Ali%3Acomment%3A%28activity%3A7486616218561396737%2C7487504039467929600%29&dashCommentUrn=urn%3Ali%3Afsd_comment%3A%287487504039467929600%2Curn%3Ali%3Aactivity%3A7486616218561396737%29,,,,,2026-07-30 07:08:28
7486616218561396737,post,,"Happy Social Saturday 🥂 .

I know there are some of us on this platform that cannot relate to this.

But for those who can, I pray this coming week is the one you've been praying for 🙏 .

Do have a lovely weekend 🤍 .

If you have funny experiences with job applications, we would love to hear it in the comments 😆 .

🏷️ Tag and Share ♻️ to someone you know is currently job hunting.",https://www.linkedin.com/posts/oghenefega-oghenovo-b51bbb349_happy-social-saturday-i-know-there-activity-7486616218561396737-j_v7,Oghenefega Oghenovo,https://www.linkedin.com/in/oghenefega-oghenovo-b51bbb349?miniProfileUrn=urn%3Ali%3Afsd_profile%3AACoAAFc1n60BAGFTGYZlYMCOLO436OFAH6mYcP8,Turning ideas into polished mobile applications | Software Engineer | Android (Kotlin) • iOS (Swift) • Flutter • Kotlin Multiplatform,,2026-07-30 07:08:28
7485974964958019585,comment,2026-07-23T08:31:54.335Z,Big fan of their work.,https://www.linkedin.com/feed/update/urn:li:activity:7485730177608630273?commentUrn=urn%3Ali%3Acomment%3A%28activity%3A7485730177608630273%2C7485974964958019585%29&dashCommentUrn=urn%3Ali%3Afsd_comment%3A%287485974964958019585%2Curn%3Ali%3Aactivity%3A7485730177608630273%29,,,,,2026-07-30 07:08:28
7485733181204279297,comment,2026-07-22T16:31:08.597Z,Great role! Commenting for reach ,https://www.linkedin.com/feed/update/urn:li:activity:7485730177608630273?commentUrn=urn%3Ali%3Acomment%3A%28activity%3A7485730177608630273%2C7485733181204279297%29&dashCommentUrn=urn%3Ali%3Afsd_comment%3A%287485733181204279297%2Curn%3Ali%3Aactivity%3A7485730177608630273%29,,,,,2026-07-30 07:08:28
7485801773681709056,comment,2026-07-22T21:03:42.318Z,Jo Baker,https://www.linkedin.com/feed/update/urn:li:activity:7485730177608630273?commentUrn=urn%3Ali%3Acomment%3A%28activity%3A7485730177608630273%2C7485801773681709056%29&dashCommentUrn=urn%3Ali%3Afsd_comment%3A%287485801773681709056%2Curn%3Ali%3Aactivity%3A7485730177608630273%29,,,,,2026-07-30 07:08:28
7485741686153777155,comment,2026-07-22T17:04:56.335Z,Commenting as am sure this is someone in my network  👀 ,https://www.linkedin.com/feed/update/urn:li:activity:7485730177608630273?commentUrn=urn%3Ali%3Acomment%3A%28activity%3A7485730177608630273%2C7485741686153777155%29&dashCommentUrn=urn%3Ali%3Afsd_comment%3A%287485741686153777155%2Curn%3Ali%3Aactivity%3A7485730177608630273%29,,,,,2026-07-30 07:08:28
7485730177608630273,post,,Lovely and important job going here!,https://www.linkedin.com/posts/sophie-walker-2117a847_apply-to-be-our-head-of-persuasion-activity-7485730177608630273-kwyk,Sophie Walker,https://www.linkedin.com/in/sophie-walker-2117a847?miniProfileUrn=urn%3Ali%3Afsd_profile%3AACoAAAnn5S0Bca5R8pwcjZ2biFzv4PfUkrMJRL4,"Here to help you build impact and influence via strategic comms, storytelling, media wrangling, public affairs, campaigns, leadership, movement-building. Need a mentor? Here for that too. Let’s broaden your horizon.",7.485721180427977e+18,2026-07-30 07:08:28
7488229358520913920,comment,2026-07-29T13:50:03.646Z,Finding the right person feels different when both sides know they're genuinely being heard.,https://www.linkedin.com/feed/update/urn:li:activity:7488147536671756288?commentUrn=urn%3Ali%3Acomment%3A%28activity%3A7488147536671756288%2C7488229358520913920%29&dashCommentUrn=urn%3Ali%3Afsd_comment%3A%287488229358520913920%2Curn%3Ali%3Aactivity%3A7488147536671756288%29,,,,,2026-07-30 07:08:28
7488147536671756288,post,,"In today's competitive talent market, recruitment is about much more than hiring. 🌍
 
As Talent Acquisition professionals, we sit at the intersection of candidate experience and business needs.
 
On one side, we're focused on creating a transparent, engaging, and positive journey for every candidate. On the other, we're helping hiring managers make confident hiring decisions that will strengthen their teams for the future.
 
But our role doesn't stop there.
 
We work closely with hiring managers through:
 
🔹 Workforce and hiring strategy discussions
🔹 Talent market insights and benchmarking
🔹 Interview training and best-practice guidance
🔹 Structured interview toolkits and assessment frameworks
🔹 Partnership throughout the selection process to help identify the best talent
 
In a market where competition for skills remains high, great hiring decisions don't happen by chance. They happen through strong partnerships, clear processes and a shared commitment to finding exceptional people.
 
At DP World, we believe our people are what drive our success. Our People teams build connections, support growth and create opportunities for everyone to make an impact.
 
The best Talent Acquisition teams don't just fill roles. They help candidates find purpose, help leaders build stronger teams, and help businesses grow. 🤝
 
That's how we help make trade flow.
 
#DPWorldEurope #TalentAcquisition #WeMakeTradeFlow",https://www.linkedin.com/posts/lizacrane104_dpworldeurope-talentacquisition-wemaketradeflow-activity-7488147536671756288-J-93,Liza Crane FREC DipRP,https://www.linkedin.com/in/lizacrane104?miniProfileUrn=urn%3Ali%3Afsd_profile%3AACoAADdXAeUBMqCRdxlWdmkSF1BC8aExki5s1fM,Talent Acquisition Specialist - North Europe @ DP World,,2026-07-30 07:08:28
7487925789343178754,comment,2026-07-28T17:43:47.114Z,I hope more HRs and companies do this. ,https://www.linkedin.com/feed/update/urn:li:activity:7487510588961488898?commentUrn=urn%3Ali%3Acomment%3A%28activity%3A7487510588961488898%2C7487925789343178754%29&dashCommentUrn=urn%3Ali%3Afsd_comment%3A%287487925789343178754%2Curn%3Ali%3Aactivity%3A7487510588961488898%29,,,,,2026-07-30 07:08:28
7487814680133029888,comment,2026-07-28T10:22:16.613Z,Very professional ,https://www.linkedin.com/feed/update/urn:li:activity:7487510588961488898?commentUrn=urn%3Ali%3Acomment%3A%28activity%3A7487510588961488898%2C7487814680133029888%29&dashCommentUrn=urn%3Ali%3Afsd_comment%3A%287487814680133029888%2Curn%3Ali%3Aactivity%3A7487510588961488898%29,,,,,2026-07-30 07:08:28
7487545632778256386,comment,2026-07-27T16:33:10.725Z,As it should be 🥹,https://www.linkedin.com/feed/update/urn:li:activity:7487510588961488898?commentUrn=urn%3Ali%3Acomment%3A%28activity%3A7487510588961488898%2C7487545632778256386%29&dashCommentUrn=urn%3Ali%3Afsd_comment%3A%287487545632778256386%2Curn%3Ali%3Aactivity%3A7487510588961488898%29,,,,,2026-07-30 07:08:28
7487526550490312706,comment,2026-07-27T15:17:21.154Z,Very intentional ,https://www.linkedin.com/feed/update/urn:li:activity:7487510588961488898?commentUrn=urn%3Ali%3Acomment%3A%28activity%3A7487510588961488898%2C7487526550490312706%29&dashCommentUrn=urn%3Ali%3Afsd_comment%3A%287487526550490312706%2Curn%3Ali%3Aactivity%3A7487510588961488898%29,,,,,2026-07-30 07:08:28
7487510588961488898,post,,See how each role has the exact salary listed? Very demure. Very mindful. 🤲🏾😭,https://www.linkedin.com/posts/oyinkansola-a-ogunyinka_production-and-operations-manager-activity-7487510588961488898--4lt,Oyinkansola E.,https://www.linkedin.com/in/oyinkansola-a-ogunyinka?miniProfileUrn=urn%3Ali%3Afsd_profile%3AACoAABq7yvABnNlkRgmU6Maa55lngO9rNdacvuM,,7.487457414196228e+18,2026-07-30 07:08:28
7486089439186726912,post,,"https://lnkd.in/eQQpa6Yw

Interesting news and support for businesses and employers through Department for Work & Pensions.
Reminds me of the good old days when I worked there!",https://www.linkedin.com/posts/dave-lolley-186658266_recruit-the-right-people-with-jobcentre-plus-activity-7486089439186726912-hs9_,Dave Lolley,https://www.linkedin.com/in/dave-lolley-186658266?miniProfileUrn=urn%3Ali%3Afsd_profile%3AACoAAEE8c_YBIXZwywUEQZtpJI8Hzm5nn66a43U,Employment Specialist at Dorset HealthCare University NHS Foundation Trust,,2026-07-30 07:08:28
7487987306788933632,post,,"🇧🇷 Why I Like Hiring in Brazil

Brazil has the largest tech workforce in Latin America, with more than 750,000 software developers, and that number continues to grow every year.

Whenever someone tells me they can’t find engineers, I always wonder where they’ve been looking.

Some of the strongest developers we’ve interviewed have come from Brazil. Not because they’re cheaper. Not because they’re remote.

Because they’ve built great products for fast-growing companies and know how to solve real problems.

If you’re limiting your search to one city or even one country, you’re probably overlooking incredible talent.

📅 Thinking about hiring? Your first hire through us is completely free.

https://lnkd.in/eJW3Gjpn",https://www.linkedin.com/posts/gianna-reina_tbt-strategy-call-tandem-bridge-talent-activity-7487987306788933632-Ks2L,Gianna Reina,https://www.linkedin.com/in/gianna-reina?miniProfileUrn=urn%3Ali%3Afsd_profile%3AACoAAElW9IYBwiUZotlL0AXz2Fuce93I3ZBgbG0,Founder @ Tandem Bridge Talent | Helping Founder-Led Companies Scale With Top Nearshore Talent,,2026-07-30 07:08:28
7488133672651526144,post,,"Scotland's still roasting... and somehow, so are we. ☀️🔥

After a week away switching off and recharging, I'm back in the office to find one very important promotion...

I've officially earned my own section on the whiteboard.

Apparently the team (or should I say the more experienced salespeople 😉) needed to know exactly what I was up to on their beloved board. If it's not written up there, does it even exist?

So now we've got:
✅ Jobs
✅ Interviews
✅ Placements
✅ My to-do list

The weather might be testing us, but the team's still pushing on, clients are hiring, candidates are interviewing, and the board has never looked better.

It's good to be back... although I wouldn't mind another week in the sunshine. 😎

How's everyone else surviving this Scottish heatwave?

#Recruitment #Sales #OfficeLife #TeamCulture #Scotland #Hiring #RecruitmentLife",https://www.linkedin.com/posts/aimee-collin-8a7a52415_recruitment-sales-officelife-activity-7488133672651526144-V-o5,Aimee Collin,https://www.linkedin.com/in/aimee-collin-8a7a52415?miniProfileUrn=urn%3Ali%3Afsd_profile%3AACoAAGmyL38BG0vmP12whlRY561TFcg_1TR-RDE,Recruitment Administrator at Sales Pro Partners B2B Sales Recruitment Specialist | Supporting Business| Candidate & Client Coordination,,2026-07-30 07:08:28
7488149087175811072,post,,"☀️ July’s Responsible Business Brief is live, bringing together a wide range of insights on the issues shaping organisations right now from race equity in employment and youth opportunity, to fair work, extreme heat, place-based action and mentoring.

💡 Explore the latest reports, blogs, campaigns and practical tools, and see what could help turn ambition into action in your organisation.

If you find it useful, please share it with colleagues and partners working to drive responsible business for inclusive growth. 🙏 

AVK-SEG, Action for Race Equality",https://www.linkedin.com/posts/business-in-the-community_julys-responsible-business-brief-is-live-activity-7488149087175811072-7snT,Business in the Community,https://www.linkedin.com/company/business-in-the-community/posts,"36,942 followers",,2026-07-30 07:08:28
7487515568640606208,comment,2026-07-27T14:33:42.877Z,Market shifts like these remind us that talent strategy can't stay static. Thanks for sharing the trends you're seeing.,https://www.linkedin.com/feed/update/urn:li:ugcPost:7487420062941868035?commentUrn=urn%3Ali%3Acomment%3A%28ugcPost%3A7487420062941868035%2C7487515568640606208%29&dashCommentUrn=urn%3Ali%3Afsd_comment%3A%287487515568640606208%2Curn%3Ali%3AugcPost%3A7487420062941868035%29,,,,,2026-07-30 07:08:28
7487478832330010624,comment,2026-07-27T12:07:44.258Z,"Simultaneous entry across five countries quietly changes the brief.

What the client needs then is coverage they cannot build internally in time, and that is a different problem from finding one strong candidate.",https://www.linkedin.com/feed/update/urn:li:ugcPost:7487420062941868035?commentUrn=urn%3Ali%3Acomment%3A%28ugcPost%3A7487420062941868035%2C7487478832330010624%29&dashCommentUrn=urn%3Ali%3Afsd_comment%3A%287487478832330010624%2Curn%3Ali%3AugcPost%3A7487420062941868035%29,,,,,2026-07-30 07:08:28
7487506920749072384,comment,2026-07-27T13:59:21.059Z,Great article!  Feel free to join our L&D community on LinkedIn: https://www.linkedin.com/groups/12786108/ ,https://www.linkedin.com/feed/update/urn:li:ugcPost:7487420062941868035?commentUrn=urn%3Ali%3Acomment%3A%28ugcPost%3A7487420062941868035%2C7487506920749072384%29&dashCommentUrn=urn%3Ali%3Afsd_comment%3A%287487506920749072384%2Curn%3Ali%3AugcPost%3A7487420062941868035%29,,,,,2026-07-30 07:08:28
7487420295113437184,comment,2026-07-27T08:15:07.898Z,Tom Hancox Linda Rooney Melis Wallin Angie Aldinger ,https://www.linkedin.com/feed/update/urn:li:ugcPost:7487420062941868035?commentUrn=urn%3Ali%3Acomment%3A%28ugcPost%3A7487420062941868035%2C7487420295113437184%29&dashCommentUrn=urn%3Ali%3Afsd_comment%3A%287487420295113437184%2Curn%3Ali%3AugcPost%3A7487420062941868035%29,,,,,2026-07-30 07:08:28
7487420063822745600,post,,"The old European launch playbook is officially dead. 📉

Our analysis of 250+ active July vacancies reveals a massive, aggressive pivot across the European life sciences sector.

If you are scaling a team or planning a European market entry this year, here are 3 rapid-fire shifts you cannot ignore:

- The Market Access Spike: The baton has passed from MSLs to Pricing & Reimbursement leads. Germany and Spain are seeing highly localized hiring surges.

- Simultaneous Scaling: US biotechs have abandoned staggered entries. They are now building commercial structures in 5+ European countries all at once to beat the 2030 patent cliff.

- The Tech ""Plumbers"" Boom: The hype around AI is hitting reality. Hiring is flooding with demands for the backbone: Cloud, DevOps, and Data Governance engineers.

💡 The Q3 Reality Check

If your hiring process for critical regional talent takes longer than three weeks, you are losing the best candidates to faster competitors.

What is driving these shifts, and what does it mean for your talent strategy?

👇 Read the full July 2026 Talent Tracker by clicking the link!

#beyondthepipeline #july2026 #TSPEurope #SyneosHealth #lifesciences #biotech #marketaccess #talentstrategy #executivesearch #europe",https://www.linkedin.com/posts/daniel-bennett-5a814884_beyondthepipeline-july2026-tspeurope-activity-7487420063822745600-DDKf,Daniel Bennett,https://www.linkedin.com/in/daniel-bennett-5a814884?miniProfileUrn=urn%3Ali%3Afsd_profile%3AACoAABHRiVAB6a_ylpoIB9DsN6jApehF47Swqjw,Building Life Sciences Leadership Teams from R&D and Tech to Commercial Launch,,2026-07-30 07:08:28
7487887736620707840,post,,"Burnham Breaking Barriers To Youth Employment: Up To £8,000 In Support For Employers, Plus New £4,500 A Year Household Bursary
Up To £8,000 In Support For SMEs Hiring Young Apprentices
Plus New £4,500-a-Year Household Bursary. Removing The Apprenticeship Barrier For Families on Universal Credit
Andy Burnham is definitely #BreakingBarriers to youth employment... coupled with the earlier announcement on technical education and more work experience from year 10/aged 14
Comments from Simon Ashworth from AELP, Lizzie Crowley from CIPD, Brian Dow from Mental Health UK, Abdi Mohamed from Scope, Philip Hoare from Balfour Beatty plc
.. plus Education Secretary Lucy Powell and Work and Pensions Secretary Pat McFadden
Check it out in full below:
https://lnkd.in/eRhZwSE8
#NEETs #BreakingBarriers #universalcredit #Apprenticeships #Employers #SME",https://www.linkedin.com/feed/update/urn:li:groupPost:4467089-7487887735836286976,Gavin O'Meara,https://www.linkedin.com/in/gavin-o-meara-1781a514?miniProfileUrn=urn%3Ali%3Afsd_profile%3AACoAAALgGKwBgGDNvUPWmhtyg6SEGgcufFrvQqE,CEO and Founder of FE News and FE Careers,,2026-07-30 07:08:28
7488279634804051971,comment,2026-07-29T17:09:50.446Z,Thank you for sharing 🙏🏻,https://www.linkedin.com/feed/update/urn:li:ugcPost:7488265376414281728?commentUrn=urn%3Ali%3Acomment%3A%28ugcPost%3A7488265376414281728%2C7488279634804051971%29&dashCommentUrn=urn%3Ali%3Afsd_comment%3A%287488279634804051971%2Curn%3Ali%3AugcPost%3A7488265376414281728%29,,,,,2026-07-30 07:08:28
7488265376867373056,post,,"I’m not aligned to the recruitment in any way, but some in my network are, so reposting for reach",https://www.linkedin.com/posts/tamsin-bradberry-8b45318_performance-chef-opportunity-barcelona-activity-7488265376867373056-RKPr,Tamsin Bradberry,https://www.linkedin.com/in/tamsin-bradberry-8b45318?miniProfileUrn=urn%3Ali%3Afsd_profile%3AACoAAAGAesgBNNHmhlyUF12bdpe55ynX3YO1_y0,"Strategic Talent Partner to Financial Services & Supporting Industries | Solving Complex Hiring Challenges from First Hires to Leadership Replacement | Search, Talent Mapping & Market Insight | AI in Business certified.",7.488236728697258e+18,2026-07-30 07:08:28
7487450466671329282,post,,"💼 Top candidates are evaluating opportunities differently in today's market.

A competitive salary will always matter.

But it's no longer the only factor influencing a candidate's decision.

Today's professionals are also looking at:

✅ Career growth opportunities

✅ Company culture and leadership

✅ Work-life balance and flexibility

✅ Stability and long-term potential

✅ A hiring process that is clear and respectful

We've seen candidates accept offers that weren't the highest paying because they felt a stronger connection to the organisation, understood the opportunity, and had confidence in the people they would be working with.

💡 Recruitment has become about more than filling a vacancy.

It's about creating an opportunity that people genuinely want to be part of.

The organisations attracting top talent understand that every interaction during the hiring process helps shape that decision.

What do you think candidates value most when choosing their next opportunity?

👇 We'd love to hear your perspective.

#Hiring #Recruitment #TalentAcquisition #Staffing #EmployerBranding #Leadership",https://www.linkedin.com/posts/career-path-staffing_hiring-recruitment-talentacquisition-activity-7487450466671329282-kHOD,Career Path Staffing,https://www.linkedin.com/company/career-path-staffing/posts,"2,715 followers",,2026-07-30 07:08:28
7488152622076719104,post,,"The latest edition of Burman & Beyond is here!

In this newsletter, we’re sharing insights, advice, and opportunities to help professionals across Higher Education stay informed and supported.

Inside this edition:

- What the latest National Student Survey results could mean for professional services teams

- How to make a stronger impression at your next HE interview

- The latest Higher Education opportunities available now


Whether you’re looking to stay up to date with sector trends or exploring your next career move, there’s plenty to discover.

Read the latest edition of Burman & Beyond below 👇

#Burmanrecruitment #Highereducation #Newsletter",https://www.linkedin.com/posts/burman-recruitment_burmanrecruitment-highereducation-newsletter-activity-7488152622076719104-SlE2,Burman Recruitment,https://www.linkedin.com/company/burman-recruitment/posts,"73,087 followers",,2026-07-30 07:08:28
7487930401810788352,post,,"The workplace isn't what it was five years ago, and it won't be the same five years from now.

Building a future-ready workforce takes more than filling positions. It requires the right strategy, continuous learning, and leaders who are prepared to adapt to change.

📖 Read our latest blog to learn how you can prepare your organization for the future: https://lnkd.in/gSR2cPFV

#TullochConsulting #FutureOfWork #LeadershipSupport",https://www.linkedin.com/posts/tulloch-consulting_talent-acquisition-tips-for-effective-hiring-activity-7487930401810788352-UL3j,Tulloch Consulting,https://www.linkedin.com/company/tulloch-consulting/posts,"1,172 followers",,2026-07-30 07:08:28
7486842614315470848,comment,2026-07-25T17:59:38.063Z,بالتوفيق إن شاء الله,https://www.linkedin.com/feed/update/urn:li:ugcPost:7486796202227728384?commentUrn=urn%3Ali%3Acomment%3A%28ugcPost%3A7486796202227728384%2C7486842614315470848%29&dashCommentUrn=urn%3Ali%3Afsd_comment%3A%287486842614315470848%2Curn%3Ali%3AugcPost%3A7486796202227728384%29,,,,,2026-07-30 07:08:28
7486796203179978752,post,,"> **السلام عليكم ورحمة الله وبركاته،**
> نظراً لإغلاق فرع الشركة الأخيرة التي كنت أعمل بها على مستوى المحافظة وتصفية أعمالها، أبحث حالياً عن فرصة عمل جديدة في مجال **المحاسبة (عملاء وموردين / AR & AP Accountant)**.
> **نبذة عن خبراتي ومؤهلاتي:**
>  * خبرة عملية في إدارة ومتابعة حسابات العملاء والموردين.
>  * متابعة التحصيلات، السداد، وإعداد كشوف الحساب والدورات المستندية.
>  * مطابقة الحسابات الدورية وإعداد التسويات المالية.
>  * إجادة العمل على البرامج المحاسبية وبرامج الأوفيس (خاصة Excel).
> 📍 **النطاق الجغرافي للعمل:** القاهرة / القاهرة الجديدة / العاشر من رمضان / مدينة بدر / العاصمة الإدارية الجديدة.
> 💼 **نوع العمل:** دوام كامل (Full-time).
> لمن يتوفر لديه شاغر مناسب، يسعدني التواصل عبر الرسائل الخاصة (DM) أو من خلال:
> 📧 **البريد الإلكتروني:** a.muhamad12.98@gmail.com
> 📱 **رقم التواصل / واتساب:** 01002985352
> 📄 *(مرفق السيرة الذاتية CV)*
> شاكر جداً لدعمكم وإعادة المشاركة (Repost) لتصل للفرصة المناسبة.

> **Hello Everyone,**
> Due to the full closure of my previous company's branch at the governorate level and the liquidation of its operations, I am currently seeking a new career opportunity as an **Accounts Receivable & Payable Accountant (AR / AP Accountant)**.
> **Key Qualifications & Responsibilities:**
>  * Hands-on experience in managing AR & AP functions.
>  * Following up on collections, payments, issuing account statements, and document cycles.
>  * Performing regular account reconciliations and financial adjustments. وعليكم
>  * Proficient in accounting software and MS Office (especially Excel).
> 📍 **Preferred Locations:** Cairo / New Cairo / 10th of Ramadan / Badr City / New Administrative Capital.
> 💼 **Employment Type:** Full-time.
> If you have a suitable opening, I would appreciate connecting via Direct Message (DM) or through:
> 📧 **Email:** a.muhamad12.98@gmail.com
> 📱 **Phone / WhatsApp:** 01002985352
> 📄 *(CV Attached)*
> Thank you for your support and for sharing/reposting to help reach the right opportunity!",https://www.linkedin.com/posts/ahmed-hamid98_%D8%A7%D9%84%D8%B3%D9%84%D8%A7%D9%85-%D8%B9%D9%84%D9%8A%D9%83%D9%85-%D9%88%D8%B1%D8%AD%D9%85%D8%A9-%D8%A7%D9%84%D9%84%D9%87-%D9%88%D8%A8%D8%B1%D9%83%D8%A7%D8%AA%D9%87-activity-7486796203179978752-Smmf,Ahmed M.,https://www.linkedin.com/in/ahmed-hamid98?miniProfileUrn=urn%3Ali%3Afsd_profile%3AACoAACkr9XEBmaUJXcanctujBx2X6JZMynoJQZ4,ACCOUNTANT,,2026-07-30 07:08:28
7488201754334097408,post,,"📩 The latest edition of the brand builder has landed! 

Inside this month's newsletter: 
💡 An interview tip that could help you stand out
💸 Our Architecture Salary Survey is ready to download 
📈 A surprising insight into the MEP market 
📢 What a marketing recruiter should actually be doing to help you 
🌊 A look at what our team got up to this month 

Have a read and let us know what you think! 👇",https://www.linkedin.com/posts/konker-group_the-latest-edition-of-the-brand-builder-activity-7488201754334097408-qGkJ,Konker,https://www.linkedin.com/company/konker-group/posts,"34,819 followers",,2026-07-30 07:08:28
7486377644847116288,comment,2026-07-24T11:12:00.703Z,"Great tips indeed.
I remember my last offer letter,  I only checked the job title and salary and proceeded to sign.",https://www.linkedin.com/feed/update/urn:li:activity:7486367151164043264?commentUrn=urn%3Ali%3Acomment%3A%28activity%3A7486367151164043264%2C7486377644847116288%29&dashCommentUrn=urn%3Ali%3Afsd_comment%3A%287486377644847116288%2Curn%3Ali%3Aactivity%3A7486367151164043264%29,,,,,2026-07-30 07:08:28
7486367151164043264,post,,"5 Things to Check Before Accepting a Job Offer... 👀

Receiving a job offer is exciting, but before you say ""yes"", take a few minutes to check the details.

1. Salary & Overtime
Make sure you understand your pay, overtime rates, and when you'll be paid.

2. Working Hours & Shift Pattern
Confirm your weekly hours, shift schedule, and whether weekend or night work is required.

3. Location & Travel
Is the workplace easy to get to? If you're relocating, ask what support is available.

4. Contract & Benefits
Check your holiday entitlement, pension, bonuses, and any additional company benefits.

5. Career Progression
Will you have opportunities to learn new skills and progress within the company?

Taking a few extra minutes to review your offer can help you make the right decision for your future.

Looking for your next opportunity? Workforce is here to help you find the right role.

Get in touch with our team today!
☎️ 01204 393 000
📩 jobs@work-force.co.uk
🌐 https://lnkd.in/eFJCuaM7

#JobSearch #CareerAdvice #JobOffer #Recruitment #Workforce #Hiring #CareerTips #NewJob #UKJobs",https://www.linkedin.com/posts/workforce-recruitment-group-limited_jobsearch-careeradvice-joboffer-activity-7486367151164043264-UGFv,Workforce Recruitment Group,https://www.linkedin.com/company/workforce-recruitment-group-limited/posts,"24,914 followers",,2026-07-30 07:08:28
7485783318060507136,post,,"In the competitive world of distributed work, optimizing costs without sacrificing quality is a priority. Venezuela has established itself as a strategic remote talent hub, offering highly skilled, adaptable, and committed professionals. 

In this article, we analyze the most in-demand roles that guarantee a high return on investment (ROI) when hiring through BPO LATAM, including: 

�� Full-Stack Developers and IT Specialists 
📞 Customer Experience (CX) & Bilingual Support Specialists 
🏢 Virtual Assistants and Administrative Support 
📊 Data Analysts and Digital Marketing Specialists 
💰 Accounting and Finance Specialists (Bookkeeping) 

👉 Ready to power up your global team with elite Venezuelan talent? Read the full article on our blog and discover why hiring through BPO LATAM is your best operational ally: 

https://lnkd.in/ezUvTZit 

#BPOLATAM #TalentWithoutBorders #RemoteWork #Venezuela #GlobalHiring #VenezuelanTalent #TalentHub #CostEfficiency #ScaleUp",https://www.linkedin.com/posts/bpo-latam-en_bpolatam-talentwithoutborders-remotework-activity-7485783318060507136-XVuS,BPO LATAM USA,https://www.linkedin.com/company/bpo-latam-en/posts,"1,870 followers",,2026-07-30 07:08:28
7486454184465158144,comment,2026-07-24T16:16:09.170Z,"Sorry I missed you, but stop by and say hello to the Compass team that’s representing today! Thanks for making this event possible.",https://www.linkedin.com/feed/update/urn:li:activity:7486405601254842368?commentUrn=urn%3Ali%3Acomment%3A%28activity%3A7486405601254842368%2C7486454184465158144%29&dashCommentUrn=urn%3Ali%3Afsd_comment%3A%287486454184465158144%2Curn%3Ali%3Aactivity%3A7486405601254842368%29,,,,,2026-07-30 07:08:28
7486405601254842368,post,,"Setup is complete! Come out and be a part of someone’s new beginning, or start your own!

Jubilee Jobs of Lexington Back to Work BBQ 10a-1p",https://www.linkedin.com/posts/stevefossier_setup-is-complete-come-out-and-be-a-part-activity-7486405601254842368-ldwU,Steve Fossier,https://www.linkedin.com/in/stevefossier?miniProfileUrn=urn%3Ali%3Afsd_profile%3AACoAAB6yfZQBTQuk0wO1Ne7o7Ko8FjEAmWwUHsY,Operations Leader | Licensed Insurance Agent | 2nd Chance Advocate | Employer of the Year Award Winner | Thought Provoker | Laughter Creator,,2026-07-30 07:08:28
7485984100508532736,comment,2026-07-23T09:08:12.421Z,"Recruiting with Macati means prioritizing integrity.
  
Our No-Fee Guarantee is an integral part of our commitment to ethical recruitment, ensuring beneficial outcomes for all.
  
See how we support successful, ethical placements for businesses around the globe: https://macatirecruitment.com/no-fee-guarantee/",https://www.linkedin.com/feed/update/urn:li:activity:7485984099539591168?commentUrn=urn%3Ali%3Acomment%3A%28activity%3A7485984099539591168%2C7485984100508532736%29&dashCommentUrn=urn%3Ali%3Afsd_comment%3A%287485984100508532736%2Curn%3Ali%3Aactivity%3A7485984099539591168%29,,,,,2026-07-30 07:08:28
7485984099539591168,post,,"In the complex world of #OffshoreRecruitment, ethical considerations and compliance with local labor laws are paramount.
   
At Macati, a guiding principle of our operations is ‘recruitment with integrity.’
   
This ethos not only shapes our approach but also ensures fair treatment and the avoidance of exploitation.
   
As an accredited Foreign Placement Agency with the Department of Migrant Workers in the Philippines, we firmly adhere to a ’no fees’ policy for candidates, setting us apart in the industry.

In this article, we delve deeper into our guiding principles and share best practices in offshore recruitment.
  
Read more on our blog: https://lnkd.in/gVn3JYcq
  
  
  
  
  
  
#Macati #EthicalRecruitment #OffshoreHiring #FairLaborPractices #Compliance #GlobalWorkforce #IntegrityInHiring #EmployerPaysPolicy #NoToExploitation #LegalHiring #TransparentRecruitment #FairSelection #SupportingCandidates #RecruitmentWithIntegrity #EthicalEmployment #LaborLaws #RecruitmentStandards #GlobalTalentAcquisition #ResponsibleRecruiting #PhilippinesRecruitment #RecruitmentEthics #MacatiRecruitment",https://www.linkedin.com/posts/macatirecruitment_offshorerecruitment-macati-ethicalrecruitment-activity-7485984099539591168-5uvI,Macati,https://www.linkedin.com/company/macatirecruitment/posts,"1,864 followers",,2026-07-30 07:08:28
7487937424967319552,post,,"📋 HR Template Tuesday: Job Description Template

A great hire starts with a great job description!

Yet many organizations are still working from documents that haven't been updated in years.

A well-crafted job description helps attract stronger candidates, clarify expectations, and support employee success.

That's why we're sharing our complimentary Job Description Template.

🎁 Download it here: https://lnkd.in/eWgQQtiF

Need help beyond the document?
People First HR Services can support your organization with additional job descriptions, salary market analysis, workforce planning, recruitment, organizational design, compensation reviews, and workplace assessments to ensure roles align with business needs.

What's the oldest job description in your organization?

#HRTemplateTuesday #Recruitment #TalentAcquisition #PeopleFirstHR",https://www.linkedin.com/posts/leigh-ann-christensen-9495a526_job-description-template-activity-7487937424967319552-E7hA,Leigh Ann Christensen,https://www.linkedin.com/in/leigh-ann-christensen-9495a526?miniProfileUrn=urn%3Ali%3Afsd_profile%3AACoAAAVtLQkBa8emNv5j1tdiVuzLNUFB5dpUuWk,"People First Always! LOVE what I do, the Canadian outdoors, biking, skiing, my family, especially my dog!",,2026-07-30 07:08:28
7485996996315516928,comment,2026-07-23T09:59:27.021Z,Good luck Martin!,https://www.linkedin.com/feed/update/urn:li:ugcPost:7485653632978427904?commentUrn=urn%3Ali%3Acomment%3A%28ugcPost%3A7485653632978427904%2C7485996996315516928%29&dashCommentUrn=urn%3Ali%3Afsd_comment%3A%287485996996315516928%2Curn%3Ali%3AugcPost%3A7485653632978427904%29,,,,,2026-07-30 07:08:28
7485653733436129280,post,,"Hiring plans? - Want access to my 25+ years experience and amazing network? Act quickly and you can have my time exclusively! 

#Sustainability #Recruitment #Exclusive",https://www.linkedin.com/posts/martin-pyke-011b0b_sustainability-recruitment-exclusive-activity-7485653733436129280-2woW,Martin Pyke,https://www.linkedin.com/in/martin-pyke-011b0b?miniProfileUrn=urn%3Ali%3Afsd_profile%3AACoAAAAqDk0BtLO_Ymm44C7_NsJcLL7yXPUDU2k,"🌱 Founder of MNRecruit | Connecting Sustainability Professionals with Purpose-Led Employers | Passionate About The Natural World, Running & Recruitment | Let’s Build a Greener Future Together | Book a Teams below",,2026-07-30 07:08:28
7487912709959786496,comment,2026-07-28T16:51:48.746Z,That must feel a bit surreal for you Ant Hanlon ❤️,https://www.linkedin.com/feed/update/urn:li:activity:7487873817189494786?commentUrn=urn%3Ali%3Acomment%3A%28activity%3A7487873817189494786%2C7487912709959786496%29&dashCommentUrn=urn%3Ali%3Afsd_comment%3A%287487912709959786496%2Curn%3Ali%3Aactivity%3A7487873817189494786%29,,,,,2026-07-30 07:08:28
7487970847790616576,comment,2026-07-28T20:42:49.885Z,"Lauren Cox, could you please help spread the word?💚",https://www.linkedin.com/feed/update/urn:li:activity:7487873817189494786?commentUrn=urn%3Ali%3Acomment%3A%28activity%3A7487873817189494786%2C7487970847790616576%29&dashCommentUrn=urn%3Ali%3Afsd_comment%3A%287487970847790616576%2Curn%3Ali%3Aactivity%3A7487873817189494786%29,,,,,2026-07-30 07:08:28
7487873817189494786,post,,"https://lnkd.in/eDHEVZe2

It's out now everyone. Check out whether you are the right person to be the next leader of this wonderful organisation that is Leeds Irish Health and Homes

Fréa Rachael Loftus MBE FRSA Victoria Denman Anna Franks Eimear Maguire Míchael Gorman Ann (O’Brien) Potter Irish Community Care Manchester John Delahunty Embassy of Ireland, Great Britain",https://www.linkedin.com/posts/ant-hanlon-004b9810_chief-executive-leeds-irish-health-and-activity-7487873817189494786-GJBS,Ant Hanlon,https://www.linkedin.com/in/ant-hanlon-004b9810?miniProfileUrn=urn%3Ali%3Afsd_profile%3AACoAAAJPkwQBIx6akWvvtXIKAjldZN4rg1LlIkA,Chief Executive at Leeds Irish Health & Homes,,2026-07-30 07:08:28
7485984438598721536,post,,"“I’ve got years of experience… why am I still getting rejected?”

This is a question I hear from experienced professionals just as often as I hear it from international students.

Meet Sujeet Tanga ( https://lnkd.in/gdWeSWds )

An experienced #SupplyChain & #Logistics professional who had been trying to secure the right opportunity in the UK for almost two years.

Like many professionals, he did everything he thought he should.

Applied online.

Updated his CV.

Kept searching.

Kept hoping.

Yet the outcome remained the same…

Rejection after rejection.

When Sujeet reached out to us at Job Bridge Recruitment Ltd, we didn’t tell him to apply for another 500 jobs.

We rebuilt the entire strategy.

✔ Targeted employers that genuinely hire

✔ Tailored CVs and applications

✔ LinkedIn optimisation and networking

✔ Interview coaching and preparation

✔ A roadmap focused on quality, not quantity

Three months later, Sujeet secured a role as a Senior Buyer / Purchasing Lead with a £36K+ salary at an excellent UK company.

A fantastic outcome and a well-deserved opportunity.

Sujeet was on a dependent visa, which meant #sponsorship wasn’t a barrier for him.

However, many talented international professionals and graduates don’t have that advantage.

That’s why I always remind people:

Whatever visa you’re on, time matters.

Every month spent following the wrong strategy is a month you don’t get back.

The UK job market hasn’t stopped hiring.

It has simply become more competitive and more strategic.

Whether you’re an experienced professional or a recent graduate, success rarely comes from sending more applications.

It comes from sending the right applications to the right employers with the right positioning.

Congratulations, Sujeet! 👏

Wishing you every success in your new role.

📩 If you’ve been applying for months—or even years—without seeing the results you deserve, perhaps it’s time to rethink the strategy rather than your potential. My inbox is always open.

#SupplyChain #Logistics #Procurement #SeniorBuyer #Purchasing #UKJobs #UKCareers #InternationalProfessionals #DependentVisa #PSWVisa #VisaSponsorship #GraduateJobs #CareerAdvice #JobSearch #IndiansInUK #SupplyChainJobs #ProcurementJobs #Recruitment #CareerGrowth #SuccessStory #JobBridgeRecruitment",https://www.linkedin.com/posts/shubham-gupta-6b0987126_supplychain-logistics-sponsorship-activity-7485984438598721536-TBLW,Shubham Gupta,https://www.linkedin.com/in/shubham-gupta-6b0987126?miniProfileUrn=urn%3Ali%3Afsd_profile%3AACoAAB8cxyQB5PxKk1XMoJGaROTkvo_AsxNTsBU,"Director & Career Coach @Job Bridge Recruitment Global Recruitment Leader | 20,000+ Career Success Stories | Connecting Talent with Opportunity.",,2026-07-30 07:08:28
7487905116008894464,comment,2026-07-28T16:21:38.206Z,So much excitement all in one day!  👏 ,https://www.linkedin.com/feed/update/urn:li:activity:7487887517589942272?commentUrn=urn%3Ali%3Acomment%3A%28activity%3A7487887517589942272%2C7487905116008894464%29&dashCommentUrn=urn%3Ali%3Afsd_comment%3A%287487905116008894464%2Curn%3Ali%3Aactivity%3A7487887517589942272%29,,,,,2026-07-30 07:08:28
7487893289711509517,comment,2026-07-28T15:34:38.598Z,"There is a LOT to wrap our heads around and in many ways, this lands at exactly the time when many in education are taking a break and perhaps not all together in one place as a team.

But we're great at being agile and responding to change in our sector and there is a lot in here which could be genuinely exciting.

For me, it is starting discussions about how we ensure we have the right skilled educators in place to deliver this at scale as it will pose some challenges for sure.
But opportunities too!",https://www.linkedin.com/feed/update/urn:li:activity:7487887517589942272?commentUrn=urn%3Ali%3Acomment%3A%28activity%3A7487887517589942272%2C7487893289711509517%29&dashCommentUrn=urn%3Ali%3Afsd_comment%3A%287487893289711509517%2Curn%3Ali%3Aactivity%3A7487887517589942272%29,,,,,2026-07-30 07:08:28
7487887517589942272,post,,"Burnham Breaking Barriers To Youth Employment: Up To £8,000 In Support For Employers, Plus New £4,500 A Year Household Bursary

Up To £8,000 In Support For  SMEs Hiring Young Apprentices

Plus New £4,500-a-Year Household Bursary. Removing The Apprenticeship Barrier For Families on Universal Credit 

Andy Burnham is definitely #BreakingBarriers to youth employment... coupled with the earlier announcement on technical education and more work experience from year 10/aged 14

Comments from Simon Ashworth from AELP, Lizzie Crowley from CIPD, Brian Dow from Mental Health UK, Abdi Mohamed from Scope, Philip Hoare from Balfour Beatty plc

.. plus Education Secretary Lucy Powell and Work and Pensions Secretary Pat McFadden

Check it out in full below:
https://lnkd.in/eRhZwSE8
#NEETs #BreakingBarriers #universalcredit #Apprenticeships #Employers #SME",https://www.linkedin.com/posts/gavin-o-meara-1781a514_burnham-breaking-barriers-to-youth-employment-activity-7487887517589942272-G737,Gavin O'Meara,https://www.linkedin.com/in/gavin-o-meara-1781a514?miniProfileUrn=urn%3Ali%3Afsd_profile%3AACoAAALgGKwBgGDNvUPWmhtyg6SEGgcufFrvQqE,CEO and Founder of FE News and FE Careers,,2026-07-30 07:08:28
7488290600748933120,comment,2026-07-29T17:53:24.931Z,John Haley Rising UK job postings are encouraging but they also increase pressure on recruitment teams to hire quickly without sacrificing quality or candidate experience. As a garage owner I see the same challenge when workshops urgently need skilled technicians but cannot afford a poor hire. Strong networks better processes and trusted recruitment partners help businesses move faster while still finding people who are right for the role and the team Lets connect,https://www.linkedin.com/feed/update/urn:li:activity:7487911841260634112?commentUrn=urn%3Ali%3Acomment%3A%28activity%3A7487911841260634112%2C7488290600748933120%29&dashCommentUrn=urn%3Ali%3Afsd_comment%3A%287488290600748933120%2Curn%3Ali%3Aactivity%3A7487911841260634112%29,,,,,2026-07-30 07:08:28
7487981999668826112,comment,2026-07-28T21:27:08.700Z,"That's good news John, thanks for sharing 👍",https://www.linkedin.com/feed/update/urn:li:activity:7487911841260634112?commentUrn=urn%3Ali%3Acomment%3A%28activity%3A7487911841260634112%2C7487981999668826112%29&dashCommentUrn=urn%3Ali%3Afsd_comment%3A%287487981999668826112%2Curn%3Ali%3Aactivity%3A7487911841260634112%29,,,,,2026-07-30 07:08:28
7487911841260634112,post,,"📈 Encouraging news for UK hiring!

The latest Recruitment & Employment Confederation Labour Market Tracker found 1.76 million active UK job postings in June, up 9.2% on May and 11.4% year-on-year. New postings also jumped 30.8% month-on-month. 🚀

It’s a welcome sign of movement. But as hiring activity increases, so does the pressure on TA teams to move quickly without compromising quality or candidate experience. ⏱️✨

This is where community becomes a genuine advantage. 🤝

Through IHR - In-house Recruitment Membership, in-house recruitment and TA professionals can:
💬 Learn from peers facing the same challenges
🛠️ Access practical tools, events and expert insights
🔗 Connect with 150+ trusted suppliers and partners making work better
💡 Discover smarter ways to improve hiring

That means less time reinventing the wheel and more confidence to improve processes, make better decisions, hire faster and create candidate experiences that strengthen the employer brand. 🎯

When hiring picks up, the strongest TA teams won’t just hire faster - they’ll hire smarter, supported by the right peers, insights and partners. 🤝

#TalentAcquisition #InHouseRecruitment #CandidateExperience #Recruitment #IHRMembership",https://www.linkedin.com/posts/john-haley-3299a9b_talentacquisition-inhouserecruitment-candidateexperience-activity-7487911841260634112-LVg1,John Haley,https://www.linkedin.com/in/john-haley-3299a9b?miniProfileUrn=urn%3Ali%3Afsd_profile%3AACoAAAIaxJEBODwtXXfmvqUsXlsHTGpPIGnS8FI,Partnerships at IHR | Connecting In-House Recruitment and Talent Acquisition Teams with the Solutions and Partners That Help Them Work Faster and Smarter,,2026-07-30 07:08:28
7485857225853415425,post,,I couldn’t recommend a better team to work and learn from. What a fabulous opportunity!!,https://www.linkedin.com/posts/daisysteinermph_job-application-activity-7485857225853415425-pKYy,"Daisy Steiner, MSPH",https://www.linkedin.com/in/daisysteinermph?miniProfileUrn=urn%3Ali%3Afsd_profile%3AACoAACVLDhkB9BhBSgO0fj00typ-EdNfy52JVE0,Epidemiologist at Arizona Department of Health Services,7.479976707123216e+18,2026-07-30 07:08:28
7486363175798525952,comment,2026-07-24T10:14:31.013Z,Thank you for including us! ,https://www.linkedin.com/feed/update/urn:li:ugcPost:7486049152473227264?commentUrn=urn%3Ali%3Acomment%3A%28ugcPost%3A7486049152473227264%2C7486363175798525952%29&dashCommentUrn=urn%3Ali%3Afsd_comment%3A%287486363175798525952%2Curn%3Ali%3AugcPost%3A7486049152473227264%29,,,,,2026-07-30 07:08:28
7486348235691876352,post,,"Inside this week's newsletter:

📍 the UK's fastest-growing graduate job markets revealed
⚖️ why Britain's 'always-on' work culture is raising wellbeing concerns
🎓 growing pressure on university places in Scotland
📈 how Gen Z is reshaping ideas about career success
🎨 why financial pressures are making it harder to stay in creative careers.

Whether you're exploring career options, preparing for results day or keeping an eye on the graduate jobs market, these are the stories worth knowing this week.

Read the full newsletter to get the key takeaways and practical careers advice behind the headlines 👉",https://www.linkedin.com/posts/prospects-study-tips-and-careers-advice_inside-this-weeks-newsletter-the-uks-activity-7486348235691876352-X0hX,Prospects - study tips and careers advice,https://www.linkedin.com/showcase/prospects-study-tips-and-careers-advice/posts,527 followers,,2026-07-30 07:08:28
7485922235292041217,comment,2026-07-23T05:02:22.603Z,"Hi everyone,
I’m currently working as an HR Recruiter at LERNX ✨
We’re currently hiring for hr/marketing intern for 2 months anyone wants to know more than contact me!
Applications are open for only 4 days.

If you're interested then share your resume on my WhatsApp number:- 8889799711",https://www.linkedin.com/feed/update/urn:li:activity:7485676292890165248?commentUrn=urn%3Ali%3Acomment%3A%28activity%3A7485676292890165248%2C7485922235292041217%29&dashCommentUrn=urn%3Ali%3Afsd_comment%3A%287485922235292041217%2Curn%3Ali%3Aactivity%3A7485676292890165248%29,,,,,2026-07-30 07:08:28
7485707223516569601,comment,2026-07-22T14:47:59.802Z,"Well said 👌 AI has great potential in HR and it's being used widely already. However, using it for initial screening is perhaps better than relying on it completely for hiring decisions. That is best left as a human responsibility, especially in case of creative roles as you have mentioned. Even the screening process needs extensive guardrails to avoid ending up with a lot of average resumes, having filtered out the few off-beat but valuable ones. ",https://www.linkedin.com/feed/update/urn:li:activity:7485676292890165248?commentUrn=urn%3Ali%3Acomment%3A%28activity%3A7485676292890165248%2C7485707223516569601%29&dashCommentUrn=urn%3Ali%3Afsd_comment%3A%287485707223516569601%2Curn%3Ali%3Aactivity%3A7485676292890165248%29,,,,,2026-07-30 07:08:28
7485676292890165248,post,,"A beautiful and thought provoking conversation around how fast can hiring get. 

My personal view remains that hiring should be a very intentional process. AI and associated tools will soon become a reliable partner for TA specialists, and how to leverage this tool is what is important. A very pertinent question also came in from several leaders on what role can AI based hiring play when we are looking to hire creatives, and innovation forward roles (or even if traditional interviewing is the right approach for selection of such niche talent). 

Changing behaviour of organizations, hiring managers and HR teams across the world is no small feat, something Ankit Aggarwal is trying to do with UnStop.",https://www.linkedin.com/posts/debomita-mukherjee-12900224_brandconnectinitiative-ethrworld-talentacquisition-activity-7485676292890165248-KO26,Debomita Mukherjee,https://www.linkedin.com/in/debomita-mukherjee-12900224?miniProfileUrn=urn%3Ali%3Afsd_profile%3AACoAAAT7zjEBc-Fzc7mDkNQKvVvU2JECeO_S9cE,Head of HR with Global Experience | Specialized in Organizational Design & Change Management | Scaling Global Talent Strategy & Business Excellence | Architecting High-Performance Cultures,7.485580474946384e+18,2026-07-30 07:08:28
7487499634383241216,post,,"Recruiters hiring for remote digital roles are increasingly ignoring the dates on a CV to focus on the links in a portfolio.

We have observed a recurring pattern where highly qualified African professionals miss out on global opportunities not because they lack the skill but because they lack the proof. In a digital economy, five years of experience is a claim, while a public project is evidence.

When a founder or a project manager is hiring a Virtual Assistant or a Digital Marketer from across the continent, they are often looking for one thing: Can this person do the work right now?

A resume might say you understand project management. A shared Trello board or a case study of a past project shows how you actually think and organize. This shift from credentials to competence is why many self-taught individuals are outcompeting degree holders for remote roles.

One practical way to adapt is to stop only updating your resume and start building a Proof of Work folder. This could be a collection of published articles, a screen recording of a technical process you mastered, or a folder of design assets.

At Elimika Africa, we focus on helping learners move beyond theory into creating these tangible assets. Our training is designed to ensure that by the time you finish, you have more than a certificate; you have a portfolio that speaks for you.

For those who consistently demonstrate high-quality work, there are often opportunities for additional visibility through our partnership with Outsourced African Talent when roles align with their skills.

What is the most important item in your digital portfolio right now?

#DigitalSkills #RemoteWork #CareerGrowth #AfricaTech #WorkforceDevelopment",https://www.linkedin.com/posts/elimikaafrica_digitalskills-remotework-careergrowth-activity-7487499634383241216-xpC8,ElimikaAfrica,https://www.linkedin.com/company/elimikaafrica/posts,329 followers,,2026-07-30 07:08:28
7486062943424471040,post,,#amazing #creative organisation to work for Greater Manchester,https://www.linkedin.com/posts/dr-rajesh-patel-49441537_im-pleased-to-share-that-afrocats-is-activity-7486062943424471040-19X_,Dr Rajesh Patel,https://www.linkedin.com/in/dr-rajesh-patel-49441537?miniProfileUrn=urn%3Ali%3Afsd_profile%3AACoAAAe21XABaXbR7D4v2nGBlTMqBpcPgy5NIEQ,Consultant - Youth and Community Work/Education,7.485955701362729e+18,2026-07-30 07:08:28
7485961079018303488,comment,2026-07-23T07:36:43.669Z,cfbr,https://www.linkedin.com/feed/update/urn:li:activity:7485960442109108225?commentUrn=urn%3Ali%3Acomment%3A%28activity%3A7485960442109108225%2C7485961079018303488%29&dashCommentUrn=urn%3Ali%3Afsd_comment%3A%287485961079018303488%2Curn%3Ali%3Aactivity%3A7485960442109108225%29,,,,,2026-07-30 07:08:28
7487919170991505408,comment,2026-07-28T17:17:29.176Z,Zille Ali Remote hiring and AI skills are shaping recruitment while contract hiring remains resilient. As a garage owner I see the same need for flexible hiring and strong compliance when recruiting skilled technicians Lets connect,https://www.linkedin.com/feed/update/urn:li:activity:7485960442109108225?commentUrn=urn%3Ali%3Acomment%3A%28activity%3A7485960442109108225%2C7487919170991505408%29&dashCommentUrn=urn%3Ali%3Afsd_comment%3A%287487919170991505408%2Curn%3Ali%3Aactivity%3A7485960442109108225%29,,,,,2026-07-30 07:08:28
7485960442109108225,post,,"🇬🇧 𝐔𝐊 𝐒𝐭𝐚𝐟𝐟𝐢𝐧𝐠 & 𝐑𝐞𝐜𝐫𝐮𝐢𝐭𝐦𝐞𝐧𝐭 𝐈𝐧𝐭𝐞𝐥𝐥𝐢𝐠𝐞𝐧𝐜𝐞 – 𝟐𝟐 𝐉𝐮𝐥𝐲 𝟐𝟎𝟐𝟔

The latest market signals from the UK recruitment industry are clear:

• Remote hiring continues to create attractive opportunities, especially in tech and professional services.
• AI and Machine Learning talent remain among the most in-demand skill sets.
• While overall vacancies have softened, contract and temporary hiring are showing resilience.
• UK staffing firms are preparing for new right-to-work compliance requirements coming into effect later this year.

For Pakistan-based staffing companies, these trends highlight an opportunity to deliver fast, cost-effective, and high-quality recruitment support to international clients.

At 𝐓𝐡𝐞 𝐒𝐮𝐩𝐩𝐨𝐫𝐭 𝐑𝐞𝐯𝐨𝐥𝐮𝐭𝐢𝐨𝐧 (𝐒𝐌𝐂-𝐏𝐫𝐢𝐯𝐚𝐭𝐞) 𝐋𝐢𝐦𝐢𝐭𝐞𝐝, we're committed to staying ahead of market trends so we can better serve our clients and candidates.

This is part of our regular UK Staffing & Recruitment Intelligence Report.

What trend do you think will have the biggest impact on recruitment over the next 12 months?

#Staffing #Recruitment #Hiring #UKJobs #RemoteWork #TalentAcquisition #AI #BPO #Outsourcing #TheSupportRevolution",https://www.linkedin.com/posts/zille-ali-120487285_staffing-recruitment-hiring-activity-7485960442109108225-sT0X,Zille Ali,https://www.linkedin.com/in/zille-ali-120487285?miniProfileUrn=urn%3Ali%3Afsd_profile%3AACoAAEVNt-gByrSZ6uR-LJ6waR6c-rJeNFRNB6k,"Founder & CEO | The Support Revolution(SMC-PVT) Ltd | Helping UK, US & GCC businesses scale with remote staffing, recruitment & sales-ready talent.",,2026-07-30 07:08:28
7483232077207928834,post,,"Hospitality, Aviation & Cruise Industry Hiring Alert! ✈️🏨🚢
Your next career opportunity could be just one application away!
At AirigoJobs, we're connecting talented professionals with leading employers across the Hospitality, Aviation, and Cruise industries. Whether you're a fresher or an experienced professional, exciting opportunities are waiting for you.
🌟 Current Hiring with Leading Brands:
 ✅ The Altruist Hotels
 ✅ EbixCash – Chennai Airport
 ✅ Barbeque Nation
 ...and many more top employers across India.
💼 Open Positions Include:
 🔹 Front Office Associate
 🔹 Room Attendant
 🔹 Sales Executive
 🔹 Restaurant Manager
 🔹 Senior Captain
 🔹 Airport Cashier
 🔹 Customer Service Executive
 🔹 Kitchen Steward
 🔹 Kitchen Helper
 🔹 Ground Support & Airport Operations (Upcoming Opportunities)
Why choose AirigoJobs?
✅ 100% FREE for Job Seekers
 ✅ Verified Employers & Genuine Openings
 ✅ Quick & Easy Hiring Process
 ✅ Opportunities in Hospitality, Aviation & Cruise Industries
 ✅ Connect Directly with Top Recruiters
📲 Download the AirigoJobs Android App by scanning the QR code in the poster and apply today.
🤝 Calling HR Professionals & Recruiters!
If you're hiring for Hospitality, Aviation, or Cruise roles, AirigoJobs helps you connect with verified and job-ready candidates. Partner with us to simplify your hiring process and reach quality talent faster.
💬 Tag someone who's looking for a career in Hospitality, Aviation, or Cruise, and help them find their next opportunity!
#AirigoJobs #HospitalityJobs #AviationJobs #AirportJobs #CruiseJobs #HospitalityHiring #AviationHiring #CruiseCareers #NowHiring #HiringNow #JobSearch #Careers #HotelJobs #AirportCareers #Recruitment #HR #IndiaJobs #Freshers #ExperiencedProfessionals #CareerGrowth #ApplyNow",https://www.linkedin.com/feed/update/urn:li:groupPost:141784-7482667283966840832,Anjali N,https://www.linkedin.com/in/anjali-n-680387225?miniProfileUrn=urn%3Ali%3Afsd_profile%3AACoAADh5bwAB2cArdfaT7Xo9M9dblq3V4-UIt4w,Business Development Executive,,2026-07-30 07:08:28
7486284089340190720,post,,"EPWP job applications to move online to curb corruption: Macpherson - SABC News
https://lnkd.in/eMvVHCwG",https://www.linkedin.com/posts/tenderpoint_epwp-job-applications-to-move-online-to-curb-activity-7486284089340190720-zlOT,TenderPoint,https://www.linkedin.com/company/tenderpoint/posts,460 followers,,2026-07-30 07:08:28
7485964441935761408,comment,2026-07-23T07:50:05.452Z,"Ganesh Iyer - giving team members ownership to create something special outside of their work responsibilities is very powerful. It fosters camaraderie, sense of purpose and belonging. Well done, ADP team!  👏  👏  👏 ",https://www.linkedin.com/feed/update/urn:li:activity:7485644306888757249?commentUrn=urn%3Ali%3Acomment%3A%28activity%3A7485644306888757249%2C7485964441935761408%29&dashCommentUrn=urn%3Ali%3Afsd_comment%3A%287485964441935761408%2Curn%3Ali%3Aactivity%3A7485644306888757249%29,,,,,2026-07-30 07:08:28
7485644306888757249,post,,"When someone moves to a new country for work, the office often becomes the first place they meet people, pick up the local rhythm, and start to feel at home. That doesn't happen by accident, someone has to build it.

That's the part of our Business Resource Groups at ADP I'm most proud of.

Expats.cz spoke with several of our colleagues in ADP Czech Republic about what our BRGs actually do day to day, and the examples say a lot about the impact we create.

But there's also a benefit that gets talked about less. This work is leadership practice. Running an event, managing volunteers, influencing without authority, that's real experience, and I've watched it change career trajectories here.

Thank you to Sergio Tunno, Martin Le Grand, MBA, Veronica Paitán, Jana Heyduková, Annie GRACIA, Mauro Tobia Barone, Bucifalová Veronika and Elena Popescu, and to our leaders who give their time to these groups. 

You make this culture real.
Worth a read 👇

Caroline RAMBAUD Rebecca Garcia Charlie Rességuier Lucia Nagyová Jana Drahovská Lucie Jírů Klara Pavlikova

#ADP #BusinessResourceGroups #CzechRepublic #Prague #TopEmployer

https://lnkd.in/eW8zRPGu",https://www.linkedin.com/posts/ganeshiyer1_expat-workers-in-czechia-want-community-activity-7485644306888757249-e2pQ,Ganesh Iyer,https://www.linkedin.com/in/ganeshiyer1?miniProfileUrn=urn%3Ali%3Afsd_profile%3AACoAAAGTMC0BKkKnMYa-WV1xEXcNUNe7fCiKQ94,Country HR Head - ADP Czech Republic,,2026-07-30 07:08:28
7487086376161824768,comment,2026-07-26T10:08:15.416Z,"I need UK sponer visa can you help me pleas s
I'm 23 year old 
I'm from pakistan 
My education 10th",https://www.linkedin.com/feed/update/urn:li:activity:7486087762459262976?commentUrn=urn%3Ali%3Acomment%3A%28activity%3A7486087762459262976%2C7487086376161824768%29&dashCommentUrn=urn%3Ali%3Afsd_comment%3A%287487086376161824768%2Curn%3Ali%3Aactivity%3A7486087762459262976%29,,,,,2026-07-30 07:08:28
7486087762459262976,post,,"A few key hiring trends we're seeing across the UK construction market:
 
🏗️ Demand remains strong for skilled commercial and project professionals as consultancies look to secure the right talent for upcoming projects.
📈 Infrastructure, residential, healthcare and public sector projects continue to drive hiring activity.
💼 Employers are placing greater value on candidates with strong stakeholder management skills, commercial awareness and the ability to deliver projects from start to finish.
🤝 Candidates are looking beyond salary, with flexible working, career progression and company culture playing a much bigger role in decision-making.
 
The market remains competitive and the best candidates often have multiple opportunities available.
 
Whether you're hiring or considering your next move, now is a great time to start the conversation. 



#UKConstruction #ProjectManagement #QuantitySurveying #ConstructionConsultancy #Infrastructure #UKJobs",https://www.linkedin.com/posts/emma-sierens-1280b2267_ukconstruction-projectmanagement-quantitysurveying-activity-7486087762459262976-WCa3,Emma Sierens,https://www.linkedin.com/in/emma-sierens-1280b2267?miniProfileUrn=urn%3Ali%3Afsd_profile%3AACoAAEFU-TABhKy0253VVNCp_zFTsoAkbOXtqJE,Delivery Consultant - Flagship Consulting,,2026-07-30 07:08:28
7486199470284677121,post,,"Worth trying, opportunity come at once!",https://www.linkedin.com/posts/israel-sokrim-5bba26271_wickidchickenpng-nowhiring-laejobs-activity-7486199470284677121-g9zJ,Israel Sokrim,https://www.linkedin.com/in/israel-sokrim-5bba26271?miniProfileUrn=urn%3Ali%3Afsd_profile%3AACoAAEKJld8BpsWQAUN2Q_c9JHr93-595shT5W0,Data Entry Clerk|Diploma in HR,7.485982897208717e+18,2026-07-30 07:08:28
7486458100531486720,comment,2026-07-24T16:31:42.833Z,Love the insights Oscar Orellana-Hyder🪢 🙌🏼,https://www.linkedin.com/feed/update/urn:li:ugcPost:7486303118973034497?commentUrn=urn%3Ali%3Acomment%3A%28ugcPost%3A7486303118973034497%2C7486458100531486720%29&dashCommentUrn=urn%3Ali%3Afsd_comment%3A%287486458100531486720%2Curn%3Ali%3AugcPost%3A7486303118973034497%29,,,,,2026-07-30 07:08:28
7486331316251037697,comment,2026-07-24T08:07:55.104Z,"Congratulations! Wishing you great success.
  Preparing the next generation for Agentic AI, AI-powered Robotics, and autonomous systems is just as important as building strong data ecosystems.
    At ZAS Robotics, we help schools and universities build Robotics & AI labs with a UK-developed ecosystem, backed by IIT Master’s & PhD and Surrey Space Center expertise. Our experience shows that only about 5% of students continue in robotics due to gaps in foundational learning and mentorship.
   We offer lesson plans, GitHub code, and 9 Robotics & AI platforms covering everything from fundamentals to autonomous AI robotics. The program is already being used in the UK and India and is now expanding into the UAE.
Videos:
Autonomous Navigation: https://www.youtube.com/watch?v=ULf0M6QJ8sQ&t=13s
AI Foundation Kit: https://www.youtube.com/watch?v=Qq-_EweeOQI&t=2s
Overview (3 min): https://www.youtube.com/watch?v=c6SMuxxSxW0
https://www.zas-robotics.com/
Open to collaborations. We also support student research and passion projects for top university applications.
Sensor Kit: https://www.youtube.com/watch?v=t7fzee2y_gI
Motion Kit: https://www.youtube.com/watch?v=FxtTXesamds
mohammed.sadiq@zas-robotics.com",https://www.linkedin.com/feed/update/urn:li:ugcPost:7486303118973034497?commentUrn=urn%3Ali%3Acomment%3A%28ugcPost%3A7486303118973034497%2C7486331316251037697%29&dashCommentUrn=urn%3Ali%3Afsd_comment%3A%287486331316251037697%2Curn%3Ali%3AugcPost%3A7486303118973034497%29,,,,,2026-07-30 07:08:28
7486303941228634112,comment,2026-07-24T06:19:08.391Z,"Oscar starts from mins. 17.45 🎉: 

https://omny.fm/shows/thebusinessbreakfastpodcast/dubai-inflation-hits-5-7",https://www.linkedin.com/feed/update/urn:li:ugcPost:7486303118973034497?commentUrn=urn%3Ali%3Acomment%3A%28ugcPost%3A7486303118973034497%2C7486303941228634112%29&dashCommentUrn=urn%3Ali%3Afsd_comment%3A%287486303941228634112%2Curn%3Ali%3AugcPost%3A7486303118973034497%29,,,,,2026-07-30 07:08:28
7486327302721589248,comment,2026-07-24T07:51:58.204Z,Exciting times ahead for Cordell Partners 🪢 team. Great insights Oscar Orellana-Hyder🪢 💪🏼,https://www.linkedin.com/feed/update/urn:li:ugcPost:7486303118973034497?commentUrn=urn%3Ali%3Acomment%3A%28ugcPost%3A7486303118973034497%2C7486327302721589248%29&dashCommentUrn=urn%3Ali%3Afsd_comment%3A%287486327302721589248%2Curn%3Ali%3AugcPost%3A7486303118973034497%29,,,,,2026-07-30 07:08:28
7486305587329265664,comment,2026-07-24T06:25:40.852Z,Pause not permanent retrenchment I believe! ,https://www.linkedin.com/feed/update/urn:li:ugcPost:7486303118973034497?commentUrn=urn%3Ali%3Acomment%3A%28ugcPost%3A7486303118973034497%2C7486305587329265664%29&dashCommentUrn=urn%3Ali%3Afsd_comment%3A%287486305587329265664%2Curn%3Ali%3AugcPost%3A7486303118973034497%29,,,,,2026-07-30 07:08:28
7486451110497398784,comment,2026-07-24T16:03:56.279Z,Thanks for the insights! Oscar Orellana-Hyder🪢 Do you think this opens more opportunities to fractional COO service providers for families?,https://www.linkedin.com/feed/update/urn:li:ugcPost:7486303118973034497?commentUrn=urn%3Ali%3Acomment%3A%28ugcPost%3A7486303118973034497%2C7486451110497398784%29&dashCommentUrn=urn%3Ali%3Afsd_comment%3A%287486451110497398784%2Curn%3Ali%3AugcPost%3A7486303118973034497%29,,,,,2026-07-30 07:08:28
7486303237474717696,post,,"Cordell Partners 🪢 Family Office hiring in the UAE 🇦🇪 


Thank you ever so much to my dear friends at the ARN Newscentre and Dubai Eye 103.8 for asking me for commentary on our latest H1 Benchmarking report for salaries, sectors and sentiment on the hiring in the region 💰 

Family office portfolio companies looking to list, long term 5-8 year plans to exit, all is covered in our latest document released earlier this month ☀️ 

Hiring plans were scaled back, some firms by 75%, team growth has slowed, there have been some restructurings. Nevertheless, the region remains powerful, the push factors remain in other geographies and incentives to set up in the DIFC and the ADGM are noteworthy 🦄

‘Building the ecosystem, with vision’ 

Why did we make this our strapline? Because we can see the plans, we talk to the govt. We talk to the SWF. We listen to the SFO community. It’s clear to see that, the growth is continuing 🦋

Please do watch the full interview in the comments and reach out if you would like to see our full H1 Benchmarking report : 

Oscar@cordell-partners.com 

Ryan O'Toole Charles Bouly Cellou D.  Ikhlas Jalali",https://www.linkedin.com/posts/oscarorellana-hyder_cordell-partners-family-office-hiring-activity-7486303237474717696-k_wl,Oscar Orellana-Hyder🪢,https://www.linkedin.com/in/oscarorellana-hyder?miniProfileUrn=urn%3Ali%3Afsd_profile%3AACoAAAaHQEoBAkHxKUZwWbXMPTNIjMtNIjdMrw8,Co-Founder at Cordell Partners - Financial Services Headhunter | Executive Search | Recruiter - Oscar@cordell-partners.com - Dubai & Abu Dhabi 🇦🇪,,2026-07-30 07:08:28
7486761401894522880,comment,2026-07-25T12:36:55.512Z,Interested,https://www.linkedin.com/feed/update/urn:li:activity:7485946204686643202?commentUrn=urn%3Ali%3Acomment%3A%28activity%3A7485946204686643202%2C7486761401894522880%29&dashCommentUrn=urn%3Ali%3Afsd_comment%3A%287486761401894522880%2Curn%3Ali%3Aactivity%3A7485946204686643202%29,,,,,2026-07-30 07:08:28
7487375690363736064,comment,2026-07-27T05:17:53.297Z,Interested ,https://www.linkedin.com/feed/update/urn:li:activity:7485946204686643202?commentUrn=urn%3Ali%3Acomment%3A%28activity%3A7485946204686643202%2C7487375690363736064%29&dashCommentUrn=urn%3Ali%3Afsd_comment%3A%287487375690363736064%2Curn%3Ali%3Aactivity%3A7485946204686643202%29,,,,,2026-07-30 07:08:28
7487386251076190208,comment,2026-07-27T05:59:51.167Z,"Great opportunity! If you're looking to hire faster, try posting on https://eazyway.io/recruiter/register. It's free and built to streamline hiring with a pool of high-quality candidates. This could save you a lot of time & money!",https://www.linkedin.com/feed/update/urn:li:activity:7485946204686643202?commentUrn=urn%3Ali%3Acomment%3A%28activity%3A7485946204686643202%2C7487386251076190208%29&dashCommentUrn=urn%3Ali%3Afsd_comment%3A%287487386251076190208%2Curn%3Ali%3Aactivity%3A7485946204686643202%29,,,,,2026-07-30 07:08:28
7486072437063856128,comment,2026-07-23T14:59:13.497Z,please contact 9092748975,https://www.linkedin.com/feed/update/urn:li:activity:7485946204686643202?commentUrn=urn%3Ali%3Acomment%3A%28activity%3A7485946204686643202%2C7486072437063856128%29&dashCommentUrn=urn%3Ali%3Afsd_comment%3A%287486072437063856128%2Curn%3Ali%3Aactivity%3A7485946204686643202%29,,,,,2026-07-30 07:08:28
7486005201825546240,comment,2026-07-23T10:32:03.366Z,Please contact 9575250549 for SMM,https://www.linkedin.com/feed/update/urn:li:activity:7485946204686643202?commentUrn=urn%3Ali%3Acomment%3A%28activity%3A7485946204686643202%2C7486005201825546240%29&dashCommentUrn=urn%3Ali%3Afsd_comment%3A%287486005201825546240%2Curn%3Ali%3Aactivity%3A7485946204686643202%29,,,,,2026-07-30 07:08:28
7485971935991025665,comment,2026-07-23T08:19:52.174Z,"📢 Remote Work Opportunity
👩‍🎓 Students
👨‍💼 Freshers
👩‍👧 Housewives
✔ Training Provided
✔ Flexible Hours
✔ Positive Team Environment

Apply From 
https://form.svhrt.com/6a61986a8460ea850489cb58",https://www.linkedin.com/feed/update/urn:li:activity:7485946204686643202?commentUrn=urn%3Ali%3Acomment%3A%28activity%3A7485946204686643202%2C7485971935991025665%29&dashCommentUrn=urn%3Ali%3Afsd_comment%3A%287485971935991025665%2Curn%3Ali%3Aactivity%3A7485946204686643202%29,,,,,2026-07-30 07:08:28
7486058879613579264,comment,2026-07-23T14:05:21.148Z,Intrest ,https://www.linkedin.com/feed/update/urn:li:activity:7485946204686643202?commentUrn=urn%3Ali%3Acomment%3A%28activity%3A7485946204686643202%2C7486058879613579264%29&dashCommentUrn=urn%3Ali%3Afsd_comment%3A%287486058879613579264%2Curn%3Ali%3Aactivity%3A7485946204686643202%29,,,,,2026-07-30 07:08:28
7485955561939931136,comment,2026-07-23T07:14:48.296Z,"* Work From Home Opportunity.*
If you are a student, fresher, housewife, or job seeker looking to earn ₹25,000 – ₹30,000 per month, this opportunity is for you.
Position: Digital Marketing | Recruiting | Lead Generation | B2B 
Eligibility: 12th Pass & Above
Language: Basic Hindi Required 
Location: Remote (India Only)
Basic training will be provided.
Flexible working hours.
Performance-based growth.
Serious applicants only. Limited openings available.

Interested candidates Apply Here 👇 
https://forms.gle/jGv8VBQuABN5wqeu8",https://www.linkedin.com/feed/update/urn:li:activity:7485946204686643202?commentUrn=urn%3Ali%3Acomment%3A%28activity%3A7485946204686643202%2C7485955561939931136%29&dashCommentUrn=urn%3Ali%3Afsd_comment%3A%287485955561939931136%2Curn%3Ali%3Aactivity%3A7485946204686643202%29,,,,,2026-07-30 07:08:28
7486072360538898432,comment,2026-07-23T14:58:55.251Z,cfbr,https://www.linkedin.com/feed/update/urn:li:activity:7485946204686643202?commentUrn=urn%3Ali%3Acomment%3A%28activity%3A7485946204686643202%2C7486072360538898432%29&dashCommentUrn=urn%3Ali%3Afsd_comment%3A%287486072360538898432%2Curn%3Ali%3Aactivity%3A7485946204686643202%29,,,,,2026-07-30 07:08:28
7487174392825815040,comment,2026-07-26T15:58:00.224Z,Interested ,https://www.linkedin.com/feed/update/urn:li:activity:7485946204686643202?commentUrn=urn%3Ali%3Acomment%3A%28activity%3A7485946204686643202%2C7487174392825815040%29&dashCommentUrn=urn%3Ali%3Afsd_comment%3A%287487174392825815040%2Curn%3Ali%3Aactivity%3A7485946204686643202%29,,,,,2026-07-30 07:08:28
7485946204686643202,post,,#freshers #recruitment #freshersjobs #way2freshers #fresher #hiring #fresheropenings #career #opportunity,https://www.linkedin.com/posts/way2fresher_hiring-hiringnow-technotoil-activity-7485946204686643202-hWEy,Way2Freshers,https://www.linkedin.com/company/way2fresher/posts,"8,843,538 followers",7.485650578870526e+18,2026-07-30 07:08:28
7487848579844239360,comment,2026-07-28T12:36:58.935Z,Congratulations Nadith and the entire Chestnut family,https://www.linkedin.com/feed/update/urn:li:ugcPost:7487571169609547776?commentUrn=urn%3Ali%3Acomment%3A%28ugcPost%3A7487571169609547776%2C7487848579844239360%29&dashCommentUrn=urn%3Ali%3Afsd_comment%3A%287487848579844239360%2Curn%3Ali%3AugcPost%3A7487571169609547776%29,,,,,2026-07-30 07:08:28
7487571170482024448,post,,"When Chestnut was founded in late 2017, our map had three regions on it: MENA, South Asia, and West Africa. The thesis was simple — recognised UK qualifications, delivered to students where they are.

What Central Asia is showing us is that the thesis travels.

Baku is a city full of ambitious professionals who want a British qualification without having to press pause on their careers — exactly the student our model was built for. Watching my co-founder open this next chapter is a reminder that borderless means exactly that.

More to come from this region

Dr Nadith Kawshalya",https://www.linkedin.com/posts/antondominique_chestnuteducationgroup-centralasia-baku-activity-7487571170482024448-tqys,Anton Dominique,https://www.linkedin.com/in/antondominique?miniProfileUrn=urn%3Ali%3Afsd_profile%3AACoAAACwOAkBSruM4wLwmXaSgWxtG2xQ0PozYQQ,"I arrived in the UK as an international student in 1999. Today we help 10,000+ professionals earn recognised UK degrees from home | Co-Founder, Chestnut Education Group | Ex-CFO/COO",7.487565655735685e+18,2026-07-30 07:08:28
7487141273783472128,post,,"5 Ongoing Federal Government Recruitment
https://lnkd.in/exJZ9d5x",https://www.linkedin.com/posts/kabiru-balarabe-7b3bb61ab_5-ongoing-federal-government-recruitment-activity-7487141273783472128-F-6V,Kabiru Balarabe,https://www.linkedin.com/in/kabiru-balarabe-7b3bb61ab?miniProfileUrn=urn%3Ali%3Afsd_profile%3AACoAADEfG_cBt3hTH1ApmWkXiwFrztJl19iEeu0,Field Assistant at Jenifer Etuh Foundation,,2026-07-30 07:08:28
7486290698963443712,comment,2026-07-24T05:26:31.188Z,Thought provoking Simon Rutten!,https://www.linkedin.com/feed/update/urn:li:ugcPost:7486270585317199873?commentUrn=urn%3Ali%3Acomment%3A%28ugcPost%3A7486270585317199873%2C7486290698963443712%29&dashCommentUrn=urn%3Ali%3Afsd_comment%3A%287486290698963443712%2Curn%3Ali%3AugcPost%3A7486270585317199873%29,,,,,2026-07-30 07:08:28
7486270586009141249,post,,"Are we looking at today's talent through yesterday's lens?

It's a question our Executive Director, Simon Rutten, has been reflecting on after more than two decades of conversations with business owners, HR leaders and executives across Newcastle and the Hunter.

Many organisations tell us they're struggling to find the right people.

But perhaps the bigger challenge isn't a lack of talent.

Perhaps it's recognising capability differently.

In Simon's latest Voice of Verve article, he explores why the expectations of today's leaders have evolved, why traditional hiring processes can overlook exceptional people, and why understanding potential has never been more important.

It's a thoughtful read for business owners, executives and HR professionals navigating today's hiring market.

You can read the full article via the link in the comments.

We'd love to hear your perspective.

Has your definition of the ideal candidate changed over the past few years?

#VoiceOfVerve #Leadership #Recruitment #GrowVibrantlyTogether #NewcastleBusiness",https://www.linkedin.com/posts/verve-partners_voiceofverve-leadership-recruitment-activity-7486270586009141249-353p,Verve Partners,https://www.linkedin.com/company/verve-partners/posts,"9,256 followers",,2026-07-30 07:08:28
7486442152550555648,post,,"🌍Hiring internationally doesn’t end once you’ve found the right talent. Successfully integrating that talent has never been more complex.
 
As companies expand across borders, finding the right executive is only part of the equation. The real challenge begins after the offer is signed: navigating local employment regulations , understanding cultural dynamics , and creating the conditions for long-term success.
 
Executive Search today goes far beyond identifying exceptional leaders. It requires understanding how talent fits within an organization's structure 🏢, complies with local frameworks ⚖️, and contributes to sustainable growth 📈.
 
Working across Europe and international markets has reinforced one lesson: the best placements happen when recruitment is approached with both an Executive Search and an HR mindset.
 
💡 Because great leaders don't just match a job description, they strengthen organizations.
 
What do you believe is the biggest challenge when hiring across borders? I'd love to hear your perspective. 👇
 
#ExecutiveSearch #Leadership #TalentStrategy #InternationalRecruitment #HRStrategy #GlobalTalent #LeadershipHiring #ExecutiveRecruitment #NAOSInternational",https://www.linkedin.com/posts/svenssonjessica_executivesearch-leadership-talentstrategy-activity-7486442152550555648-u0kG,Jessica Svensson🇫🇷🇪🇺🇸🇬,https://www.linkedin.com/in/svenssonjessica?miniProfileUrn=urn%3Ali%3Afsd_profile%3AACoAAAG3uE8BkoNS-crlzaX39n0K7JfVtcFlO-o,Executive Search Partner | Life Sciences| Energy l Europe I Scandinavia I EMEA I APAC,,2026-07-30 07:08:28
7487931245516111872,post,,"In LATAM. Establish credibility first, then scale",https://www.linkedin.com/posts/briansamson_thenearshorecafe-nearshore-latam-activity-7487931245516111872-ZHn2,Brian Samson,https://www.linkedin.com/in/briansamson?miniProfileUrn=urn%3Ali%3Afsd_profile%3AACoAAABpVBIBb8NdLYpc9QbUHeIuhd9sg5hM2l0,11+ years connecting US companies with LATAM talent | Founder w/ 3x exits | UCLA MBA | Family man | Host of The Nearshore Cafe Podcast,7.487847406055764e+18,2026-07-30 07:08:28
7486082397629915136,comment,2026-07-23T15:38:48.280Z,"Well said, Kevin Widdop! We're excited to see how ICIMS High Volume Hiring transforms the hiring experience for organizations worldwide. ",https://www.linkedin.com/feed/update/urn:li:activity:7486022453278801920?commentUrn=urn%3Ali%3Acomment%3A%28activity%3A7486022453278801920%2C7486082397629915136%29&dashCommentUrn=urn%3Ali%3Afsd_comment%3A%287486082397629915136%2Curn%3Ali%3Aactivity%3A7486022453278801920%29,,,,,2026-07-30 07:08:28
7486022453278801920,post,,"High volume hiring is broken for a lot of organisations right now.

Hundreds of applicants per role. Manual screening. Slow interview scheduling. Candidates dropping off before they even reach offer stage. Sound familiar?

The numbers from iCIMS customers say it all:
>90% reduction in time spent on hiring tasks
>75% faster time-to-fill
>10x more hires per recruiter

That's not a marginal gain. That's a completely different way of thinking about hiring at scale.

Built on the world's leading ATS, ICIMS High Volume Hiring combines conversational AI (available 24/7 via SMS, web and WhatsApp) with a fully mobile hiring workspace. Candidates stay engaged, hiring teams stay productive, and the process actually moves.

Learn more here: https://lnkd.in/eTCxwPxt

FYI Matt Thornton

#TalentAcquisition #HighVolumeHiring #iCIMS #FrontlineHiring #HRTech #NewTalentEconomy",https://www.linkedin.com/posts/kevinwiddop_talentacquisition-highvolumehiring-icims-activity-7486022453278801920-6qaG,Kevin Widdop,https://www.linkedin.com/in/kevinwiddop?miniProfileUrn=urn%3Ali%3Afsd_profile%3AACoAAAH_lq8BAkPv1rFgaWzfYDl72HNo6IiBRO0,Sr. Principal Account Executive at ICIMS,,2026-07-30 07:08:28
7485763383951187968,comment,2026-07-22T18:31:09.493Z,Yes!! 🎉 ,https://www.linkedin.com/feed/update/urn:li:activity:7485704107677179904?commentUrn=urn%3Ali%3Acomment%3A%28activity%3A7485704107677179904%2C7485763383951187968%29&dashCommentUrn=urn%3Ali%3Afsd_comment%3A%287485763383951187968%2Curn%3Ali%3Aactivity%3A7485704107677179904%29,,,,,2026-07-30 07:08:28
7487257482847793152,comment,2026-07-26T21:28:10.429Z,"Thanks for sharing, I have never heard of them, make sense why its a niche job application site ",https://www.linkedin.com/feed/update/urn:li:activity:7485704107677179904?commentUrn=urn%3Ali%3Acomment%3A%28activity%3A7485704107677179904%2C7487257482847793152%29&dashCommentUrn=urn%3Ali%3Afsd_comment%3A%287487257482847793152%2Curn%3Ali%3Aactivity%3A7485704107677179904%29,,,,,2026-07-30 07:08:28
7486369200756736000,comment,2026-07-24T10:38:27.474Z,"19,500 of those are mine  😄 ",https://www.linkedin.com/feed/update/urn:li:activity:7485704107677179904?commentUrn=urn%3Ali%3Acomment%3A%28activity%3A7485704107677179904%2C7486369200756736000%29&dashCommentUrn=urn%3Ali%3Afsd_comment%3A%287486369200756736000%2Curn%3Ali%3Aactivity%3A7485704107677179904%29,,,,,2026-07-30 07:08:28
7486192454837108737,comment,2026-07-23T22:56:07.964Z,That’s a great number to reach in number of jobs Leisurejobs Daniel Razavi. Do you have any stats on the average apps per vacancy (APV) as that would be great and insightful as a comparison to share with clients 👏🏻,https://www.linkedin.com/feed/update/urn:li:activity:7485704107677179904?commentUrn=urn%3Ali%3Acomment%3A%28activity%3A7485704107677179904%2C7486192454837108737%29&dashCommentUrn=urn%3Ali%3Afsd_comment%3A%287486192454837108737%2Curn%3Ali%3Aactivity%3A7485704107677179904%29,,,,,2026-07-30 07:08:28
7486355637254303744,comment,2026-07-24T09:44:33.684Z,Great stuff 🔝 ,https://www.linkedin.com/feed/update/urn:li:activity:7485704107677179904?commentUrn=urn%3Ali%3Acomment%3A%28activity%3A7485704107677179904%2C7486355637254303744%29&dashCommentUrn=urn%3Ali%3Afsd_comment%3A%287486355637254303744%2Curn%3Ali%3Aactivity%3A7485704107677179904%29,,,,,2026-07-30 07:08:28
7485710210876026880,comment,2026-07-22T14:59:52.044Z,Well done Dan ,https://www.linkedin.com/feed/update/urn:li:activity:7485704107677179904?commentUrn=urn%3Ali%3Acomment%3A%28activity%3A7485704107677179904%2C7485710210876026880%29&dashCommentUrn=urn%3Ali%3Afsd_comment%3A%287485710210876026880%2Curn%3Ali%3Aactivity%3A7485704107677179904%29,,,,,2026-07-30 07:08:28
7485711693558448128,comment,2026-07-22T15:05:45.543Z, 🚀 Lets goooooooo xx,https://www.linkedin.com/feed/update/urn:li:activity:7485704107677179904?commentUrn=urn%3Ali%3Acomment%3A%28activity%3A7485704107677179904%2C7485711693558448128%29&dashCommentUrn=urn%3Ali%3Afsd_comment%3A%287485711693558448128%2Curn%3Ali%3Aactivity%3A7485704107677179904%29,,,,,2026-07-30 07:08:28
7485704107677179904,post,,"Milestones are always worth celebrating 🎉 

20,000+ live jobs from direct employers only on Leisurejobs, the largest niche job board in the UK for #hospitality #leisure #retail employers 

Why and how have we reached this?

✨Seasonal trends of course
✨ Awesome new brands looking to diversify their attraction statergy and not being held over an indeed barrel 
✨ Fair pricing model - not plucking numbers out the sky in the hope you can ‘grab and run’
✨ Not offering free trials to entice other employers to buy - every employer pays, but pays fairly
✨ No activation fees in exchange for free postings

So in a nutshell, fair pricing, consistent pricing, consistent delivery and above all ROI 🙌

🫶 This is a huge thank you to ALL of our partners that continue to trust in us 

🫶 A huge thank you to our candidates that use us to find their next career

🫶 And a huge welcome to some stunning brands that have partnered with us over the last few months and helped us tip the scales

MJMK Restaurants 
Young's Pubs 
Firmdale Hotels PLC 
Pizza Hut 
P.F. Chang's 
Soho House & Co 
Mad Swans 
OLIVE DINING LTD 
Great British Inns 
Crafted 
Urban Pubs and Bars 
McDonald's  

Leisurejobs  
#lovewhatyoudo
#addedvalue
#trusted
#ROI",https://www.linkedin.com/posts/daniel-razavi-2b535194_hospitality-leisure-retail-activity-7485704107677179904-Q4gR,Daniel Razavi,https://www.linkedin.com/in/daniel-razavi-2b535194?miniProfileUrn=urn%3Ali%3Afsd_profile%3AACoAABP8AWkBy0LjPsvFS9-jgF0nKpQ2ieiRs_k,"Saving Hospitality, Retail & Leisure business’ thousands on recruitment every month!",,2026-07-30 07:08:28
7488142621727596544,post,,"Download our 2026 UK Salary Guide 🚀

Whether you're actively searching for a new role or simply want to benchmark your salary against UK market averages, our 2026 salary guide is here to support you in making confident, informed career decisions.

What's inside the 2026 Salary Guide?
✔️ Up-to-date UK salary benchmarks aligned to current market conditions
✔️ Key hiring trends across the UK for 2026
✔️ Benefits and wellbeing insights
✔️ Guidance to support career progression and salary negotiations
✔️ Data-backed insights to help you plan your next move with clarity
✔️ Contact details for specialist recruiters dedicated to each area of the market

To find out more, click the link below to download the Salary Guide.
👉 https://lnkd.in/dviYRZu",https://www.linkedin.com/posts/ips-group_download-our-2026-uk-salary-guide-whether-activity-7488142621727596544-EkBz,IPS Group,https://www.linkedin.com/company/ips-group/posts,"66,814 followers",,2026-07-30 07:08:28
7488208266808782849,post,,"Another heatwave 🔥, luckily Mark Girdlestone are working on some cool roles 🧊",https://www.linkedin.com/posts/rupert-gatehouse-b72141186_%F0%9D%90%80%F0%9D%90%A7%F0%9D%90%A8%F0%9D%90%AD%F0%9D%90%A1%F0%9D%90%9E%F0%9D%90%AB-%F0%9D%90%9D%F0%9D%90%9E%F0%9D%90%A5%F0%9D%90%A2%F0%9D%90%A0%F0%9D%90%A1%F0%9D%90%AD%F0%9D%90%9F%F0%9D%90%AE%F0%9D%90%A5-%F0%9D%90%A1%F0%9D%90%9E%F0%9D%90%9A%F0%9D%90%AD%F0%9D%90%B0%F0%9D%90%9A%F0%9D%90%AF%F0%9D%90%9E-activity-7488208266808782849-Cm5u,Rupert Gatehouse,https://www.linkedin.com/in/rupert-gatehouse-b72141186?miniProfileUrn=urn%3Ali%3Afsd_profile%3AACoAACvNfUYBXfcp7LOLhqB_lLBm2g7u4DLQ8A8,Talent Scout at COREcruitment covering FMCG and Hospitality,7.4882066619044e+18,2026-07-30 07:08:28
7486376099698913280,comment,2026-07-24T11:05:52.311Z,"Thank you so much for these kind words! They truly mean a lot to our HR team.
You're absolutely right, HR is a constant balance between people, business, and ever-evolving challenges. But what makes it all worthwhile is having amazing colleagues to work with every day. Thank you for being one of them Edoardo Rabascini for recognizing the work that often happens behind the scenes.",https://www.linkedin.com/feed/update/urn:li:activity:7486068608310280193?commentUrn=urn%3Ali%3Acomment%3A%28activity%3A7486068608310280193%2C7486376099698913280%29&dashCommentUrn=urn%3Ali%3Afsd_comment%3A%287486376099698913280%2Curn%3Ali%3Aactivity%3A7486068608310280193%29,,,,,2026-07-30 07:08:28
7486365857670144000,comment,2026-07-24T10:25:10.421Z,"Merci pour ce joli clin d'œil ! 😊
C'est vrai que les RH jonglent avec de nombreux sujets au quotidien… mais avec une bonne équipe et beaucoup de bonne humeur, tout devient plus simple ! 💙",https://www.linkedin.com/feed/update/urn:li:activity:7486068608310280193?commentUrn=urn%3Ali%3Acomment%3A%28activity%3A7486068608310280193%2C7486365857670144000%29&dashCommentUrn=urn%3Ali%3Afsd_comment%3A%287486365857670144000%2Curn%3Ali%3Aactivity%3A7486068608310280193%29,,,,,2026-07-30 07:08:28
7486068608310280193,post,,"💙 Human Resources in BIO-UV Group 💙 

.... I was thinking to our amazing colleagues of HR... What a difficult job! 😱 

Navigating the complexities of HR is no small feat, and it's a journey that often feels like walking a tightrope. 
On one side, you've got the challenge of recruiting the right people. And in 2026 it's always a lottery to find the right characters. It's remarkably easy to make a misstep, and finding the perfect match for your team is often like searching for a needle in a haystack. 
Then, once you've assembled your dream team, there's the ongoing task of ensuring everyone abides by the rules and regulations—a puzzle in its own right. 

In short, HR is an art as much as it is a science—one that keeps us all on our toes!

W our HR! 💙🔝

Laura Oppeel
Laurie Valette
Emy Sautarel
Elisa Jacques

#hr 
#talentacquisition 
#recruitment 
#humanresources #peopleoperations #employeeengagement #workplacecompliance #performanceManagement #organizationalculture #conflictresolution #employeewellbeing 
#hrstrategy #leadershipdevelopment #talentmanagement 
#peoplefirst",https://www.linkedin.com/posts/edoardo-rabascini-36889118b_hr-talentacquisition-recruitment-activity-7486068608310280193-RP-0,Edoardo Rabascini,https://www.linkedin.com/in/edoardo-rabascini-36889118b?miniProfileUrn=urn%3Ali%3Afsd_profile%3AACoAACzNccABbk41OSaYPkf4fkj1114HjZWlDF4,Bio Uv Group - Veralto Group - Radio 24 Il Sole 24 Ore - Leaseplan - Club Med - Corriere della Sera,,2026-07-30 07:08:28
7486489054595723265,post,,"One of the best employers I’ve worked for. 
Definitely recommend if you’re in the market.",https://www.linkedin.com/posts/activity-7486489054595723265-ACsk,"Ember Edgar, RL",https://www.linkedin.com/in/ember-edgar-rl-2115ba179?miniProfileUrn=urn%3Ali%3Afsd_profile%3AACoAACpFC60BmJ7r6ehhxW20OzokttI2TE67RrA,Registered Landman experienced with various disciplines of land work,7.485772732874502e+18,2026-07-30 07:08:28
7487516055938998273,comment,2026-07-27T14:35:39.058Z,Monday feels lighter when people know they're valued.,https://www.linkedin.com/feed/update/urn:li:activity:7487431298924605440?commentUrn=urn%3Ali%3Acomment%3A%28activity%3A7487431298924605440%2C7487516055938998273%29&dashCommentUrn=urn%3Ali%3Afsd_comment%3A%287487516055938998273%2Curn%3Ali%3Aactivity%3A7487431298924605440%29,,,,,2026-07-30 07:08:28
7487431298924605440,post,,"People are the heart of every organisation, and HR is the heartbeat that keeps everything moving.

As this new week begins, remember:

◇ Every interview is an opportunity to change someone's future.
◇ Every conversation is a chance to build trust.
◇ Every challenge is an opportunity to create a better workplace.
◇ Every employee deserves to feel seen, valued, and supported.

HR isn't just about hiring people; it's about helping people thrive in their work environment.

Let's start this week with purpose, empathy, and the commitment to make a positive impact, one person at a time.

Happy Monday! 💙

#MondayMotivation #HumanResources #HR #PeopleFirst #WorkplaceCulture #Leadership #TalentAcquisition #CareerGrowth #EmployeeExperience",https://www.linkedin.com/posts/adebowale-abdul-qoyum-adegboyega-aa80763b3_mondaymotivation-humanresources-hr-activity-7487431298924605440-dSR8,Adebowale (Abdul-Qoyum) Adegboyega,https://www.linkedin.com/in/adebowale-abdul-qoyum-adegboyega-aa80763b3?miniProfileUrn=urn%3Ali%3Afsd_profile%3AACoAAGTsVaABjkX-g29GS8vTZgwjslNr9uaROTQ,B.Agric (Agricultural Administration) | Human Resources Intern | Pursuing Data Analytics (TS Academy),,2026-07-30 07:08:28
7485951922621997056,post,,"Swipe for the full breakdown of the June 2026 UK jobs market 👉

After a prolonged recruitment slowdown, the latest data shows real signs of stabilising — temp and contract hiring is growing at its fastest pace in three years, permanent hiring is still falling but the decline is easing, and pay is climbing faster than it has all year.

The trend? Employers are choosing flexibility over long-term commitment while they wait for more economic certainty — but they're still competing hard for the right skills, especially in nursing, engineering, finance, IT and skilled trades.

Scotland's monthly figures were softer in June, but the bigger picture is more encouraging — REC's wider tracker shows Scotland is actually one of the regions leading UK job postings growth right now, even as London cools off. Good news if you're hiring locally.

Save this one for reference 📌 and get in touch if you want to talk through what it means for your hiring plans or job search.

📞 0141 348 7777
📧 applications@andersonknight.co.uk
🌐 www.andersonknight.co.uk

Source: KPMG and REC, UK Report on Jobs, June 2026

#UKjobsmarket #recruitment #scotlandjobs #glasgowrecruitment #hiringtrends #labourmarket #careeradvice #jobsearch",https://www.linkedin.com/posts/anderson-knight_whats-really-happening-activity-7485951922621997056-D0Ok,Anderson Knight,https://www.linkedin.com/company/anderson-knight/posts,"10,990 followers",,2026-07-30 07:08:28
7488053441135632384,post,,"A common observation across our community is the gap between finishing a course and landing a role. Many professionals spend months collecting digital badges and PDF certificates, yet their portfolios remain empty.

The reality of the digital economy is that a certificate proves you were present for a lecture, but a portfolio proves you can solve a specific business problem.

In distributed teams and remote work environments, employers care less about where you studied and more about what you have built. If you are learning social media management, a recruiter wants to see a content calendar you designed. If you are a virtual assistant, they want to see the Notion workspace you built to organize a project. If you are a data analyst, they want to see the dashboard you created from a messy dataset.

We often encourage learners at Elimika Africa to prioritize the project over the paper. Documenting your process and showing your work is what builds trust with a potential client or employer.

Through our partnership with Outsourced African Talent, we have seen that visibility often follows proof of work. Standout learners who can demonstrate their skills through tangible projects are the ones who capture the attention of partners when opportunities align.

What project are you currently building to showcase your skills?

#DigitalSkills #PortfolioBuilding #CareerDevelopment #ElimikaAfrica #AfricanTalent",https://www.linkedin.com/posts/elimikaafrica_digitalskills-portfoliobuilding-careerdevelopment-activity-7488053441135632384-rI-y,ElimikaAfrica,https://www.linkedin.com/company/elimikaafrica/posts,329 followers,,2026-07-30 07:08:28
7488001061543133184,comment,2026-07-28T22:42:53.405Z,Awww Baaba🥰 may God bless you for us❤️ You’re indeed a God sent,https://www.linkedin.com/feed/update/urn:li:ugcPost:7486806035828133888?commentUrn=urn%3Ali%3Acomment%3A%28ugcPost%3A7486806035828133888%2C7488001061543133184%29&dashCommentUrn=urn%3Ali%3Afsd_comment%3A%287488001061543133184%2Curn%3Ali%3AugcPost%3A7486806035828133888%29,,,,,2026-07-30 07:08:28
7487495736830410753,comment,2026-07-27T13:14:54.605Z,Grateful for joining duafe 🙌,https://www.linkedin.com/feed/update/urn:li:ugcPost:7486806035828133888?commentUrn=urn%3Ali%3Acomment%3A%28ugcPost%3A7486806035828133888%2C7487495736830410753%29&dashCommentUrn=urn%3Ali%3Afsd_comment%3A%287487495736830410753%2Curn%3Ali%3AugcPost%3A7486806035828133888%29,,,,,2026-07-30 07:08:28
7486810530226163713,comment,2026-07-25T15:52:08.621Z,"Oh Baaba, you are so amazing and this is easily one of the best decisions I have made. Being a 2026 Duafe springboard fellowship shifted my thinking and made me bold to approach my career with clarity, excellence and a never give up mindset. Thank you Baaba for creating the platform. ",https://www.linkedin.com/feed/update/urn:li:ugcPost:7486806035828133888?commentUrn=urn%3Ali%3Acomment%3A%28ugcPost%3A7486806035828133888%2C7486810530226163713%29&dashCommentUrn=urn%3Ali%3Afsd_comment%3A%287486810530226163713%2Curn%3Ali%3AugcPost%3A7486806035828133888%29,,,,,2026-07-30 07:08:28
7486806036914511872,post,,"People often ask why I’m building Duafe.
Here’s my answer.

Imagine what our workforce would look like if more young women had access to spaces that believed in them. Not just spaces that taught technical skills, but spaces that built confidence, provided mentorship, created networks, and reminded women that they belong.

That’s why Duafe exists.

Because we genuinely believe that the difference between a woman who progresses and one who doesn’t isn’t intelligence or ambition… it’s access. Access to knowledge. Access to mentors. Access to networks. Access to opportunity.

Watching our newest #Duafe #Springboard #Fellows graduate today was a powerful reminder that this work matters.

To every Fellow: thank you for trusting us with your journey. Keep showing up. Keep growing. Keep opening doors for yourselves and for the women coming behind you.

And to every mentor, partner, volunteer, and supporter: thank you for helping us build a future where more women can thrive.

We’re just getting started. 🥳

#Duafe #SpringboardFellowship #CareerReadiness #EconomicMobility #WomenInLeadership #Mentorship #FutureOfWork",https://www.linkedin.com/posts/baabawomeninsmestopvoices_fellows-duafe-springboardfellowship-activity-7486806036914511872-Z2DU,Baaba Amoh Berima-Kwao,https://www.linkedin.com/in/baabawomeninsmestopvoices?miniProfileUrn=urn%3Ali%3Afsd_profile%3AACoAABsxqVkB8XtCNnSKsJ9oJCxThk0zLsAK_i0,Women-led SMEs & Sustainable Growth | Projects | Strategic Partnerships,7.486803443207283e+18,2026-07-30 07:08:28
7487512473206505472,comment,2026-07-27T14:21:24.868Z,"Great to see you're hiring.

At Guhuza we're focused on helping employers connect to job seekers faster.

Upload your job, push a button and interview candidates live on the platform in minutes.

Try us out for 30 days at no cost.",https://www.linkedin.com/feed/update/urn:li:activity:7487395100562657280?commentUrn=urn%3Ali%3Acomment%3A%28activity%3A7487395100562657280%2C7487512473206505472%29&dashCommentUrn=urn%3Ali%3Afsd_comment%3A%287487512473206505472%2Curn%3Ali%3Aactivity%3A7487395100562657280%29,,,,,2026-07-30 07:08:28
7487395100562657280,post,,"The right opportunity doesn't come with perfect timing. It comes with a decision.
Perhaps this is yours. 👇",https://www.linkedin.com/posts/catia-macedo-39aaba16_lifeatbruker-makeithappen-hiringwarsaw-activity-7487395100562657280-mgPL,Catia Macedo,https://www.linkedin.com/in/catia-macedo-39aaba16?miniProfileUrn=urn%3Ali%3Afsd_profile%3AACoAAANd2KYBVWk9Uy8FsuLRiw24CGaA73rzOGI,Global Business Services | Operating Model & Transformation | Enterprise Capability Building | Operational Excellence,7.487193571591242e+18,2026-07-30 07:08:28
7485720698678669312,post,,"Nigeria’s Biggest Entry-Level Problem Isn’t a Lack of Talent. It’s the Experience Paradox.

One of the biggest frustrations facing young professionals in Nigeria is surprisingly simple:

You need experience to get an entry-level job.

But how do you gain experience if no one is willing to hire you in the first place?

It’s a contradiction thousands of graduates face every year.

The conversation has become so common that it’s being discussed across Nigerian communities, where many graduates describe “entry-level” roles asking for two to five years of experience. Similar frustrations appear in global job discussions as well, showing that this paradox extends beyond Nigeria.  

The challenge isn’t that young Nigerians lack ambition.

It’s that too many never get the opportunity to prove themselves.

At RISE, we believe credibility shouldn’t only come from years of experience. People should also have meaningful ways to demonstrate reliability, consistency, and potential.

What’s one thing you would change about Nigeria’s hiring process?

#RiseAfrica #FoodExpo #StartupAfrica #Innovation #Community #Networking",https://www.linkedin.com/posts/useriseafrica_nigeria-entry-level-biggest-problem-activity-7485720698678669312-M-D4,RiseAfrica,https://www.linkedin.com/company/useriseafrica/posts,7 followers,,2026-07-30 07:08:28
7485711100932571136,post,,"The results of the 2026 Randstad Canada Employer Brand Research (REBR) are officially in! 📊
Our latest insights show that Canadian workers are clear about what they want—and 23% are planning a career move.

As Marie-Eve Robitaille, Division President, Professional Talent Solutions at Randstad Canada, puts it:
""This year's data reminds us that the foundation of the employer-employee relationship hasn't fundamentally changed: workers want to be fairly compensated and able to live their lives outside of work. What has changed is how quickly they act when they feel those needs aren't being met.""

Discover the key talent trends in the full release: https://lnkd.in/eb-D3D-D

#PartnerForTalent #REBR2026 #WorkplaceTrends #EmployerBranding #TalentAcquisition",https://www.linkedin.com/posts/natalija-palada-aa5b77146_randstad-employer-brand-research-23-of-activity-7485711100932571136-Rlb_,Natalija Palada,https://www.linkedin.com/in/natalija-palada-aa5b77146?miniProfileUrn=urn%3Ali%3Afsd_profile%3AACoAACNpkF0BeH67Y7arEdwlTb-zQITmUcAHSnQ,"Senior Manager, Talent Solutions, Engineering & Design",,2026-07-30 07:08:28
7487701107092258816,post,,"Many employers hiring for remote roles across Africa are quietly moving away from prioritizing the graduation year on a CV.

The focus has shifted toward the portfolio of evidence.

Recruiters are increasingly looking for specific links that prove competence. This might be a GitHub repository for a developer, a Figma file for a designer, a published strategy for a digital marketer, or a Google Drive folder containing documented project reports for a virtual assistant.

However, there is a nuance we often observe in the digital space. It is not just about having a portfolio. It is about the organization of that proof. A disorganized link to a folder of unnamed files is often viewed as a sign of poor communication or a lack of attention to detail.

The candidates who stand out are those who present a case study. They clearly explain the problem they faced, the process they followed, and the result they achieved. This structure tells a hiring manager how a candidate thinks, not just what tools they can use.

At Elimika Africa, we prioritize this transition from learning to doing. We encourage our community to focus on building tangible projects that reflect workplace realities rather than just collecting certificates.

Standout learners who build high-quality portfolios may also gain additional visibility through the Elimika Africa and Outsourced African Talent partnership when specific opportunities align.

What does your current portfolio say about your professional process?

#DigitalSkills #AfricanTalent #CareerDevelopment #RemoteWork #PortfolioBuilding",https://www.linkedin.com/posts/elimikaafrica_digitalskills-africantalent-careerdevelopment-activity-7487701107092258816-pR7Z,ElimikaAfrica,https://www.linkedin.com/company/elimikaafrica/posts,329 followers,,2026-07-30 07:08:28
7485910432252137472,post,,"""Head of Programme #Somalijobs
https://lnkd.in/e3JMw2kD""",https://www.linkedin.com/posts/somali-jobs_head-of-programme-somali-jobs-somalijobs-activity-7485910432252137472--aHd,Somali Jobs,https://www.linkedin.com/company/somali-jobs/posts,"127,843 followers",,2026-07-30 07:08:28
7486103244746973184,comment,2026-07-23T17:01:38.621Z,I’m super envious. Im visiting Devon and Cornwall in two weeks time and I can’t wait. Might pop in to say hello 👋 ,https://www.linkedin.com/feed/update/urn:li:ugcPost:7486036588108431360?commentUrn=urn%3Ali%3Acomment%3A%28ugcPost%3A7486036588108431360%2C7486103244746973184%29&dashCommentUrn=urn%3Ali%3Afsd_comment%3A%287486103244746973184%2Curn%3Ali%3AugcPost%3A7486036588108431360%29,,,,,2026-07-30 07:08:28
7486036589219909632,post,,"🌊 Out and about in beautiful Cornwall today, catching up with local businesses and exploring some of the fantastic communities we support.

One of the things I enjoy most about recruitment is getting out from behind the desk and meeting people face-to-face. Every town, harbour, café, hotel, and business has its own story, and those conversations help us better understand the challenges and opportunities our clients are facing.

Whether you're looking for your next team member or your next career move, there's real value in building relationships and understanding the local market firsthand.

📍 Proud to support businesses and jobseekers across Cornwall.

#Recruitment #CornwallJobs #BusinessDevelopment #HospitalityRecruitment #BerryRecruitment #CornwallBusiness #Networking",https://www.linkedin.com/posts/kimberly-colwill-965633347_recruitment-cornwalljobs-businessdevelopment-activity-7486036589219909632-mjFY,Kimberly Colwill,https://www.linkedin.com/in/kimberly-colwill-965633347?miniProfileUrn=urn%3Ali%3Afsd_profile%3AACoAAFbExJ0BJVMJ9_zhDPJ2GNLu_ac_mA3bNjY,Trainee Recruitment Consultant (07728 444309) specialising in Hospitality and Catering,,2026-07-30 07:08:28
7488154552505016321,post,,"250,000 long term skilled shipyard employees needed in next decade and beyond.",https://www.linkedin.com/posts/oneil-comeaux-15404995_usnavy-talentpipeline-manufacturing-activity-7488154552505016321-yeJy,Oneil Comeaux,https://www.linkedin.com/in/oneil-comeaux-15404995?miniProfileUrn=urn%3Ali%3Afsd_profile%3AACoAABQeEZAB0xnGzAFXfL0R1vY8iepDPReBQL8,Lead Planner Build Strategist Lead Landing Ship Medium Planner Lead Arctic Security Planner Lead Louisiana Big Bear ShipAI Project Planner,7.487508430023389e+18,2026-07-30 07:08:28
7487455791327731712,post,,"Sharing for reach…
This has your name all over it Lewis Morgan-Fiddler…",https://www.linkedin.com/posts/rebecca-moloney-career-coach_trainees-neet-surveying-activity-7487455791327731712-mIkz,Rebecca Moloney,https://www.linkedin.com/in/rebecca-moloney-career-coach?miniProfileUrn=urn%3Ali%3Afsd_profile%3AACoAAAVJGWcB1dCSs5nVBj4aPzrDvo4gpnlmW8I,Guiding businesses through ethical offboarding & career transition | Partnering with educational organisations to prepare students for employment | Coaching individuals to shine as standout applicants.,7.486316755783565e+18,2026-07-30 07:08:28
7488163019865174016,post,,"Brilliant time to make the move to his group, lots happening within the group, focus on local or european markets and be tax free!",https://www.linkedin.com/posts/suzannah-carpenter-26099b2_techrecruitment-itrecruitment-dubaijobs-activity-7488163019865174016-tzz3,Suzannah Carpenter,https://www.linkedin.com/in/suzannah-carpenter-26099b2?miniProfileUrn=urn%3Ali%3Afsd_profile%3AACoAAACAcKgBsPPrenIhtj29H5mPnEbv_yFRQrU,Director,7.487884598031413e+18,2026-07-30 07:08:28
7485975195887935488,post,,"The news cycle moves so quickly this may already be in the back of your mind. But in mid-June the Department of Work and Pensions published a shocking report. At its heart was the fact that one million young people (16-24) were NEET; that’s Not in Employment, Education or Training.

While that is not your problem directly (it is all of society’s), you could be part of the solution. Let’s be honest though, the Government are not making it easy for you! They have continued driving the minimum wage upwards as well as making employers’ national insurance more burdensome; to name but two challenges.

In our latest blog, we explain how to manage this: 

https://lnkd.in/eBuhKniB 

#HR #BusinessGrowth #TheHRDept

Lee Monroe 🏳️‍🌈 Siobhan James Lydia Miller Terri-Jayne Baintion",https://www.linkedin.com/posts/the-hr-dept-south-wales_hr-businessgrowth-thehrdept-activity-7485975195887935488-Sg_h,The HR Dept South Wales,https://www.linkedin.com/company/the-hr-dept-south-wales/posts,"1,020 followers",,2026-07-30 07:08:28
7486012873199149061,post,,Can't recommend working with Theresa O'Brien and the team more. Incredible people,https://www.linkedin.com/posts/colinminto_talent-acquisition-lead-activity-7486012873199149061-v60k,Colin Minto - Global TA Leader - JobSync Head of International Markets - Executive Coach,https://www.linkedin.com/in/colinminto?miniProfileUrn=urn%3Ali%3Afsd_profile%3AACoAAACTWugBKFv9MXcGuLnR5a-7-_N9FXuTzeQ,"💼 Hired millions of people globally 📈 Specialist in reducing TA expenditure with the supply chain, amplifying recruiting outcomes and optimising existing TA Tech Ecosystems 🧠 Expert in coaching Leaders to Excel",7.486008301130973e+18,2026-07-30 07:08:28
7487173663893536768,post,,"⚠️ Professional Alert for Executives

A colleague recently faced an aggressive recruitment‑style scheme:
a “recruiter” promising senior leadership roles, followed by a push toward an external “CV expert” using free email accounts and very intensive, persistent follow‑up to pressure him into paid services.

No verified company.
No job IDs.
No hiring managers.
Just a funnel.

If you receive similar outreach, verify everything:

• corporate email domain
• official website
• registered business details
• real requisitions
• legitimate recruiter affiliation

Stay vigilant. Protect your data and your time.
Not every “executive opportunity” is real.

Free cheese is only found in a mousetrap.

#ExecutiveSearch #JobSafety #RecruitmentFraud #CareerProtection #LeadershipCareers #ATS #JobSearchTips #DataProtection #ProfessionalIntegrity #LinkedInSafety",https://www.linkedin.com/posts/pavlo-pryvalko_executivesearch-jobsafety-recruitmentfraud-activity-7487173663893536768-fRcm,Pavlo Pryvalko,https://www.linkedin.com/in/pavlo-pryvalko?miniProfileUrn=urn%3Ali%3Afsd_profile%3AACoAACRi4N4BdvHoAL0GjB0vkLPe4fOv-wXsCKg,Senior Business & Project Development Leader | 15+ yrs in Industrial & Energy B2B | Global EPC Projects & Key Accounts | AVL/PVL & ESG (EcoVadis) Assessment Lead | Contract & Risk Negotiation | Multilingual (EN/DE/UA/RU),,2026-07-30 07:08:28
7486738274862968832,comment,2026-07-25T11:05:01.598Z,"This is exactly the kind of initiative that needs more employers behind it — the confidence gap is just as real as the vacancy gap, and what you're doing addresses both.

We launched First Shift this week — a job platform built exclusively for 16–24 year olds, free to use. We're at the very start of our journey but the mission is the same: remove every barrier between a motivated young person and their first yes.
 
What you're building on the employability side and what we're building on the jobs side feel like natural partners. Would love to find out more about what you have in the works — and explore whether there's something here worth doing together.",https://www.linkedin.com/feed/update/urn:li:activity:7485716451912491008?commentUrn=urn%3Ali%3Acomment%3A%28activity%3A7485716451912491008%2C7486738274862968832%29&dashCommentUrn=urn%3Ali%3Afsd_comment%3A%287486738274862968832%2Curn%3Ali%3Aactivity%3A7485716451912491008%29,,,,,2026-07-30 07:08:28
7485716451912491008,post,,"We can no longer sit in the sidelines while 1m young people are out of work. If you are an employer and want to join us in being part of the solution, we've come up with three ways to make it as easy as possible.

We also have another plan in the works, announcement  to follow in a the next month or so...

I'd love to hear what other approaches you are taking or seeing supporting young people into work.",https://www.linkedin.com/posts/dariusnorell_radicalemployability-employerpartnership-activity-7485716451912491008-rDV4,Darius Norell,https://www.linkedin.com/in/dariusnorell?miniProfileUrn=urn%3Ali%3Afsd_profile%3AACoAAAAGRlQBLm3Gsw3R1HZYbq0KFvREuD5XBWw,Leadership Consulting - Who are you becoming? #Coaching #Facilitation #Public Speaking #Radical Employability,7.485242310675345e+18,2026-07-30 07:08:28
7486095553324380161,comment,2026-07-23T16:31:04.843Z,Interested in MBO Partner's Independent Talent Network? Contact us! https://lnkd.in/ePb2G_P2,https://www.linkedin.com/feed/update/urn:li:ugcPost:7486075942679961600?commentUrn=urn%3Ali%3Acomment%3A%28ugcPost%3A7486075942679961600%2C7486095553324380161%29&dashCommentUrn=urn%3Ali%3Afsd_comment%3A%287486095553324380161%2Curn%3Ali%3AugcPost%3A7486075942679961600%29,,,,,2026-07-30 07:08:28
7486075944437284866,post,,"Picture this: it's the holiday season and a national nonprofit had just ended its relationship with a workforce provider over compliance concerns. They still needed 35 marketing roles filled, but hiring managers had no bandwidth for applications, interviews, or onboarding.

In comes Michael Cavaluzzi and the Independent Talent Network team.

Here's what happened next:
→ 88% fill rate across all 35 roles
→ Candidates presented in 3 days
→ Nearly $900K saved vs. their previous provider
→ Marketing department rebuilt in 3 months

Impressive, right? Read the full case study to see how MBO addressed the challenges, provided solutions, and produced real results: https://lnkd.in/eYw9_YbU

#IndependentTalentNetwork #WorkforceCompliance #TalentAcquisition #NonprofitMarketing #WorkforceOrchestration",https://www.linkedin.com/posts/mbo-partners_mbo-partners-independent-talent-network-activity-7486075944437284866-Fmxz,MBO Partners,https://www.linkedin.com/company/mbo-partners/posts,"108,151 followers",,2026-07-30 07:08:28
7487942652156514305,post,,Commenting for reach! You you find an amazing candidate to fill the role :-),https://www.linkedin.com/posts/activity-7487942652156514305-hBFv,Claire P.,https://www.linkedin.com/in/claire-p-7678512a?miniProfileUrn=urn%3Ali%3Afsd_profile%3AACoAAAYtH_8BFBqX7HColmZBycv5dfDY5lLTKj4,"Global employee relations director and investigations specialist, qualified solicitor.",7.487892921451737e+18,2026-07-30 07:08:28
7486019097680404480,post,,"The Psychology of Celebrating Our People: Why Every Work Anniversary Matters


As HR professionals, we often focus on performance, engagement, retention, and results. But there is another factor that deserves just as much attention: the emotional meaning of time.

When someone celebrates a work anniversary, we are not simply recognizing another year on a calendar. We are recognizing the moments behind it: the challenges overcome, the skills developed, the relationships built, and the contribution made to something larger than oneself.

From a psychological perspective, recognition reinforces a sense of belonging, purpose, and value. It tells people: Your time here has mattered. Your work has been seen. Your contribution has made a difference.

Celebrating our talent is not about creating a culture of constant praise. It is about creating moments of meaningful recognition—because people are more than their job titles or performance metrics. They are part of the story we are building together.

As HR professionals, we have the opportunity to make recognition intentional, authentic, and human.

Because when we celebrate someone’s journey, we are not only honoring their past—we are strengthening their connection to the future they are helping us build.

People remember how a company made them feel. Let’s make sure they feel that their time, effort, and contribution truly mattered.

#HumanResources #EmployeeExperience #EmployeeRecognition #TalentManagement #WorkplaceCulture #HRLeadership #EmployeeEngagement",https://www.linkedin.com/posts/virguit_hrmanager-basel-abdo-activity-7486019097680404480-uolC,Virguit N.,https://www.linkedin.com/in/virguit?miniProfileUrn=urn%3Ali%3Afsd_profile%3AACoAAB4iTOABdbYQ94VaHMdVkfGlS0SDzujKz6A,"Human-Centered HR Manager | Master’s in Marketing | Advocate for Global Payroll, HRIS & Remote Workforce Wellbeing | Multilingual Communicator | Journalist by Profession, Activist by Heart",7.479303356272849e+18,2026-07-30 07:08:28
7488154745904271360,comment,2026-07-29T08:53:34.612Z,"Ready to benchmark your organisation against national best practice?
The Good Youth Employment Benchmark reopens in October 2026 as part of Youth Employment UK Membership.

You'll receive tailored recommendations, expert support and practical insights to help strengthen your youth employment strategy.

Speak to our team today to find out how your organisation can be part of the 2027 Benchmark cohort: ➡️ https://www.youthemployment.org.uk/good-youth-employment-membership/",https://www.linkedin.com/feed/update/urn:li:ugcPost:7488154199718031361?commentUrn=urn%3Ali%3Acomment%3A%28ugcPost%3A7488154199718031361%2C7488154745904271360%29&dashCommentUrn=urn%3Ali%3Afsd_comment%3A%287488154745904271360%2Curn%3Ali%3AugcPost%3A7488154199718031361%29,,,,,2026-07-30 07:08:28
7488221110300401664,comment,2026-07-29T13:17:17.117Z,"This is really valuable. We often measure success by the number of opportunities available, but not always by the quality of the experience once a young person gets there. If we want better long term outcomes, we need to focus on both access and quality. Frameworks like this can help employers move beyond good intentions and towards consistent good practice.",https://www.linkedin.com/feed/update/urn:li:ugcPost:7488154199718031361?commentUrn=urn%3Ali%3Acomment%3A%28ugcPost%3A7488154199718031361%2C7488221110300401664%29&dashCommentUrn=urn%3Ali%3Afsd_comment%3A%287488221110300401664%2Curn%3Ali%3AugcPost%3A7488154199718031361%29,,,,,2026-07-30 07:08:28
7488154200900726785,post,,"Building better pathways into work starts with building employer readiness.

More than 1 million young people are currently not in education, employment or training, while employers across the UK are working hard to build future talent pipelines and create opportunities for young people.

The challenge isn't willingness.
It's having the right strategy, partnerships, data and infrastructure to turn good intentions into measurable outcomes.

Our Good Youth Employment Benchmark National Report 2026 explores exactly that.

Drawing on insights from employers across the UK, the report reveals:
 • Where employers are already making a real impact
 • The biggest barriers preventing young people from progressing into work
 • Five practical recommendations to help organisations strengthen their youth employment strategy

If your organisation is investing in early careers, apprenticeships, work experience or social value, this report will help you identify practical steps to build clearer, more effective pathways for young people.

Download the full report today and discover what good youth employment looks like in practice: ➡️ https://lnkd.in/es5PY36y",https://www.linkedin.com/posts/youth-employment-uk_good-youth-employment-benchmark-2026-key-activity-7488154200900726785-Ubjr,Youth Employment UK,https://www.linkedin.com/company/youth-employment-uk/posts,"13,688 followers",,2026-07-30 07:08:28
7485977115419574272,post,,"In Ruli, Rwanda, miners haul 30-70 kg bags of tungsten out of tunnels for 10 to 50 cents a bag. 
Their entire work history lives as tick marks in a paper booklet.

Across Africa's informal economy, workers build skills and prove themselves for years. Then a job ends, and the record of it vanishes. 
That missing history shapes access to finance, insurance, and the next job.

Fixa is fixing this. 

They started as a labour contracting platform in Rwanda, supplying workers into construction. But every worker onboarded, every shift completed, every payroll run was quietly creating something that barely exists across the continent: verified employment data. 

So far, more than 20,000 digital employment identities, over 1 million shifts, and US$6 million in wages processed. Over 95% of their workers accessed earned wages for the first time in their lives.

What made us confident?
Plenty of platforms try to sell financial services into the informal economy before they've earned trust or built data. 
Fixa works the opposite way. Solve a real operational problem for employers first, build trusted employment records as a by-product, then use those records to unlock better services for workers.

We think every worker deserves to own a verified record of the work they've done. 

If that becomes part of Africa's labour market infrastructure, Fixa will have helped build it.

Read why we invested:
https://lnkd.in/eziBAc7a

Tafara Makaza Jansen Durham Meyeneabasi Ekefre Ntua Edia Nicholas Markham",https://www.linkedin.com/posts/jobtech-alliance_why-we-invested-in-fixa-building-portable-activity-7485977115419574272-orPr,Jobtech Alliance,https://www.linkedin.com/company/jobtech-alliance/posts,"6,494 followers",,2026-07-30 07:08:28
7486826320375541760,comment,2026-07-25T16:54:53.285Z,"Hi Sherin,  how can I reach out?",https://www.linkedin.com/feed/update/urn:li:activity:7486661550770958336?commentUrn=urn%3Ali%3Acomment%3A%28activity%3A7486661550770958336%2C7486826320375541760%29&dashCommentUrn=urn%3Ali%3Afsd_comment%3A%287486826320375541760%2Curn%3Ali%3Aactivity%3A7486661550770958336%29,,,,,2026-07-30 07:08:28
7486661550770958336,post,,"السؤال اللي بيفرق بين HR بيستخدم AI و HR شغّال بـ AI:

إنت بتسأل الـ AI… ولا الـ AI بيشتغل عنك وإنت نايم؟

أغلب اللي بيستخدموا AI في الموارد البشرية دلوقتي واقفين عند نفس النقطة: بيفتحوا الشات، يكتبوا prompt، ياخدوا إجابة حلوة، copy / paste… وبكرة يرجعوا يعملوا نفس الشغل بإيدهم من الأول.

ده مش automation. ده assistance.
والفرق بينهم هو الفرق بين إنك توفر ٥ دقايق، وإنك توفر ٥ ساعات كل أسبوع من غير ما تلمس حاجة.

**الحكاية ببساطة:**

🧠 **Claude** = 
العقل اللي بيفكر، يحلل، يقيّم.

⚙️ **n8n** = 
الإيدين اللي بتنفذ، تربط، وتشتغل ٢٤ ساعة من غير ما حد يفكّرها.

كل واحد لوحده = أداة.
الاتنين مع بعض = HR Ops team شغالة في الخلفية.

**يعني إيه عملياً؟**
CV
 يوصل على الإيميل ← يتفتح ويتقري لوحده ← يتقيّم مقابل الـ JD بـ score و justification ← يتسجل في Google Sheet ← الـ shortlist توصل للـ Hiring Manager… وإحنا لسه بنشرب القهوة.

في الـ Workshop الجديدة
 **""Claude + n8n for HR""** 
هنبني مع بعض :
1️⃣ CV Screening Workflow
2️⃣ Employee Requests Hub
3️⃣ Exit Interview Analyzer
4️⃣ Contract & Probation Alerts
5️⃣ HR Policy Chatbot

من غير سطر كود واحد.

مش هتتفرج على سلايدز — هتخرج بـ workflows شغالة على الأكونت بتاعك إنت.

**لمين؟** HR Managers | Recruiters | HRBPs | HR Ops

Aug round ⛔️ limited seats
للتفاصيل 
Whats app 
+201050693660⁠
—

#AIforHR #HRTech #n8n #ClaudeAI #HRAutomation #TalentAcquisition #الموارد_البشرية",https://www.linkedin.com/posts/sherin-el-nady-hr-consultant_aiforhr-hrtech-n8n-activity-7486661550770958336-JEDH,Sherin El-Nady,https://www.linkedin.com/in/sherin-el-nady-hr-consultant?miniProfileUrn=urn%3Ali%3Afsd_profile%3AACoAABRujeEBnBXChBWvL3J_JstQ24BQEPXRPMs,HR Consultant |Ai Trainer| Technical recruiter | MBA| HR influencer |HR |Employer Branding |Talent Acquisition | People & Culture | HRBP | Career Coach,,2026-07-30 07:08:28
7486155688117968896,post,,"🚨 The employment market north of Auckland is developing its own identity

📊 Employer Market News

For years, many professionals living north of the Harbour Bridge have accepted the daily commute into central Auckland as part of working life.
But we are seeing a continued shift in the employment landscape — with more businesses and professionals embracing the opportunity to live local, work local.

The northern Auckland employment market is becoming increasingly diverse, with growth and opportunity across key commercial areas:

🔹 Albany & North Harbour — continuing to attract professional services, technology, corporate operations, and expanding business hubs.

🔹 Wairau Valley — a stronghold for trades, automotive, logistics, manufacturing, and service-based businesses.

🔹 Takapuna & Milford — established commercial centres supporting professional, medical, finance, and service industries.

🔹 Silverdale & the Hibiscus Coast — a rapidly developing area with continued residential and commercial growth creating new employment opportunities.

What does this mean for employers?

Local talent is becoming increasingly valuable — but attracting the right people requires more than simply advertising a vacancy.

Today’s candidates are considering:
✔ Commute and lifestyle impact
✔ Workplace culture and values
✔ Career development opportunities
✔ Stability and reputation of the employer

For businesses north of Auckland, your location can be a genuine competitive advantage — but only if your recruitment strategy communicates the value of working locally.

The takeaway:
The northern employment market is growing, but the best candidates will still be selective. Employers who understand their market and position themselves well will be the ones who attract and retain great people.

If you’re hiring north of the Harbour Bridge and want genuine local market insight, talk to us.

#EmployerMarketNews #AucklandBusiness #NorthShoreNZ #RodneyBusiness #TalentAcquisition #RecruitmentInsights #NZBusiness #RippleRecruitment",https://www.linkedin.com/posts/ripple-recruitment-limited_employermarketnews-aucklandbusiness-northshorenz-activity-7486155688117968896-Zwr_,Ripple,https://www.linkedin.com/company/ripple-recruitment-limited/posts,651 followers,,2026-07-30 07:08:28
7485791990916415488,post,,"✈️ Workforce Reality | Growth Watch
Sometimes the biggest hiring story starts with a runway—not a job posting.
When people hear ""economic development,"" they often think of ribbon cuttings and new buildings.
I think of future careers.
This week, one of the biggest workforce stories in Hernando County isn't a company announcing hundreds of new jobs—it's the continued transformation of the Brooksville–Tampa Bay Regional Airport & Technology Center.
A $13.6 million federal investment is helping prepare approximately 600 acres for future industrial and aviation-related development.
That may not sound exciting...
But here's why it matters.
Today's infrastructure projects become tomorrow's hiring announcements.
☕ Coffee Break

Why This Matters
The airport and technology center already support more than 150 companies, and county leaders are positioning the area to attract additional:
Aviation and aerospace companies
Advanced manufacturers
Logistics and distribution operations
Industrial and technology businesses
While no official job numbers have been announced for this latest infrastructure project, previous airport expansions have included new hangars and additional full-time positions—and this investment is designed to create the conditions for more growth.
Here's the Workforce Opportunity
As our region grows, we shouldn't wait until employers start hiring.
We should be asking:
Do we have enough skilled workers?
Are local students aware of these career paths?
Are training providers preparing people for these industries?
Are employers connected to the workforce resources already available?
Those conversations should happen now—not after a company announces it's hiring.
A Message to Employers
Many businesses don't realize there are no-cost workforce resources available to help with recruiting, job postings, hiring events, candidate screening, and connections to training opportunities.
The sooner workforce planning begins, the easier hiring becomes.
A Message to Job Seekers
Pay attention to where investment is happening.
The best career opportunities often start long before the ""Now Hiring"" signs go up.
The people who prepare early are usually the first to benefit.
Reality Check
Economic development isn't just about attracting businesses.
It's about making sure local people are ready to grow with them.
I'll be watching this project closely because I believe it's one of the most important long-term workforce developments in Hernando County.
Question of the Week:
If you could bring one new industry to Hernando County, what would it be—and why?


Disclaimer: The opinions and observations expressed in Workforce Reality are my own and are based on publicly available labor market data, economic development information, and professional workforce experience. They are intended to encourage discussion and share workforce insights and do not represent the official views, positions, or policies of my employer or any organization with which I am affiliated.",https://www.linkedin.com/posts/lisa-mcgrail-3046b346_workforce-reality-growth-watch-sometimes-activity-7485791990916415488-CaCE,Lisa McGrail,https://www.linkedin.com/in/lisa-mcgrail-3046b346?miniProfileUrn=urn%3Ali%3Afsd_profile%3AACoAAAm2uPQBfxwmyfxou_O0HgjexGgi2UebDEc,Connecting Talent to Opportunity Every Day | Workforce Specialist | Licensed CAM | Property Management Leader | Candidate Experience Focused | CareerSource Pasco-Hernando,,2026-07-30 07:08:28
7487885237377499138,post,,"I really adore my job which has changed a lot and grown with me, becoming a standard nature engagement officer roll. I hope my mat leave will love it too. Please do apply 🥰☘️",https://www.linkedin.com/posts/wild-oxfordshire_join-our-team-do-you-have-experience-activity-7487885237377499138-eKcQ,WILD OXFORDSHIRE,https://www.linkedin.com/company/wild-oxfordshire/posts,710 followers,7.482405538044154e+18,2026-07-30 07:08:28
7487084580571705344,post,,There’s so many reasons to apply 👇,https://www.linkedin.com/posts/vicki-weatherall-bb8754345_looking-for-your-next-step-in-social-work-activity-7487084580571705344-nrB4,Vicki Weatherall,https://www.linkedin.com/in/vicki-weatherall-bb8754345?miniProfileUrn=urn%3Ali%3Afsd_profile%3AACoAAFZuGrwBz7i_kXrs3RhM8gdCLVN1TaLUlRs,Specialist Lead Audit and Practice Improvement at North East Lincolnshire Council,7.48645247488777e+18,2026-07-30 07:08:28
7487903460433014784,post,,"Successful recruitment does not end when an offer is accepted.

Helping a new employee settle into the community is an important part of retention, and a positive relocation experience can make a lasting difference.

The Work NW Alberta Make the Move guide is designed to help newcomers discover local services, amenities, and information that will help them feel at home in Northwest Alberta.

If your organization is hiring people from outside the region, consider sharing this guide with every new employee.

View the guide:
https://lnkd.in/eKFY-MSH

Award Winning Partnership
City of Grande Prairie, County of Grande Prairie, Municipal District of Greenview No. 16, Grande Prairie & District Chamber of Commerce, Northwestern Polytechnic

Make a great living. Live a great life.

#WorkNWAlberta #EmployerSupport #TalentRetention #WorkforceDevelopment #NorthwestAlberta",https://www.linkedin.com/posts/work-nw-alberta_worknwalberta-employersupport-talentretention-activity-7487903460433014784-ZWcP,Work NW Alberta,https://www.linkedin.com/company/work-nw-alberta/posts,"1,119 followers",,2026-07-30 07:08:28
7486639225962967040,comment,2026-07-25T04:31:26.501Z,"Ringway Kent have just secured a long term contract to maintain Kent’s highways and we have already reached out to 4 schools to build up a relationship over the next 14 to 21 years – from primary, through to College and then hopefully into apprenticeships - paving the way, not just to work for our company, but hopefully within our own supply chain.  I’m following your organisation with interest.",https://www.linkedin.com/feed/update/urn:li:ugcPost:7486112084200640512?commentUrn=urn%3Ali%3Acomment%3A%28ugcPost%3A7486112084200640512%2C7486639225962967040%29&dashCommentUrn=urn%3Ali%3Afsd_comment%3A%287486639225962967040%2Curn%3Ali%3AugcPost%3A7486112084200640512%29,,,,,2026-07-30 07:08:28
7486352727057338371,comment,2026-07-24T09:32:59.839Z,Thanks  both Munya Badze. QCG LMDP MIH & Dr Ellen Corine Schwartz the Sheppey programme will be an important trailblazer for how we can make this work for both SMEs and those furthest from the employment market in island communities. Special thanks to Nikki Teesdale for keeping the torch aflame last year,https://www.linkedin.com/feed/update/urn:li:ugcPost:7486112084200640512?commentUrn=urn%3Ali%3Acomment%3A%28ugcPost%3A7486112084200640512%2C7486352727057338371%29&dashCommentUrn=urn%3Ali%3Afsd_comment%3A%287486352727057338371%2Curn%3Ali%3AugcPost%3A7486112084200640512%29,,,,,2026-07-30 07:08:28
7486112085651652608,post,,"What happens when coastal communities work together in places where people are prepared to collaborate and do things differently? 

The Breaking Barriers Innovations Coastal Navigation Network is a movement for the betterment of our communities through partnership and progressive thinking.

But why coastal communities? One of the photos below will show you the difference between opportunities inland and those in coastal regions including that over 40% of people living in coastal regions are economically inactive. 

Amazing to hear:
✅️ Norfolk and Suffolk ICB's focus on employability by creating a target of 500 employment starts which has already achieved over 400 starts in just a few months.
✅️ The incredible Healthy Ageing Action Network at Castle Point Borough Council with wide ranging programmes delivered by local communities.

⤴️A key asset for coastal regions is the sea. What could be the opportunities?

▶️ Let's support young people to be work hungry

▶️ Let's build national future from outside inwards

A fantastic discussion about #SocialValue including what it is and how procurement teams could learn to embed in contracts.

What an event of discussions and actions! #getinvolved #SocialRegeneration #healthinequalities #MakingChangeHappen

Nicholas Dr Ellen Corine Schwartz Amelia Sarah John Ian Jason Baroness Hillary Armstrong and the amazing Chair of Lord Kamlesh Patel 🎉",https://www.linkedin.com/posts/munyabadze_socialvalue-getinvolved-socialregeneration-activity-7486112085651652608-wGv1,Munya Badze. QCG LMDP MIH,https://www.linkedin.com/in/munyabadze?miniProfileUrn=urn%3Ali%3Afsd_profile%3AACoAAAvB1sMB3lyk5gazq2n-1NWv5eKPg0js7s4,Multi award winner designing and delivering projects that make positive impact on people in our communities.,,2026-07-30 07:08:28
7486409130887536641,post,,Amazing opportunity to change lives,https://www.linkedin.com/posts/j42joanneoconnor_hiring-newcastlejobs-procurement-activity-7486409130887536641-PI7B,Joanne O'Connor,https://www.linkedin.com/in/j42joanneoconnor?miniProfileUrn=urn%3Ali%3Afsd_profile%3AACoAAAp4Fk4BIpGLtfX903sRc9pjkXE910fBm8o,Director at Junction 42,7.478779695350755e+18,2026-07-30 07:08:28
7487503260011032576,comment,2026-07-27T13:44:48.271Z,Hello are you looking for a professional website designer well look no more because I am a professional website designer with years of experience and I will make you the best website you will ever have that will convert visitors to customers guarantee here is my WhatsApp number +2347047245756,https://www.linkedin.com/feed/update/urn:li:activity:7487417061040820224?commentUrn=urn%3Ali%3Acomment%3A%28activity%3A7487417061040820224%2C7487503260011032576%29&dashCommentUrn=urn%3Ali%3Afsd_comment%3A%287487503260011032576%2Curn%3Ali%3Aactivity%3A7487417061040820224%29,,,,,2026-07-30 07:08:28
7487930212639330304,comment,2026-07-28T18:01:21.709Z,SkillCue AI agents and skills based hiring are changing how candidates find jobs and how employers identify talent As a garage owner I believe clear digital profiles and recognised skills can help the right technicians reach the right opportunities faster Lets connect,https://www.linkedin.com/feed/update/urn:li:activity:7487417061040820224?commentUrn=urn%3Ali%3Acomment%3A%28activity%3A7487417061040820224%2C7487930212639330304%29&dashCommentUrn=urn%3Ali%3Afsd_comment%3A%287487930212639330304%2Curn%3Ali%3Aactivity%3A7487417061040820224%29,,,,,2026-07-30 07:08:28
7487417061040820224,post,,"The UK job market in 2026 demands a shift in tactics. We have moved beyond the era of manual applications. Efficiency is the new currency. To stay competitive, you must align your strategy with current technological and regional realities.

📊 Employment data shows that 70% of successful hires this year involved AI agents on both sides of the table. At SkillCue, we are seeing a total move away from the traditional application process.

🎯 The Agentic Job Search
Your resume is no longer for human eyes alone. It is a data set for your personal Job Search Agent. These agents do more than filter listings; they negotiate initial terms and submit tailored applications while you sleep. To win, you must optimize your digital footprint for machine readability.

💡 Tip: Ensure your professional profile uses standardized skill taxonomy. Agents struggle with ""creative"" or ""unique"" job titles. Stick to industry-standard terms to ensure your agent identifies the highest-paying matches.

📈 Hyper-Regionalism: Growth Beyond London
The capital is no longer the only engine for growth. We are tracking a massive surge in specific regional corridors where the cost of living is lower but the salaries remain competitive.

📢 The Manchester Tech Corridor: Now a global leader in AI safety and decentralized finance.
📢 Birmingham Logistics: The full integration of HS2 has turned this region into the primary hub for automated supply chain orchestration.
✨ Focus your search on these specific clusters. The competition in London is high, but the ROI in these growth hubs is currently superior for mid-career professionals.

🚀 The ""Squiggly Career"" is the default setting for 2026. Employers no longer look for linear progression; they value your ability to solve problems across different sectors. This skills-based hiring model means your background in retail is relevant to fintech if the core competencies align.

✅ Your Next Step: Audit your public profiles today. Replace your summary with a ""Machine-Readable Capabilities"" block. This allows recruiter agents to index your profile instantly.

🎯 Skill to Build: Agentic Orchestration. Learn to manage the AI tools that handle your workflow and job search. This is the most practical way to increase your market value and reclaim your time.",https://www.linkedin.com/posts/skillcue1_the-uk-job-market-in-2026-demands-a-shift-activity-7487417061040820224-5a1B,SkillCue,https://www.linkedin.com/company/skillcue1/posts,4 followers,,2026-07-30 07:08:28
7488291273859223552,comment,2026-07-29T17:56:05.412Z,Tristan Shirley (DipRM) The rise of temporary and contract talent shows how businesses are adapting to uncertainty while still accessing the critical skills they need. As a garage owner I see the same value in flexible staffing when workloads increase or specialist technicians are required at short notice. The right balance of flexible support and permanent talent can help businesses protect productivity without taking unnecessary risk Lets connect,https://www.linkedin.com/feed/update/urn:li:activity:7485996347599495168?commentUrn=urn%3Ali%3Acomment%3A%28activity%3A7485996347599495168%2C7488291273859223552%29&dashCommentUrn=urn%3Ali%3Afsd_comment%3A%287488291273859223552%2Curn%3Ali%3Aactivity%3A7485996347599495168%29,,,,,2026-07-30 07:08:28
7485996347599495168,post,,"Great to hear that the use of temporary and contract talent is on the rise!  (recent KPMG and REC report on hiring trends)

Makes sense for organisations, as they navigate the uncertainty by getting access to the critical skills, in a more flexible and less committal way. 

#SocialImpact #ThirdSector #PurposeDriven #DoingGoodRecruitment",https://www.linkedin.com/posts/tristan-shirley-diprm-7436ab20_recruitment-hiringtrends-temporarystaffing-activity-7485996347599495168-d99H,Tristan Shirley (DipRM),https://www.linkedin.com/in/tristan-shirley-diprm-7436ab20?miniProfileUrn=urn%3Ali%3Afsd_profile%3AACoAAARfwGMBGj-BA6ym8Ph-0UoBvnjN5gRjvmo,"Civil Society Fan | Recruit for Charities and For Purpose Organisations | Ethical, Positive & Impactful | Keen Philosopher",7.485994342558446e+18,2026-07-30 07:08:28
7486314996566638593,post,,"Once beyond the grasp of small and midsize businesses, global hiring is now within reach. Listen to Barry Gauch from isolved and Pim Altena from Remote as they share how they're making this possible on the latest episode of ""You Should Know"" by WRKdefined.

Catch the insights here ⤵️",https://www.linkedin.com/posts/john-donovan-next-gen-hcm_wrkdefined-podcast-network-how-isolved-and-activity-7486314996566638593-TzXk,John Donovan,https://www.linkedin.com/in/john-donovan-next-gen-hcm?miniProfileUrn=urn%3Ali%3Afsd_profile%3AACoAAAXMtAgBIAsVcwqXQxa_SPNmpMEQ16SlrpM,"Regional VP of Sales, Benefit Services | Father & Husband",,2026-07-30 07:08:28
7486781309965737984,post,,"𝐇𝐢𝐫𝐢𝐧𝐠 𝐯𝐞𝐭𝐞𝐫𝐚𝐧𝐬 𝐢𝐬𝐧'𝐭 𝐣𝐮𝐬𝐭 𝐭𝐡𝐞 𝐫𝐢𝐠𝐡𝐭 𝐭𝐡𝐢𝐧𝐠 𝐭𝐨 𝐝𝐨, 𝐢𝐭'𝐬 𝐚 𝐬𝐦𝐚𝐫𝐭 𝐛𝐮𝐬𝐢𝐧𝐞𝐬𝐬 𝐝𝐞𝐜𝐢𝐬𝐢𝐨𝐧. 

Veterans onboard faster, stay longer, and advance more quickly than their civilian peers. The numbers tell the story: 

✅ Higher retention rates 
✅ Proven leadership, teamwork, and adaptability  
✅ 𝑼𝒑 𝒕𝒐 $15 𝒃𝒊𝒍𝒍𝒊𝒐𝒏 in potential economic impact 

In honor of #NationalHireAVeteranDay, we're breaking down the business case for hiring veterans and military-connected talent, from reduced training time and stronger performance to measurable organizational impact. 

𝐓𝐡𝐞 𝐝𝐚𝐭𝐚 𝐢𝐬 𝐜𝐥𝐞𝐚𝐫. 𝐈𝐬 𝐲𝐨𝐮𝐫 𝐫𝐞𝐜𝐫𝐮𝐢𝐭𝐢𝐧𝐠 𝐬𝐭𝐫𝐚𝐭𝐞𝐠𝐲 𝐤𝐞𝐞𝐩𝐢𝐧𝐠 𝐮𝐩? 

Discover how military-connected talent can help your organization save time, reduce costs, and strengthen its workforce, and learn how Hiring Our Heroes can help you build that pipeline. 

🔗 Read the blog: https://bit.ly/4yFlfvu... 

#HireVeterans #MilitaryHiring #VeteranEmployment #HiringOurHeroes #TalentAcquisition #HR #WorkforceDevelopment #RecruitingStrategy #Veterans #HRLeaders",https://www.linkedin.com/posts/hiringourheroes_nationalhireaveteranday-hireveterans-militaryhiring-activity-7486781309965737984-HRRS,Hiring Our Heroes,https://www.linkedin.com/company/hiringourheroes/posts,"586,422 followers",,2026-07-30 07:08:28
7487896233487925248,post,,"📊 Public Sector Finance & Procurement Recruitment: The Market in 2026

The demand for skilled finance and procurement professionals across London, the South East and the Home Counties remains incredibly strong, despite continued budget pressures.

Several trends are shaping the market right now:

🔹 Public procurement accounts for approximately £385 billion of annual spend, with increasing scrutiny around value for money, supplier performance and social value outcomes. 
🔹 Organisations continue to face shortages of specialist talent, particularly across procurement, commercial management, finance business partnering, transformation, digital and programme delivery functions. 
🔹 Vacancy pressures remain high across many public sector organisations, driving continued reliance on interim and agency resource while permanent hiring remains challenging in key disciplines. 
🔹 The implementation of the Procurement Act has increased demand for professionals with expertise in governance, compliance, contract management and strategic sourcing. 

What's particularly interesting is the shift we're seeing from""cost control"" to ""skills control"". Employers are becoming less focused on simply filling vacancies and more focused on securing the specialist capabilities needed to deliver transformation, efficiency savings and better public services. 

The most successful organisations I work with are:

✅ Moving faster through recruitment processes
✅ Investing in succession planning
✅ Offering flexible working arrangements
✅ Clearly communicating career development opportunities and organisational purpose.

In a competitive market, candidates have choices.

As a recruiter specialising in public sector finance and procurement appointments across London, the South East and Home Counties, I'm finding that organisations able to articulate their long-term vision and employee value proposition are consistently attracting the strongest talent.

I'd be interested to hear from hiring managers and candidates:

👉 Is the biggest challenge currently attracting talent, retaining talent, or securing approval to hire?

#PublicSector #FinanceRecruitment #ProcurementRecruitment #PublicFinance #Procurement #LocalGovernment #NHS #Housing #CommercialManagement #FinanceJobs #Recruitment #TalentAcquisition #London #SouthEast #PublicSectorCareers",https://www.linkedin.com/posts/rebecca-dawson-sp_publicsector-financerecruitment-procurementrecruitment-activity-7487896233487925248-L9xL,Rebecca Dawson,https://www.linkedin.com/in/rebecca-dawson-sp?miniProfileUrn=urn%3Ali%3Afsd_profile%3AACoAAB6s6tsBBCoWfg1sOSPSboDNe-drCYx00_0,"Principal Consultant | Finance & Audit, Procurement, Change & Transformation, Senior & Executive | Home Counties, London & South East and Charity Champion",,2026-07-30 07:08:28
7488146588876509184,post,,The interview is going it's a great opportunity for all Local transfer employees,https://www.linkedin.com/posts/shadab-umar-taj-389746251_%D9%85%D9%86%D8%AA%D8%AC%D8%B9-%D8%B1%D9%8A%D9%81-%D8%A7%D9%84%D8%B1%D9%8A%D8%A7%D8%B6-riyadh-activity-7488146588876509184-_E1X,Shadab Umar Taj,https://www.linkedin.com/in/shadab-umar-taj-389746251?miniProfileUrn=urn%3Ali%3Afsd_profile%3AACoAAD45UpkBcEuLkBCzwaDtaoEixsD_QBXJF58,Swimming Pool Maintenance,7.487443991219675e+18,2026-07-30 07:08:28
7488230058999042048,comment,2026-07-29T13:52:50.653Z,You are very welcome Kit Powney great to have you involved in such a topical area currently,https://www.linkedin.com/feed/update/urn:li:ugcPost:7488187398162411520?commentUrn=urn%3Ali%3Acomment%3A%28ugcPost%3A7488187398162411520%2C7488230058999042048%29&dashCommentUrn=urn%3Ali%3Afsd_comment%3A%287488230058999042048%2Curn%3Ali%3AugcPost%3A7488187398162411520%29,,,,,2026-07-30 07:08:28
7488187398997286913,post,,"If I'm wrestling with a challenge, my Strava will probably give it away 😂 I will be out usually walking the dog or going for a run because that's where I do some of my best thinking, taking time to pause is often what enables me to flex and move faster later.

I think the same is true of AI. There's a growing pressure to adopt AI quickly and jump straight into the 'busy work' implementing tools, pilots and use cases. But lasting value often comes from taking the time to think first. The organisations that will stand out will be those that have embedded AI with purpose, using it to improve outcomes, strengthen services and amplify the impact they're already having.

A huge thank you to Dominic Hilleard - FIRP and the Talent Leaders team for inviting me to be part of the interview series. 

#AI #Leadership #FutureOfWork #TechForGood #DigitalTransformation",https://www.linkedin.com/posts/kit-powney-23334069_talentleaders-recruitmentsearch-executivesearch-activity-7488187398997286913-wlnW,Kit Powney,https://www.linkedin.com/in/kit-powney-23334069?miniProfileUrn=urn%3Ali%3Afsd_profile%3AACoAAA53OUcBDmhf3U3EcLIfI-of4qdKoCpmg64,Top 3 Charity Leader (AI 100 UK 2025) | Digital Leader | Head of Digital Maturity | Consultant | Trustee,7.487769205954699e+18,2026-07-30 07:08:28
7486451320166588418,comment,2026-07-24T16:04:46.268Z,Wow nice one ,https://www.linkedin.com/feed/update/urn:li:ugcPost:7486395487474888704?commentUrn=urn%3Ali%3Acomment%3A%28ugcPost%3A7486395487474888704%2C7486451320166588418%29&dashCommentUrn=urn%3Ali%3Afsd_comment%3A%287486451320166588418%2Curn%3Ali%3AugcPost%3A7486395487474888704%29,,,,,2026-07-30 07:08:28
7487476050567008256,comment,2026-07-27T11:56:41.034Z,Building a sustainable structure to manage these talents  effectively is a non-negotiable. This conversation needs to be heard and also implanted.Thanks for this ma'am Toyosi Etim-Effiong ,https://www.linkedin.com/feed/update/urn:li:ugcPost:7486395487474888704?commentUrn=urn%3Ali%3Acomment%3A%28ugcPost%3A7486395487474888704%2C7487476050567008256%29&dashCommentUrn=urn%3Ali%3Afsd_comment%3A%287487476050567008256%2Curn%3Ali%3AugcPost%3A7486395487474888704%29,,,,,2026-07-30 07:08:28
7486667852758904832,comment,2026-07-25T06:25:11.661Z,"This is a conversation Africa desperately needs,Toyosi.

As I read this, one question kept echoing in my mind:

What powers the creative economy before talent, strategy, infrastructure, cameras, stages, media, or technology?

The answer is the one asset we rarely acknowledge, our gift of sight.

Every script written, every film edited, every contract signed, every performance watched, every creative dream pursued begins with a pair of human eyes.

As you engage with the Lagos State Government on building infrastructure for talent, I hope one day eye health can become part of that conversation too. Because protecting sight is protecting the very foundation of the creative economy.

That belief is why I built The Professional Wall for World Sight Day, to remind the world that our eyes power every industry before technology ever can.

Wishing you a meaningful conversation. I hope it inspires partnerships that protect not only Africa’s talent, but also the gift that makes talent possible.",https://www.linkedin.com/feed/update/urn:li:ugcPost:7486395487474888704?commentUrn=urn%3Ali%3Acomment%3A%28ugcPost%3A7486395487474888704%2C7486667852758904832%29&dashCommentUrn=urn%3Ali%3Afsd_comment%3A%287486667852758904832%2Curn%3Ali%3AugcPost%3A7486395487474888704%29,,,,,2026-07-30 07:08:28
7487070485357301760,comment,2026-07-26T09:05:06.752Z,"Wow very insightful . Wishing I could connect online. Would love to know the response you finally got 

Toyosi Etim-Effiong check this out. It may interest you 👇🏽
www.tekhiglobal.com",https://www.linkedin.com/feed/update/urn:li:ugcPost:7486395487474888704?commentUrn=urn%3Ali%3Acomment%3A%28ugcPost%3A7486395487474888704%2C7487070485357301760%29&dashCommentUrn=urn%3Ali%3Afsd_comment%3A%287487070485357301760%2Curn%3Ali%3AugcPost%3A7486395487474888704%29,,,,,2026-07-30 07:08:28
7486451535392972801,comment,2026-07-24T16:05:37.582Z,"I will love to around , if only you will I invite me ma ",https://www.linkedin.com/feed/update/urn:li:ugcPost:7486395487474888704?commentUrn=urn%3Ali%3Acomment%3A%28ugcPost%3A7486395487474888704%2C7486451535392972801%29&dashCommentUrn=urn%3Ali%3Afsd_comment%3A%287486451535392972801%2Curn%3Ali%3AugcPost%3A7486395487474888704%29,,,,,2026-07-30 07:08:28
7486408021460418560,comment,2026-07-24T13:12:43.051Z,"This is a very interesting conversation for me. 
I’ll love to have a seat on that roundtable. 

Can I kindly get an invite ? 
Thank you ",https://www.linkedin.com/feed/update/urn:li:ugcPost:7486395487474888704?commentUrn=urn%3Ali%3Acomment%3A%28ugcPost%3A7486395487474888704%2C7486408021460418560%29&dashCommentUrn=urn%3Ali%3Afsd_comment%3A%287486408021460418560%2Curn%3Ali%3AugcPost%3A7486395487474888704%29,,,,,2026-07-30 07:08:28
7486395488515063809,post,,"Next week, I’ll be in a room with the Lagos State Government, as well as representatives from European, North American and Southern African embassies asking a question I’ve carried for years; what if we treated talent management the way we treat roads, ports and electricity?

Because that is what talent management is. Infrastructure.

Hollywood is not powerful because of the actors alone and Afrobeats did not go global only because of singers. Behind every visible star is a sometimes invisible professional who built the system around them. The Managers. Lawyers. Strategists. IP specialists. Deal makers.

Africa has the talent. What we’re building now is the profession behind the talent. The people who will convert human creativity into sustainable economic value. 

To everyone joining us in that room, please come ready to contribute to the conversation.

Looking forward to the blueprints we’ll be drawing.

#ThatGoodMedia
#TGMAcademy
#TalentManagement
#ToyosiEtimEffiong",https://www.linkedin.com/posts/toyosi_thatgoodmedia-tgmacademy-talentmanagement-activity-7486395488515063809-E70S,Toyosi Etim-Effiong,https://www.linkedin.com/in/toyosi?miniProfileUrn=urn%3Ali%3Afsd_profile%3AACoAABahagMBXsvYK5tYyTH_-FjRqOWU2cWXPww,"Visionary Media Executive | Founder, That Good Media | Expert in Talent Management & Strategic Partnerships | Amplifying African Narratives Globally",,2026-07-30 07:08:28
7487780931269758976,comment,2026-07-28T08:08:10.258Z,"https://www.gov.uk/government/publications/jobs-guarantee
",https://www.linkedin.com/feed/update/urn:li:ugcPost:7486403123666776065?commentUrn=urn%3Ali%3Acomment%3A%28ugcPost%3A7486403123666776065%2C7487780931269758976%29&dashCommentUrn=urn%3Ali%3Afsd_comment%3A%287487780931269758976%2Curn%3Ali%3AugcPost%3A7486403123666776065%29,,,,,2026-07-30 07:08:28
7487764602894626816,post,,"Could your next great employee already be out there...waiting for someone to give them a chance?

The Government's Youth Guarantee is designed to do exactly that.

Through the Jobs Guarantee, eligible employers can offer a fully funded six-month placement to young people who have experienced long-term unemployment, with Government covering wages (25 hours per week), employer National Insurance and minimum pension contributions, alongside funding to support onboarding and equipment. 

The programme starts with pilot areas across:

📍Birmingham & Solihull
📍East Midlands
📍Greater Manchester
📍Hertfordshire & Essex
📍Central & East Scotland
📍South West & South East Wales

As the programme expands nationally, it's worth asking a simple question:

Could your organisation offer someone their first meaningful opportunity?

Many employers talk about skills shortages. Sometimes the answer isn't finding experienced people. It's creating opportunities for people with potential.

If you're interested in getting involved, it's well worth exploring the programme and contacting your regional delivery partner. I've added the GOV.UK link in the comments.

#YouthGuarantee #JobsGuarantee #Employment #Skills #EarlyCareers #PeopleDevelopment #Leadership #SocialImpact #Recruitment",https://www.linkedin.com/posts/teresa-beazley-chartered-mcipd-flpi-68495919a_youth-guarantee-job-guarantee-pilot-activity-7487764602894626816-Jj57,"Teresa Beazley, Chartered MCIPD, FLPI",https://www.linkedin.com/in/teresa-beazley-chartered-mcipd-flpi-68495919a?miniProfileUrn=urn%3Ali%3Afsd_profile%3AACoAAC7FYYQBPcVdoDpkVKTP5-osVhDX3RxK3XI,Award-Winning Association Leader | Strategic Capability | Sector Transformation,,2026-07-30 07:08:28
7486059242592956416,post,,"For years, much of this work simply appeared as articles, research, and public commentary under my own name. Looking back, a pattern emerges. Whether examining Belize’s regional financial leadership through COSEFIN, proposing long-term energy security strategies, exploring AI infrastructure and environmental policy, researching the historical footprint of Belizean mahogany, or writing about entrepreneurship, institutional development, and economic competitiveness, the objective has always been the same: to ask better questions and develop practical, evidence-based ideas that create long-term value.

Today, that work has a home. HBIC, the Home Office Bureau of Innovation & Competitiveness, is the policy, strategy, and research institute of HYDE. Some of our publications will remain freely available because stronger institutions ultimately benefit everyone. At the same time, HBIC is available to governments, businesses, investors, nonprofits, and institutions seeking independent research, strategic planning, policy analysis, institutional design, and long-term economic thinking.

We believe that thoughtful ideas deserve the same level of craftsmanship as the products and companies built from them.

#hbic #hyde #research #strategy #publicpolicy #innovation #competitiveness #economicdevelopment #institutionbuilding #consulting #belize #caribbean #leadership",https://www.linkedin.com/posts/sylvian-hyde_hydesmanpost-hbic-belize-activity-7486059242592956416-7Zyd,Sylvian Hyde,https://www.linkedin.com/in/sylvian-hyde?miniProfileUrn=urn%3Ali%3Afsd_profile%3AACoAAB4oQbsB4-wd-1zwyKwjXEslrKsUrslsUVw,"President, Hyde Group Belize | Founder, RAFT | Design, Systems, and Long-Term Infrastructure for People & Markets",7.48605788564745e+18,2026-07-30 07:08:28
7485967153997836288,post,,"Local government HR teams are being asked to help their organisations navigate enormous change, but do they have the capacity they need to do it?
The latest local government workforce data from the Local Government Association reveals that:

👉 41% of responding councils have reduced their HR staffing over the past three years
 👉 24% say their HR teams lack the necessary resources
 👉 33% are already using or developing AI for HR

With workforce pressures, financial constraints, reorganisation and new technology all competing for attention, the role of HR & OD has arguably never been more important.

What would make the greatest difference to your team right now: more capacity, better data, stronger digital tools or something else?

We’d be interested to hear what you’re experiencing across the sector.

Explore the LGA’s latest workforce data 👇 
https://lnkd.in/e5-fBJir

#Workforcedata #Localgovernment #Workforce #AI #HR #OD #share #learn #connect

Sandra Farquharson FCIPD Steve Davies  FCIPD, PPMA Board Gordon McFarlane Barry Pirie Pam Parkes, FCIPD Julie BiggsTrudy Forster. FCIPDNichola Mann (Assoc CIPD)Natasha Brown FCIPD Steve Walker-Whitehead",https://www.linkedin.com/posts/ppma-public-services-people-managers-association_local-government-workforce-summary-data-activity-7485967153997836288-UAzg,PPMA - Public Services People Managers Association,https://www.linkedin.com/company/ppma-public-services-people-managers-association/posts,"4,002 followers",,2026-07-30 07:08:28
7486457225759109120,post,,Sharing with my network. Super company✨,https://www.linkedin.com/posts/garyhitching_regional-marketing-specialist-solutions-activity-7486457225759109120-oVia,Gary Hitching,https://www.linkedin.com/in/garyhitching?miniProfileUrn=urn%3Ali%3Afsd_profile%3AACoAAAYPHjAB4YaoqqLRlgVmir5eRKbukG8s6o4,Client Strategy Manager @ Blondefish,7.486304197169152e+18,2026-07-30 07:08:28
7487576067059310592,comment,2026-07-27T18:34:06.824Z,AfriqHire,https://www.linkedin.com/feed/update/urn:li:activity:7487466891486150656?commentUrn=urn%3Ali%3Acomment%3A%28activity%3A7487466891486150656%2C7487576067059310592%29&dashCommentUrn=urn%3Ali%3Afsd_comment%3A%287487576067059310592%2Curn%3Ali%3Aactivity%3A7487466891486150656%29,,,,,2026-07-30 07:08:28
7487466891486150656,post,,"A few days ago, I wrote about being a young professional hoping someone would take a chance on me.
I had the willingness. I had the drive. I had ideas.
What I didn't have was years of experience.
Like many recent graduates, I found myself in that awkward space where every opportunity seemed to require experience, but experience only comes when someone gives you an opportunity.

Thankfully, someone did.
The Mastercard Foundation Associates Program didn't just place me in an organization. It placed me in an environment where I was trusted enough to learn, contribute, make mistakes, and grow.

Today, when I look back, I realize how much of my career was shaped by one decision from an employer who chose potential over perfection.

That's why this message is for employers. Employers with track record of investing significantly in graduate talent, employability, and leadership development.

There are thousands of young professionals who remind me of the person I was a few years ago.
They are willing. They are curious. They are teachable.
Some are still unsure of themselves, not because they lack ability, but because they simply haven't had enough opportunities to discover what they can become.

Sometimes all they need is someone to say, ""Come in, let's figure it out together.""

You may not get the finished product on day one.
But with the right environment, mentorship, and ownership, you might just be investing in your organization's next project manager, HR leader, entrepreneur, executive, or innovator. People who thinks as intrapreneurs.

Potential has always existed.
Opportunity is often the missing piece.
So, if you're an employer on my timeline considering joining the Mastercard Foundation Associates Program, I'd encourage you to do it.

Not because you'll simply be filling vacancies.
But because you'll be changing the trajectory of someone's career, just like someone once changed mine.
And sometimes, most times, that's where real influence begins.",https://www.linkedin.com/posts/thenimidaniel_mastercardfoundation-associatesprogram-hiresmarter-activity-7487466891486150656-ULtz,Daniel Elisha,https://www.linkedin.com/in/thenimidaniel?miniProfileUrn=urn%3Ali%3Afsd_profile%3AACoAACmbB0wBTkUlbXuvhxDA_kPiQ6KiYCzxJeg,Human Capital Development | Project | Building Konfluence,7.478801162096411e+18,2026-07-30 07:08:28
7488224680575737856,post,,You do not want to miss this one! 🤩,https://www.linkedin.com/posts/april-male-a2a55b358_fmcg-newbusiness-businessdevelopment-activity-7488224680575737856-6yyP,April Male,https://www.linkedin.com/in/april-male-a2a55b358?miniProfileUrn=urn%3Ali%3Afsd_profile%3AACoAAFkSIQIB9iOQDazrd7TAdO9grpAAnTc6-og,Recruitment Specialist - Print & Packaging Industry at Mercury Search and Selection Limited,7.488223257939223e+18,2026-07-30 07:08:28
7486332513607655424,post,,"Your CV is ready… now what?

Writing a strong teaching CV is only half the battle.
The next step is making sure it reaches the right schools.

Here are 5 simple ways to improve your chances of landing your next teaching role:

Tailor every application to the specific school and job description.

Research the school’s values, Ofsted report and ethos before applying.

Highlight measurable achievements that demonstrate your impact in the classroom.

Apply early—many schools begin reviewing applications before the closing date.

Keep your CV and professional profile up to date so you’re always ready for new opportunities.

That’s exactly why we built SnapIQ.

Instead of searching across multiple websites, SnapIQ helps teachers discover education vacancies, connect directly with schools and recruitment agencies, and manage applications all in one place.

Whether you’re looking for your first teaching role, your next leadership opportunity or flexible supply work, SnapIQ is designed to make the process simpler.

Discover more teaching opportunities:
https://www.snapiq.co.uk

Need to improve your CV first? Read our free guide:
https://lnkd.in/e6MuDiJr

What’s the first thing you look for when applying for a teaching role? We’d love to hear your thoughts in the comments.

#TeachingJobs #TeacherRecruitment #TeachingCareers #EducationJobs #TeacherLife #ECT #PrimaryTeacher #SecondaryTeacher #TeachingVacancies #SchoolJobs #EducationRecruitment #CareerAdvice #TeachingTips #UKTeachers #Education #EdTech #SnapIQ",https://www.linkedin.com/posts/snapiq_teachingjobs-teacherrecruitment-teachingcareers-activity-7486332513607655424-dV-v,James Uribarri,https://www.linkedin.com/in/snapiq?miniProfileUrn=urn%3Ali%3Afsd_profile%3AACoAAGPh5vABCNqYF8BqjYk7fl38YkoCyR5_ewQ,Powering Education Staffing - Account and Candidate Onboarding Manger - snapiq,,2026-07-30 07:08:28
7486752148085518337,post,,"Can't hire fast if your process is slow. At JPMorgan Chase, we onboarded 30+ candidates because the system was optimised. 🎯
 
 ❌ TRADITIONAL: 60 days to hire, lose top candidates
 ✅ AI-POWERED: 30 days to hire, top candidates engaged
 
 🚀 AI STRATEGIES:
 
 1️⃣ Resume Screening: Scan 500 applications instantly, 80% faster
 2️⃣ Cultural Fit: AI scores match traits, reducing bad hires by 40%
 3️⃣ Interview Analytics: Analyse transcripts, reduce bias
 4️⃣ Offer Acceptance: Predict who'll accept, hit a 90% rate
 
 📊 THE MATH:
 One bad hire = $240K turnover cost
 Preventing 1 bad hire with AI = ROI ✓✓✓
 
 What's your biggest hiring challenge? 👇

 #Recruitment #HiringStrategy #TalentManagement #HR #AInHR #EmployerBranding #CareerGrowth #TeamBuilding #TalentAcquisition #LeadershipDevelopment",https://www.linkedin.com/posts/naveenbodavula_recruitment-hiringstrategy-talentmanagement-activity-7486752148085518337-jKfD,Naveen Bodavula,https://www.linkedin.com/in/naveenbodavula?miniProfileUrn=urn%3Ali%3Afsd_profile%3AACoAAFV4ZH0B_ip5KPHVzd7YvaXsF6XoZEhpytQ,"Business Operations Architect | Scaling Teams, Systems & Revenue for CEOs & Founders",,2026-07-30 07:08:28
7487406852218220544,post,,"Why are talented people still struggling to get hired in the UK?
This week on The BTC Show, I sat down with recruiter and career strategist Lola R., alongside co-presenter Bukky Tijani, to unpack what really happens behind the recruitment process.
One insight stood out:
Many professionals believe the problem is their qualifications.
Often, it isn't.
The challenge is how those qualifications are communicated, positioned, and aligned with what employers are actually looking for.
In this conversation, we discuss:
✅ Common CV mistakes that cost opportunities
✅ What recruiters notice first
✅ How to stand out in a competitive market
✅ Networking strategies that still work
✅ Practical advice for professionals looking to secure interviews and grow their careers
If you're applying for jobs, changing careers, or helping others navigate the UK job market, this episode is packed with practical insights.
🎁 We've also included a FREE CV Template to help you get started.
📺 Watch the full episode here:
 [https://lnkd.in/ekSutbM9]
What is the biggest challenge you've experienced when applying for jobs?
#UKJobs #CareerAdvice #Leadership #Recruitment #CVTips #CareerGrowth #WorkplaceSkills #TheBTCShow #CharlesUmeh #LolaRa",https://www.linkedin.com/posts/charlesumehbcm_ukjobs-careeradvice-leadership-activity-7487406852218220544-DlhD,Charles Umeh,https://www.linkedin.com/in/charlesumehbcm?miniProfileUrn=urn%3Ali%3Afsd_profile%3AACoAAAmHlIsBbbdwy19DEzVpw29qn8Q7F-ww2Vk,"Helping organisations improve workplace performance through clarity, alignment & human-centred leadership | Author | TED Speaker | Co-Author, The Generative Organisation (2025)",,2026-07-30 07:08:28
7486483041004032000,comment,2026-07-24T18:10:49.105Z,"Congrats ‏RASHA ALHAJ  - CHRP, CMI, MBA‏ ",https://www.linkedin.com/feed/update/urn:li:activity:7486370869116784640?commentUrn=urn%3Ali%3Acomment%3A%28activity%3A7486370869116784640%2C7486483041004032000%29&dashCommentUrn=urn%3Ali%3Afsd_comment%3A%287486483041004032000%2Curn%3Ali%3Aactivity%3A7486370869116784640%29,,,,,2026-07-30 07:08:28
7488155665048260608,comment,2026-07-29T08:57:13.753Z,Congrats ,https://www.linkedin.com/feed/update/urn:li:activity:7486370869116784640?commentUrn=urn%3Ali%3Acomment%3A%28activity%3A7486370869116784640%2C7488155665048260608%29&dashCommentUrn=urn%3Ali%3Afsd_comment%3A%287488155665048260608%2Curn%3Ali%3Aactivity%3A7486370869116784640%29,,,,,2026-07-30 07:08:28
7486671227974066176,comment,2026-07-25T06:38:36.375Z,"DEAR MAM 
WE STANDBY SINCE 1975
PLEASE VISIT US 
WWW.PPA.COM.PK ",https://www.linkedin.com/feed/update/urn:li:activity:7486370869116784640?commentUrn=urn%3Ali%3Acomment%3A%28activity%3A7486370869116784640%2C7486671227974066176%29&dashCommentUrn=urn%3Ali%3Afsd_comment%3A%287486671227974066176%2Curn%3Ali%3Aactivity%3A7486370869116784640%29,,,,,2026-07-30 07:08:28
7486370869116784640,post,,"رشا الحاج، قيادة استراتيجية في حلول القوى العاملة والاستشارات المؤسسية

على مدار مسيرتها المهنية، رسخت رشا الحاج مكانتها في مجال حلول القوى العاملة والاستشارات الاستراتيجية، مستندة إلى خبرة واسعة في حلول التوظيف، وخدمات Employer of Record (EOR) وProfessional Employer Organization (PEO) وRecruitment Process Outsourcing (RPO)، إلى جانب إدارة الرواتب وحشد الكفاءات، مع خبرة تمتد عبر قطاعات متعددة تشمل تقنية المعلومات، والرعاية الصحية، والدفاع، والسلع الاستهلاكية، والنفط والغاز، والبتروكيماويات.

وفي محطة محورية من مسيرتها، تشغل الحاج حاليًا منصب العضو المنتدب لشركة Fircroft في المملكة العربية السعودية، حيث تقود العمليات التجارية واستراتيجيات النمو، وتشرف على تقديم حلول متكاملة للقوى العاملة. وأسهمت في تعزيز حضور الشركة داخل المملكة، ودعم المؤسسات بحلول متوافقة مع الأنظمة بما يواكب مستهدفات رؤية السعودية 2030، بعد أن شغلت سابقًا منصب المدير العام في NES Fircroft، إلى جانب خبرات في Emirates وCIBC.

وتستند قيادتها إلى خلفية أكاديمية ومهنية قوية؛ فهي حاصلة على ماجستير إدارة الأعمال (MBA) من Cardiff Metropolitan University، كما تحمل اعتماد Chartered HR Professional (CHRP) وشهادة Certified Manager (CMI). وتؤمن بأن بناء نماذج عمل مرنة للقوى العاملة يمثل ركيزة أساسية لتحقيق النمو المستدام والتميز التشغيلي.


Rasha Alhaj, A Strategic Leader in Workforce Solutions and Organizational Consulting

Throughout her career, Rasha Alhaj has built a strong reputation in workforce solutions and strategic consulting, with extensive expertise in Employer of Record (EOR), Professional Employer Organization (PEO), Recruitment Process Outsourcing (RPO), payroll services, and workforce mobilization. Her experience spans diverse sectors, including ICT, healthcare, defense, oil & gas, and petrochemicals.

In a defining stage of her career, Alhaj currently serves as Managing Director of Fircroft in Saudi Arabia, leading the company's operations, commercial strategy, and integrated workforce solutions. Under her leadership, Fircroft has strengthened its presence across the Kingdom while supporting organizations with compliant workforce solutions aligned with Saudi Vision 2030. Previously, she served as General Manager at NES Fircroft, following earlier roles with Emirates and CIBC.

Her leadership is supported by a strong academic and professional background. Alhaj holds an MBA from Cardiff Metropolitan University and is both a Chartered HR Professional (CHRP) and a Certified Manager (CMI), reflecting her commitment to professional excellence and sustainable workforce development.

Read More: https://lnkd.in/ewncRFhh

#RashaAlhaj #WorkforceSolutions #StrategicLeadership #HumanResources #SaudiVision2030",https://www.linkedin.com/posts/mena-leaders_rashaalhaj-workforcesolutions-strategicleadership-activity-7486370869116784640-sjLv,MENA Leaders,https://www.linkedin.com/company/mena-leaders/posts,"22,972 followers",,2026-07-30 07:08:28
7486910709964976128,post,,"Remote Backend Developer (Node.js) guide: three must‑know realities for African talent.

1️⃣ “Worldwide remote” isn’t truly global. Many listings filter out African applicants via country restrictions or payment compliance. Focus on platforms and companies that have solved cross‑continental hiring—mass‑applying to generic postings wastes time.

2️⃣ Compensation still follows geography. Even when the role is remote, salary bands are often regional. An African developer may receive a different rate than a European peer for identical work. Identify the employer’s pay model early to protect your effort.

3️⃣ AI reshapes interview expectations. Today’s technical screens assess system design, performance, and security reasoning—not just code you can generate with an AI assistant. Be ready to explain why a caching strategy cuts DB load by 40% under specific traffic patterns.

Why Node.js? It’s the top non‑language tech for the 12th year straight (40.8% of developers) and server‑side usage jumped 48% last year. Companies building real‑time systems, API‑heavy products, and scalable microservices—startups, SaaS, fintech, healthtech, e‑commerce—are actively hiring.

For African developers, platforms such as Andela, Toptar, and Turing place talent with US/European firms at $3,000‑$8,000 /month. Success hinges on a strong GitHub portfolio, 2‑3 years of production backend experience, and fluent English.

Dive into the full guide for actionable steps, platform recommendations, and interview prep tactics.

#RemoteBackend #NodeJS #DeveloperJobs #AfricaTech #TechHiring #AIInterview #GlobalRemote

Kindly follow us to see more updates from us.

Read more: https://lnkd.in/dCsxAj8T",https://www.linkedin.com/posts/brainwave-technology-it-solutions_remotebackend-nodejs-developerjobs-activity-7486910709964976128-FtXx,Brainwave Technology & IT Solutions,https://www.linkedin.com/company/brainwave-technology-it-solutions/posts,213 followers,,2026-07-30 07:08:28
7485704610964447232,post,,"Reposting this because the upcoming changes to unfair dismissal protection will make one thing increasingly important: what happens in the first six months of employment. 🙌🏼

A situation I have seen more than once:

“We need to dismiss them.”

Okay. What happened?

“Well… they’ve been struggling for a while.”

How long is “a while”?

“About four months.”

Excellent. And what feedback have they had?

“Not much.”

Right.

And what was discussed at probation?

“Nothing formal.”

At this point, HR is expected to perform an employment law exorcism and fix six months of poor management in one meeting.

The better approach starts much earlier.

Before the employee starts:
→ Is the role and expectation clear?

During onboarding:
→ Are they actually being set up to succeed?

At probation:
→ Is there an honest assessment of performance and fit?

When concerns arise:
→ Are they being addressed early, clearly and consistently?

That is where my experience across Talent Acquisition and HR has been particularly valuable.

The recruitment decision is only the beginning. If the process from “we want to hire them” to “we need to dismiss them” is disconnected, the problem is usually not created at the end.

It has been quietly accumulating for months.

The upcoming changes make getting that process right even more important.

And, ideally, mean fewer meetings beginning with: “We need to get rid of them” and ending with everyone looking at HR as though we have a magic wand. (Newsflash, we don’t) 👀

#HR #EmploymentLaw #EmployeeRelations #TalentAcquisition #PerformanceManagement #PeopleManagement #HRStrategy",https://www.linkedin.com/posts/callie-m-alaina-orford-770606405_omny-group-recruitment-support-activity-7485704610964447232-LaT6,Callie M. Alaina Orford,https://www.linkedin.com/in/callie-m-alaina-orford-770606405?miniProfileUrn=urn%3Ali%3Afsd_profile%3AACoAAGd-xMQBOTaLxGPUlmdS5MjPd-A1trqWGAY,HR Professional | Organisational Performance | Employment & Commercial Law | Former Recruitment Specialist,7.480946386843206e+18,2026-07-30 07:08:28
7487840858583646209,comment,2026-07-28T12:06:18.043Z,"Video editor specialist is already here
Hi everyone if you need video editor DM ",https://www.linkedin.com/feed/update/urn:li:ugcPost:7487401528543342592?commentUrn=urn%3Ali%3Acomment%3A%28ugcPost%3A7487401528543342592%2C7487840858583646209%29&dashCommentUrn=urn%3Ali%3Afsd_comment%3A%287487840858583646209%2Curn%3Ali%3AugcPost%3A7487401528543342592%29,,,,,2026-07-30 07:08:28
7487843173084381184,comment,2026-07-28T12:15:29.864Z,"HI 
i'm a Professional Video editor working in the field for 5+ years. here's my portfolio link: https://drive.google.com/drive/folders/1Ox1xqeJFqFGIs6DPWacib6SwbBYvvjrd?usp=sharing",https://www.linkedin.com/feed/update/urn:li:ugcPost:7487401528543342592?commentUrn=urn%3Ali%3Acomment%3A%28ugcPost%3A7487401528543342592%2C7487843173084381184%29&dashCommentUrn=urn%3Ali%3Afsd_comment%3A%287487843173084381184%2Curn%3Ali%3AugcPost%3A7487401528543342592%29,,,,,2026-07-30 07:08:28
7487401529994379265,post,,"The Secret to Hiring a Great Video Editor in 2026 

How do top travel creators turn 5 hours of raw footage into cohesive YouTube narratives and high-retention short-form clips?

It comes down to one critical hire: finding the right full-time video editor who understands pacing, narrative flow, and sound design.

In this clip from the Think Freedom Podcast, travel creator Arthur Hill breaks down his exact process for sourcing and hiring his full-time remote video editor.

Key takeaways from the clip:
• The exact platform Arthur used to hire a full-time remote editor (OnlineJobs.ph)
• How he filters for storytelling skills vs. short-form retention hooks
• The trial-and-error process of testing candidates to find the right cultural fit
• Why communication style and workflow alignment matter far more than initial skill

If you're a founder, creator, or brand looking to scale your video output on YouTube, Reels, or TikTok, this breakdown offers a practical hiring framework.

Watch the full conversation with Arthur Hill here: https://lnkd.in/erGjzv-B",https://www.linkedin.com/posts/think-freedom_the-secret-to-hiring-a-great-video-editor-activity-7487401529994379265-HBIU,Think Freedom,https://www.linkedin.com/company/think-freedom/posts,23 followers,,2026-07-30 07:08:28
7487539210841735168,comment,2026-07-27T16:07:39.617Z,Political stability and a sense of where we are going and a reduction in employers' NI. The Employment Regulations also need pruning.,https://www.linkedin.com/feed/update/urn:li:activity:7487455817823129601?commentUrn=urn%3Ali%3Acomment%3A%28activity%3A7487455817823129601%2C7487539210841735168%29&dashCommentUrn=urn%3Ali%3Afsd_comment%3A%287487539210841735168%2Curn%3Ali%3Aactivity%3A7487455817823129601%29,,,,,2026-07-30 07:08:28
7487860147155984384,comment,2026-07-28T13:22:56.796Z,"Lack of stability, uncertainty and the wave of new employment rights is causing concern because employers are fearing that we are creating a culture where it is an employee's charter to sue their employer. I don't condone unscrupulous practice by rogue employers but most employers are SMEs trying to make a living and creating jobs for people in their community and they feel disillusioned.",https://www.linkedin.com/feed/update/urn:li:activity:7487455817823129601?commentUrn=urn%3Ali%3Acomment%3A%28activity%3A7487455817823129601%2C7487860147155984384%29&dashCommentUrn=urn%3Ali%3Afsd_comment%3A%287487860147155984384%2Curn%3Ali%3Aactivity%3A7487455817823129601%29,,,,,2026-07-30 07:08:28
7487455817823129601,post,,"Can the new Prime Minister unlock business growth? 📈

The Recruitment & Employment Confederation is calling on the new Prime Minister to create the conditions businesses need to invest, hire and drive economic growth.

While the latest REC/KPMG Report on Jobs shows temporary hiring is growing at its fastest pace in three years, permanent recruitment continues to lag, highlighting the ongoing caution among employers.

The REC believes the focus should now be on:
✅ Redesigning employment reforms that could hinder hiring
✅ Reducing the tax and regulatory burden on employers
✅ Investing in skills, planning and infrastructure to encourage business growth

Neil Carberry OBE, Chief Executive of the REC, says it's time to create an environment where the private sector can play a much bigger role in supporting the UK's economic recovery.

Do you agree? What would give employers the confidence to recruit more permanent staff?

Read the full story on Onrec 👇
https://lnkd.in/efya4m8Y

#Recruitment #Hiring #HR #Employment #BusinessGrowth #Economy #REC #TalentAcquisition #UKBusiness #Onrec",https://www.linkedin.com/posts/stugentle_recruitment-hiring-hr-activity-7487455817823129601-vHCA,Stuart Gentle,https://www.linkedin.com/in/stugentle?miniProfileUrn=urn%3Ali%3Afsd_profile%3AACoAAADBddoBfL7Yyqc9HFUC8M4ZPIBDIkJBJXc,Owner | Onrec - The Online Recruitment Resource,,2026-07-30 07:08:28
7487484460976869376,post,,"Wait, are YOU the “personality hire”?

That's the question fueling half of LinkedIn and TikTok right now. The theory: charming, visible employees get rewarded while quieter high performers carry the work and burn out beside them.

The memes are funny. They're also aimed at the wrong target.

The problem isn't that companies hire people with personality. It's that companies hire on personality, treating charm as a stand-in for competence. 

Warm, confident, presentation-ready candidates win interviews built to reward exactly those traits, while quieter high performers get read as ""low energy"" instead of high signal.

In this week's blog, Tonya DeVane argues you don't have to choose between the personality hire and the ""real"" one. That framing is the problem and it can be fixed.

Here’s how: https://lnkd.in/eygQFdVn

#Omnia #OmniaGroup #Hiring #TalentAcquisition #WorkplaceCulture #Leadership #HR #PersonalityHire",https://www.linkedin.com/posts/the-omnia-group_omnia-omniagroup-hiring-activity-7487484460976869376-XZq2,"The Omnia Group, Inc.",https://www.linkedin.com/company/the-omnia-group/posts,"1,571 followers",,2026-07-30 07:08:28
7486285647004033024,post,,"The Philippines just lost the leg but won the tie.

June hiring dipped 2% MoM, but zoom out and the year is up a striking 29%.

Beneath the headline, only one sector and one role stayed on the scoresheet. 
BPO/ITES held its ground at +3% and Customer Service played the whole attack at +5%. Everything else spent the month pinned back in their own half.

For hiring teams, that's the real read. One slower month doesn't change the direction of the season. But knowing which positions are still making runs in a tight game is what separates reactive hiring from a well-timed transfer window.

Full breakdown in the carousel. 👉
.
.
#foundit, #founditInsightsTracker, #PhilippinesHiring, #HiringTrendsPH, #PHJobs, #TalentAcquisition, #HRPhilippines, #JobMarketPH, #RecruitmentTrends, #HRTech, #FutureOfWork, #founditPhilippines, #HiringData, #WorkforceTrends, #BPOPhilippines",https://www.linkedin.com/posts/foundit-jobs_hiring-trends-philippines-june-2025-activity-7486285647004033024-GIk0,foundit,https://www.linkedin.com/company/foundit-jobs/posts,"160,254 followers",,2026-07-30 07:08:28
7487867596378157056,post,,"Think signing the offer letter is the final step? Think again! 🛑

❌ MYTH: Recruitment ends once you hire the right candidate.
✅ FACT: Hiring is just the beginning.
Finding top talent takes time and energy, but if you drop the ball on onboarding, you risk losing them before they even get started.
A structured onboarding process ensures new hires:
•	🚀 Settle in faster with clear expectations and setup
•	📈 Become productive sooner by skipping unnecessary friction
•	💙 Stay engaged for the long term because they feel supported from Day One

Your onboarding experience sets the tone for your company culture and long-term employee retention. Don't leave it to chance!

👉 Upgrade your onboarding experience with 360DegreesHR today.

#HRTech #Onboarding #TalentManagement #HumanResources #Recruitment #EmployeeEngagement #HRMS #360DegreesHR #WorkplaceCulture",https://www.linkedin.com/posts/360degreeshr_hrtech-onboarding-talentmanagement-activity-7487867596378157056-coHu,360DegreesHR,https://www.linkedin.com/company/360degreeshr/posts,1 follower,,2026-07-30 07:08:28
7487090803564240896,post,,"Think global, act local🇺🇸🇧🇪",https://www.linkedin.com/posts/activity-7487090803564240896-oTFQ,✅ Michael F.,https://www.linkedin.com/in/michaelcraigferrara?miniProfileUrn=urn%3Ali%3Afsd_profile%3AACoAAAT8OdIBRFy9Ls_mz0VUBs4OLOynLtHaRgw,looking for a new challenge,7.486430349401481e+18,2026-07-30 07:08:28
7486312134793072641,post,,"By Lisa Matomola

A key part of our consulting work at Hito HR involves helping organisations attract and hire the right people.

While recruitment may appear straightforward, the reality is often far more complex, particularly for organisations operating within tight budgets.

One lesson has become increasingly clear over the years: Talent is not cheap. Neither is hiring the wrong person.

Whenever I hear concerns about salary expectations, I encourage employers to pause and look beyond the number on the offer letter. Instead of asking, ""Can we afford this candidate?"" I ask a different question: ""Can you afford not to hire them?""

That question often changes the entire conversation.

A few thousand dollars may seem like a significant amount during salary negotiations, but what will it cost if the position remains vacant for another six months? What will it cost if critical projects are delayed because no one has the expertise to lead them?

https://lnkd.in/eGYAasDS #namibia #talent #mediocrity #organisations #recruitment",https://www.linkedin.com/posts/the-brief-live-nam_namibia-talent-mediocrity-activity-7486312134793072641-KKxI,The Brief Live Nam,https://www.linkedin.com/company/the-brief-live-nam/posts,"34,908 followers",,2026-07-30 07:08:28
7486691698060922880,post,,"Rich countries harvest 20,000 Nigerian health workers

No fewer than 20,966 Nigerian health workers relocated abroad within one year, official figures obtained by Saturday PUNCH have revealed. The mass exodus includes 3,919 doctors, 7,487 nurses and midwives, 6,861 medical laboratory professionals, 702 pharmacists, 658 physiotherapists and hundreds of other specialists, according to the State of Health of the Nation Report 2025. The growing migration came under the spotlight following the revelation that a Senior Consultant Neurosurgeon at the University of Ilorin Teaching Hospital, Dr Salamat Aliu-Ibrahim, had relocated to the United States....",https://www.linkedin.com/posts/abolarinw-precious-6696ba420_rich-countries-harvest-20000-nigerian-health-activity-7486691698060922880-SfGH,Abolarinw Precious,https://www.linkedin.com/in/abolarinw-precious-6696ba420?miniProfileUrn=urn%3Ali%3Afsd_profile%3AACoAAGrkCjEBLIdMx4kqffjgISVE3k3u2J58SCo,Blogger at Self Employed,,2026-07-30 07:08:28
7487946471825207297,comment,2026-07-28T19:05:58.202Z,"A fantastic article, Zak Bentaleb CHA, and one that really resonates with me.  The Stafford London, we fully support this initiative and are committed to creating a culture that welcomes young people into our industry. Through school engagement, apprenticeships, work experience, training tools to attract young people and genuine development opportunities, we’re focused on opening doors, nurturing potential and showing that hospitality offers rewarding, lifelong careers. The future of our industry depends on the opportunities we create today. Well said.",https://www.linkedin.com/feed/update/urn:li:activity:7487568072858537984?commentUrn=urn%3Ali%3Acomment%3A%28activity%3A7487568072858537984%2C7487946471825207297%29&dashCommentUrn=urn%3Ali%3Afsd_comment%3A%287487946471825207297%2Curn%3Ali%3Aactivity%3A7487568072858537984%29,,,,,2026-07-30 07:08:28
7487798715546517504,comment,2026-07-28T09:18:50.360Z,"☂️ Zak Bentaleb CHA well done on your article it presents a compelling case for employing young people. You write with authenticity, passion and authority. One job at a time what a simple but effective message. #Young people #employment #opportunities #apprenticeship ",https://www.linkedin.com/feed/update/urn:li:activity:7487568072858537984?commentUrn=urn%3Ali%3Acomment%3A%28activity%3A7487568072858537984%2C7487798715546517504%29&dashCommentUrn=urn%3Ali%3Afsd_comment%3A%287487798715546517504%2Curn%3Ali%3Aactivity%3A7487568072858537984%29,,,,,2026-07-30 07:08:28
7487865579320549377,comment,2026-07-28T13:44:31.926Z,"I am sure you will be encouraged Zak by the new Prime Ministers announcement today to help young people find employment. Hopefully employers will give serious thought to work experience apprenticeships, & structured training.
Umbrella Training Ltd ",https://www.linkedin.com/feed/update/urn:li:activity:7487568072858537984?commentUrn=urn%3Ali%3Acomment%3A%28activity%3A7487568072858537984%2C7487865579320549377%29&dashCommentUrn=urn%3Ali%3Afsd_comment%3A%287487865579320549377%2Curn%3Ali%3Aactivity%3A7487568072858537984%29,,,,,2026-07-30 07:08:28
7487586359105392641,comment,2026-07-27T19:15:00.639Z,Congratulations & well done Zak Bentaleb CHA On your brilliant and insightful article appealing to employers to give young people a chance. During the past 10 years as a judge for the #PurpleUmbrellaAwards ☂️I have been amazed at the very high standards achieved by young and talented apprentices. I agree with Zak young people are an investment in the next generation of hospitality professionals Institute of Hospitality Master Innholders HOSPA Royal Academy of Culinary Arts UKHospitality ,https://www.linkedin.com/feed/update/urn:li:activity:7487568072858537984?commentUrn=urn%3Ali%3Acomment%3A%28activity%3A7487568072858537984%2C7487586359105392641%29&dashCommentUrn=urn%3Ali%3Afsd_comment%3A%287487586359105392641%2Curn%3Ali%3Aactivity%3A7487568072858537984%29,,,,,2026-07-30 07:08:28
7487568072858537984,post,,"""Just one job for a young person....lets start with just one"".

Can you make a difference to a young person's life?

Read Zak Bentaleb CHA article with fantastic recommendations to any employer.",https://www.linkedin.com/posts/adele-catherine-oxberry-miod-flpi-fcfe%E2%98%82%EF%B8%8F-60b87326_a-personal-plea-to-employers-please-help-activity-7487568072858537984--JCg,Adele Catherine Oxberry MIoD FLPI FCFE☂️,https://www.linkedin.com/in/adele-catherine-oxberry-miod-flpi-fcfe%E2%98%82%EF%B8%8F-60b87326?miniProfileUrn=urn%3Ali%3Afsd_profile%3AACoAAAV3jqsB7ephkzLy01nj-rpURq1SMG795LA,Transforming Hospitality Apprenticeship Training with Award-Winning Expertise,7.487558574756303e+18,2026-07-30 07:08:28
